[DreamZero-LIBERO] run_mode: async
[DreamZero-LIBERO] log_dir: /data1/gaobowen/tianze/logs/4gpu/20260713-150957-async-dreamzero_libero_async_ppo
[DreamZero-LIBERO] repo: /data1/gaobowen/RLinf_dreamzero
[DreamZero-LIBERO] python_env: /data1/gaobowen/RLinf_dreamzero/.venv-libero-dreamzero
[DreamZero-LIBERO] config: dreamzero_libero_async_ppo
[DreamZero-LIBERO] train_loss_type: 
[DreamZero-LIBERO] action_noise_method: flow_sde
[DreamZero-LIBERO] action_denoise_steps: 10
[DreamZero-LIBERO] staleness_threshold: config-default
[DreamZero-LIBERO] clip_log_ratio: config-default/config-default
[DreamZero-LIBERO] entrypoint: examples/embodiment/train_async.py
[DreamZero-LIBERO] visible_gpus: 0,1,2,3
[DreamZero-LIBERO] placement actor/env/rollout: 0-3/0-3/0-3
[DreamZero-LIBERO] resource_pool_gpu_devices: none
[DreamZero-LIBERO] model: /data1/gaobowen/tianze/model/RLinf-DreamZero-WAN2.2-5B-LIBERO-SFT-Step18000
[DreamZero-LIBERO] wan: /data1/gaobowen/tianze/model/Wan2.2-TI2V-5B
[DreamZero-LIBERO] wan21_clip: /data1/gaobowen/tianze/model/Wan2.1-I2V-14B-480P
[DreamZero-LIBERO] runtime_model: /data1/gaobowen/tianze/runtime_models/20260713-150957-async-dreamzero_libero_async_ppo/DreamZero-LIBERO-runtime
[DreamZero-LIBERO] runtime_model_staging: auto
[DreamZero-LIBERO] disable_torch_compile: true
[DreamZero-LIBERO] release_rollout_cache_after_generate: true
[DreamZero-LIBERO] rollout_enable_offload: false
[DreamZero-LIBERO] avoid_global_mps_hang: 1
[DreamZero-LIBERO] cuda_mps_pipe_directory: /data1/gaobowen/tianze/logs/4gpu/20260713-150957-async-dreamzero_libero_async_ppo/tmp/cuda-mps-pipe-isolated
[DreamZero-LIBERO] ray_address: local
[DreamZero-LIBERO] ray head ports: 127.0.0.1:26498 node=40680 object=41285 workers=42000-42199
[DreamZero-LIBERO] start_mps: 0
[DreamZero-LIBERO] start_mps_resolved: no
[DreamZero-LIBERO] command: python examples/embodiment/train_async.py --config-path /data1/gaobowen/RLinf_dreamzero/examples/embodiment/config --config-name dreamzero_libero_async_ppo runner.logger.log_path=/data1/gaobowen/tianze/logs/4gpu/20260713-150957-async-dreamzero_libero_async_ppo actor.model.model_path=/data1/gaobowen/tianze/runtime_models/20260713-150957-async-dreamzero_libero_async_ppo/DreamZero-LIBERO-runtime rollout.model.model_path=/data1/gaobowen/tianze/runtime_models/20260713-150957-async-dreamzero_libero_async_ppo/DreamZero-LIBERO-runtime actor.model.metadata_json_path=/data1/gaobowen/tianze/runtime_models/20260713-150957-async-dreamzero_libero_async_ppo/DreamZero-LIBERO-runtime/experiment_cfg/metadata.json actor.model.tokenizer_path=/data1/gaobowen/tianze/model/Wan2.2-TI2V-5B/google/umt5-xxl actor.model.diffusion_model_pretrained_path=/data1/gaobowen/tianze/model/Wan2.2-TI2V-5B actor.model.image_encoder_pretrained_path=/data1/gaobowen/tianze/model/Wan2.1-I2V-14B-480P/models_clip_open-clip-xlm-roberta-large-vit-huge-14.pth actor.model.text_encoder_pretrained_path=/data1/gaobowen/tianze/model/Wan2.2-TI2V-5B/models_t5_umt5-xxl-enc-bf16.pth actor.model.vae_pretrained_path=/data1/gaobowen/tianze/model/Wan2.2-TI2V-5B/Wan2.2_VAE.pth actor.model.embodiment_tag=libero_sim ~cluster.component_placement +cluster.component_placement.actor=0-3 +cluster.component_placement.env=0-3 +cluster.component_placement.rollout=0-3 runner.max_epochs=2 runner.max_steps=-1 runner.save_interval=-1 actor.global_batch_size=64 actor.micro_batch_size=1 actor.model.gradient_checkpointing=false actor.model.is_lora=true actor.model.action_head_cfg.config.train_architecture=lora actor.model.action_head_cfg.config.defer_lora_injection=true actor.model.action_head_cfg.config.debug_logging=false actor.fsdp_config.gradient_checkpointing=false actor.fsdp_config.use_orig_params=true actor.fsdp_config.sharding_strategy=full_shard env.train.total_num_envs=32 env.eval.total_num_envs=32 env.train.max_episode_steps=128 env.eval.max_episode_steps=128 env.train.max_steps_per_rollout_epoch=128 env.eval.max_steps_per_rollout_epoch=128 env.train.auto_reset=false env.train.ignore_terminations=false env.train.video_cfg.save_video=false env.eval.video_cfg.save_video=false actor.model.add_value_head=true actor.model.noise_method=flow_sde actor.model.num_steps=10 actor.model.safe_get_logprob=false actor.model.joint_logprob=false algorithm.group_size=1 algorithm.rollout_epoch=1 algorithm.eval_rollout_epoch=1 algorithm.update_epoch=1 rollout.recompute_logprobs=false rollout.enable_offload=false
WARNING: All log messages before absl::InitializeLog() is called are written to STDERR
I0000 00:00:1783926599.409495   89425 port.cc:153] oneDNN custom operations are on. You may see slightly different numerical results due to floating-point round-off errors from different computation orders. To turn them off, set the environment variable `TF_ENABLE_ONEDNN_OPTS=0`.
I0000 00:00:1783926599.454507   89425 cpu_feature_guard.cc:227] This TensorFlow binary is optimized to use available CPU instructions in performance-critical operations.
To enable the following instructions: AVX2 AVX512F AVX512_VNNI FMA, in other operations, rebuild TensorFlow with the appropriate compiler flags.
WARNING: All log messages before absl::InitializeLog() is called are written to STDERR
I0000 00:00:1783926600.636176   89425 port.cc:153] oneDNN custom operations are on. You may see slightly different numerical results due to floating-point round-off errors from different computation orders. To turn them off, set the environment variable `TF_ENABLE_ONEDNN_OPTS=0`.
INFO:matplotlib.font_manager:generated new fontManager
/data1/gaobowen/RLinf_dreamzero/.venv-libero-dreamzero/lib/python3.11/site-packages/transformers/utils/hub.py:110: FutureWarning: Using `TRANSFORMERS_CACHE` is deprecated and will be removed in v5 of Transformers. Use `HF_HOME` instead.
  warnings.warn(
/data1/gaobowen/RLinf_dreamzero/.venv-libero-dreamzero/lib/python3.11/site-packages/hydra/_internal/hydra.py:119: UserWarning: Future Hydra versions will no longer change working directory at job runtime by default.
See https://hydra.cc/docs/1.2/upgrades/1.1_to_1.2/changes_to_job_working_dir/ for more information.
  ret = run_job(
2026-07-13 15:10:03,962	INFO worker.py:1672 -- Using address local set in the environment variable RAY_ADDRESS
2026-07-13 15:10:31,270	INFO worker.py:2003 -- Started a local Ray instance. View the dashboard at [1m[32mhttp://127.0.0.1:8265 [39m[22m
[INFO 15:10:34 RLinf] RLinf is running on a cluster with 1 node and 8 accelerators. The nodes' details are: 
node_labels: []
node_rank: 0
ray_id: eb6639ecf1423e85a3972c51000c112b67c43d58c5088521f45c30bd
node_ip: 10.119.162.78
num_cpus: 112
python_interpreter_path: /data1/gaobowen/RLinf_dreamzero/.venv-libero-dreamzero/bin/python
hardware_resources:
- type: Accelerator
  infos:
  - type: Accelerator
    model: NV_GPU:A800-SXM4-80GB
  - type: Accelerator
    model: NV_GPU:A800-SXM4-80GB
  - type: Accelerator
    model: NV_GPU:A800-SXM4-80GB
  - type: Accelerator
    model: NV_GPU:A800-SXM4-80GB
  - type: Accelerator
    model: NV_GPU:A800-SXM4-80GB
  - type: Accelerator
    model: NV_GPU:A800-SXM4-80GB
  - type: Accelerator
    model: NV_GPU:A800-SXM4-80GB
  - type: Accelerator
    model: NV_GPU:A800-SXM4-80GB

Node groups' details are: 
label: cluster
nodes: '0'
hardware_type: Accelerator
ignore_hardware: false
env_configs: null

label: node
nodes: '0'
hardware_type: null
ignore_hardware: true
env_configs: null

[INFO 15:10:34 FlexiblePlacementStrategy] 
[INFO 15:10:34 FlexiblePlacementStrategy] Using flexible placement with hardware ranks: [[0], [1], [2], [3]], node groups: ['cluster'].
[INFO 15:10:34 FlexiblePlacementStrategy] 
[INFO 15:10:34 FlexiblePlacementStrategy] Using flexible placement with hardware ranks: [[0], [1], [2], [3]], node groups: ['cluster'].
[INFO 15:10:34 FlexiblePlacementStrategy] 
[INFO 15:10:34 FlexiblePlacementStrategy] Using flexible placement with hardware ranks: [[0], [1], [2], [3]], node groups: ['cluster'].
[INFO 15:10:34 FlexiblePlacementStrategy] 
[INFO 15:10:34 FlexiblePlacementStrategy] Using flexible placement with hardware ranks: [[0], [1], [2], [3]], node groups: ['cluster'].
[INFO 15:10:34 FlexiblePlacementStrategy] 
[INFO 15:10:34 FlexiblePlacementStrategy] Using flexible placement with hardware ranks: [[0], [1], [2], [3]], node groups: ['cluster'].
[INFO 15:10:34 FlexiblePlacementStrategy] 
[INFO 15:10:34 FlexiblePlacementStrategy] Using flexible placement with hardware ranks: [[0], [1], [2], [3]], node groups: ['cluster'].
{
  "env": {
    "train": {
      "env_type": "libero",
      "task_suite_name": "libero_spatial",
      "total_num_envs": 32,
      "auto_reset": false,
      "ignore_terminations": false,
      "max_steps_per_rollout_epoch": 128,
      "max_episode_steps": 128,
      "use_rel_reward": true,
      "use_step_penalty": false,
      "reward_coef": 1.0,
      "reset_gripper_open": true,
      "is_eval": false,
      "seed": 0,
      "group_size": 1,
      "use_fixed_reset_state_ids": true,
      "use_ordered_reset_state_ids": false,
      "specific_reset_id": null,
      "video_cfg": {
        "save_video": false,
        "info_on_video": false,
        "video_base_dir": "/data1/gaobowen/tianze/logs/4gpu/20260713-150957-async-dreamzero_libero_async_ppo/video/train"
      },
      "init_params": {
        "camera_heights": 256,
        "camera_widths": 256
      },
      "chunk_step_mode": "sync_time_major",
      "chunk_step_num_shards": 1
    },
    "eval": {
      "env_type": "libero",
      "task_suite_name": "libero_spatial",
      "total_num_envs": 32,
      "auto_reset": true,
      "ignore_terminations": true,
      "max_steps_per_rollout_epoch": 128,
      "max_episode_steps": 128,
      "use_rel_reward": true,
      "use_step_penalty": false,
      "reward_coef": 1.0,
      "reset_gripper_open": true,
      "is_eval": true,
      "seed": 0,
      "group_size": 1,
      "use_fixed_reset_state_ids": true,
      "use_ordered_reset_state_ids": false,
      "specific_reset_id": null,
      "video_cfg": {
        "save_video": false,
        "info_on_video": true,
        "video_base_dir": "/data1/gaobowen/tianze/logs/4gpu/20260713-150957-async-dreamzero_libero_async_ppo/video/eval"
      },
      "init_params": {
        "camera_heights": 256,
        "camera_widths": 256
      }
    },
    "group_name": "EnvGroup"
  },
  "actor": {
    "model": {
      "model_type": "dreamzero",
      "model_path": "/data1/gaobowen/tianze/runtime_models/20260713-150957-async-dreamzero_libero_async_ppo/DreamZero-LIBERO-runtime",
      "tokenizer_path": "/data1/gaobowen/tianze/model/Wan2.2-TI2V-5B/google/umt5-xxl",
      "diffusion_model_pretrained_path": "/data1/gaobowen/tianze/model/Wan2.2-TI2V-5B",
      "image_encoder_pretrained_path": "/data1/gaobowen/tianze/model/Wan2.1-I2V-14B-480P/models_clip_open-clip-xlm-roberta-large-vit-huge-14.pth",
      "text_encoder_pretrained_path": "/data1/gaobowen/tianze/model/Wan2.2-TI2V-5B/models_t5_umt5-xxl-enc-bf16.pth",
      "vae_pretrained_path": "/data1/gaobowen/tianze/model/Wan2.2-TI2V-5B/Wan2.2_VAE.pth",
      "metadata_json_path": "/data1/gaobowen/tianze/runtime_models/20260713-150957-async-dreamzero_libero_async_ppo/DreamZero-LIBERO-runtime/experiment_cfg/metadata.json",
      "action_dim": 32,
      "env_action_dim": 7,
      "state_horizon": 1,
      "action_horizon": 16,
      "num_action_per_block": 16,
      "max_action_dim": 32,
      "max_state_dim": 64,
      "target_video_height": 160,
      "target_video_width": 320,
      "action_head_cfg": {
        "_convert_": "object",
        "_target_": "groot.vla.model.dreamzero.action_head.wan_flow_matching_action_tf.WANPolicyHead",
        "config": {
          "_recursive_": false,
          "_target_": "groot.vla.model.dreamzero.action_head.wan_flow_matching_action_tf.WANPolicyHeadConfig",
          "action_dim": 32,
          "action_horizon": 16,
          "skip_component_loading": true,
          "action_loss_embodiment_ids": [
            26,
            17
          ],
          "add_pos_embed": true,
          "backbone_embedding_dim": 0,
          "backbone_features_projector_cfg": null,
          "decouple_inference_noise": false,
          "decouple_video_action_noise": false,
          "diffusion_model_cfg": {
            "_convert_": "object",
            "_target_": "groot.vla.model.dreamzero.modules.wan_video_dit_action_casual_chunk.CausalWanModel",
            "diffusion_model_pretrained_path": "/data1/gaobowen/tianze/model/Wan2.2-TI2V-5B",
            "dim": 3072,
            "eps": 1e-06,
            "ffn_dim": 14336,
            "frame_seqlen": 50,
            "freq_dim": 256,
            "in_dim": 48,
            "max_chunk_size": 4,
            "model_type": "ti2v",
            "num_action_per_block": 16,
            "num_frame_per_block": 2,
            "num_heads": 24,
            "num_layers": 30,
            "num_state_per_block": 1,
            "out_dim": 48,
            "concat_first_frame_latent": false
          },
          "expand_batch": null,
          "freeze_decode_layer": false,
          "hidden_size": 64,
          "high_noise_beta_alpha": 3.0,
          "image_encoder_cfg": {
            "_convert_": "object",
            "_target_": "groot.vla.model.dreamzero.modules.wan_video_image_encoder.WanImageEncoder",
            "image_encoder_pretrained_path": "/data1/gaobowen/tianze/model/Wan2.1-I2V-14B-480P/models_clip_open-clip-xlm-roberta-large-vit-huge-14.pth"
          },
          "init_lora_weights": "kaiming",
          "input_embedding_dim": 1536,
          "load_pretrained_det_decode_layer_path": null,
          "lora_alpha": 4,
          "lora_rank": 4,
          "lora_target_modules": "q,k,v,o,ffn.0,ffn.2",
          "max_action_dim": 32,
          "max_state_dim": 64,
          "model_dtype": "float32",
          "noise_beta_alpha": 1.5,
          "noise_beta_beta": 1.0,
          "noise_s": 0.999,
          "num_frame_per_block": 2,
          "num_frames": 33,
          "num_inference_timesteps": 4,
          "num_timestep_buckets": 1000,
          "repa_coeff": 1.0,
          "repa_layer": 8,
          "text_encoder_cfg": {
            "_convert_": "object",
            "_target_": "groot.vla.model.dreamzero.modules.wan_video_text_encoder.WanTextEncoder",
            "text_encoder_pretrained_path": "/data1/gaobowen/tianze/model/Wan2.2-TI2V-5B/models_t5_umt5-xxl-enc-bf16.pth"
          },
          "target_video_height": 160,
          "target_video_width": 320,
          "tile_size_height": 34,
          "tile_size_width": 34,
          "tile_stride_height": 18,
          "tile_stride_width": 16,
          "tiled": false,
          "train_architecture": "lora",
          "tune_diffusion_model": true,
          "tune_projector": true,
          "use_gradient_checkpointing": true,
          "use_high_noise_emphasis": false,
          "use_vlln": true,
          "vae_cfg": {
            "_convert_": "object",
            "_target_": "groot.vla.model.dreamzero.modules.wan_video_vae.WanVideoVAE38",
            "vae_pretrained_path": "/data1/gaobowen/tianze/model/Wan2.2-TI2V-5B/Wan2.2_VAE.pth",
            "z_dim": 48,
            "dim": 160
          },
          "video_inference_final_noise": 0.8,
          "video_noise_beta_alpha": 3.0,
          "video_noise_beta_beta": 1.0,
          "vl_self_attention_cfg": {
            "_target_": "groot.vla.model.n1_5.modules.cross_attention_dit.SelfAttentionTransformer",
            "attention_head_dim": 64,
            "dropout": 0.2,
            "final_dropout": true,
            "num_attention_heads": 24,
            "num_layers": 4,
            "positional_embeddings": null
          },
          "defer_lora_injection": true,
          "debug_logging": false
        }
      },
      "architectures": [
        "VLA"
      ],
      "backbone_cfg": {
        "_target_": "groot.vla.model.dreamzero.backbone.identity.IdentityBackbone"
      },
      "num_action_chunks": 16,
      "embodiment_tag": "libero_sim",
      "precision": "bf16",
      "add_value_head": true,
      "add_q_head": false,
      "is_lora": true,
      "noise_method": "flow_sde",
      "noise_level": 0.5,
      "safe_get_logprob": false,
      "joint_logprob": false,
      "num_steps": 10,
      "ppo_deterministic_eval": true,
      "gradient_checkpointing": false
    },
    "fsdp_config": {
      "strategy": "fsdp",
      "sharding_strategy": "full_shard",
      "gradient_checkpointing": false,
      "cpu_offload": false,
      "offload_pin_memory": false,
      "reshard_after_forward": true,
      "enable_gradient_accumulation": true,
      "forward_prefetch": false,
      "limit_all_gathers": false,
      "backward_prefetch": null,
      "use_orig_params": true,
      "use_liger_kernel": false,
      "mixed_precision": {
        "param_dtype": "bf16",
        "reduce_dtype": "bf16",
        "buffer_dtype": "bf16"
      },
      "amp_autocast": {
        "enabled": false,
        "precision": "bf16"
      },
      "grad_scaler": {
        "enabled": false,
        "init_scale": null,
        "growth_interval": null
      }
    },
    "group_name": "ActorGroup",
    "training_backend": "fsdp",
    "micro_batch_size": 1,
    "global_batch_size": 64,
    "seed": 42,
    "enable_offload": false,
    "optim": {
      "lr": 1e-05,
      "value_lr": 0.0001,
      "adam_beta1": 0.9,
      "adam_beta2": 0.95,
      "adam_eps": 1e-08,
      "weight_decay": 0.01,
      "clip_grad": 1.0,
      "critic_warmup_steps": 0
    }
  },
  "weight_syncer": {
    "type": "patch",
    "patch": {
      "snapshot_device": "cpu",
      "delta_encoding": true,
      "compression": "none",
      "init_sync": {
        "enabled": true,
        "prefixes": null,
        "bucket_size": 134217728
      }
    }
  },
  "cluster": {
    "num_nodes": 1,
    "component_placement": {
      "actor": "0-3",
      "env": "0-3",
      "rollout": "0-3"
    }
  },
  "runner": {
    "task_type": "embodied",
    "logger": {
      "log_path": "/data1/gaobowen/tianze/logs/4gpu/20260713-150957-async-dreamzero_libero_async_ppo",
      "project_name": "rlinf",
      "experiment_name": "dreamzero_libero_async_ppo",
      "logger_backends": [
        "tensorboard"
      ]
    },
    "max_epochs": 2,
    "max_steps": -1,
    "only_eval": false,
    "val_check_interval": -1,
    "save_interval": -1,
    "resume_dir": null,
    "ckpt_path": null,
    "per_worker_log": false,
    "per_worker_log_path": null,
    "nsight_output_path": null,
    "weight_sync_interval": 1,
    "overlap_env_bootstrap": false
  },
  "algorithm": {
    "normalize_advantages": true,
    "kl_penalty": "kl",
    "group_size": 1,
    "reward_coef": 1.0,
    "rollout_epoch": 1,
    "eval_rollout_epoch": 1,
    "update_epoch": 1,
    "staleness_threshold": 2,
    "behave_weight_threshold": 5,
    "reward_type": "chunk_level",
    "logprob_type": "chunk_level",
    "entropy_type": "chunk_level",
    "adv_type": "gae",
    "loss_type": "decoupled_actor_critic",
    "loss_agg_func": "token-mean",
    "kl_beta": 0.0,
    "entropy_bonus": 0.0,
    "clip_ratio_high": 0.2,
    "clip_ratio_low": 0.2,
    "clip_ratio_c": 3.0,
    "value_clip": 0.2,
    "huber_delta": 10.0,
    "gamma": 0.99,
    "gae_lambda": 0.95,
    "filter_rewards": false,
    "sampling_params": {
      "do_sample": true,
      "temperature_train": 1.0,
      "temperature_eval": 0.6,
      "top_k": 50,
      "top_p": 1.0,
      "repetition_penalty": 1.0,
      "add_BOS": false
    },
    "length_params": {
      "max_new_token": null,
      "max_length": 1024,
      "min_length": 1
    }
  },
  "rollout": {
    "group_name": "RolloutGroup",
    "generation_backend": "huggingface",
    "recompute_logprobs": false,
    "enable_offload": false,
    "pipeline_stage_num": 1,
    "model": {
      "model_path": "/data1/gaobowen/tianze/runtime_models/20260713-150957-async-dreamzero_libero_async_ppo/DreamZero-LIBERO-runtime",
      "precision": "bf16"
    }
  },
  "reward": {
    "use_reward_model": false
  },
  "critic": {
    "use_critic_model": false
  }
}[INFO 15:10:34 FlexiblePlacementStrategy] 
[INFO 15:10:34 FlexiblePlacementStrategy] Using flexible placement with hardware ranks: [[0], [1], [2], [3]], node groups: ['cluster'].
[INFO 15:10:34 FlexiblePlacementStrategy] 
[INFO 15:10:34 FlexiblePlacementStrategy] Using flexible placement with hardware ranks: [[0], [1], [2], [3]], node groups: ['cluster'].
[INFO 15:10:34 FlexiblePlacementStrategy] 
[INFO 15:10:34 FlexiblePlacementStrategy] Using flexible placement with hardware ranks: [[0], [1], [2], [3]], node groups: ['cluster'].
[INFO 15:10:34 FlexiblePlacementStrategy] Generated 4 placements: [Placement(rank=0, cluster_node_rank=0, placement_node_rank=0, local_accelerator_rank=0, accelerator_type='NV_GPU', local_rank=0, local_world_size=4, visible_accelerators=['0'], isolate_accelerator=True, local_hardware_ranks=[0], node_group_label='cluster'), Placement(rank=1, cluster_node_rank=0, placement_node_rank=0, local_accelerator_rank=1, accelerator_type='NV_GPU', local_rank=1, local_world_size=4, visible_accelerators=['1'], isolate_accelerator=True, local_hardware_ranks=[1], node_group_label='cluster'), Placement(rank=2, cluster_node_rank=0, placement_node_rank=0, local_accelerator_rank=2, accelerator_type='NV_GPU', local_rank=2, local_world_size=4, visible_accelerators=['2'], isolate_accelerator=True, local_hardware_ranks=[2], node_group_label='cluster'), Placement(rank=3, cluster_node_rank=0, placement_node_rank=0, local_accelerator_rank=3, accelerator_type='NV_GPU', local_rank=3, local_world_size=4, visible_accelerators=['3'], isolate_accelerator=True, local_hardware_ranks=[3], node_group_label='cluster')].
[INFO 15:10:34 FlexiblePlacementStrategy] Generated 4 placements: [Placement(rank=0, cluster_node_rank=0, placement_node_rank=0, local_accelerator_rank=0, accelerator_type='NV_GPU', local_rank=0, local_world_size=4, visible_accelerators=['0'], isolate_accelerator=True, local_hardware_ranks=[0], node_group_label='cluster'), Placement(rank=1, cluster_node_rank=0, placement_node_rank=0, local_accelerator_rank=1, accelerator_type='NV_GPU', local_rank=1, local_world_size=4, visible_accelerators=['1'], isolate_accelerator=True, local_hardware_ranks=[1], node_group_label='cluster'), Placement(rank=2, cluster_node_rank=0, placement_node_rank=0, local_accelerator_rank=2, accelerator_type='NV_GPU', local_rank=2, local_world_size=4, visible_accelerators=['2'], isolate_accelerator=True, local_hardware_ranks=[2], node_group_label='cluster'), Placement(rank=3, cluster_node_rank=0, placement_node_rank=0, local_accelerator_rank=3, accelerator_type='NV_GPU', local_rank=3, local_world_size=4, visible_accelerators=['3'], isolate_accelerator=True, local_hardware_ranks=[3], node_group_label='cluster')].
[INFO 15:10:34 FlexiblePlacementStrategy] Generated 4 placements: [Placement(rank=0, cluster_node_rank=0, placement_node_rank=0, local_accelerator_rank=0, accelerator_type='NV_GPU', local_rank=0, local_world_size=4, visible_accelerators=['0'], isolate_accelerator=True, local_hardware_ranks=[0], node_group_label='cluster'), Placement(rank=1, cluster_node_rank=0, placement_node_rank=0, local_accelerator_rank=1, accelerator_type='NV_GPU', local_rank=1, local_world_size=4, visible_accelerators=['1'], isolate_accelerator=True, local_hardware_ranks=[1], node_group_label='cluster'), Placement(rank=2, cluster_node_rank=0, placement_node_rank=0, local_accelerator_rank=2, accelerator_type='NV_GPU', local_rank=2, local_world_size=4, visible_accelerators=['2'], isolate_accelerator=True, local_hardware_ranks=[2], node_group_label='cluster'), Placement(rank=3, cluster_node_rank=0, placement_node_rank=0, local_accelerator_rank=3, accelerator_type='NV_GPU', local_rank=3, local_world_size=4, visible_accelerators=['3'], isolate_accelerator=True, local_hardware_ranks=[3], node_group_label='cluster')].
[INFO 15:10:35 NodePlacementStrategy] 
[INFO 15:10:35 NodePlacementStrategy] Using node placement with node ranks: [0], node groups: ['node'].
[INFO 15:10:35 NodePlacementStrategy] Generated 1 placements: [Placement(rank=0, cluster_node_rank=0, placement_node_rank=0, local_accelerator_rank='0', accelerator_type='NV_GPU', local_rank=0, local_world_size=1, visible_accelerators=['0', '1', '2', '3', '4', '5', '6', '7'], isolate_accelerator=True, local_hardware_ranks=[], node_group_label='cluster')].
[INFO 15:10:35 NodePlacementStrategy] 
[INFO 15:10:35 NodePlacementStrategy] Using node placement with node ranks: [0], node groups: ['node'].
[INFO 15:10:35 NodePlacementStrategy] Generated 1 placements: [Placement(rank=0, cluster_node_rank=0, placement_node_rank=0, local_accelerator_rank='0', accelerator_type='NV_GPU', local_rank=0, local_world_size=1, visible_accelerators=['0', '1', '2', '3', '4', '5', '6', '7'], isolate_accelerator=True, local_hardware_ranks=[], node_group_label='cluster')].
[INFO 15:10:35 NodePlacementStrategy] 
[INFO 15:10:35 NodePlacementStrategy] Using node placement with node ranks: [0], node groups: ['node'].
[INFO 15:10:35 NodePlacementStrategy] Generated 1 placements: [Placement(rank=0, cluster_node_rank=0, placement_node_rank=0, local_accelerator_rank='0', accelerator_type='NV_GPU', local_rank=0, local_world_size=1, visible_accelerators=['0', '1', '2', '3', '4', '5', '6', '7'], isolate_accelerator=True, local_hardware_ranks=[], node_group_label='cluster')].
[INFO 15:10:35 NodePlacementStrategy] 
[INFO 15:10:35 NodePlacementStrategy] Using node placement with node ranks: [0], node groups: ['node'].
[INFO 15:10:35 NodePlacementStrategy] Generated 1 placements: [Placement(rank=0, cluster_node_rank=0, placement_node_rank=0, local_accelerator_rank='0', accelerator_type='NV_GPU', local_rank=0, local_world_size=1, visible_accelerators=['0', '1', '2', '3', '4', '5', '6', '7'], isolate_accelerator=True, local_hardware_ranks=[], node_group_label='cluster')].
[INFO 15:10:35 NodePlacementStrategy] 
[INFO 15:10:35 NodePlacementStrategy] Using node placement with node ranks: [0], node groups: ['node'].
[INFO 15:10:35 NodePlacementStrategy] Generated 1 placements: [Placement(rank=0, cluster_node_rank=0, placement_node_rank=0, local_accelerator_rank='0', accelerator_type='NV_GPU', local_rank=0, local_world_size=1, visible_accelerators=['0', '1', '2', '3', '4', '5', '6', '7'], isolate_accelerator=True, local_hardware_ranks=[], node_group_label='cluster')].
[36m(pid=97469)[0m /data1/gaobowen/RLinf_dreamzero/.venv-libero-dreamzero/lib/python3.11/site-packages/transformers/utils/hub.py:110: FutureWarning: Using `TRANSFORMERS_CACHE` is deprecated and will be removed in v5 of Transformers. Use `HF_HOME` instead.
[36m(pid=97469)[0m   warnings.warn(
[36m(pid=97518)[0m WARNING: All log messages before absl::InitializeLog() is called are written to STDERR
[36m(pid=97518)[0m I0000 00:00:1783926638.165506   97518 port.cc:153] oneDNN custom operations are on. You may see slightly different numerical results due to floating-point round-off errors from different computation orders. To turn them off, set the environment variable `TF_ENABLE_ONEDNN_OPTS=0`.
[36m(pid=97518)[0m I0000 00:00:1783926638.210081   97518 cpu_feature_guard.cc:227] This TensorFlow binary is optimized to use available CPU instructions in performance-critical operations.
[36m(pid=97518)[0m To enable the following instructions: AVX2 AVX512F AVX512_VNNI FMA, in other operations, rebuild TensorFlow with the appropriate compiler flags.
[36m(pid=97537)[0m WARNING: All log messages before absl::InitializeLog() is called are written to STDERR
[36m(pid=97537)[0m I0000 00:00:1783926638.196659   97537 port.cc:153] oneDNN custom operations are on. You may see slightly different numerical results due to floating-point round-off errors from different computation orders. To turn them off, set the environment variable `TF_ENABLE_ONEDNN_OPTS=0`.
[36m(pid=97740)[0m WARNING: All log messages before absl::InitializeLog() is called are written to STDERR
[36m(pid=97740)[0m I0000 00:00:1783926638.164311   97740 port.cc:153] oneDNN custom operations are on. You may see slightly different numerical results due to floating-point round-off errors from different computation orders. To turn them off, set the environment variable `TF_ENABLE_ONEDNN_OPTS=0`.
[36m(pid=97740)[0m I0000 00:00:1783926638.209200   97740 cpu_feature_guard.cc:227] This TensorFlow binary is optimized to use available CPU instructions in performance-critical operations.
[36m(pid=97740)[0m To enable the following instructions: AVX2 AVX512F AVX512_VNNI FMA, in other operations, rebuild TensorFlow with the appropriate compiler flags.
[36m(pid=97537)[0m I0000 00:00:1783926638.242130   97537 cpu_feature_guard.cc:227] This TensorFlow binary is optimized to use available CPU instructions in performance-critical operations.
[36m(pid=97537)[0m To enable the following instructions: AVX2 AVX512F AVX512_VNNI FMA, in other operations, rebuild TensorFlow with the appropriate compiler flags.
[36m(pid=97470)[0m /data1/gaobowen/RLinf_dreamzero/.venv-libero-dreamzero/lib/python3.11/site-packages/transformers/utils/hub.py:110: FutureWarning: Using `TRANSFORMERS_CACHE` is deprecated and will be removed in v5 of Transformers. Use `HF_HOME` instead.
[36m(pid=97470)[0m   warnings.warn(
[36m(pid=97522)[0m WARNING: All log messages before absl::InitializeLog() is called are written to STDERR
[36m(pid=97522)[0m I0000 00:00:1783926638.252254   97522 port.cc:153] oneDNN custom operations are on. You may see slightly different numerical results due to floating-point round-off errors from different computation orders. To turn them off, set the environment variable `TF_ENABLE_ONEDNN_OPTS=0`.
[36m(pid=97522)[0m I0000 00:00:1783926638.297650   97522 cpu_feature_guard.cc:227] This TensorFlow binary is optimized to use available CPU instructions in performance-critical operations.
[36m(pid=97522)[0m To enable the following instructions: AVX2 AVX512F AVX512_VNNI FMA, in other operations, rebuild TensorFlow with the appropriate compiler flags.
[36m(pid=97486)[0m /data1/gaobowen/RLinf_dreamzero/.venv-libero-dreamzero/lib/python3.11/site-packages/transformers/utils/hub.py:110: FutureWarning: Using `TRANSFORMERS_CACHE` is deprecated and will be removed in v5 of Transformers. Use `HF_HOME` instead.
[36m(pid=97486)[0m   warnings.warn(
[36m(pid=97488)[0m /data1/gaobowen/RLinf_dreamzero/.venv-libero-dreamzero/lib/python3.11/site-packages/transformers/utils/hub.py:110: FutureWarning: Using `TRANSFORMERS_CACHE` is deprecated and will be removed in v5 of Transformers. Use `HF_HOME` instead.
[36m(pid=97488)[0m   warnings.warn(
[36m(pid=97489)[0m /data1/gaobowen/RLinf_dreamzero/.venv-libero-dreamzero/lib/python3.11/site-packages/transformers/utils/hub.py:110: FutureWarning: Using `TRANSFORMERS_CACHE` is deprecated and will be removed in v5 of Transformers. Use `HF_HOME` instead.
[36m(pid=97489)[0m   warnings.warn(
[36m(pid=97505)[0m /data1/gaobowen/RLinf_dreamzero/.venv-libero-dreamzero/lib/python3.11/site-packages/transformers/utils/hub.py:110: FutureWarning: Using `TRANSFORMERS_CACHE` is deprecated and will be removed in v5 of Transformers. Use `HF_HOME` instead.
[36m(pid=97505)[0m   warnings.warn(
[36m(pid=97511)[0m /data1/gaobowen/RLinf_dreamzero/.venv-libero-dreamzero/lib/python3.11/site-packages/transformers/utils/hub.py:110: FutureWarning: Using `TRANSFORMERS_CACHE` is deprecated and will be removed in v5 of Transformers. Use `HF_HOME` instead.
[36m(pid=97511)[0m   warnings.warn(
[36m(pid=97509)[0m /data1/gaobowen/RLinf_dreamzero/.venv-libero-dreamzero/lib/python3.11/site-packages/transformers/utils/hub.py:110: FutureWarning: Using `TRANSFORMERS_CACHE` is deprecated and will be removed in v5 of Transformers. Use `HF_HOME` instead.
[36m(pid=97509)[0m   warnings.warn(
[36m(pid=97518)[0m WARNING: All log messages before absl::InitializeLog() is called are written to STDERR
[36m(pid=97518)[0m I0000 00:00:1783926639.398541   97518 port.cc:153] oneDNN custom operations are on. You may see slightly different numerical results due to floating-point round-off errors from different computation orders. To turn them off, set the environment variable `TF_ENABLE_ONEDNN_OPTS=0`.
[36m(pid=97740)[0m WARNING: All log messages before absl::InitializeLog() is called are written to STDERR
[36m(pid=97740)[0m I0000 00:00:1783926639.360122   97740 port.cc:153] oneDNN custom operations are on. You may see slightly different numerical results due to floating-point round-off errors from different computation orders. To turn them off, set the environment variable `TF_ENABLE_ONEDNN_OPTS=0`.
[36m(pid=97537)[0m WARNING: All log messages before absl::InitializeLog() is called are written to STDERR
[36m(pid=97537)[0m I0000 00:00:1783926639.403733   97537 port.cc:153] oneDNN custom operations are on. You may see slightly different numerical results due to floating-point round-off errors from different computation orders. To turn them off, set the environment variable `TF_ENABLE_ONEDNN_OPTS=0`.
[36m(pid=97522)[0m WARNING: All log messages before absl::InitializeLog() is called are written to STDERR
[36m(pid=97522)[0m I0000 00:00:1783926639.469378   97522 port.cc:153] oneDNN custom operations are on. You may see slightly different numerical results due to floating-point round-off errors from different computation orders. To turn them off, set the environment variable `TF_ENABLE_ONEDNN_OPTS=0`.
[36m(AsyncPPOEmbodiedFSDPActor pid=97470)[0m [INFO 15:10:39 FlexiblePlacementStrategy] 
[36m(AsyncPPOEmbodiedFSDPActor pid=97470)[0m [INFO 15:10:39 FlexiblePlacementStrategy] Using flexible placement with hardware ranks: [[0], [1], [2], [3]], node groups: ['cluster'].
[36m(AsyncPPOEmbodiedFSDPActor pid=97470)[0m [INFO 15:10:39 FlexiblePlacementStrategy] 
[36m(AsyncPPOEmbodiedFSDPActor pid=97470)[0m [INFO 15:10:39 FlexiblePlacementStrategy] Using flexible placement with hardware ranks: [[0], [1], [2], [3]], node groups: ['cluster'].
[36m(AsyncPPOEmbodiedFSDPActor pid=97470)[0m [INFO 15:10:39 FlexiblePlacementStrategy] 
[36m(AsyncPPOEmbodiedFSDPActor pid=97470)[0m [INFO 15:10:39 FlexiblePlacementStrategy] Using flexible placement with hardware ranks: [[0], [1], [2], [3]], node groups: ['cluster'].
[36m(AsyncEnvWorker pid=97518)[0m [INFO 15:10:40 FlexiblePlacementStrategy] 
[36m(AsyncEnvWorker pid=97518)[0m [INFO 15:10:40 FlexiblePlacementStrategy] Using flexible placement with hardware ranks: [[0], [1], [2], [3]], node groups: ['cluster'].
[36m(AsyncEnvWorker pid=97518)[0m [INFO 15:10:40 FlexiblePlacementStrategy] 
[36m(AsyncEnvWorker pid=97518)[0m [INFO 15:10:40 FlexiblePlacementStrategy] Using flexible placement with hardware ranks: [[0], [1], [2], [3]], node groups: ['cluster'].
[36m(AsyncEnvWorker pid=97518)[0m [INFO 15:10:40 FlexiblePlacementStrategy] 
[36m(AsyncEnvWorker pid=97518)[0m [INFO 15:10:40 FlexiblePlacementStrategy] Using flexible placement with hardware ranks: [[0], [1], [2], [3]], node groups: ['cluster'].
[36m(AsyncEnvWorker pid=97537)[0m [INFO 15:10:40 FlexiblePlacementStrategy] 
[36m(AsyncEnvWorker pid=97537)[0m [INFO 15:10:40 FlexiblePlacementStrategy] Using flexible placement with hardware ranks: [[0], [1], [2], [3]], node groups: ['cluster'].
[36m(AsyncEnvWorker pid=97537)[0m [INFO 15:10:40 FlexiblePlacementStrategy] 
[36m(AsyncEnvWorker pid=97537)[0m [INFO 15:10:40 FlexiblePlacementStrategy] Using flexible placement with hardware ranks: [[0], [1], [2], [3]], node groups: ['cluster'].
[36m(AsyncEnvWorker pid=97537)[0m [INFO 15:10:40 FlexiblePlacementStrategy] 
[36m(AsyncEnvWorker pid=97537)[0m [INFO 15:10:40 FlexiblePlacementStrategy] Using flexible placement with hardware ranks: [[0], [1], [2], [3]], node groups: ['cluster'].
[36m(AsyncEnvWorker pid=97740)[0m [INFO 15:10:40 FlexiblePlacementStrategy] 
[36m(AsyncEnvWorker pid=97740)[0m [INFO 15:10:40 FlexiblePlacementStrategy] Using flexible placement with hardware ranks: [[0], [1], [2], [3]], node groups: ['cluster'].
[36m(AsyncEnvWorker pid=97740)[0m [INFO 15:10:40 FlexiblePlacementStrategy] 
[36m(AsyncEnvWorker pid=97740)[0m [INFO 15:10:40 FlexiblePlacementStrategy] Using flexible placement with hardware ranks: [[0], [1], [2], [3]], node groups: ['cluster'].
[36m(AsyncEnvWorker pid=97740)[0m [INFO 15:10:40 FlexiblePlacementStrategy] 
[36m(AsyncEnvWorker pid=97740)[0m [INFO 15:10:40 FlexiblePlacementStrategy] Using flexible placement with hardware ranks: [[0], [1], [2], [3]], node groups: ['cluster'].
[36m(AsyncEnvWorker pid=97522)[0m [INFO 15:10:40 FlexiblePlacementStrategy] 
[36m(AsyncEnvWorker pid=97522)[0m [INFO 15:10:40 FlexiblePlacementStrategy] Using flexible placement with hardware ranks: [[0], [1], [2], [3]], node groups: ['cluster'].
[36m(AsyncEnvWorker pid=97522)[0m [INFO 15:10:40 FlexiblePlacementStrategy] 
[36m(AsyncEnvWorker pid=97522)[0m [INFO 15:10:40 FlexiblePlacementStrategy] Using flexible placement with hardware ranks: [[0], [1], [2], [3]], node groups: ['cluster'].
[36m(AsyncEnvWorker pid=97522)[0m [INFO 15:10:40 FlexiblePlacementStrategy] 
[36m(AsyncEnvWorker pid=97522)[0m [INFO 15:10:40 FlexiblePlacementStrategy] Using flexible placement with hardware ranks: [[0], [1], [2], [3]], node groups: ['cluster'].
[36m(AsyncPPOEmbodiedFSDPActor pid=97486)[0m [INFO 15:10:40 FlexiblePlacementStrategy] 
[36m(AsyncPPOEmbodiedFSDPActor pid=97486)[0m [INFO 15:10:40 FlexiblePlacementStrategy] Using flexible placement with hardware ranks: [[0], [1], [2], [3]], node groups: ['cluster'].
[36m(AsyncPPOEmbodiedFSDPActor pid=97486)[0m [INFO 15:10:40 FlexiblePlacementStrategy] 
[36m(AsyncPPOEmbodiedFSDPActor pid=97486)[0m [INFO 15:10:40 FlexiblePlacementStrategy] Using flexible placement with hardware ranks: [[0], [1], [2], [3]], node groups: ['cluster'].
[36m(AsyncPPOEmbodiedFSDPActor pid=97486)[0m [INFO 15:10:40 FlexiblePlacementStrategy] 
[36m(AsyncPPOEmbodiedFSDPActor pid=97486)[0m [INFO 15:10:40 FlexiblePlacementStrategy] Using flexible placement with hardware ranks: [[0], [1], [2], [3]], node groups: ['cluster'].
[36m(AsyncPPOEmbodiedFSDPActor pid=97469)[0m [INFO 15:10:41 FlexiblePlacementStrategy] 
[36m(AsyncPPOEmbodiedFSDPActor pid=97469)[0m [INFO 15:10:41 FlexiblePlacementStrategy] Using flexible placement with hardware ranks: [[0], [1], [2], [3]], node groups: ['cluster'].
[36m(AsyncPPOEmbodiedFSDPActor pid=97469)[0m [INFO 15:10:41 FlexiblePlacementStrategy] 
[36m(AsyncPPOEmbodiedFSDPActor pid=97469)[0m [INFO 15:10:41 FlexiblePlacementStrategy] Using flexible placement with hardware ranks: [[0], [1], [2], [3]], node groups: ['cluster'].
[36m(AsyncPPOEmbodiedFSDPActor pid=97469)[0m [INFO 15:10:41 FlexiblePlacementStrategy] 
[36m(AsyncPPOEmbodiedFSDPActor pid=97469)[0m [INFO 15:10:41 FlexiblePlacementStrategy] Using flexible placement with hardware ranks: [[0], [1], [2], [3]], node groups: ['cluster'].
[36m(AsyncPPOEmbodiedFSDPActor pid=97488)[0m [INFO 15:10:41 FlexiblePlacementStrategy] 
[36m(AsyncPPOEmbodiedFSDPActor pid=97488)[0m [INFO 15:10:41 FlexiblePlacementStrategy] Using flexible placement with hardware ranks: [[0], [1], [2], [3]], node groups: ['cluster'].
[36m(AsyncPPOEmbodiedFSDPActor pid=97488)[0m [INFO 15:10:41 FlexiblePlacementStrategy] 
[36m(AsyncPPOEmbodiedFSDPActor pid=97488)[0m [INFO 15:10:41 FlexiblePlacementStrategy] Using flexible placement with hardware ranks: [[0], [1], [2], [3]], node groups: ['cluster'].
[36m(AsyncPPOEmbodiedFSDPActor pid=97488)[0m [INFO 15:10:41 FlexiblePlacementStrategy] 
[36m(AsyncPPOEmbodiedFSDPActor pid=97488)[0m [INFO 15:10:41 FlexiblePlacementStrategy] Using flexible placement with hardware ranks: [[0], [1], [2], [3]], node groups: ['cluster'].
[36m(AsyncMultiStepRolloutWorker pid=97489)[0m [INFO 15:10:41 FlexiblePlacementStrategy] 
[36m(AsyncMultiStepRolloutWorker pid=97489)[0m [INFO 15:10:41 FlexiblePlacementStrategy] Using flexible placement with hardware ranks: [[0], [1], [2], [3]], node groups: ['cluster'].
[36m(AsyncMultiStepRolloutWorker pid=97489)[0m [INFO 15:10:41 FlexiblePlacementStrategy] 
[36m(AsyncMultiStepRolloutWorker pid=97489)[0m [INFO 15:10:41 FlexiblePlacementStrategy] Using flexible placement with hardware ranks: [[0], [1], [2], [3]], node groups: ['cluster'].
[36m(AsyncMultiStepRolloutWorker pid=97489)[0m [INFO 15:10:41 FlexiblePlacementStrategy] 
[36m(AsyncMultiStepRolloutWorker pid=97489)[0m [INFO 15:10:41 FlexiblePlacementStrategy] Using flexible placement with hardware ranks: [[0], [1], [2], [3]], node groups: ['cluster'].
[36m(AsyncMultiStepRolloutWorker pid=97505)[0m [INFO 15:10:41 FlexiblePlacementStrategy] 
[36m(AsyncMultiStepRolloutWorker pid=97505)[0m [INFO 15:10:41 FlexiblePlacementStrategy] Using flexible placement with hardware ranks: [[0], [1], [2], [3]], node groups: ['cluster'].
[36m(AsyncMultiStepRolloutWorker pid=97505)[0m [INFO 15:10:41 FlexiblePlacementStrategy] 
[36m(AsyncMultiStepRolloutWorker pid=97505)[0m [INFO 15:10:41 FlexiblePlacementStrategy] Using flexible placement with hardware ranks: [[0], [1], [2], [3]], node groups: ['cluster'].
[36m(AsyncMultiStepRolloutWorker pid=97505)[0m [INFO 15:10:41 FlexiblePlacementStrategy] 
[36m(AsyncMultiStepRolloutWorker pid=97505)[0m [INFO 15:10:41 FlexiblePlacementStrategy] Using flexible placement with hardware ranks: [[0], [1], [2], [3]], node groups: ['cluster'].
[36m(AsyncMultiStepRolloutWorker pid=97511)[0m [INFO 15:10:41 FlexiblePlacementStrategy] 
[36m(AsyncMultiStepRolloutWorker pid=97511)[0m [INFO 15:10:41 FlexiblePlacementStrategy] Using flexible placement with hardware ranks: [[0], [1], [2], [3]], node groups: ['cluster'].
[36m(AsyncMultiStepRolloutWorker pid=97511)[0m [INFO 15:10:41 FlexiblePlacementStrategy] 
[36m(AsyncMultiStepRolloutWorker pid=97511)[0m [INFO 15:10:41 FlexiblePlacementStrategy] Using flexible placement with hardware ranks: [[0], [1], [2], [3]], node groups: ['cluster'].
[36m(AsyncMultiStepRolloutWorker pid=97511)[0m [INFO 15:10:41 FlexiblePlacementStrategy] 
[36m(AsyncMultiStepRolloutWorker pid=97511)[0m [INFO 15:10:41 FlexiblePlacementStrategy] Using flexible placement with hardware ranks: [[0], [1], [2], [3]], node groups: ['cluster'].
[36m(AsyncMultiStepRolloutWorker pid=97509)[0m [INFO 15:10:41 FlexiblePlacementStrategy] 
[36m(AsyncMultiStepRolloutWorker pid=97509)[0m [INFO 15:10:41 FlexiblePlacementStrategy] Using flexible placement with hardware ranks: [[0], [1], [2], [3]], node groups: ['cluster'].
[36m(AsyncMultiStepRolloutWorker pid=97509)[0m [INFO 15:10:41 FlexiblePlacementStrategy] 
[36m(AsyncMultiStepRolloutWorker pid=97509)[0m [INFO 15:10:41 FlexiblePlacementStrategy] Using flexible placement with hardware ranks: [[0], [1], [2], [3]], node groups: ['cluster'].
[36m(AsyncMultiStepRolloutWorker pid=97509)[0m [INFO 15:10:41 FlexiblePlacementStrategy] 
[36m(AsyncMultiStepRolloutWorker pid=97509)[0m [INFO 15:10:41 FlexiblePlacementStrategy] Using flexible placement with hardware ranks: [[0], [1], [2], [3]], node groups: ['cluster'].
[36m(EnvGroup(rank=0) pid=97518)[0m Gym has been unmaintained since 2022 and does not support NumPy 2.0 amongst other critical functionality.
[36m(EnvGroup(rank=0) pid=97518)[0m Please upgrade to Gymnasium, the maintained drop-in replacement of Gym, or contact the authors of your software and request that they upgrade.
[36m(EnvGroup(rank=0) pid=97518)[0m Users of this version of Gym should be able to simply replace 'import gym' with 'import gymnasium as gym' in the vast majority of cases.
[36m(EnvGroup(rank=0) pid=97518)[0m See the migration guide at https://gymnasium.farama.org/introduction/migration_guide/ for additional information.
[36m(EnvGroup(rank=0) pid=97518)[0m /data1/gaobowen/RLinf_dreamzero/.venv-libero-dreamzero/lib/python3.11/site-packages/robosuite/macros.py:53: DeprecationWarning: The 'warn' method is deprecated, use 'warning' instead
[36m(EnvGroup(rank=0) pid=97518)[0m   ROBOSUITE_DEFAULT_LOGGER.warn("No private macro file found!")
[36m(EnvGroup(rank=0) pid=97518)[0m [robosuite WARNING] No private macro file found! (macros.py:53)
[36m(EnvGroup(rank=0) pid=97518)[0m WARNING:robosuite_logs:No private macro file found!
[36m(EnvGroup(rank=0) pid=97518)[0m [robosuite WARNING] It is recommended to use a private macro file (macros.py:54)
[36m(EnvGroup(rank=0) pid=97518)[0m WARNING:robosuite_logs:It is recommended to use a private macro file
[36m(EnvGroup(rank=0) pid=97518)[0m [robosuite WARNING] To setup, run: python /data1/gaobowen/RLinf_dreamzero/.venv-libero-dreamzero/lib/python3.11/site-packages/robosuite/scripts/setup_macros.py (macros.py:55)
[36m(EnvGroup(rank=0) pid=97518)[0m WARNING:robosuite_logs:To setup, run: python /data1/gaobowen/RLinf_dreamzero/.venv-libero-dreamzero/lib/python3.11/site-packages/robosuite/scripts/setup_macros.py
[36m(EnvGroup(rank=1) pid=97522)[0m Gym has been unmaintained since 2022 and does not support NumPy 2.0 amongst other critical functionality.
[36m(EnvGroup(rank=1) pid=97522)[0m Please upgrade to Gymnasium, the maintained drop-in replacement of Gym, or contact the authors of your software and request that they upgrade.
[36m(EnvGroup(rank=1) pid=97522)[0m Users of this version of Gym should be able to simply replace 'import gym' with 'import gymnasium as gym' in the vast majority of cases.
[36m(EnvGroup(rank=1) pid=97522)[0m See the migration guide at https://gymnasium.farama.org/introduction/migration_guide/ for additional information.
[36m(EnvGroup(rank=2) pid=97537)[0m Gym has been unmaintained since 2022 and does not support NumPy 2.0 amongst other critical functionality.
[36m(EnvGroup(rank=2) pid=97537)[0m Please upgrade to Gymnasium, the maintained drop-in replacement of Gym, or contact the authors of your software and request that they upgrade.
[36m(EnvGroup(rank=2) pid=97537)[0m Users of this version of Gym should be able to simply replace 'import gym' with 'import gymnasium as gym' in the vast majority of cases.
[36m(EnvGroup(rank=2) pid=97537)[0m See the migration guide at https://gymnasium.farama.org/introduction/migration_guide/ for additional information.
[36m(EnvGroup(rank=2) pid=97537)[0m /data1/gaobowen/RLinf_dreamzero/.venv-libero-dreamzero/lib/python3.11/site-packages/robosuite/macros.py:53: DeprecationWarning: The 'warn' method is deprecated, use 'warning' instead
[36m(EnvGroup(rank=2) pid=97537)[0m   ROBOSUITE_DEFAULT_LOGGER.warn("No private macro file found!")
[36m(EnvGroup(rank=2) pid=97537)[0m [robosuite WARNING] No private macro file found! (macros.py:53)
[36m(EnvGroup(rank=2) pid=97537)[0m WARNING:robosuite_logs:No private macro file found!
[36m(EnvGroup(rank=2) pid=97537)[0m [robosuite WARNING] It is recommended to use a private macro file (macros.py:54)
[36m(EnvGroup(rank=2) pid=97537)[0m WARNING:robosuite_logs:It is recommended to use a private macro file
[36m(EnvGroup(rank=2) pid=97537)[0m [robosuite WARNING] To setup, run: python /data1/gaobowen/RLinf_dreamzero/.venv-libero-dreamzero/lib/python3.11/site-packages/robosuite/scripts/setup_macros.py (macros.py:55)
[36m(EnvGroup(rank=2) pid=97537)[0m WARNING:robosuite_logs:To setup, run: python /data1/gaobowen/RLinf_dreamzero/.venv-libero-dreamzero/lib/python3.11/site-packages/robosuite/scripts/setup_macros.py
[36m(EnvGroup(rank=3) pid=97740)[0m Gym has been unmaintained since 2022 and does not support NumPy 2.0 amongst other critical functionality.
[36m(EnvGroup(rank=3) pid=97740)[0m Please upgrade to Gymnasium, the maintained drop-in replacement of Gym, or contact the authors of your software and request that they upgrade.
[36m(EnvGroup(rank=3) pid=97740)[0m Users of this version of Gym should be able to simply replace 'import gym' with 'import gymnasium as gym' in the vast majority of cases.
[36m(EnvGroup(rank=3) pid=97740)[0m See the migration guide at https://gymnasium.farama.org/introduction/migration_guide/ for additional information.
[36m(EnvGroup(rank=3) pid=97740)[0m /data1/gaobowen/RLinf_dreamzero/.venv-libero-dreamzero/lib/python3.11/site-packages/robosuite/macros.py:53: DeprecationWarning: The 'warn' method is deprecated, use 'warning' instead
[36m(EnvGroup(rank=3) pid=97740)[0m   ROBOSUITE_DEFAULT_LOGGER.warn("No private macro file found!")
[36m(EnvGroup(rank=3) pid=97740)[0m [robosuite WARNING] No private macro file found! (macros.py:53)
[36m(EnvGroup(rank=3) pid=97740)[0m WARNING:robosuite_logs:No private macro file found!
[36m(EnvGroup(rank=3) pid=97740)[0m [robosuite WARNING] It is recommended to use a private macro file (macros.py:54)
[36m(EnvGroup(rank=3) pid=97740)[0m WARNING:robosuite_logs:It is recommended to use a private macro file
[36m(EnvGroup(rank=3) pid=97740)[0m [robosuite WARNING] To setup, run: python /data1/gaobowen/RLinf_dreamzero/.venv-libero-dreamzero/lib/python3.11/site-packages/robosuite/scripts/setup_macros.py (macros.py:55)
[36m(EnvGroup(rank=3) pid=97740)[0m WARNING:robosuite_logs:To setup, run: python /data1/gaobowen/RLinf_dreamzero/.venv-libero-dreamzero/lib/python3.11/site-packages/robosuite/scripts/setup_macros.py
[36m(EnvGroup(rank=1) pid=97522)[0m /data1/gaobowen/RLinf_dreamzero/.venv-libero-dreamzero/lib/python3.11/site-packages/robosuite/macros.py:53: DeprecationWarning: The 'warn' method is deprecated, use 'warning' instead
[36m(EnvGroup(rank=1) pid=97522)[0m   ROBOSUITE_DEFAULT_LOGGER.warn("No private macro file found!")
[36m(EnvGroup(rank=1) pid=97522)[0m [robosuite WARNING] No private macro file found! (macros.py:53)
[36m(EnvGroup(rank=1) pid=97522)[0m WARNING:robosuite_logs:No private macro file found!
[36m(EnvGroup(rank=1) pid=97522)[0m [robosuite WARNING] It is recommended to use a private macro file (macros.py:54)
[36m(EnvGroup(rank=1) pid=97522)[0m WARNING:robosuite_logs:It is recommended to use a private macro file
[36m(EnvGroup(rank=1) pid=97522)[0m [robosuite WARNING] To setup, run: python /data1/gaobowen/RLinf_dreamzero/.venv-libero-dreamzero/lib/python3.11/site-packages/robosuite/scripts/setup_macros.py (macros.py:55)
[36m(EnvGroup(rank=1) pid=97522)[0m WARNING:robosuite_logs:To setup, run: python /data1/gaobowen/RLinf_dreamzero/.venv-libero-dreamzero/lib/python3.11/site-packages/robosuite/scripts/setup_macros.py
[36m(EnvGroup(rank=0) pid=97518)[0m INFO:OpenGL.acceleratesupport:No OpenGL_accelerate module loaded: No module named 'OpenGL_accelerate'
[36m(EnvGroup(rank=2) pid=97537)[0m INFO:OpenGL.acceleratesupport:No OpenGL_accelerate module loaded: No module named 'OpenGL_accelerate'
[36m(EnvGroup(rank=1) pid=97522)[0m INFO:OpenGL.acceleratesupport:No OpenGL_accelerate module loaded: No module named 'OpenGL_accelerate'
[36m(EnvGroup(rank=3) pid=97740)[0m INFO:OpenGL.acceleratesupport:No OpenGL_accelerate module loaded: No module named 'OpenGL_accelerate'
[36m(RolloutGroup(rank=0) pid=97489)[0m WARNING: All log messages before absl::InitializeLog() is called are written to STDERR
[36m(RolloutGroup(rank=0) pid=97489)[0m I0000 00:00:1783926641.967895   99354 port.cc:153] oneDNN custom operations are on. You may see slightly different numerical results due to floating-point round-off errors from different computation orders. To turn them off, set the environment variable `TF_ENABLE_ONEDNN_OPTS=0`.
[36m(RolloutGroup(rank=0) pid=97489)[0m I0000 00:00:1783926642.015722   99354 cpu_feature_guard.cc:227] This TensorFlow binary is optimized to use available CPU instructions in performance-critical operations.
[36m(RolloutGroup(rank=0) pid=97489)[0m To enable the following instructions: AVX2 AVX512F AVX512_VNNI FMA, in other operations, rebuild TensorFlow with the appropriate compiler flags.
[36m(RolloutGroup(rank=1) pid=97505)[0m WARNING: All log messages before absl::InitializeLog() is called are written to STDERR
[36m(RolloutGroup(rank=1) pid=97505)[0m I0000 00:00:1783926642.067412   99356 port.cc:153] oneDNN custom operations are on. You may see slightly different numerical results due to floating-point round-off errors from different computation orders. To turn them off, set the environment variable `TF_ENABLE_ONEDNN_OPTS=0`.
[36m(RolloutGroup(rank=1) pid=97505)[0m I0000 00:00:1783926642.114755   99356 cpu_feature_guard.cc:227] This TensorFlow binary is optimized to use available CPU instructions in performance-critical operations.
[36m(RolloutGroup(rank=1) pid=97505)[0m To enable the following instructions: AVX2 AVX512F AVX512_VNNI FMA, in other operations, rebuild TensorFlow with the appropriate compiler flags.
[36m(RolloutGroup(rank=3) pid=97511)[0m WARNING: All log messages before absl::InitializeLog() is called are written to STDERR
[36m(RolloutGroup(rank=3) pid=97511)[0m I0000 00:00:1783926642.326621   99358 port.cc:153] oneDNN custom operations are on. You may see slightly different numerical results due to floating-point round-off errors from different computation orders. To turn them off, set the environment variable `TF_ENABLE_ONEDNN_OPTS=0`.
[36m(RolloutGroup(rank=2) pid=97509)[0m WARNING: All log messages before absl::InitializeLog() is called are written to STDERR
[36m(RolloutGroup(rank=2) pid=97509)[0m I0000 00:00:1783926642.384794   99375 port.cc:153] oneDNN custom operations are on. You may see slightly different numerical results due to floating-point round-off errors from different computation orders. To turn them off, set the environment variable `TF_ENABLE_ONEDNN_OPTS=0`.
[36m(RolloutGroup(rank=2) pid=97509)[0m I0000 00:00:1783926642.432792   99375 cpu_feature_guard.cc:227] This TensorFlow binary is optimized to use available CPU instructions in performance-critical operations.
[36m(RolloutGroup(rank=2) pid=97509)[0m To enable the following instructions: AVX2 AVX512F AVX512_VNNI FMA, in other operations, rebuild TensorFlow with the appropriate compiler flags.
[36m(RolloutGroup(rank=3) pid=97511)[0m I0000 00:00:1783926642.373915   99358 cpu_feature_guard.cc:227] This TensorFlow binary is optimized to use available CPU instructions in performance-critical operations.
[36m(RolloutGroup(rank=3) pid=97511)[0m To enable the following instructions: AVX2 AVX512F AVX512_VNNI FMA, in other operations, rebuild TensorFlow with the appropriate compiler flags.
[36m(RolloutGroup(rank=0) pid=97489)[0m WARNING: All log messages before absl::InitializeLog() is called are written to STDERR
[36m(RolloutGroup(rank=0) pid=97489)[0m I0000 00:00:1783926643.306132   99354 port.cc:153] oneDNN custom operations are on. You may see slightly different numerical results due to floating-point round-off errors from different computation orders. To turn them off, set the environment variable `TF_ENABLE_ONEDNN_OPTS=0`.
[36m(RolloutGroup(rank=1) pid=97505)[0m WARNING: All log messages before absl::InitializeLog() is called are written to STDERR
[36m(RolloutGroup(rank=1) pid=97505)[0m I0000 00:00:1783926643.380047   99356 port.cc:153] oneDNN custom operations are on. You may see slightly different numerical results due to floating-point round-off errors from different computation orders. To turn them off, set the environment variable `TF_ENABLE_ONEDNN_OPTS=0`.
[36m(EnvGroup(rank=0) pid=97518)[0m Gym has been unmaintained since 2022 and does not support NumPy 2.0 amongst other critical functionality.
[36m(EnvGroup(rank=0) pid=97518)[0m Please upgrade to Gymnasium, the maintained drop-in replacement of Gym, or contact the authors of your software and request that they upgrade.
[36m(EnvGroup(rank=0) pid=97518)[0m Users of this version of Gym should be able to simply replace 'import gym' with 'import gymnasium as gym' in the vast majority of cases.
[36m(EnvGroup(rank=0) pid=97518)[0m See the migration guide at https://gymnasium.farama.org/introduction/migration_guide/ for additional information.
[36m(EnvGroup(rank=1) pid=97522)[0m Gym has been unmaintained since 2022 and does not support NumPy 2.0 amongst other critical functionality.
[36m(EnvGroup(rank=1) pid=97522)[0m Please upgrade to Gymnasium, the maintained drop-in replacement of Gym, or contact the authors of your software and request that they upgrade.
[36m(EnvGroup(rank=1) pid=97522)[0m Users of this version of Gym should be able to simply replace 'import gym' with 'import gymnasium as gym' in the vast majority of cases.
[36m(EnvGroup(rank=1) pid=97522)[0m See the migration guide at https://gymnasium.farama.org/introduction/migration_guide/ for additional information.
[36m(EnvGroup(rank=1) pid=97522)[0m Gym has been unmaintained since 2022 and does not support NumPy 2.0 amongst other critical functionality.
[36m(EnvGroup(rank=1) pid=97522)[0m Please upgrade to Gymnasium, the maintained drop-in replacement of Gym, or contact the authors of your software and request that they upgrade.
[36m(EnvGroup(rank=1) pid=97522)[0m Users of this version of Gym should be able to simply replace 'import gym' with 'import gymnasium as gym' in the vast majority of cases.
[36m(EnvGroup(rank=1) pid=97522)[0m See the migration guide at https://gymnasium.farama.org/introduction/migration_guide/ for additional information.
[36m(EnvGroup(rank=2) pid=97537)[0m Gym has been unmaintained since 2022 and does not support NumPy 2.0 amongst other critical functionality.
[36m(EnvGroup(rank=2) pid=97537)[0m Please upgrade to Gymnasium, the maintained drop-in replacement of Gym, or contact the authors of your software and request that they upgrade.
[36m(EnvGroup(rank=2) pid=97537)[0m Users of this version of Gym should be able to simply replace 'import gym' with 'import gymnasium as gym' in the vast majority of cases.
[36m(EnvGroup(rank=2) pid=97537)[0m See the migration guide at https://gymnasium.farama.org/introduction/migration_guide/ for additional information.
[36m(EnvGroup(rank=0) pid=97518)[0m Gym has been unmaintained since 2022 and does not support NumPy 2.0 amongst other critical functionality.
[36m(EnvGroup(rank=0) pid=97518)[0m Please upgrade to Gymnasium, the maintained drop-in replacement of Gym, or contact the authors of your software and request that they upgrade.
[36m(EnvGroup(rank=0) pid=97518)[0m Users of this version of Gym should be able to simply replace 'import gym' with 'import gymnasium as gym' in the vast majority of cases.
[36m(EnvGroup(rank=0) pid=97518)[0m See the migration guide at https://gymnasium.farama.org/introduction/migration_guide/ for additional information.
[36m(EnvGroup(rank=0) pid=97518)[0m Gym has been unmaintained since 2022 and does not support NumPy 2.0 amongst other critical functionality.
[36m(EnvGroup(rank=0) pid=97518)[0m Please upgrade to Gymnasium, the maintained drop-in replacement of Gym, or contact the authors of your software and request that they upgrade.
[36m(EnvGroup(rank=0) pid=97518)[0m Users of this version of Gym should be able to simply replace 'import gym' with 'import gymnasium as gym' in the vast majority of cases.
[36m(EnvGroup(rank=0) pid=97518)[0m See the migration guide at https://gymnasium.farama.org/introduction/migration_guide/ for additional information.
[36m(EnvGroup(rank=0) pid=97518)[0m Gym has been unmaintained since 2022 and does not support NumPy 2.0 amongst other critical functionality.
[36m(EnvGroup(rank=0) pid=97518)[0m Please upgrade to Gymnasium, the maintained drop-in replacement of Gym, or contact the authors of your software and request that they upgrade.
[36m(EnvGroup(rank=0) pid=97518)[0m Users of this version of Gym should be able to simply replace 'import gym' with 'import gymnasium as gym' in the vast majority of cases.
[36m(EnvGroup(rank=0) pid=97518)[0m See the migration guide at https://gymnasium.farama.org/introduction/migration_guide/ for additional information.
[36m(EnvGroup(rank=0) pid=97518)[0m Gym has been unmaintained since 2022 and does not support NumPy 2.0 amongst other critical functionality.
[36m(EnvGroup(rank=0) pid=97518)[0m Please upgrade to Gymnasium, the maintained drop-in replacement of Gym, or contact the authors of your software and request that they upgrade.
[36m(EnvGroup(rank=0) pid=97518)[0m Users of this version of Gym should be able to simply replace 'import gym' with 'import gymnasium as gym' in the vast majority of cases.
[36m(EnvGroup(rank=0) pid=97518)[0m See the migration guide at https://gymnasium.farama.org/introduction/migration_guide/ for additional information.
[36m(EnvGroup(rank=0) pid=97518)[0m Gym has been unmaintained since 2022 and does not support NumPy 2.0 amongst other critical functionality.
[36m(EnvGroup(rank=0) pid=97518)[0m Please upgrade to Gymnasium, the maintained drop-in replacement of Gym, or contact the authors of your software and request that they upgrade.
[36m(EnvGroup(rank=0) pid=97518)[0m Users of this version of Gym should be able to simply replace 'import gym' with 'import gymnasium as gym' in the vast majority of cases.
[36m(EnvGroup(rank=0) pid=97518)[0m See the migration guide at https://gymnasium.farama.org/introduction/migration_guide/ for additional information.
[36m(EnvGroup(rank=1) pid=97522)[0m Gym has been unmaintained since 2022 and does not support NumPy 2.0 amongst other critical functionality.
[36m(EnvGroup(rank=1) pid=97522)[0m Please upgrade to Gymnasium, the maintained drop-in replacement of Gym, or contact the authors of your software and request that they upgrade.
[36m(EnvGroup(rank=1) pid=97522)[0m Users of this version of Gym should be able to simply replace 'import gym' with 'import gymnasium as gym' in the vast majority of cases.
[36m(EnvGroup(rank=1) pid=97522)[0m See the migration guide at https://gymnasium.farama.org/introduction/migration_guide/ for additional information.
[36m(EnvGroup(rank=1) pid=97522)[0m Gym has been unmaintained since 2022 and does not support NumPy 2.0 amongst other critical functionality.
[36m(EnvGroup(rank=1) pid=97522)[0m Please upgrade to Gymnasium, the maintained drop-in replacement of Gym, or contact the authors of your software and request that they upgrade.
[36m(EnvGroup(rank=1) pid=97522)[0m Users of this version of Gym should be able to simply replace 'import gym' with 'import gymnasium as gym' in the vast majority of cases.
[36m(EnvGroup(rank=1) pid=97522)[0m See the migration guide at https://gymnasium.farama.org/introduction/migration_guide/ for additional information.
[36m(EnvGroup(rank=1) pid=97522)[0m Gym has been unmaintained since 2022 and does not support NumPy 2.0 amongst other critical functionality.
[36m(EnvGroup(rank=1) pid=97522)[0m Please upgrade to Gymnasium, the maintained drop-in replacement of Gym, or contact the authors of your software and request that they upgrade.
[36m(EnvGroup(rank=1) pid=97522)[0m Users of this version of Gym should be able to simply replace 'import gym' with 'import gymnasium as gym' in the vast majority of cases.
[36m(EnvGroup(rank=1) pid=97522)[0m See the migration guide at https://gymnasium.farama.org/introduction/migration_guide/ for additional information.
[36m(EnvGroup(rank=1) pid=97522)[0m Gym has been unmaintained since 2022 and does not support NumPy 2.0 amongst other critical functionality.
[36m(EnvGroup(rank=1) pid=97522)[0m Please upgrade to Gymnasium, the maintained drop-in replacement of Gym, or contact the authors of your software and request that they upgrade.
[36m(EnvGroup(rank=1) pid=97522)[0m Users of this version of Gym should be able to simply replace 'import gym' with 'import gymnasium as gym' in the vast majority of cases.
[36m(EnvGroup(rank=1) pid=97522)[0m See the migration guide at https://gymnasium.farama.org/introduction/migration_guide/ for additional information.
[36m(EnvGroup(rank=1) pid=97522)[0m Gym has been unmaintained since 2022 and does not support NumPy 2.0 amongst other critical functionality.
[36m(EnvGroup(rank=1) pid=97522)[0m Please upgrade to Gymnasium, the maintained drop-in replacement of Gym, or contact the authors of your software and request that they upgrade.
[36m(EnvGroup(rank=1) pid=97522)[0m Users of this version of Gym should be able to simply replace 'import gym' with 'import gymnasium as gym' in the vast majority of cases.
[36m(EnvGroup(rank=1) pid=97522)[0m See the migration guide at https://gymnasium.farama.org/introduction/migration_guide/ for additional information.
[36m(EnvGroup(rank=2) pid=97537)[0m Gym has been unmaintained since 2022 and does not support NumPy 2.0 amongst other critical functionality.
[36m(EnvGroup(rank=2) pid=97537)[0m Please upgrade to Gymnasium, the maintained drop-in replacement of Gym, or contact the authors of your software and request that they upgrade.
[36m(EnvGroup(rank=2) pid=97537)[0m Users of this version of Gym should be able to simply replace 'import gym' with 'import gymnasium as gym' in the vast majority of cases.
[36m(EnvGroup(rank=2) pid=97537)[0m See the migration guide at https://gymnasium.farama.org/introduction/migration_guide/ for additional information.
[36m(EnvGroup(rank=2) pid=97537)[0m Gym has been unmaintained since 2022 and does not support NumPy 2.0 amongst other critical functionality.
[36m(EnvGroup(rank=2) pid=97537)[0m Please upgrade to Gymnasium, the maintained drop-in replacement of Gym, or contact the authors of your software and request that they upgrade.
[36m(EnvGroup(rank=2) pid=97537)[0m Users of this version of Gym should be able to simply replace 'import gym' with 'import gymnasium as gym' in the vast majority of cases.
[36m(EnvGroup(rank=2) pid=97537)[0m See the migration guide at https://gymnasium.farama.org/introduction/migration_guide/ for additional information.
[36m(EnvGroup(rank=2) pid=97537)[0m Gym has been unmaintained since 2022 and does not support NumPy 2.0 amongst other critical functionality.
[36m(EnvGroup(rank=2) pid=97537)[0m Please upgrade to Gymnasium, the maintained drop-in replacement of Gym, or contact the authors of your software and request that they upgrade.
[36m(EnvGroup(rank=2) pid=97537)[0m Users of this version of Gym should be able to simply replace 'import gym' with 'import gymnasium as gym' in the vast majority of cases.
[36m(EnvGroup(rank=2) pid=97537)[0m See the migration guide at https://gymnasium.farama.org/introduction/migration_guide/ for additional information.
[36m(EnvGroup(rank=2) pid=97537)[0m Gym has been unmaintained since 2022 and does not support NumPy 2.0 amongst other critical functionality.
[36m(EnvGroup(rank=2) pid=97537)[0m Please upgrade to Gymnasium, the maintained drop-in replacement of Gym, or contact the authors of your software and request that they upgrade.
[36m(EnvGroup(rank=2) pid=97537)[0m Users of this version of Gym should be able to simply replace 'import gym' with 'import gymnasium as gym' in the vast majority of cases.
[36m(EnvGroup(rank=2) pid=97537)[0m See the migration guide at https://gymnasium.farama.org/introduction/migration_guide/ for additional information.
[36m(EnvGroup(rank=2) pid=97537)[0m Gym has been unmaintained since 2022 and does not support NumPy 2.0 amongst other critical functionality.
[36m(EnvGroup(rank=2) pid=97537)[0m Please upgrade to Gymnasium, the maintained drop-in replacement of Gym, or contact the authors of your software and request that they upgrade.
[36m(EnvGroup(rank=2) pid=97537)[0m Users of this version of Gym should be able to simply replace 'import gym' with 'import gymnasium as gym' in the vast majority of cases.
[36m(EnvGroup(rank=2) pid=97537)[0m See the migration guide at https://gymnasium.farama.org/introduction/migration_guide/ for additional information.
[36m(RolloutGroup(rank=3) pid=97511)[0m WARNING: All log messages before absl::InitializeLog() is called are written to STDERR
[36m(RolloutGroup(rank=3) pid=97511)[0m I0000 00:00:1783926643.688304   99358 port.cc:153] oneDNN custom operations are on. You may see slightly different numerical results due to floating-point round-off errors from different computation orders. To turn them off, set the environment variable `TF_ENABLE_ONEDNN_OPTS=0`.
[36m(EnvGroup(rank=1) pid=97522)[0m Gym has been unmaintained since 2022 and does not support NumPy 2.0 amongst other critical functionality.
[36m(EnvGroup(rank=1) pid=97522)[0m Please upgrade to Gymnasium, the maintained drop-in replacement of Gym, or contact the authors of your software and request that they upgrade.
[36m(EnvGroup(rank=1) pid=97522)[0m Users of this version of Gym should be able to simply replace 'import gym' with 'import gymnasium as gym' in the vast majority of cases.
[36m(EnvGroup(rank=1) pid=97522)[0m See the migration guide at https://gymnasium.farama.org/introduction/migration_guide/ for additional information.
[36m(EnvGroup(rank=3) pid=97740)[0m Gym has been unmaintained since 2022 and does not support NumPy 2.0 amongst other critical functionality.
[36m(EnvGroup(rank=3) pid=97740)[0m Please upgrade to Gymnasium, the maintained drop-in replacement of Gym, or contact the authors of your software and request that they upgrade.
[36m(EnvGroup(rank=3) pid=97740)[0m Users of this version of Gym should be able to simply replace 'import gym' with 'import gymnasium as gym' in the vast majority of cases.
[36m(EnvGroup(rank=3) pid=97740)[0m See the migration guide at https://gymnasium.farama.org/introduction/migration_guide/ for additional information.
[36m(EnvGroup(rank=3) pid=97740)[0m Gym has been unmaintained since 2022 and does not support NumPy 2.0 amongst other critical functionality.
[36m(EnvGroup(rank=3) pid=97740)[0m Please upgrade to Gymnasium, the maintained drop-in replacement of Gym, or contact the authors of your software and request that they upgrade.
[36m(EnvGroup(rank=3) pid=97740)[0m Users of this version of Gym should be able to simply replace 'import gym' with 'import gymnasium as gym' in the vast majority of cases.
[36m(EnvGroup(rank=3) pid=97740)[0m See the migration guide at https://gymnasium.farama.org/introduction/migration_guide/ for additional information.
[36m(EnvGroup(rank=3) pid=97740)[0m Gym has been unmaintained since 2022 and does not support NumPy 2.0 amongst other critical functionality.
[36m(EnvGroup(rank=3) pid=97740)[0m Please upgrade to Gymnasium, the maintained drop-in replacement of Gym, or contact the authors of your software and request that they upgrade.
[36m(EnvGroup(rank=3) pid=97740)[0m Users of this version of Gym should be able to simply replace 'import gym' with 'import gymnasium as gym' in the vast majority of cases.
[36m(EnvGroup(rank=3) pid=97740)[0m See the migration guide at https://gymnasium.farama.org/introduction/migration_guide/ for additional information.
[36m(RolloutGroup(rank=2) pid=97509)[0m WARNING: All log messages before absl::InitializeLog() is called are written to STDERR
[36m(RolloutGroup(rank=2) pid=97509)[0m I0000 00:00:1783926643.741260   99375 port.cc:153] oneDNN custom operations are on. You may see slightly different numerical results due to floating-point round-off errors from different computation orders. To turn them off, set the environment variable `TF_ENABLE_ONEDNN_OPTS=0`.
[36m(EnvGroup(rank=0) pid=97518)[0m Gym has been unmaintained since 2022 and does not support NumPy 2.0 amongst other critical functionality.
[36m(EnvGroup(rank=0) pid=97518)[0m Please upgrade to Gymnasium, the maintained drop-in replacement of Gym, or contact the authors of your software and request that they upgrade.
[36m(EnvGroup(rank=0) pid=97518)[0m Users of this version of Gym should be able to simply replace 'import gym' with 'import gymnasium as gym' in the vast majority of cases.
[36m(EnvGroup(rank=0) pid=97518)[0m See the migration guide at https://gymnasium.farama.org/introduction/migration_guide/ for additional information.
[36m(EnvGroup(rank=0) pid=97518)[0m Gym has been unmaintained since 2022 and does not support NumPy 2.0 amongst other critical functionality.
[36m(EnvGroup(rank=0) pid=97518)[0m Please upgrade to Gymnasium, the maintained drop-in replacement of Gym, or contact the authors of your software and request that they upgrade.
[36m(EnvGroup(rank=0) pid=97518)[0m Users of this version of Gym should be able to simply replace 'import gym' with 'import gymnasium as gym' in the vast majority of cases.
[36m(EnvGroup(rank=0) pid=97518)[0m See the migration guide at https://gymnasium.farama.org/introduction/migration_guide/ for additional information.
[36m(EnvGroup(rank=2) pid=97537)[0m Gym has been unmaintained since 2022 and does not support NumPy 2.0 amongst other critical functionality.
[36m(EnvGroup(rank=2) pid=97537)[0m Please upgrade to Gymnasium, the maintained drop-in replacement of Gym, or contact the authors of your software and request that they upgrade.
[36m(EnvGroup(rank=2) pid=97537)[0m Users of this version of Gym should be able to simply replace 'import gym' with 'import gymnasium as gym' in the vast majority of cases.
[36m(EnvGroup(rank=2) pid=97537)[0m See the migration guide at https://gymnasium.farama.org/introduction/migration_guide/ for additional information.
[36m(EnvGroup(rank=2) pid=97537)[0m Gym has been unmaintained since 2022 and does not support NumPy 2.0 amongst other critical functionality.
[36m(EnvGroup(rank=2) pid=97537)[0m Please upgrade to Gymnasium, the maintained drop-in replacement of Gym, or contact the authors of your software and request that they upgrade.
[36m(EnvGroup(rank=2) pid=97537)[0m Users of this version of Gym should be able to simply replace 'import gym' with 'import gymnasium as gym' in the vast majority of cases.
[36m(EnvGroup(rank=2) pid=97537)[0m See the migration guide at https://gymnasium.farama.org/introduction/migration_guide/ for additional information.
[36m(EnvGroup(rank=3) pid=97740)[0m Gym has been unmaintained since 2022 and does not support NumPy 2.0 amongst other critical functionality.
[36m(EnvGroup(rank=3) pid=97740)[0m Please upgrade to Gymnasium, the maintained drop-in replacement of Gym, or contact the authors of your software and request that they upgrade.
[36m(EnvGroup(rank=3) pid=97740)[0m Users of this version of Gym should be able to simply replace 'import gym' with 'import gymnasium as gym' in the vast majority of cases.
[36m(EnvGroup(rank=3) pid=97740)[0m See the migration guide at https://gymnasium.farama.org/introduction/migration_guide/ for additional information.
[36m(EnvGroup(rank=3) pid=97740)[0m Gym has been unmaintained since 2022 and does not support NumPy 2.0 amongst other critical functionality.
[36m(EnvGroup(rank=3) pid=97740)[0m Please upgrade to Gymnasium, the maintained drop-in replacement of Gym, or contact the authors of your software and request that they upgrade.
[36m(EnvGroup(rank=3) pid=97740)[0m Users of this version of Gym should be able to simply replace 'import gym' with 'import gymnasium as gym' in the vast majority of cases.
[36m(EnvGroup(rank=3) pid=97740)[0m See the migration guide at https://gymnasium.farama.org/introduction/migration_guide/ for additional information.
[36m(EnvGroup(rank=3) pid=97740)[0m Gym has been unmaintained since 2022 and does not support NumPy 2.0 amongst other critical functionality.
[36m(EnvGroup(rank=3) pid=97740)[0m Please upgrade to Gymnasium, the maintained drop-in replacement of Gym, or contact the authors of your software and request that they upgrade.
[36m(EnvGroup(rank=3) pid=97740)[0m Users of this version of Gym should be able to simply replace 'import gym' with 'import gymnasium as gym' in the vast majority of cases.
[36m(EnvGroup(rank=3) pid=97740)[0m See the migration guide at https://gymnasium.farama.org/introduction/migration_guide/ for additional information.
[36m(EnvGroup(rank=3) pid=97740)[0m Gym has been unmaintained since 2022 and does not support NumPy 2.0 amongst other critical functionality.
[36m(EnvGroup(rank=3) pid=97740)[0m Please upgrade to Gymnasium, the maintained drop-in replacement of Gym, or contact the authors of your software and request that they upgrade.
[36m(EnvGroup(rank=3) pid=97740)[0m Users of this version of Gym should be able to simply replace 'import gym' with 'import gymnasium as gym' in the vast majority of cases.
[36m(EnvGroup(rank=3) pid=97740)[0m See the migration guide at https://gymnasium.farama.org/introduction/migration_guide/ for additional information.Gym has been unmaintained since 2022 and does not support NumPy 2.0 amongst other critical functionality.
[36m(EnvGroup(rank=3) pid=97740)[0m Please upgrade to Gymnasium, the maintained drop-in replacement of Gym, or contact the authors of your software and request that they upgrade.
[36m(EnvGroup(rank=3) pid=97740)[0m Users of this version of Gym should be able to simply replace 'import gym' with 'import gymnasium as gym' in the vast majority of cases.
[36m(EnvGroup(rank=3) pid=97740)[0m See the migration guide at https://gymnasium.farama.org/introduction/migration_guide/ for additional information.
[36m(EnvGroup(rank=3) pid=97740)[0m 
[36m(EnvGroup(rank=0) pid=97518)[0m /data1/gaobowen/RLinf_dreamzero/.venv-libero-dreamzero/lib/python3.11/site-packages/robosuite/macros.py:53: DeprecationWarning: The 'warn' method is deprecated, use 'warning' instead
[36m(EnvGroup(rank=0) pid=97518)[0m   ROBOSUITE_DEFAULT_LOGGER.warn("No private macro file found!")
[36m(EnvGroup(rank=0) pid=97518)[0m [robosuite WARNING] No private macro file found! (macros.py:53)
[36m(EnvGroup(rank=0) pid=97518)[0m WARNING:robosuite_logs:No private macro file found!
[36m(EnvGroup(rank=0) pid=97518)[0m [robosuite WARNING] It is recommended to use a private macro file (macros.py:54)
[36m(EnvGroup(rank=0) pid=97518)[0m WARNING:robosuite_logs:It is recommended to use a private macro file
[36m(EnvGroup(rank=0) pid=97518)[0m [robosuite WARNING] To setup, run: python /data1/gaobowen/RLinf_dreamzero/.venv-libero-dreamzero/lib/python3.11/site-packages/robosuite/scripts/setup_macros.py (macros.py:55)
[36m(EnvGroup(rank=0) pid=97518)[0m WARNING:robosuite_logs:To setup, run: python /data1/gaobowen/RLinf_dreamzero/.venv-libero-dreamzero/lib/python3.11/site-packages/robosuite/scripts/setup_macros.py
[36m(EnvGroup(rank=1) pid=97522)[0m /data1/gaobowen/RLinf_dreamzero/.venv-libero-dreamzero/lib/python3.11/site-packages/robosuite/macros.py:53: DeprecationWarning: The 'warn' method is deprecated, use 'warning' instead
[36m(EnvGroup(rank=1) pid=97522)[0m   ROBOSUITE_DEFAULT_LOGGER.warn("No private macro file found!")
[36m(EnvGroup(rank=1) pid=97522)[0m [robosuite WARNING] No private macro file found! (macros.py:53)
[36m(EnvGroup(rank=1) pid=97522)[0m WARNING:robosuite_logs:No private macro file found!
[36m(EnvGroup(rank=1) pid=97522)[0m [robosuite WARNING] It is recommended to use a private macro file (macros.py:54)
[36m(EnvGroup(rank=1) pid=97522)[0m WARNING:robosuite_logs:It is recommended to use a private macro file
[36m(EnvGroup(rank=1) pid=97522)[0m [robosuite WARNING] To setup, run: python /data1/gaobowen/RLinf_dreamzero/.venv-libero-dreamzero/lib/python3.11/site-packages/robosuite/scripts/setup_macros.py (macros.py:55)
[36m(EnvGroup(rank=1) pid=97522)[0m WARNING:robosuite_logs:To setup, run: python /data1/gaobowen/RLinf_dreamzero/.venv-libero-dreamzero/lib/python3.11/site-packages/robosuite/scripts/setup_macros.py
[36m(EnvGroup(rank=1) pid=97522)[0m /data1/gaobowen/RLinf_dreamzero/.venv-libero-dreamzero/lib/python3.11/site-packages/robosuite/macros.py:53: DeprecationWarning: The 'warn' method is deprecated, use 'warning' instead
[36m(EnvGroup(rank=1) pid=97522)[0m   ROBOSUITE_DEFAULT_LOGGER.warn("No private macro file found!")
[36m(EnvGroup(rank=1) pid=97522)[0m [robosuite WARNING] No private macro file found! (macros.py:53)
[36m(EnvGroup(rank=1) pid=97522)[0m WARNING:robosuite_logs:No private macro file found!
[36m(EnvGroup(rank=1) pid=97522)[0m [robosuite WARNING] It is recommended to use a private macro file (macros.py:54)
[36m(EnvGroup(rank=1) pid=97522)[0m WARNING:robosuite_logs:It is recommended to use a private macro file
[36m(EnvGroup(rank=1) pid=97522)[0m [robosuite WARNING] To setup, run: python /data1/gaobowen/RLinf_dreamzero/.venv-libero-dreamzero/lib/python3.11/site-packages/robosuite/scripts/setup_macros.py (macros.py:55)
[36m(EnvGroup(rank=1) pid=97522)[0m WARNING:robosuite_logs:To setup, run: python /data1/gaobowen/RLinf_dreamzero/.venv-libero-dreamzero/lib/python3.11/site-packages/robosuite/scripts/setup_macros.py
[36m(EnvGroup(rank=2) pid=97537)[0m /data1/gaobowen/RLinf_dreamzero/.venv-libero-dreamzero/lib/python3.11/site-packages/robosuite/macros.py:53: DeprecationWarning: The 'warn' method is deprecated, use 'warning' instead
[36m(EnvGroup(rank=2) pid=97537)[0m   ROBOSUITE_DEFAULT_LOGGER.warn("No private macro file found!")
[36m(EnvGroup(rank=2) pid=97537)[0m [robosuite WARNING] No private macro file found! (macros.py:53)
[36m(EnvGroup(rank=2) pid=97537)[0m WARNING:robosuite_logs:No private macro file found!
[36m(EnvGroup(rank=2) pid=97537)[0m [robosuite WARNING] It is recommended to use a private macro file (macros.py:54)
[36m(EnvGroup(rank=2) pid=97537)[0m WARNING:robosuite_logs:It is recommended to use a private macro file
[36m(EnvGroup(rank=2) pid=97537)[0m [robosuite WARNING] To setup, run: python /data1/gaobowen/RLinf_dreamzero/.venv-libero-dreamzero/lib/python3.11/site-packages/robosuite/scripts/setup_macros.py (macros.py:55)
[36m(EnvGroup(rank=2) pid=97537)[0m WARNING:robosuite_logs:To setup, run: python /data1/gaobowen/RLinf_dreamzero/.venv-libero-dreamzero/lib/python3.11/site-packages/robosuite/scripts/setup_macros.py
[36m(EnvGroup(rank=0) pid=97518)[0m /data1/gaobowen/RLinf_dreamzero/.venv-libero-dreamzero/lib/python3.11/site-packages/robosuite/macros.py:53: DeprecationWarning: The 'warn' method is deprecated, use 'warning' instead
[36m(EnvGroup(rank=0) pid=97518)[0m   ROBOSUITE_DEFAULT_LOGGER.warn("No private macro file found!")
[36m(EnvGroup(rank=0) pid=97518)[0m [robosuite WARNING] No private macro file found! (macros.py:53)
[36m(EnvGroup(rank=0) pid=97518)[0m WARNING:robosuite_logs:No private macro file found!
[36m(EnvGroup(rank=0) pid=97518)[0m [robosuite WARNING] It is recommended to use a private macro file (macros.py:54)
[36m(EnvGroup(rank=0) pid=97518)[0m WARNING:robosuite_logs:It is recommended to use a private macro file
[36m(EnvGroup(rank=0) pid=97518)[0m [robosuite WARNING] To setup, run: python /data1/gaobowen/RLinf_dreamzero/.venv-libero-dreamzero/lib/python3.11/site-packages/robosuite/scripts/setup_macros.py (macros.py:55)
[36m(EnvGroup(rank=0) pid=97518)[0m WARNING:robosuite_logs:To setup, run: python /data1/gaobowen/RLinf_dreamzero/.venv-libero-dreamzero/lib/python3.11/site-packages/robosuite/scripts/setup_macros.py
[36m(EnvGroup(rank=2) pid=97537)[0m /data1/gaobowen/RLinf_dreamzero/.venv-libero-dreamzero/lib/python3.11/site-packages/robosuite/macros.py:53: DeprecationWarning: The 'warn' method is deprecated, use 'warning' instead
[36m(EnvGroup(rank=2) pid=97537)[0m   ROBOSUITE_DEFAULT_LOGGER.warn("No private macro file found!")
[36m(EnvGroup(rank=2) pid=97537)[0m [robosuite WARNING] No private macro file found! (macros.py:53)
[36m(EnvGroup(rank=2) pid=97537)[0m WARNING:robosuite_logs:No private macro file found!
[36m(EnvGroup(rank=2) pid=97537)[0m [robosuite WARNING] It is recommended to use a private macro file (macros.py:54)
[36m(EnvGroup(rank=2) pid=97537)[0m WARNING:robosuite_logs:It is recommended to use a private macro file
[36m(EnvGroup(rank=2) pid=97537)[0m [robosuite WARNING] To setup, run: python /data1/gaobowen/RLinf_dreamzero/.venv-libero-dreamzero/lib/python3.11/site-packages/robosuite/scripts/setup_macros.py (macros.py:55)
[36m(EnvGroup(rank=2) pid=97537)[0m WARNING:robosuite_logs:To setup, run: python /data1/gaobowen/RLinf_dreamzero/.venv-libero-dreamzero/lib/python3.11/site-packages/robosuite/scripts/setup_macros.py
[36m(EnvGroup(rank=2) pid=97537)[0m /data1/gaobowen/RLinf_dreamzero/.venv-libero-dreamzero/lib/python3.11/site-packages/robosuite/macros.py:53: DeprecationWarning: The 'warn' method is deprecated, use 'warning' instead
[36m(EnvGroup(rank=2) pid=97537)[0m   ROBOSUITE_DEFAULT_LOGGER.warn("No private macro file found!")
[36m(EnvGroup(rank=2) pid=97537)[0m [robosuite WARNING] No private macro file found! (macros.py:53)
[36m(EnvGroup(rank=2) pid=97537)[0m WARNING:robosuite_logs:No private macro file found!
[36m(EnvGroup(rank=2) pid=97537)[0m [robosuite WARNING] It is recommended to use a private macro file (macros.py:54)
[36m(EnvGroup(rank=2) pid=97537)[0m WARNING:robosuite_logs:It is recommended to use a private macro file
[36m(EnvGroup(rank=2) pid=97537)[0m [robosuite WARNING] To setup, run: python /data1/gaobowen/RLinf_dreamzero/.venv-libero-dreamzero/lib/python3.11/site-packages/robosuite/scripts/setup_macros.py (macros.py:55)
[36m(EnvGroup(rank=2) pid=97537)[0m WARNING:robosuite_logs:To setup, run: python /data1/gaobowen/RLinf_dreamzero/.venv-libero-dreamzero/lib/python3.11/site-packages/robosuite/scripts/setup_macros.py
[36m(EnvGroup(rank=2) pid=97537)[0m /data1/gaobowen/RLinf_dreamzero/.venv-libero-dreamzero/lib/python3.11/site-packages/robosuite/macros.py:53: DeprecationWarning: The 'warn' method is deprecated, use 'warning' instead
[36m(EnvGroup(rank=2) pid=97537)[0m   ROBOSUITE_DEFAULT_LOGGER.warn("No private macro file found!")
[36m(EnvGroup(rank=2) pid=97537)[0m [robosuite WARNING] No private macro file found! (macros.py:53)
[36m(EnvGroup(rank=2) pid=97537)[0m WARNING:robosuite_logs:No private macro file found!
[36m(EnvGroup(rank=2) pid=97537)[0m [robosuite WARNING] It is recommended to use a private macro file (macros.py:54)
[36m(EnvGroup(rank=2) pid=97537)[0m WARNING:robosuite_logs:It is recommended to use a private macro file
[36m(EnvGroup(rank=2) pid=97537)[0m [robosuite WARNING] To setup, run: python /data1/gaobowen/RLinf_dreamzero/.venv-libero-dreamzero/lib/python3.11/site-packages/robosuite/scripts/setup_macros.py (macros.py:55)
[36m(EnvGroup(rank=2) pid=97537)[0m WARNING:robosuite_logs:To setup, run: python /data1/gaobowen/RLinf_dreamzero/.venv-libero-dreamzero/lib/python3.11/site-packages/robosuite/scripts/setup_macros.py
[36m(EnvGroup(rank=2) pid=97537)[0m /data1/gaobowen/RLinf_dreamzero/.venv-libero-dreamzero/lib/python3.11/site-packages/robosuite/macros.py:53: DeprecationWarning: The 'warn' method is deprecated, use 'warning' instead
[36m(EnvGroup(rank=2) pid=97537)[0m   ROBOSUITE_DEFAULT_LOGGER.warn("No private macro file found!")
[36m(EnvGroup(rank=2) pid=97537)[0m [robosuite WARNING] No private macro file found! (macros.py:53)
[36m(EnvGroup(rank=2) pid=97537)[0m WARNING:robosuite_logs:No private macro file found!
[36m(EnvGroup(rank=2) pid=97537)[0m [robosuite WARNING] It is recommended to use a private macro file (macros.py:54)
[36m(EnvGroup(rank=2) pid=97537)[0m WARNING:robosuite_logs:It is recommended to use a private macro file
[36m(EnvGroup(rank=2) pid=97537)[0m [robosuite WARNING] To setup, run: python /data1/gaobowen/RLinf_dreamzero/.venv-libero-dreamzero/lib/python3.11/site-packages/robosuite/scripts/setup_macros.py (macros.py:55)
[36m(EnvGroup(rank=2) pid=97537)[0m WARNING:robosuite_logs:To setup, run: python /data1/gaobowen/RLinf_dreamzero/.venv-libero-dreamzero/lib/python3.11/site-packages/robosuite/scripts/setup_macros.py
[36m(EnvGroup(rank=2) pid=97537)[0m /data1/gaobowen/RLinf_dreamzero/.venv-libero-dreamzero/lib/python3.11/site-packages/robosuite/macros.py:53: DeprecationWarning: The 'warn' method is deprecated, use 'warning' instead
[36m(EnvGroup(rank=2) pid=97537)[0m   ROBOSUITE_DEFAULT_LOGGER.warn("No private macro file found!")
[36m(EnvGroup(rank=2) pid=97537)[0m [robosuite WARNING] No private macro file found! (macros.py:53)
[36m(EnvGroup(rank=2) pid=97537)[0m WARNING:robosuite_logs:No private macro file found!
[36m(EnvGroup(rank=2) pid=97537)[0m [robosuite WARNING] It is recommended to use a private macro file (macros.py:54)
[36m(EnvGroup(rank=2) pid=97537)[0m WARNING:robosuite_logs:It is recommended to use a private macro file
[36m(EnvGroup(rank=2) pid=97537)[0m [robosuite WARNING] To setup, run: python /data1/gaobowen/RLinf_dreamzero/.venv-libero-dreamzero/lib/python3.11/site-packages/robosuite/scripts/setup_macros.py (macros.py:55)
[36m(EnvGroup(rank=2) pid=97537)[0m WARNING:robosuite_logs:To setup, run: python /data1/gaobowen/RLinf_dreamzero/.venv-libero-dreamzero/lib/python3.11/site-packages/robosuite/scripts/setup_macros.py
[36m(EnvGroup(rank=0) pid=97518)[0m /data1/gaobowen/RLinf_dreamzero/.venv-libero-dreamzero/lib/python3.11/site-packages/robosuite/macros.py:53: DeprecationWarning: The 'warn' method is deprecated, use 'warning' instead
[36m(EnvGroup(rank=0) pid=97518)[0m   ROBOSUITE_DEFAULT_LOGGER.warn("No private macro file found!")
[36m(EnvGroup(rank=0) pid=97518)[0m [robosuite WARNING] No private macro file found! (macros.py:53)
[36m(EnvGroup(rank=0) pid=97518)[0m WARNING:robosuite_logs:No private macro file found!
[36m(EnvGroup(rank=0) pid=97518)[0m [robosuite WARNING] It is recommended to use a private macro file (macros.py:54)
[36m(EnvGroup(rank=0) pid=97518)[0m WARNING:robosuite_logs:It is recommended to use a private macro file
[36m(EnvGroup(rank=0) pid=97518)[0m [robosuite WARNING] To setup, run: python /data1/gaobowen/RLinf_dreamzero/.venv-libero-dreamzero/lib/python3.11/site-packages/robosuite/scripts/setup_macros.py (macros.py:55)
[36m(EnvGroup(rank=0) pid=97518)[0m WARNING:robosuite_logs:To setup, run: python /data1/gaobowen/RLinf_dreamzero/.venv-libero-dreamzero/lib/python3.11/site-packages/robosuite/scripts/setup_macros.py
[36m(EnvGroup(rank=0) pid=97518)[0m /data1/gaobowen/RLinf_dreamzero/.venv-libero-dreamzero/lib/python3.11/site-packages/robosuite/macros.py:53: DeprecationWarning: The 'warn' method is deprecated, use 'warning' instead
[36m(EnvGroup(rank=0) pid=97518)[0m   ROBOSUITE_DEFAULT_LOGGER.warn("No private macro file found!")
[36m(EnvGroup(rank=0) pid=97518)[0m [robosuite WARNING] No private macro file found! (macros.py:53)
[36m(EnvGroup(rank=0) pid=97518)[0m WARNING:robosuite_logs:No private macro file found!
[36m(EnvGroup(rank=0) pid=97518)[0m [robosuite WARNING] It is recommended to use a private macro file (macros.py:54)
[36m(EnvGroup(rank=0) pid=97518)[0m WARNING:robosuite_logs:It is recommended to use a private macro file
[36m(EnvGroup(rank=0) pid=97518)[0m [robosuite WARNING] To setup, run: python /data1/gaobowen/RLinf_dreamzero/.venv-libero-dreamzero/lib/python3.11/site-packages/robosuite/scripts/setup_macros.py (macros.py:55)
[36m(EnvGroup(rank=0) pid=97518)[0m WARNING:robosuite_logs:To setup, run: python /data1/gaobowen/RLinf_dreamzero/.venv-libero-dreamzero/lib/python3.11/site-packages/robosuite/scripts/setup_macros.py
[36m(EnvGroup(rank=0) pid=97518)[0m /data1/gaobowen/RLinf_dreamzero/.venv-libero-dreamzero/lib/python3.11/site-packages/robosuite/macros.py:53: DeprecationWarning: The 'warn' method is deprecated, use 'warning' instead
[36m(EnvGroup(rank=0) pid=97518)[0m   ROBOSUITE_DEFAULT_LOGGER.warn("No private macro file found!")
[36m(EnvGroup(rank=0) pid=97518)[0m [robosuite WARNING] No private macro file found! (macros.py:53)
[36m(EnvGroup(rank=0) pid=97518)[0m WARNING:robosuite_logs:No private macro file found!
[36m(EnvGroup(rank=0) pid=97518)[0m [robosuite WARNING] It is recommended to use a private macro file (macros.py:54)
[36m(EnvGroup(rank=0) pid=97518)[0m WARNING:robosuite_logs:It is recommended to use a private macro file
[36m(EnvGroup(rank=0) pid=97518)[0m [robosuite WARNING] To setup, run: python /data1/gaobowen/RLinf_dreamzero/.venv-libero-dreamzero/lib/python3.11/site-packages/robosuite/scripts/setup_macros.py (macros.py:55)
[36m(EnvGroup(rank=0) pid=97518)[0m WARNING:robosuite_logs:To setup, run: python /data1/gaobowen/RLinf_dreamzero/.venv-libero-dreamzero/lib/python3.11/site-packages/robosuite/scripts/setup_macros.py
[36m(EnvGroup(rank=0) pid=97518)[0m /data1/gaobowen/RLinf_dreamzero/.venv-libero-dreamzero/lib/python3.11/site-packages/robosuite/macros.py:53: DeprecationWarning: The 'warn' method is deprecated, use 'warning' instead
[36m(EnvGroup(rank=0) pid=97518)[0m   ROBOSUITE_DEFAULT_LOGGER.warn("No private macro file found!")
[36m(EnvGroup(rank=0) pid=97518)[0m [robosuite WARNING] No private macro file found! (macros.py:53)
[36m(EnvGroup(rank=0) pid=97518)[0m WARNING:robosuite_logs:No private macro file found!
[36m(EnvGroup(rank=0) pid=97518)[0m [robosuite WARNING] It is recommended to use a private macro file (macros.py:54)
[36m(EnvGroup(rank=0) pid=97518)[0m WARNING:robosuite_logs:It is recommended to use a private macro file
[36m(EnvGroup(rank=0) pid=97518)[0m [robosuite WARNING] To setup, run: python /data1/gaobowen/RLinf_dreamzero/.venv-libero-dreamzero/lib/python3.11/site-packages/robosuite/scripts/setup_macros.py (macros.py:55)
[36m(EnvGroup(rank=0) pid=97518)[0m WARNING:robosuite_logs:To setup, run: python /data1/gaobowen/RLinf_dreamzero/.venv-libero-dreamzero/lib/python3.11/site-packages/robosuite/scripts/setup_macros.py
[36m(EnvGroup(rank=1) pid=97522)[0m /data1/gaobowen/RLinf_dreamzero/.venv-libero-dreamzero/lib/python3.11/site-packages/robosuite/macros.py:53: DeprecationWarning: The 'warn' method is deprecated, use 'warning' instead
[36m(EnvGroup(rank=1) pid=97522)[0m   ROBOSUITE_DEFAULT_LOGGER.warn("No private macro file found!")
[36m(EnvGroup(rank=1) pid=97522)[0m [robosuite WARNING] No private macro file found! (macros.py:53)
[36m(EnvGroup(rank=1) pid=97522)[0m WARNING:robosuite_logs:No private macro file found!
[36m(EnvGroup(rank=1) pid=97522)[0m [robosuite WARNING] It is recommended to use a private macro file (macros.py:54)
[36m(EnvGroup(rank=1) pid=97522)[0m WARNING:robosuite_logs:It is recommended to use a private macro file
[36m(EnvGroup(rank=1) pid=97522)[0m [robosuite WARNING] To setup, run: python /data1/gaobowen/RLinf_dreamzero/.venv-libero-dreamzero/lib/python3.11/site-packages/robosuite/scripts/setup_macros.py (macros.py:55)
[36m(EnvGroup(rank=1) pid=97522)[0m WARNING:robosuite_logs:To setup, run: python /data1/gaobowen/RLinf_dreamzero/.venv-libero-dreamzero/lib/python3.11/site-packages/robosuite/scripts/setup_macros.py
[36m(EnvGroup(rank=1) pid=97522)[0m /data1/gaobowen/RLinf_dreamzero/.venv-libero-dreamzero/lib/python3.11/site-packages/robosuite/macros.py:53: DeprecationWarning: The 'warn' method is deprecated, use 'warning' instead
[36m(EnvGroup(rank=1) pid=97522)[0m   ROBOSUITE_DEFAULT_LOGGER.warn("No private macro file found!")
[36m(EnvGroup(rank=1) pid=97522)[0m [robosuite WARNING] No private macro file found! (macros.py:53)
[36m(EnvGroup(rank=1) pid=97522)[0m WARNING:robosuite_logs:No private macro file found!
[36m(EnvGroup(rank=1) pid=97522)[0m [robosuite WARNING] It is recommended to use a private macro file (macros.py:54)
[36m(EnvGroup(rank=1) pid=97522)[0m WARNING:robosuite_logs:It is recommended to use a private macro file
[36m(EnvGroup(rank=1) pid=97522)[0m [robosuite WARNING] To setup, run: python /data1/gaobowen/RLinf_dreamzero/.venv-libero-dreamzero/lib/python3.11/site-packages/robosuite/scripts/setup_macros.py (macros.py:55)
[36m(EnvGroup(rank=1) pid=97522)[0m WARNING:robosuite_logs:To setup, run: python /data1/gaobowen/RLinf_dreamzero/.venv-libero-dreamzero/lib/python3.11/site-packages/robosuite/scripts/setup_macros.py
[36m(EnvGroup(rank=1) pid=97522)[0m /data1/gaobowen/RLinf_dreamzero/.venv-libero-dreamzero/lib/python3.11/site-packages/robosuite/macros.py:53: DeprecationWarning: The 'warn' method is deprecated, use 'warning' instead
[36m(EnvGroup(rank=1) pid=97522)[0m   ROBOSUITE_DEFAULT_LOGGER.warn("No private macro file found!")
[36m(EnvGroup(rank=1) pid=97522)[0m [robosuite WARNING] No private macro file found! (macros.py:53)
[36m(EnvGroup(rank=1) pid=97522)[0m WARNING:robosuite_logs:No private macro file found!
[36m(EnvGroup(rank=1) pid=97522)[0m [robosuite WARNING] It is recommended to use a private macro file (macros.py:54)
[36m(EnvGroup(rank=1) pid=97522)[0m WARNING:robosuite_logs:It is recommended to use a private macro file
[36m(EnvGroup(rank=1) pid=97522)[0m [robosuite WARNING] To setup, run: python /data1/gaobowen/RLinf_dreamzero/.venv-libero-dreamzero/lib/python3.11/site-packages/robosuite/scripts/setup_macros.py (macros.py:55)
[36m(EnvGroup(rank=1) pid=97522)[0m WARNING:robosuite_logs:To setup, run: python /data1/gaobowen/RLinf_dreamzero/.venv-libero-dreamzero/lib/python3.11/site-packages/robosuite/scripts/setup_macros.py
[36m(EnvGroup(rank=1) pid=97522)[0m /data1/gaobowen/RLinf_dreamzero/.venv-libero-dreamzero/lib/python3.11/site-packages/robosuite/macros.py:53: DeprecationWarning: The 'warn' method is deprecated, use 'warning' instead
[36m(EnvGroup(rank=1) pid=97522)[0m   ROBOSUITE_DEFAULT_LOGGER.warn("No private macro file found!")
[36m(EnvGroup(rank=1) pid=97522)[0m [robosuite WARNING] No private macro file found! (macros.py:53)
[36m(EnvGroup(rank=1) pid=97522)[0m WARNING:robosuite_logs:No private macro file found!
[36m(EnvGroup(rank=1) pid=97522)[0m [robosuite WARNING] It is recommended to use a private macro file (macros.py:54)
[36m(EnvGroup(rank=1) pid=97522)[0m WARNING:robosuite_logs:It is recommended to use a private macro file
[36m(EnvGroup(rank=1) pid=97522)[0m [robosuite WARNING] To setup, run: python /data1/gaobowen/RLinf_dreamzero/.venv-libero-dreamzero/lib/python3.11/site-packages/robosuite/scripts/setup_macros.py (macros.py:55)
[36m(EnvGroup(rank=1) pid=97522)[0m WARNING:robosuite_logs:To setup, run: python /data1/gaobowen/RLinf_dreamzero/.venv-libero-dreamzero/lib/python3.11/site-packages/robosuite/scripts/setup_macros.py
[36m(EnvGroup(rank=1) pid=97522)[0m /data1/gaobowen/RLinf_dreamzero/.venv-libero-dreamzero/lib/python3.11/site-packages/robosuite/macros.py:53: DeprecationWarning: The 'warn' method is deprecated, use 'warning' instead
[36m(EnvGroup(rank=1) pid=97522)[0m   ROBOSUITE_DEFAULT_LOGGER.warn("No private macro file found!")
[36m(EnvGroup(rank=1) pid=97522)[0m [robosuite WARNING] No private macro file found! (macros.py:53)
[36m(EnvGroup(rank=1) pid=97522)[0m WARNING:robosuite_logs:No private macro file found!
[36m(EnvGroup(rank=1) pid=97522)[0m [robosuite WARNING] It is recommended to use a private macro file (macros.py:54)
[36m(EnvGroup(rank=1) pid=97522)[0m WARNING:robosuite_logs:It is recommended to use a private macro file
[36m(EnvGroup(rank=1) pid=97522)[0m [robosuite WARNING] To setup, run: python /data1/gaobowen/RLinf_dreamzero/.venv-libero-dreamzero/lib/python3.11/site-packages/robosuite/scripts/setup_macros.py (macros.py:55)
[36m(EnvGroup(rank=1) pid=97522)[0m WARNING:robosuite_logs:To setup, run: python /data1/gaobowen/RLinf_dreamzero/.venv-libero-dreamzero/lib/python3.11/site-packages/robosuite/scripts/setup_macros.py
[36m(EnvGroup(rank=0) pid=97518)[0m /data1/gaobowen/RLinf_dreamzero/.venv-libero-dreamzero/lib/python3.11/site-packages/robosuite/macros.py:53: DeprecationWarning: The 'warn' method is deprecated, use 'warning' instead
[36m(EnvGroup(rank=0) pid=97518)[0m   ROBOSUITE_DEFAULT_LOGGER.warn("No private macro file found!")
[36m(EnvGroup(rank=0) pid=97518)[0m [robosuite WARNING] No private macro file found! (macros.py:53)
[36m(EnvGroup(rank=0) pid=97518)[0m WARNING:robosuite_logs:No private macro file found!
[36m(EnvGroup(rank=0) pid=97518)[0m [robosuite WARNING] It is recommended to use a private macro file (macros.py:54)
[36m(EnvGroup(rank=0) pid=97518)[0m WARNING:robosuite_logs:It is recommended to use a private macro file
[36m(EnvGroup(rank=0) pid=97518)[0m [robosuite WARNING] To setup, run: python /data1/gaobowen/RLinf_dreamzero/.venv-libero-dreamzero/lib/python3.11/site-packages/robosuite/scripts/setup_macros.py (macros.py:55)
[36m(EnvGroup(rank=0) pid=97518)[0m WARNING:robosuite_logs:To setup, run: python /data1/gaobowen/RLinf_dreamzero/.venv-libero-dreamzero/lib/python3.11/site-packages/robosuite/scripts/setup_macros.py
[36m(EnvGroup(rank=0) pid=97518)[0m /data1/gaobowen/RLinf_dreamzero/.venv-libero-dreamzero/lib/python3.11/site-packages/robosuite/macros.py:53: DeprecationWarning: The 'warn' method is deprecated, use 'warning' instead
[36m(EnvGroup(rank=0) pid=97518)[0m   ROBOSUITE_DEFAULT_LOGGER.warn("No private macro file found!")
[36m(EnvGroup(rank=0) pid=97518)[0m [robosuite WARNING] No private macro file found! (macros.py:53)
[36m(EnvGroup(rank=0) pid=97518)[0m WARNING:robosuite_logs:No private macro file found!
[36m(EnvGroup(rank=0) pid=97518)[0m [robosuite WARNING] It is recommended to use a private macro file (macros.py:54)
[36m(EnvGroup(rank=0) pid=97518)[0m WARNING:robosuite_logs:It is recommended to use a private macro file
[36m(EnvGroup(rank=0) pid=97518)[0m [robosuite WARNING] To setup, run: python /data1/gaobowen/RLinf_dreamzero/.venv-libero-dreamzero/lib/python3.11/site-packages/robosuite/scripts/setup_macros.py (macros.py:55)
[36m(EnvGroup(rank=0) pid=97518)[0m WARNING:robosuite_logs:To setup, run: python /data1/gaobowen/RLinf_dreamzero/.venv-libero-dreamzero/lib/python3.11/site-packages/robosuite/scripts/setup_macros.py
[36m(EnvGroup(rank=1) pid=97522)[0m /data1/gaobowen/RLinf_dreamzero/.venv-libero-dreamzero/lib/python3.11/site-packages/robosuite/macros.py:53: DeprecationWarning: The 'warn' method is deprecated, use 'warning' instead
[36m(EnvGroup(rank=1) pid=97522)[0m   ROBOSUITE_DEFAULT_LOGGER.warn("No private macro file found!")
[36m(EnvGroup(rank=1) pid=97522)[0m [robosuite WARNING] No private macro file found! (macros.py:53)
[36m(EnvGroup(rank=1) pid=97522)[0m WARNING:robosuite_logs:No private macro file found!
[36m(EnvGroup(rank=1) pid=97522)[0m [robosuite WARNING] It is recommended to use a private macro file (macros.py:54)
[36m(EnvGroup(rank=1) pid=97522)[0m WARNING:robosuite_logs:It is recommended to use a private macro file
[36m(EnvGroup(rank=1) pid=97522)[0m [robosuite WARNING] To setup, run: python /data1/gaobowen/RLinf_dreamzero/.venv-libero-dreamzero/lib/python3.11/site-packages/robosuite/scripts/setup_macros.py (macros.py:55)
[36m(EnvGroup(rank=1) pid=97522)[0m WARNING:robosuite_logs:To setup, run: python /data1/gaobowen/RLinf_dreamzero/.venv-libero-dreamzero/lib/python3.11/site-packages/robosuite/scripts/setup_macros.py
[36m(EnvGroup(rank=2) pid=97537)[0m /data1/gaobowen/RLinf_dreamzero/.venv-libero-dreamzero/lib/python3.11/site-packages/robosuite/macros.py:53: DeprecationWarning: The 'warn' method is deprecated, use 'warning' instead
[36m(EnvGroup(rank=2) pid=97537)[0m   ROBOSUITE_DEFAULT_LOGGER.warn("No private macro file found!")
[36m(EnvGroup(rank=2) pid=97537)[0m [robosuite WARNING] No private macro file found! (macros.py:53)
[36m(EnvGroup(rank=2) pid=97537)[0m WARNING:robosuite_logs:No private macro file found!
[36m(EnvGroup(rank=2) pid=97537)[0m [robosuite WARNING] It is recommended to use a private macro file (macros.py:54)
[36m(EnvGroup(rank=2) pid=97537)[0m WARNING:robosuite_logs:It is recommended to use a private macro file
[36m(EnvGroup(rank=2) pid=97537)[0m [robosuite WARNING] To setup, run: python /data1/gaobowen/RLinf_dreamzero/.venv-libero-dreamzero/lib/python3.11/site-packages/robosuite/scripts/setup_macros.py (macros.py:55)
[36m(EnvGroup(rank=2) pid=97537)[0m WARNING:robosuite_logs:To setup, run: python /data1/gaobowen/RLinf_dreamzero/.venv-libero-dreamzero/lib/python3.11/site-packages/robosuite/scripts/setup_macros.py
[36m(EnvGroup(rank=3) pid=97740)[0m /data1/gaobowen/RLinf_dreamzero/.venv-libero-dreamzero/lib/python3.11/site-packages/robosuite/macros.py:53: DeprecationWarning: The 'warn' method is deprecated, use 'warning' instead
[36m(EnvGroup(rank=3) pid=97740)[0m   ROBOSUITE_DEFAULT_LOGGER.warn("No private macro file found!")
[36m(EnvGroup(rank=3) pid=97740)[0m [robosuite WARNING] No private macro file found! (macros.py:53)
[36m(EnvGroup(rank=3) pid=97740)[0m WARNING:robosuite_logs:No private macro file found!
[36m(EnvGroup(rank=3) pid=97740)[0m [robosuite WARNING] It is recommended to use a private macro file (macros.py:54)
[36m(EnvGroup(rank=3) pid=97740)[0m WARNING:robosuite_logs:It is recommended to use a private macro file
[36m(EnvGroup(rank=3) pid=97740)[0m [robosuite WARNING] To setup, run: python /data1/gaobowen/RLinf_dreamzero/.venv-libero-dreamzero/lib/python3.11/site-packages/robosuite/scripts/setup_macros.py (macros.py:55)
[36m(EnvGroup(rank=3) pid=97740)[0m WARNING:robosuite_logs:To setup, run: python /data1/gaobowen/RLinf_dreamzero/.venv-libero-dreamzero/lib/python3.11/site-packages/robosuite/scripts/setup_macros.py
[36m(EnvGroup(rank=3) pid=97740)[0m /data1/gaobowen/RLinf_dreamzero/.venv-libero-dreamzero/lib/python3.11/site-packages/robosuite/macros.py:53: DeprecationWarning: The 'warn' method is deprecated, use 'warning' instead
[36m(EnvGroup(rank=3) pid=97740)[0m   ROBOSUITE_DEFAULT_LOGGER.warn("No private macro file found!")
[36m(EnvGroup(rank=3) pid=97740)[0m [robosuite WARNING] No private macro file found! (macros.py:53)
[36m(EnvGroup(rank=3) pid=97740)[0m WARNING:robosuite_logs:No private macro file found!
[36m(EnvGroup(rank=3) pid=97740)[0m [robosuite WARNING] It is recommended to use a private macro file (macros.py:54)
[36m(EnvGroup(rank=3) pid=97740)[0m WARNING:robosuite_logs:It is recommended to use a private macro file
[36m(EnvGroup(rank=3) pid=97740)[0m [robosuite WARNING] To setup, run: python /data1/gaobowen/RLinf_dreamzero/.venv-libero-dreamzero/lib/python3.11/site-packages/robosuite/scripts/setup_macros.py (macros.py:55)
[36m(EnvGroup(rank=3) pid=97740)[0m WARNING:robosuite_logs:To setup, run: python /data1/gaobowen/RLinf_dreamzero/.venv-libero-dreamzero/lib/python3.11/site-packages/robosuite/scripts/setup_macros.py
[36m(EnvGroup(rank=3) pid=97740)[0m /data1/gaobowen/RLinf_dreamzero/.venv-libero-dreamzero/lib/python3.11/site-packages/robosuite/macros.py:53: DeprecationWarning: The 'warn' method is deprecated, use 'warning' instead
[36m(EnvGroup(rank=3) pid=97740)[0m   ROBOSUITE_DEFAULT_LOGGER.warn("No private macro file found!")
[36m(EnvGroup(rank=3) pid=97740)[0m [robosuite WARNING] No private macro file found! (macros.py:53)
[36m(EnvGroup(rank=3) pid=97740)[0m WARNING:robosuite_logs:No private macro file found!
[36m(EnvGroup(rank=3) pid=97740)[0m [robosuite WARNING] It is recommended to use a private macro file (macros.py:54)
[36m(EnvGroup(rank=3) pid=97740)[0m WARNING:robosuite_logs:It is recommended to use a private macro file
[36m(EnvGroup(rank=3) pid=97740)[0m [robosuite WARNING] To setup, run: python /data1/gaobowen/RLinf_dreamzero/.venv-libero-dreamzero/lib/python3.11/site-packages/robosuite/scripts/setup_macros.py (macros.py:55)
[36m(EnvGroup(rank=3) pid=97740)[0m WARNING:robosuite_logs:To setup, run: python /data1/gaobowen/RLinf_dreamzero/.venv-libero-dreamzero/lib/python3.11/site-packages/robosuite/scripts/setup_macros.py
[36m(EnvGroup(rank=3) pid=97740)[0m /data1/gaobowen/RLinf_dreamzero/.venv-libero-dreamzero/lib/python3.11/site-packages/robosuite/macros.py:53: DeprecationWarning: The 'warn' method is deprecated, use 'warning' instead
[36m(EnvGroup(rank=3) pid=97740)[0m   ROBOSUITE_DEFAULT_LOGGER.warn("No private macro file found!")
[36m(EnvGroup(rank=3) pid=97740)[0m [robosuite WARNING] No private macro file found! (macros.py:53)
[36m(EnvGroup(rank=3) pid=97740)[0m WARNING:robosuite_logs:No private macro file found!
[36m(EnvGroup(rank=3) pid=97740)[0m [robosuite WARNING] It is recommended to use a private macro file (macros.py:54)
[36m(EnvGroup(rank=3) pid=97740)[0m WARNING:robosuite_logs:It is recommended to use a private macro file
[36m(EnvGroup(rank=3) pid=97740)[0m [robosuite WARNING] To setup, run: python /data1/gaobowen/RLinf_dreamzero/.venv-libero-dreamzero/lib/python3.11/site-packages/robosuite/scripts/setup_macros.py (macros.py:55)
[36m(EnvGroup(rank=3) pid=97740)[0m WARNING:robosuite_logs:To setup, run: python /data1/gaobowen/RLinf_dreamzero/.venv-libero-dreamzero/lib/python3.11/site-packages/robosuite/scripts/setup_macros.py
[36m(EnvGroup(rank=3) pid=97740)[0m /data1/gaobowen/RLinf_dreamzero/.venv-libero-dreamzero/lib/python3.11/site-packages/robosuite/macros.py:53: DeprecationWarning: The 'warn' method is deprecated, use 'warning' instead
[36m(EnvGroup(rank=3) pid=97740)[0m   ROBOSUITE_DEFAULT_LOGGER.warn("No private macro file found!")
[36m(EnvGroup(rank=3) pid=97740)[0m [robosuite WARNING] No private macro file found! (macros.py:53)
[36m(EnvGroup(rank=3) pid=97740)[0m WARNING:robosuite_logs:No private macro file found!
[36m(EnvGroup(rank=3) pid=97740)[0m [robosuite WARNING] It is recommended to use a private macro file (macros.py:54)
[36m(EnvGroup(rank=3) pid=97740)[0m WARNING:robosuite_logs:It is recommended to use a private macro file
[36m(EnvGroup(rank=3) pid=97740)[0m [robosuite WARNING] To setup, run: python /data1/gaobowen/RLinf_dreamzero/.venv-libero-dreamzero/lib/python3.11/site-packages/robosuite/scripts/setup_macros.py (macros.py:55)
[36m(EnvGroup(rank=3) pid=97740)[0m WARNING:robosuite_logs:To setup, run: python /data1/gaobowen/RLinf_dreamzero/.venv-libero-dreamzero/lib/python3.11/site-packages/robosuite/scripts/setup_macros.py
[36m(EnvGroup(rank=2) pid=97537)[0m /data1/gaobowen/RLinf_dreamzero/.venv-libero-dreamzero/lib/python3.11/site-packages/robosuite/macros.py:53: DeprecationWarning: The 'warn' method is deprecated, use 'warning' instead
[36m(EnvGroup(rank=2) pid=97537)[0m   ROBOSUITE_DEFAULT_LOGGER.warn("No private macro file found!")
[36m(EnvGroup(rank=2) pid=97537)[0m [robosuite WARNING] No private macro file found! (macros.py:53)
[36m(EnvGroup(rank=2) pid=97537)[0m WARNING:robosuite_logs:No private macro file found!
[36m(EnvGroup(rank=2) pid=97537)[0m [robosuite WARNING] It is recommended to use a private macro file (macros.py:54)
[36m(EnvGroup(rank=2) pid=97537)[0m WARNING:robosuite_logs:It is recommended to use a private macro file
[36m(EnvGroup(rank=2) pid=97537)[0m [robosuite WARNING] To setup, run: python /data1/gaobowen/RLinf_dreamzero/.venv-libero-dreamzero/lib/python3.11/site-packages/robosuite/scripts/setup_macros.py (macros.py:55)
[36m(EnvGroup(rank=2) pid=97537)[0m WARNING:robosuite_logs:To setup, run: python /data1/gaobowen/RLinf_dreamzero/.venv-libero-dreamzero/lib/python3.11/site-packages/robosuite/scripts/setup_macros.py
[36m(EnvGroup(rank=3) pid=97740)[0m /data1/gaobowen/RLinf_dreamzero/.venv-libero-dreamzero/lib/python3.11/site-packages/robosuite/macros.py:53: DeprecationWarning: The 'warn' method is deprecated, use 'warning' instead
[36m(EnvGroup(rank=3) pid=97740)[0m   ROBOSUITE_DEFAULT_LOGGER.warn("No private macro file found!")
[36m(EnvGroup(rank=3) pid=97740)[0m [robosuite WARNING] No private macro file found! (macros.py:53)
[36m(EnvGroup(rank=3) pid=97740)[0m WARNING:robosuite_logs:No private macro file found!
[36m(EnvGroup(rank=3) pid=97740)[0m [robosuite WARNING] It is recommended to use a private macro file (macros.py:54)
[36m(EnvGroup(rank=3) pid=97740)[0m WARNING:robosuite_logs:It is recommended to use a private macro file
[36m(EnvGroup(rank=3) pid=97740)[0m [robosuite WARNING] To setup, run: python /data1/gaobowen/RLinf_dreamzero/.venv-libero-dreamzero/lib/python3.11/site-packages/robosuite/scripts/setup_macros.py (macros.py:55)
[36m(EnvGroup(rank=3) pid=97740)[0m WARNING:robosuite_logs:To setup, run: python /data1/gaobowen/RLinf_dreamzero/.venv-libero-dreamzero/lib/python3.11/site-packages/robosuite/scripts/setup_macros.py
[36m(EnvGroup(rank=3) pid=97740)[0m /data1/gaobowen/RLinf_dreamzero/.venv-libero-dreamzero/lib/python3.11/site-packages/robosuite/macros.py:53: DeprecationWarning: The 'warn' method is deprecated, use 'warning' instead
[36m(EnvGroup(rank=3) pid=97740)[0m   ROBOSUITE_DEFAULT_LOGGER.warn("No private macro file found!")
[36m(EnvGroup(rank=3) pid=97740)[0m [robosuite WARNING] No private macro file found! (macros.py:53)
[36m(EnvGroup(rank=3) pid=97740)[0m WARNING:robosuite_logs:No private macro file found!
[36m(EnvGroup(rank=3) pid=97740)[0m [robosuite WARNING] It is recommended to use a private macro file (macros.py:54)
[36m(EnvGroup(rank=3) pid=97740)[0m WARNING:robosuite_logs:It is recommended to use a private macro file
[36m(EnvGroup(rank=3) pid=97740)[0m [robosuite WARNING] To setup, run: python /data1/gaobowen/RLinf_dreamzero/.venv-libero-dreamzero/lib/python3.11/site-packages/robosuite/scripts/setup_macros.py (macros.py:55)
[36m(EnvGroup(rank=3) pid=97740)[0m WARNING:robosuite_logs:To setup, run: python /data1/gaobowen/RLinf_dreamzero/.venv-libero-dreamzero/lib/python3.11/site-packages/robosuite/scripts/setup_macros.py
[36m(EnvGroup(rank=3) pid=97740)[0m /data1/gaobowen/RLinf_dreamzero/.venv-libero-dreamzero/lib/python3.11/site-packages/robosuite/macros.py:53: DeprecationWarning: The 'warn' method is deprecated, use 'warning' instead
[36m(EnvGroup(rank=3) pid=97740)[0m   ROBOSUITE_DEFAULT_LOGGER.warn("No private macro file found!")
[36m(EnvGroup(rank=3) pid=97740)[0m [robosuite WARNING] No private macro file found! (macros.py:53)
[36m(EnvGroup(rank=3) pid=97740)[0m WARNING:robosuite_logs:No private macro file found!
[36m(EnvGroup(rank=3) pid=97740)[0m [robosuite WARNING] It is recommended to use a private macro file (macros.py:54)
[36m(EnvGroup(rank=3) pid=97740)[0m WARNING:robosuite_logs:It is recommended to use a private macro file
[36m(EnvGroup(rank=3) pid=97740)[0m [robosuite WARNING] To setup, run: python /data1/gaobowen/RLinf_dreamzero/.venv-libero-dreamzero/lib/python3.11/site-packages/robosuite/scripts/setup_macros.py (macros.py:55)
[36m(EnvGroup(rank=3) pid=97740)[0m WARNING:robosuite_logs:To setup, run: python /data1/gaobowen/RLinf_dreamzero/.venv-libero-dreamzero/lib/python3.11/site-packages/robosuite/scripts/setup_macros.py
[36m(RolloutGroup(rank=0) pid=97489)[0m Gym has been unmaintained since 2022 and does not support NumPy 2.0 amongst other critical functionality.
[36m(RolloutGroup(rank=0) pid=97489)[0m Please upgrade to Gymnasium, the maintained drop-in replacement of Gym, or contact the authors of your software and request that they upgrade.
[36m(RolloutGroup(rank=0) pid=97489)[0m Users of this version of Gym should be able to simply replace 'import gym' with 'import gymnasium as gym' in the vast majority of cases.
[36m(RolloutGroup(rank=0) pid=97489)[0m See the migration guide at https://gymnasium.farama.org/introduction/migration_guide/ for additional information.
[36m(RolloutGroup(rank=1) pid=97505)[0m Gym has been unmaintained since 2022 and does not support NumPy 2.0 amongst other critical functionality.
[36m(RolloutGroup(rank=1) pid=97505)[0m Please upgrade to Gymnasium, the maintained drop-in replacement of Gym, or contact the authors of your software and request that they upgrade.
[36m(RolloutGroup(rank=1) pid=97505)[0m Users of this version of Gym should be able to simply replace 'import gym' with 'import gymnasium as gym' in the vast majority of cases.
[36m(RolloutGroup(rank=1) pid=97505)[0m See the migration guide at https://gymnasium.farama.org/introduction/migration_guide/ for additional information.
[36m(RolloutGroup(rank=0) pid=97489)[0m /home/bowen/.local/share/uv/python/cpython-3.11.14-linux-x86_64-gnu/lib/python3.11/inspect.py:298: FutureWarning: `torch.distributed.reduce_op` is deprecated, please use `torch.distributed.ReduceOp` instead
[36m(RolloutGroup(rank=0) pid=97489)[0m   return isinstance(object, type)
[36m(RolloutGroup(rank=2) pid=97509)[0m Gym has been unmaintained since 2022 and does not support NumPy 2.0 amongst other critical functionality.
[36m(RolloutGroup(rank=2) pid=97509)[0m Please upgrade to Gymnasium, the maintained drop-in replacement of Gym, or contact the authors of your software and request that they upgrade.
[36m(RolloutGroup(rank=2) pid=97509)[0m Users of this version of Gym should be able to simply replace 'import gym' with 'import gymnasium as gym' in the vast majority of cases.
[36m(RolloutGroup(rank=2) pid=97509)[0m See the migration guide at https://gymnasium.farama.org/introduction/migration_guide/ for additional information.
[36m(RolloutGroup(rank=1) pid=97505)[0m /home/bowen/.local/share/uv/python/cpython-3.11.14-linux-x86_64-gnu/lib/python3.11/inspect.py:298: FutureWarning: `torch.distributed.reduce_op` is deprecated, please use `torch.distributed.ReduceOp` instead
[36m(RolloutGroup(rank=1) pid=97505)[0m   return isinstance(object, type)
[36m(RolloutGroup(rank=3) pid=97511)[0m Gym has been unmaintained since 2022 and does not support NumPy 2.0 amongst other critical functionality.
[36m(RolloutGroup(rank=3) pid=97511)[0m Please upgrade to Gymnasium, the maintained drop-in replacement of Gym, or contact the authors of your software and request that they upgrade.
[36m(RolloutGroup(rank=3) pid=97511)[0m Users of this version of Gym should be able to simply replace 'import gym' with 'import gymnasium as gym' in the vast majority of cases.
[36m(RolloutGroup(rank=3) pid=97511)[0m See the migration guide at https://gymnasium.farama.org/introduction/migration_guide/ for additional information.
[36m(RolloutGroup(rank=2) pid=97509)[0m /home/bowen/.local/share/uv/python/cpython-3.11.14-linux-x86_64-gnu/lib/python3.11/inspect.py:298: FutureWarning: `torch.distributed.reduce_op` is deprecated, please use `torch.distributed.ReduceOp` instead
[36m(RolloutGroup(rank=2) pid=97509)[0m   return isinstance(object, type)
[36m(RolloutGroup(rank=0) pid=97489)[0m The tokenizer you are loading from '/data1/gaobowen/tianze/model/Wan2.2-TI2V-5B/google/umt5-xxl' with an incorrect regex pattern: https://huggingface.co/mistralai/Mistral-Small-3.1-24B-Instruct-2503/discussions/84#69121093e8b480e709447d5e. This will lead to incorrect tokenization. You should set the `fix_mistral_regex=True` flag when loading this tokenizer to fix this issue.
[36m(RolloutGroup(rank=3) pid=97511)[0m /home/bowen/.local/share/uv/python/cpython-3.11.14-linux-x86_64-gnu/lib/python3.11/inspect.py:298: FutureWarning: `torch.distributed.reduce_op` is deprecated, please use `torch.distributed.ReduceOp` instead
[36m(RolloutGroup(rank=3) pid=97511)[0m   return isinstance(object, type)
[36m(RolloutGroup(rank=1) pid=97505)[0m The tokenizer you are loading from '/data1/gaobowen/tianze/model/Wan2.2-TI2V-5B/google/umt5-xxl' with an incorrect regex pattern: https://huggingface.co/mistralai/Mistral-Small-3.1-24B-Instruct-2503/discussions/84#69121093e8b480e709447d5e. This will lead to incorrect tokenization. You should set the `fix_mistral_regex=True` flag when loading this tokenizer to fix this issue.
[36m(RolloutGroup(rank=2) pid=97509)[0m The tokenizer you are loading from '/data1/gaobowen/tianze/model/Wan2.2-TI2V-5B/google/umt5-xxl' with an incorrect regex pattern: https://huggingface.co/mistralai/Mistral-Small-3.1-24B-Instruct-2503/discussions/84#69121093e8b480e709447d5e. This will lead to incorrect tokenization. You should set the `fix_mistral_regex=True` flag when loading this tokenizer to fix this issue.
[36m(RolloutGroup(rank=3) pid=97511)[0m The tokenizer you are loading from '/data1/gaobowen/tianze/model/Wan2.2-TI2V-5B/google/umt5-xxl' with an incorrect regex pattern: https://huggingface.co/mistralai/Mistral-Small-3.1-24B-Instruct-2503/discussions/84#69121093e8b480e709447d5e. This will lead to incorrect tokenization. You should set the `fix_mistral_regex=True` flag when loading this tokenizer to fix this issue.

[36m(AsyncPPOEmbodiedFSDPActor pid=97470)[0m [INFO 15:10:39 ActorGroup-Rank-1][fsdp_model_manager.py:115] [FSDP] AMP is disabled.
[36m(EnvGroup(rank=0) pid=97518)[0m [INFO 15:10:40 EnvGroup-Rank-0][env_worker.py:161] Env worker initialized with dst_rank_map: {'rollout_train': [(0, 8)]}
[36m(EnvGroup(rank=0) pid=97518)[0m [INFO 15:10:40 EnvGroup-Rank-0][env_worker.py:162] Env worker initialized with src_rank_map: {'rollout_train': [(0, 8)]}
[36m(EnvGroup(rank=2) pid=97537)[0m [INFO 15:10:40 EnvGroup-Rank-2][env_worker.py:161] Env worker initialized with dst_rank_map: {'rollout_train': [(2, 8)]}
[36m(EnvGroup(rank=2) pid=97537)[0m [INFO 15:10:40 EnvGroup-Rank-2][env_worker.py:162] Env worker initialized with src_rank_map: {'rollout_train': [(2, 8)]}
[36m(EnvGroup(rank=3) pid=97740)[0m [INFO 15:10:40 EnvGroup-Rank-3][env_worker.py:161] Env worker initialized with dst_rank_map: {'rollout_train': [(3, 8)]}
[36m(EnvGroup(rank=3) pid=97740)[0m [INFO 15:10:40 EnvGroup-Rank-3][env_worker.py:162] Env worker initialized with src_rank_map: {'rollout_train': [(3, 8)]}
[36m(EnvGroup(rank=1) pid=97522)[0m [INFO 15:10:40 EnvGroup-Rank-1][env_worker.py:161] Env worker initialized with dst_rank_map: {'rollout_train': [(1, 8)]}
[36m(EnvGroup(rank=1) pid=97522)[0m [INFO 15:10:40 EnvGroup-Rank-1][env_worker.py:162] Env worker initialized with src_rank_map: {'rollout_train': [(1, 8)]}
[36m(AsyncPPOEmbodiedFSDPActor pid=97486)[0m [INFO 15:10:40 ActorGroup-Rank-2][fsdp_model_manager.py:115] [FSDP] AMP is disabled.
[36m(AsyncPPOEmbodiedFSDPActor pid=97469)[0m [INFO 15:10:41 ActorGroup-Rank-0][fsdp_model_manager.py:115] [FSDP] AMP is disabled.
[36m(AsyncMultiStepRolloutWorker pid=97489)[0m self._sync_weight_comm_options: None
[36m(RolloutGroup(rank=0) pid=97489)[0m [INFO 15:10:41 RolloutGroup-Rank-0][__init__.py:80] [DreamZero load 0.0s] start model_path=/data1/gaobowen/tianze/runtime_models/20260713-150957-async-dreamzero_libero_async_ppo/DreamZero-LIBERO-runtime lora= dtype=torch.bfloat16
[36m(RolloutGroup(rank=0) pid=97489)[0m [INFO 15:10:41 RolloutGroup-Rank-0][__init__.py:80] [DreamZero load 0.0s] disable torch.compile wrappers
[36m(AsyncPPOEmbodiedFSDPActor pid=97488)[0m [INFO 15:10:41 ActorGroup-Rank-3][fsdp_model_manager.py:115] [FSDP] AMP is disabled.
[36m(AsyncMultiStepRolloutWorker pid=97505)[0m self._sync_weight_comm_options: None
[36m(RolloutGroup(rank=1) pid=97505)[0m [INFO 15:10:41 RolloutGroup-Rank-1][__init__.py:80] [DreamZero load 0.0s] start model_path=/data1/gaobowen/tianze/runtime_models/20260713-150957-async-dreamzero_libero_async_ppo/DreamZero-LIBERO-runtime lora= dtype=torch.bfloat16
[36m(RolloutGroup(rank=1) pid=97505)[0m [INFO 15:10:41 RolloutGroup-Rank-1][__init__.py:80] [DreamZero load 0.0s] disable torch.compile wrappers
[36m(AsyncMultiStepRolloutWorker pid=97511)[0m self._sync_weight_comm_options: None
[36m(RolloutGroup(rank=3) pid=97511)[0m [INFO 15:10:41 RolloutGroup-Rank-3][__init__.py:80] [DreamZero load 0.0s] start model_path=/data1/gaobowen/tianze/runtime_models/20260713-150957-async-dreamzero_libero_async_ppo/DreamZero-LIBERO-runtime lora= dtype=torch.bfloat16
[36m(RolloutGroup(rank=3) pid=97511)[0m [INFO 15:10:41 RolloutGroup-Rank-3][__init__.py:80] [DreamZero load 0.0s] disable torch.compile wrappers
[36m(AsyncMultiStepRolloutWorker pid=97509)[0m self._sync_weight_comm_options: None
[36m(RolloutGroup(rank=2) pid=97509)[0m [INFO 15:10:41 RolloutGroup-Rank-2][__init__.py:80] [DreamZero load 0.0s] start model_path=/data1/gaobowen/tianze/runtime_models/20260713-150957-async-dreamzero_libero_async_ppo/DreamZero-LIBERO-runtime lora= dtype=torch.bfloat16
[36m(RolloutGroup(rank=2) pid=97509)[0m [INFO 15:10:41 RolloutGroup-Rank-2][__init__.py:80] [DreamZero load 0.0s] disable torch.compile wrappers
[36m(EnvGroup(rank=0) pid=97518)[0m [info] using task orders [0, 1, 2, 3, 4, 5, 6, 7, 8, 9]
[36m(EnvGroup(rank=1) pid=97522)[0m [info] using task orders [0, 1, 2, 3, 4, 5, 6, 7, 8, 9]
[36m(EnvGroup(rank=2) pid=97537)[0m [info] using task orders [0, 1, 2, 3, 4, 5, 6, 7, 8, 9]
[36m(EnvGroup(rank=3) pid=97740)[0m [info] using task orders [0, 1, 2, 3, 4, 5, 6, 7, 8, 9]
[36m(RolloutGroup(rank=0) pid=97489)[0m [INFO 15:10:47 RolloutGroup-Rank-0][__init__.py:80] [DreamZero load 6.2s] patches applied
[36m(RolloutGroup(rank=0) pid=97489)[0m [INFO 15:10:47 RolloutGroup-Rank-0][__init__.py:80] [DreamZero load 6.2s] config loaded
[36m(RolloutGroup(rank=1) pid=97505)[0m [INFO 15:10:47 RolloutGroup-Rank-1][__init__.py:80] [DreamZero load 6.3s] patches applied
[36m(RolloutGroup(rank=1) pid=97505)[0m [INFO 15:10:47 RolloutGroup-Rank-1][__init__.py:80] [DreamZero load 6.3s] config loaded
[36m(RolloutGroup(rank=2) pid=97509)[0m [INFO 15:10:48 RolloutGroup-Rank-2][__init__.py:80] [DreamZero load 6.7s] patches applied
[36m(RolloutGroup(rank=2) pid=97509)[0m [INFO 15:10:48 RolloutGroup-Rank-2][__init__.py:80] [DreamZero load 6.7s] config loaded
[36m(RolloutGroup(rank=0) pid=97489)[0m [INFO 15:10:48 RolloutGroup-Rank-0][__init__.py:80] [DreamZero load 7.2s] metadata/transforms ready for embodiment_tag=libero_sim
[36m(RolloutGroup(rank=3) pid=97511)[0m [INFO 15:10:48 RolloutGroup-Rank-3][__init__.py:80] [DreamZero load 7.0s] patches applied
[36m(RolloutGroup(rank=3) pid=97511)[0m [INFO 15:10:48 RolloutGroup-Rank-3][__init__.py:80] [DreamZero load 7.0s] config loaded
[36m(RolloutGroup(rank=1) pid=97505)[0m [INFO 15:10:48 RolloutGroup-Rank-1][__init__.py:80] [DreamZero load 7.3s] metadata/transforms ready for embodiment_tag=libero_sim
[36m(RolloutGroup(rank=2) pid=97509)[0m [INFO 15:10:49 RolloutGroup-Rank-2][__init__.py:80] [DreamZero load 7.7s] metadata/transforms ready for embodiment_tag=libero_sim
[36m(RolloutGroup(rank=3) pid=97511)[0m [INFO 15:10:49 RolloutGroup-Rank-3][__init__.py:80] [DreamZero load 8.1s] metadata/transforms ready for embodiment_tag=libero_sim
[36m(RolloutGroup(rank=2) pid=97509)[0m Skipping individual component loading (loading from full pretrained model)
[36m(RolloutGroup(rank=2) pid=97509)[0m defer_lora_injection@@ True
[36m(RolloutGroup(rank=2) pid=97509)[0m Tune action head projector: True
[36m(RolloutGroup(rank=2) pid=97509)[0m Tune action head diffusion model: True
[36m(RolloutGroup(rank=2) pid=97509)[0m Deferring LoRA injection until after pretrained weights are loaded
[36m(RolloutGroup(rank=2) pid=97509)[0m [INFO 15:12:45 RolloutGroup-Rank-2][__init__.py:80] [DreamZero load 123.6s] DreamZeroPolicy constructed
[36m(RolloutGroup(rank=2) pid=97509)[0m [INFO 15:12:45 RolloutGroup-Rank-2][__init__.py:80] [DreamZero load 123.6s] loading 6 safetensors shards
[36m(RolloutGroup(rank=2) pid=97509)[0m [INFO 15:12:45 RolloutGroup-Rank-2][__init__.py:80] [DreamZero load 123.6s] loading shard 1/6: model-00001-of-00006.safetensors
[36m(RolloutGroup(rank=2) pid=97509)[0m [INFO 15:12:45 RolloutGroup-Rank-2][__init__.py:80] [DreamZero load 123.7s] loading shard 2/6: model-00002-of-00006.safetensors
[36m(RolloutGroup(rank=2) pid=97509)[0m [INFO 15:12:45 RolloutGroup-Rank-2][__init__.py:80] [DreamZero load 123.7s] loading shard 3/6: model-00003-of-00006.safetensors
[36m(RolloutGroup(rank=2) pid=97509)[0m [INFO 15:12:45 RolloutGroup-Rank-2][__init__.py:80] [DreamZero load 123.7s] loading shard 4/6: model-00004-of-00006.safetensors
[36m(RolloutGroup(rank=2) pid=97509)[0m [INFO 15:12:45 RolloutGroup-Rank-2][__init__.py:80] [DreamZero load 123.7s] loading shard 5/6: model-00005-of-00006.safetensors
[36m(RolloutGroup(rank=2) pid=97509)[0m [INFO 15:12:45 RolloutGroup-Rank-2][__init__.py:80] [DreamZero load 123.7s] loading shard 6/6: model-00006-of-00006.safetensors
[36m(RolloutGroup(rank=2) pid=97509)[0m [INFO 15:12:45 RolloutGroup-Rank-2][__init__.py:80] [DreamZero load 123.7s] loaded state_dict with 1828 tensors
[36m(RolloutGroup(rank=0) pid=97489)[0m Skipping individual component loading (loading from full pretrained model)
[36m(RolloutGroup(rank=0) pid=97489)[0m defer_lora_injection@@ True
[36m(RolloutGroup(rank=0) pid=97489)[0m Tune action head projector: True
[36m(RolloutGroup(rank=0) pid=97489)[0m Tune action head diffusion model: True
[36m(RolloutGroup(rank=0) pid=97489)[0m Deferring LoRA injection until after pretrained weights are loaded
[36m(RolloutGroup(rank=0) pid=97489)[0m [INFO 15:12:45 RolloutGroup-Rank-0][__init__.py:80] [DreamZero load 124.4s] DreamZeroPolicy constructed
[36m(RolloutGroup(rank=0) pid=97489)[0m [INFO 15:12:45 RolloutGroup-Rank-0][__init__.py:80] [DreamZero load 124.4s] loading 6 safetensors shards
[36m(RolloutGroup(rank=0) pid=97489)[0m [INFO 15:12:45 RolloutGroup-Rank-0][__init__.py:80] [DreamZero load 124.4s] loading shard 1/6: model-00001-of-00006.safetensors
[36m(RolloutGroup(rank=1) pid=97505)[0m Skipping individual component loading (loading from full pretrained model)
[36m(RolloutGroup(rank=1) pid=97505)[0m defer_lora_injection@@ True
[36m(RolloutGroup(rank=1) pid=97505)[0m Tune action head projector: True
[36m(RolloutGroup(rank=1) pid=97505)[0m Tune action head diffusion model: True
[36m(RolloutGroup(rank=1) pid=97505)[0m Deferring LoRA injection until after pretrained weights are loaded
[36m(RolloutGroup(rank=0) pid=97489)[0m [INFO 15:12:45 RolloutGroup-Rank-0][__init__.py:80] [DreamZero load 124.4s] loading shard 2/6: model-00002-of-00006.safetensors
[36m(RolloutGroup(rank=1) pid=97505)[0m [INFO 15:12:45 RolloutGroup-Rank-1][__init__.py:80] [DreamZero load 124.3s] DreamZeroPolicy constructed
[36m(RolloutGroup(rank=1) pid=97505)[0m [INFO 15:12:45 RolloutGroup-Rank-1][__init__.py:80] [DreamZero load 124.3s] loading 6 safetensors shards
[36m(RolloutGroup(rank=1) pid=97505)[0m [INFO 15:12:45 RolloutGroup-Rank-1][__init__.py:80] [DreamZero load 124.3s] loading shard 1/6: model-00001-of-00006.safetensors
[36m(RolloutGroup(rank=0) pid=97489)[0m [INFO 15:12:45 RolloutGroup-Rank-0][__init__.py:80] [DreamZero load 124.4s] loading shard 3/6: model-00003-of-00006.safetensors
[36m(RolloutGroup(rank=0) pid=97489)[0m [INFO 15:12:45 RolloutGroup-Rank-0][__init__.py:80] [DreamZero load 124.4s] loading shard 4/6: model-00004-of-00006.safetensors
[36m(RolloutGroup(rank=0) pid=97489)[0m [INFO 15:12:45 RolloutGroup-Rank-0][__init__.py:80] [DreamZero load 124.4s] loading shard 5/6: model-00005-of-00006.safetensors
[36m(RolloutGroup(rank=0) pid=97489)[0m [INFO 15:12:45 RolloutGroup-Rank-0][__init__.py:80] [DreamZero load 124.4s] loading shard 6/6: model-00006-of-00006.safetensors
[36m(RolloutGroup(rank=0) pid=97489)[0m [INFO 15:12:45 RolloutGroup-Rank-0][__init__.py:80] [DreamZero load 124.4s] loaded state_dict with 1828 tensors
[36m(RolloutGroup(rank=1) pid=97505)[0m [INFO 15:12:45 RolloutGroup-Rank-1][__init__.py:80] [DreamZero load 124.3s] loading shard 2/6: model-00002-of-00006.safetensors
[36m(RolloutGroup(rank=1) pid=97505)[0m [INFO 15:12:45 RolloutGroup-Rank-1][__init__.py:80] [DreamZero load 124.3s] loading shard 3/6: model-00003-of-00006.safetensors
[36m(RolloutGroup(rank=1) pid=97505)[0m [INFO 15:12:45 RolloutGroup-Rank-1][__init__.py:80] [DreamZero load 124.3s] loading shard 4/6: model-00004-of-00006.safetensors
[36m(RolloutGroup(rank=1) pid=97505)[0m [INFO 15:12:45 RolloutGroup-Rank-1][__init__.py:80] [DreamZero load 124.3s] loading shard 5/6: model-00005-of-00006.safetensors
[36m(RolloutGroup(rank=1) pid=97505)[0m [INFO 15:12:45 RolloutGroup-Rank-1][__init__.py:80] [DreamZero load 124.3s] loading shard 6/6: model-00006-of-00006.safetensors
[36m(RolloutGroup(rank=1) pid=97505)[0m [INFO 15:12:45 RolloutGroup-Rank-1][__init__.py:80] [DreamZero load 124.3s] loaded state_dict with 1828 tensors
[36m(RolloutGroup(rank=2) pid=97509)[0m [INFO 15:12:46 RolloutGroup-Rank-2][__init__.py:80] [DreamZero load 125.4s] load_state_dict finished missing=6 unexpected=0
[36m(RolloutGroup(rank=2) pid=97509)[0m Injecting LoRA after loading pretrained weights
[36m(RolloutGroup(rank=0) pid=97489)[0m [INFO 15:12:47 RolloutGroup-Rank-0][__init__.py:80] [DreamZero load 126.2s] load_state_dict finished missing=6 unexpected=0
[36m(RolloutGroup(rank=0) pid=97489)[0m Injecting LoRA after loading pretrained weights
[36m(RolloutGroup(rank=1) pid=97505)[0m [INFO 15:12:47 RolloutGroup-Rank-1][__init__.py:80] [DreamZero load 126.1s] load_state_dict finished missing=6 unexpected=0
[36m(RolloutGroup(rank=1) pid=97505)[0m Injecting LoRA after loading pretrained weights
[36m(RolloutGroup(rank=3) pid=97511)[0m Skipping individual component loading (loading from full pretrained model)
[36m(RolloutGroup(rank=3) pid=97511)[0m defer_lora_injection@@ True
[36m(RolloutGroup(rank=3) pid=97511)[0m Tune action head projector: True
[36m(RolloutGroup(rank=3) pid=97511)[0m Tune action head diffusion model: True
[36m(RolloutGroup(rank=3) pid=97511)[0m Deferring LoRA injection until after pretrained weights are loaded
[36m(RolloutGroup(rank=3) pid=97511)[0m [INFO 15:12:48 RolloutGroup-Rank-3][__init__.py:80] [DreamZero load 127.1s] DreamZeroPolicy constructed
[36m(RolloutGroup(rank=3) pid=97511)[0m [INFO 15:12:48 RolloutGroup-Rank-3][__init__.py:80] [DreamZero load 127.1s] loading 6 safetensors shards
[36m(RolloutGroup(rank=3) pid=97511)[0m [INFO 15:12:48 RolloutGroup-Rank-3][__init__.py:80] [DreamZero load 127.1s] loading shard 1/6: model-00001-of-00006.safetensors
[36m(RolloutGroup(rank=3) pid=97511)[0m [INFO 15:12:48 RolloutGroup-Rank-3][__init__.py:80] [DreamZero load 127.1s] loading shard 2/6: model-00002-of-00006.safetensors
[36m(RolloutGroup(rank=3) pid=97511)[0m [INFO 15:12:48 RolloutGroup-Rank-3][__init__.py:80] [DreamZero load 127.1s] loading shard 3/6: model-00003-of-00006.safetensors
[36m(RolloutGroup(rank=3) pid=97511)[0m [INFO 15:12:48 RolloutGroup-Rank-3][__init__.py:80] [DreamZero load 127.1s] loading shard 4/6: model-00004-of-00006.safetensors
[36m(RolloutGroup(rank=3) pid=97511)[0m [INFO 15:12:48 RolloutGroup-Rank-3][__init__.py:80] [DreamZero load 127.2s] loading shard 5/6: model-00005-of-00006.safetensors
[36m(RolloutGroup(rank=3) pid=97511)[0m [INFO 15:12:48 RolloutGroup-Rank-3][__init__.py:80] [DreamZero load 127.2s] loading shard 6/6: model-00006-of-00006.safetensors
[36m(RolloutGroup(rank=3) pid=97511)[0m [INFO 15:12:48 RolloutGroup-Rank-3][__init__.py:80] [DreamZero load 127.2s] loaded state_dict with 1828 tensors
[36m(RolloutGroup(rank=3) pid=97511)[0m [INFO 15:12:50 RolloutGroup-Rank-3][__init__.py:80] [DreamZero load 128.6s] load_state_dict finished missing=6 unexpected=0
[36m(RolloutGroup(rank=3) pid=97511)[0m Injecting LoRA after loading pretrained weights
[36m(RolloutGroup(rank=2) pid=97509)[0m Total parameters in diffusion model: 5,616,768,992
[36m(RolloutGroup(rank=2) pid=97509)[0m Trainable parameters in diffusion model: 44,890,144
[36m(RolloutGroup(rank=2) pid=97509)[0m [INFO 15:12:55 RolloutGroup-Rank-2][__init__.py:80] [DreamZero load 133.6s] deferred action_head LoRA injected
[36m(RolloutGroup(rank=2) pid=97509)[0m [INFO 15:12:55 RolloutGroup-Rank-2][__init__.py:80] [DreamZero load 133.6s] scalar parameters promoted
[36m(RolloutGroup(rank=0) pid=97489)[0m Total parameters in diffusion model: 5,616,768,992
[36m(RolloutGroup(rank=0) pid=97489)[0m Trainable parameters in diffusion model: 44,890,144
[36m(RolloutGroup(rank=0) pid=97489)[0m [INFO 15:12:55 RolloutGroup-Rank-0][__init__.py:80] [DreamZero load 134.4s] deferred action_head LoRA injected
[36m(RolloutGroup(rank=0) pid=97489)[0m [INFO 15:12:55 RolloutGroup-Rank-0][__init__.py:80] [DreamZero load 134.4s] scalar parameters promoted
[36m(RolloutGroup(rank=1) pid=97505)[0m Total parameters in diffusion model: 5,616,768,992
[36m(RolloutGroup(rank=1) pid=97505)[0m Trainable parameters in diffusion model: 44,890,144
[36m(RolloutGroup(rank=1) pid=97505)[0m [INFO 15:12:55 RolloutGroup-Rank-1][__init__.py:80] [DreamZero load 134.2s] deferred action_head LoRA injected
[36m(RolloutGroup(rank=1) pid=97505)[0m [INFO 15:12:55 RolloutGroup-Rank-1][__init__.py:80] [DreamZero load 134.2s] scalar parameters promoted
[36m(RolloutGroup(rank=3) pid=97511)[0m Total parameters in diffusion model: 5,616,768,992
[36m(RolloutGroup(rank=3) pid=97511)[0m Trainable parameters in diffusion model: 44,890,144
[36m(RolloutGroup(rank=3) pid=97511)[0m [INFO 15:12:58 RolloutGroup-Rank-3][__init__.py:80] [DreamZero load 136.9s] deferred action_head LoRA injected[36m(ActorGroup(rank=1) pid=97470)[0m WARNING: All log messages before absl::InitializeLog() is called are written to STDERR
[36m(ActorGroup(rank=1) pid=97470)[0m I0000 00:00:1783926789.681559   99337 port.cc:153] oneDNN custom operations are on. You may see slightly different numerical results due to floating-point round-off errors from different computation orders. To turn them off, set the environment variable `TF_ENABLE_ONEDNN_OPTS=0`.
[36m(ActorGroup(rank=2) pid=97486)[0m WARNING: All log messages before absl::InitializeLog() is called are written to STDERR
[36m(ActorGroup(rank=2) pid=97486)[0m I0000 00:00:1783926789.681559   99347 port.cc:153] oneDNN custom operations are on. You may see slightly different numerical results due to floating-point round-off errors from different computation orders. To turn them off, set the environment variable `TF_ENABLE_ONEDNN_OPTS=0`.
[36m(ActorGroup(rank=3) pid=97488)[0m WARNING: All log messages before absl::InitializeLog() is called are written to STDERR
[36m(ActorGroup(rank=3) pid=97488)[0m I0000 00:00:1783926789.697176   99352 port.cc:153] oneDNN custom operations are on. You may see slightly different numerical results due to floating-point round-off errors from different computation orders. To turn them off, set the environment variable `TF_ENABLE_ONEDNN_OPTS=0`.
[36m(ActorGroup(rank=1) pid=97470)[0m I0000 00:00:1783926789.727834   99337 cpu_feature_guard.cc:227] This TensorFlow binary is optimized to use available CPU instructions in performance-critical operations.
[36m(ActorGroup(rank=1) pid=97470)[0m To enable the following instructions: AVX2 AVX512F AVX512_VNNI FMA, in other operations, rebuild TensorFlow with the appropriate compiler flags.
[36m(ActorGroup(rank=2) pid=97486)[0m I0000 00:00:1783926789.727827   99347 cpu_feature_guard.cc:227] This TensorFlow binary is optimized to use available CPU instructions in performance-critical operations.
[36m(ActorGroup(rank=2) pid=97486)[0m To enable the following instructions: AVX2 AVX512F AVX512_VNNI FMA, in other operations, rebuild TensorFlow with the appropriate compiler flags.
[36m(ActorGroup(rank=0) pid=97469)[0m WARNING: All log messages before absl::InitializeLog() is called are written to STDERR
[36m(ActorGroup(rank=0) pid=97469)[0m I0000 00:00:1783926789.741056   99335 port.cc:153] oneDNN custom operations are on. You may see slightly different numerical results due to floating-point round-off errors from different computation orders. To turn them off, set the environment variable `TF_ENABLE_ONEDNN_OPTS=0`.
[36m(ActorGroup(rank=0) pid=97469)[0m I0000 00:00:1783926789.786874   99335 cpu_feature_guard.cc:227] This TensorFlow binary is optimized to use available CPU instructions in performance-critical operations.
[36m(ActorGroup(rank=0) pid=97469)[0m To enable the following instructions: AVX2 AVX512F AVX512_VNNI FMA, in other operations, rebuild TensorFlow with the appropriate compiler flags.
[36m(ActorGroup(rank=3) pid=97488)[0m I0000 00:00:1783926789.744225   99352 cpu_feature_guard.cc:227] This TensorFlow binary is optimized to use available CPU instructions in performance-critical operations.
[36m(ActorGroup(rank=3) pid=97488)[0m To enable the following instructions: AVX2 AVX512F AVX512_VNNI FMA, in other operations, rebuild TensorFlow with the appropriate compiler flags.
[36m(ActorGroup(rank=1) pid=97470)[0m WARNING: All log messages before absl::InitializeLog() is called are written to STDERR
[36m(ActorGroup(rank=1) pid=97470)[0m I0000 00:00:1783926790.913868   99337 port.cc:153] oneDNN custom operations are on. You may see slightly different numerical results due to floating-point round-off errors from different computation orders. To turn them off, set the environment variable `TF_ENABLE_ONEDNN_OPTS=0`.
[36m(ActorGroup(rank=2) pid=97486)[0m WARNING: All log messages before absl::InitializeLog() is called are written to STDERR
[36m(ActorGroup(rank=2) pid=97486)[0m I0000 00:00:1783926790.909000   99347 port.cc:153] oneDNN custom operations are on. You may see slightly different numerical results due to floating-point round-off errors from different computation orders. To turn them off, set the environment variable `TF_ENABLE_ONEDNN_OPTS=0`.
[36m(ActorGroup(rank=3) pid=97488)[0m WARNING: All log messages before absl::InitializeLog() is called are written to STDERR
[36m(ActorGroup(rank=3) pid=97488)[0m I0000 00:00:1783926790.907582   99352 port.cc:153] oneDNN custom operations are on. You may see slightly different numerical results due to floating-point round-off errors from different computation orders. To turn them off, set the environment variable `TF_ENABLE_ONEDNN_OPTS=0`.
[36m(ActorGroup(rank=0) pid=97469)[0m WARNING: All log messages before absl::InitializeLog() is called are written to STDERR
[36m(ActorGroup(rank=0) pid=97469)[0m I0000 00:00:1783926791.069584   99335 port.cc:153] oneDNN custom operations are on. You may see slightly different numerical results due to floating-point round-off errors from different computation orders. To turn them off, set the environment variable `TF_ENABLE_ONEDNN_OPTS=0`.
[36m(ActorGroup(rank=1) pid=97470)[0m Gym has been unmaintained since 2022 and does not support NumPy 2.0 amongst other critical functionality.
[36m(ActorGroup(rank=1) pid=97470)[0m Please upgrade to Gymnasium, the maintained drop-in replacement of Gym, or contact the authors of your software and request that they upgrade.
[36m(ActorGroup(rank=1) pid=97470)[0m Users of this version of Gym should be able to simply replace 'import gym' with 'import gymnasium as gym' in the vast majority of cases.
[36m(ActorGroup(rank=1) pid=97470)[0m See the migration guide at https://gymnasium.farama.org/introduction/migration_guide/ for additional information.
[36m(ActorGroup(rank=2) pid=97486)[0m Gym has been unmaintained since 2022 and does not support NumPy 2.0 amongst other critical functionality.
[36m(ActorGroup(rank=2) pid=97486)[0m Please upgrade to Gymnasium, the maintained drop-in replacement of Gym, or contact the authors of your software and request that they upgrade.
[36m(ActorGroup(rank=2) pid=97486)[0m Users of this version of Gym should be able to simply replace 'import gym' with 'import gymnasium as gym' in the vast majority of cases.
[36m(ActorGroup(rank=2) pid=97486)[0m See the migration guide at https://gymnasium.farama.org/introduction/migration_guide/ for additional information.
[36m(ActorGroup(rank=3) pid=97488)[0m Gym has been unmaintained since 2022 and does not support NumPy 2.0 amongst other critical functionality.
[36m(ActorGroup(rank=3) pid=97488)[0m Please upgrade to Gymnasium, the maintained drop-in replacement of Gym, or contact the authors of your software and request that they upgrade.
[36m(ActorGroup(rank=3) pid=97488)[0m Users of this version of Gym should be able to simply replace 'import gym' with 'import gymnasium as gym' in the vast majority of cases.
[36m(ActorGroup(rank=3) pid=97488)[0m See the migration guide at https://gymnasium.farama.org/introduction/migration_guide/ for additional information.
[36m(ActorGroup(rank=0) pid=97469)[0m Gym has been unmaintained since 2022 and does not support NumPy 2.0 amongst other critical functionality.
[36m(ActorGroup(rank=0) pid=97469)[0m Please upgrade to Gymnasium, the maintained drop-in replacement of Gym, or contact the authors of your software and request that they upgrade.
[36m(ActorGroup(rank=0) pid=97469)[0m Users of this version of Gym should be able to simply replace 'import gym' with 'import gymnasium as gym' in the vast majority of cases.
[36m(ActorGroup(rank=0) pid=97469)[0m See the migration guide at https://gymnasium.farama.org/introduction/migration_guide/ for additional information.
[36m(ActorGroup(rank=2) pid=97486)[0m /home/bowen/.local/share/uv/python/cpython-3.11.14-linux-x86_64-gnu/lib/python3.11/inspect.py:298: FutureWarning: `torch.distributed.reduce_op` is deprecated, please use `torch.distributed.ReduceOp` instead
[36m(ActorGroup(rank=2) pid=97486)[0m   return isinstance(object, type)
[36m(ActorGroup(rank=3) pid=97488)[0m /home/bowen/.local/share/uv/python/cpython-3.11.14-linux-x86_64-gnu/lib/python3.11/inspect.py:298: FutureWarning: `torch.distributed.reduce_op` is deprecated, please use `torch.distributed.ReduceOp` instead
[36m(ActorGroup(rank=3) pid=97488)[0m   return isinstance(object, type)
[36m(ActorGroup(rank=1) pid=97470)[0m /home/bowen/.local/share/uv/python/cpython-3.11.14-linux-x86_64-gnu/lib/python3.11/inspect.py:298: FutureWarning: `torch.distributed.reduce_op` is deprecated, please use `torch.distributed.ReduceOp` instead
[36m(ActorGroup(rank=1) pid=97470)[0m   return isinstance(object, type)
[36m(ActorGroup(rank=0) pid=97469)[0m /home/bowen/.local/share/uv/python/cpython-3.11.14-linux-x86_64-gnu/lib/python3.11/inspect.py:298: FutureWarning: `torch.distributed.reduce_op` is deprecated, please use `torch.distributed.ReduceOp` instead
[36m(ActorGroup(rank=0) pid=97469)[0m   return isinstance(object, type)
[36m(ActorGroup(rank=3) pid=97488)[0m The tokenizer you are loading from '/data1/gaobowen/tianze/model/Wan2.2-TI2V-5B/google/umt5-xxl' with an incorrect regex pattern: https://huggingface.co/mistralai/Mistral-Small-3.1-24B-Instruct-2503/discussions/84#69121093e8b480e709447d5e. This will lead to incorrect tokenization. You should set the `fix_mistral_regex=True` flag when loading this tokenizer to fix this issue.
[36m(ActorGroup(rank=1) pid=97470)[0m The tokenizer you are loading from '/data1/gaobowen/tianze/model/Wan2.2-TI2V-5B/google/umt5-xxl' with an incorrect regex pattern: https://huggingface.co/mistralai/Mistral-Small-3.1-24B-Instruct-2503/discussions/84#69121093e8b480e709447d5e. This will lead to incorrect tokenization. You should set the `fix_mistral_regex=True` flag when loading this tokenizer to fix this issue.
[36m(ActorGroup(rank=2) pid=97486)[0m The tokenizer you are loading from '/data1/gaobowen/tianze/model/Wan2.2-TI2V-5B/google/umt5-xxl' with an incorrect regex pattern: https://huggingface.co/mistralai/Mistral-Small-3.1-24B-Instruct-2503/discussions/84#69121093e8b480e709447d5e. This will lead to incorrect tokenization. You should set the `fix_mistral_regex=True` flag when loading this tokenizer to fix this issue.
[36m(ActorGroup(rank=0) pid=97469)[0m The tokenizer you are loading from '/data1/gaobowen/tianze/model/Wan2.2-TI2V-5B/google/umt5-xxl' with an incorrect regex pattern: https://huggingface.co/mistralai/Mistral-Small-3.1-24B-Instruct-2503/discussions/84#69121093e8b480e709447d5e. This will lead to incorrect tokenization. You should set the `fix_mistral_regex=True` flag when loading this tokenizer to fix this issue.

[36m(RolloutGroup(rank=3) pid=97511)[0m [INFO 15:12:58 RolloutGroup-Rank-3][__init__.py:80] [DreamZero load 136.9s] scalar parameters promoted
[36m(RolloutGroup(rank=2) pid=97509)[0m [INFO 15:13:01 RolloutGroup-Rank-2][__init__.py:80] [DreamZero load 139.9s] model dtype/device conversion finished
[36m(RolloutGroup(rank=1) pid=97505)[0m [INFO 15:13:01 RolloutGroup-Rank-1][__init__.py:80] [DreamZero load 140.5s] model dtype/device conversion finished
[36m(RolloutGroup(rank=0) pid=97489)[0m [INFO 15:13:01 RolloutGroup-Rank-0][__init__.py:80] [DreamZero load 140.7s] model dtype/device conversion finished
[36m(RolloutGroup(rank=3) pid=97511)[0m [INFO 15:13:04 RolloutGroup-Rank-3][__init__.py:80] [DreamZero load 143.3s] model dtype/device conversion finished
[36m(RolloutGroup(rank=2) pid=97509)[0m [INFO 15:13:05 RolloutGroup-Rank-2][huggingface_worker.py:155] Rollout worker initialized with dst_ranks: {'train': [(2, 8)]}
[36m(RolloutGroup(rank=2) pid=97509)[0m [INFO 15:13:05 RolloutGroup-Rank-2][huggingface_worker.py:156] Rollout worker initialized with src_ranks: {'train': [(2, 8)]}
[36m(RolloutGroup(rank=1) pid=97505)[0m [INFO 15:13:05 RolloutGroup-Rank-1][huggingface_worker.py:155] Rollout worker initialized with dst_ranks: {'train': [(1, 8)]}
[36m(RolloutGroup(rank=1) pid=97505)[0m [INFO 15:13:05 RolloutGroup-Rank-1][huggingface_worker.py:156] Rollout worker initialized with src_ranks: {'train': [(1, 8)]}
[36m(RolloutGroup(rank=0) pid=97489)[0m [INFO 15:13:06 RolloutGroup-Rank-0][huggingface_worker.py:155] Rollout worker initialized with dst_ranks: {'train': [(0, 8)]}
[36m(RolloutGroup(rank=0) pid=97489)[0m [INFO 15:13:06 RolloutGroup-Rank-0][huggingface_worker.py:156] Rollout worker initialized with src_ranks: {'train': [(0, 8)]}
[36m(ActorGroup(rank=2) pid=97486)[0m [INFO 15:13:08 ActorGroup-Rank-2][__init__.py:80] [DreamZero load 0.0s] start model_path=/data1/gaobowen/tianze/runtime_models/20260713-150957-async-dreamzero_libero_async_ppo/DreamZero-LIBERO-runtime lora= dtype=torch.bfloat16
[36m(ActorGroup(rank=2) pid=97486)[0m [INFO 15:13:08 ActorGroup-Rank-2][__init__.py:80] [DreamZero load 0.0s] disable torch.compile wrappers
[36m(ActorGroup(rank=0) pid=97469)[0m [INFO 15:13:08 ActorGroup-Rank-0][__init__.py:80] [DreamZero load 0.0s] start model_path=/data1/gaobowen/tianze/runtime_models/20260713-150957-async-dreamzero_libero_async_ppo/DreamZero-LIBERO-runtime lora= dtype=torch.bfloat16
[36m(ActorGroup(rank=0) pid=97469)[0m [INFO 15:13:08 ActorGroup-Rank-0][__init__.py:80] [DreamZero load 0.0s] disable torch.compile wrappers
[36m(ActorGroup(rank=1) pid=97470)[0m [INFO 15:13:08 ActorGroup-Rank-1][__init__.py:80] [DreamZero load 0.0s] start model_path=/data1/gaobowen/tianze/runtime_models/20260713-150957-async-dreamzero_libero_async_ppo/DreamZero-LIBERO-runtime lora= dtype=torch.bfloat16
[36m(ActorGroup(rank=1) pid=97470)[0m [INFO 15:13:08 ActorGroup-Rank-1][__init__.py:80] [DreamZero load 0.0s] disable torch.compile wrappers
[36m(ActorGroup(rank=3) pid=97488)[0m [INFO 15:13:08 ActorGroup-Rank-3][__init__.py:80] [DreamZero load 0.0s] start model_path=/data1/gaobowen/tianze/runtime_models/20260713-150957-async-dreamzero_libero_async_ppo/DreamZero-LIBERO-runtime lora= dtype=torch.bfloat16
[36m(ActorGroup(rank=3) pid=97488)[0m [INFO 15:13:08 ActorGroup-Rank-3][__init__.py:80] [DreamZero load 0.0s] disable torch.compile wrappers
[36m(RolloutGroup(rank=3) pid=97511)[0m [INFO 15:13:08 RolloutGroup-Rank-3][huggingface_worker.py:155] Rollout worker initialized with dst_ranks: {'train': [(3, 8)]}
[36m(RolloutGroup(rank=3) pid=97511)[0m [INFO 15:13:08 RolloutGroup-Rank-3][huggingface_worker.py:156] Rollout worker initialized with src_ranks: {'train': [(3, 8)]}
[36m(ActorGroup(rank=2) pid=97486)[0m [INFO 15:13:13 ActorGroup-Rank-2][__init__.py:80] [DreamZero load 5.3s] patches applied
[36m(ActorGroup(rank=2) pid=97486)[0m [INFO 15:13:14 ActorGroup-Rank-2][__init__.py:80] [DreamZero load 5.3s] config loaded
[36m(ActorGroup(rank=1) pid=97470)[0m [INFO 15:13:14 ActorGroup-Rank-1][__init__.py:80] [DreamZero load 5.3s] patches applied
[36m(ActorGroup(rank=1) pid=97470)[0m [INFO 15:13:14 ActorGroup-Rank-1][__init__.py:80] [DreamZero load 5.3s] config loaded
[36m(ActorGroup(rank=3) pid=97488)[0m [INFO 15:13:13 ActorGroup-Rank-3][__init__.py:80] [DreamZero load 5.2s] patches applied
[36m(ActorGroup(rank=3) pid=97488)[0m [INFO 15:13:13 ActorGroup-Rank-3][__init__.py:80] [DreamZero load 5.2s] config loaded
[36m(ActorGroup(rank=0) pid=97469)[0m [INFO 15:13:14 ActorGroup-Rank-0][__init__.py:80] [DreamZero load 5.5s] patches applied
[36m(ActorGroup(rank=0) pid=97469)[0m [INFO 15:13:14 ActorGroup-Rank-0][__init__.py:80] [DreamZero load 5.5s] config loaded
[36m(ActorGroup(rank=3) pid=97488)[0m [INFO 15:13:14 ActorGroup-Rank-3][__init__.py:80] [DreamZero load 6.3s] metadata/transforms ready for embodiment_tag=libero_sim
[36m(ActorGroup(rank=2) pid=97486)[0m [INFO 15:13:15 ActorGroup-Rank-2][__init__.py:80] [DreamZero load 6.3s] metadata/transforms ready for embodiment_tag=libero_sim
[36m(ActorGroup(rank=1) pid=97470)[0m [INFO 15:13:15 ActorGroup-Rank-1][__init__.py:80] [DreamZero load 6.3s] metadata/transforms ready for embodiment_tag=libero_sim
[36m(ActorGroup(rank=0) pid=97469)[0m [INFO 15:13:15 ActorGroup-Rank-0][__init__.py:80] [DreamZero load 6.5s] metadata/transforms ready for embodiment_tag=libero_sim
[36m(ActorGroup(rank=3) pid=97488)[0m Skipping individual component loading (loading from full pretrained model)
[36m(ActorGroup(rank=3) pid=97488)[0m defer_lora_injection@@ True
[36m(ActorGroup(rank=3) pid=97488)[0m Tune action head projector: True
[36m(ActorGroup(rank=3) pid=97488)[0m Tune action head diffusion model: True
[36m(ActorGroup(rank=3) pid=97488)[0m Deferring LoRA injection until after pretrained weights are loaded
[36m(ActorGroup(rank=3) pid=97488)[0m [INFO 15:15:08 ActorGroup-Rank-3][__init__.py:80] [DreamZero load 120.2s] DreamZeroPolicy constructed
[36m(ActorGroup(rank=3) pid=97488)[0m [INFO 15:15:08 ActorGroup-Rank-3][__init__.py:80] [DreamZero load 120.2s] loading 6 safetensors shards
[36m(ActorGroup(rank=3) pid=97488)[0m [INFO 15:15:08 ActorGroup-Rank-3][__init__.py:80] [DreamZero load 120.2s] loading shard 1/6: model-00001-of-00006.safetensors
[36m(ActorGroup(rank=3) pid=97488)[0m [INFO 15:15:08 ActorGroup-Rank-3][__init__.py:80] [DreamZero load 120.3s] loading shard 2/6: model-00002-of-00006.safetensors
[36m(ActorGroup(rank=3) pid=97488)[0m [INFO 15:15:08 ActorGroup-Rank-3][__init__.py:80] [DreamZero load 120.3s] loading shard 3/6: model-00003-of-00006.safetensors
[36m(ActorGroup(rank=3) pid=97488)[0m [INFO 15:15:09 ActorGroup-Rank-3][__init__.py:80] [DreamZero load 120.3s] loading shard 4/6: model-00004-of-00006.safetensors
[36m(ActorGroup(rank=3) pid=97488)[0m [INFO 15:15:09 ActorGroup-Rank-3][__init__.py:80] [DreamZero load 120.3s] loading shard 5/6: model-00005-of-00006.safetensors
[36m(ActorGroup(rank=3) pid=97488)[0m [INFO 15:15:09 ActorGroup-Rank-3][__init__.py:80] [DreamZero load 120.3s] loading shard 6/6: model-00006-of-00006.safetensors
[36m(ActorGroup(rank=3) pid=97488)[0m [INFO 15:15:09 ActorGroup-Rank-3][__init__.py:80] [DreamZero load 120.3s] loaded state_dict with 1828 tensors
[36m(ActorGroup(rank=2) pid=97486)[0m Skipping individual component loading (loading from full pretrained model)
[36m(ActorGroup(rank=2) pid=97486)[0m defer_lora_injection@@ True
[36m(ActorGroup(rank=2) pid=97486)[0m Tune action head projector: True
[36m(ActorGroup(rank=2) pid=97486)[0m Tune action head diffusion model: True
[36m(ActorGroup(rank=2) pid=97486)[0m Deferring LoRA injection until after pretrained weights are loaded
[36m(ActorGroup(rank=2) pid=97486)[0m [INFO 15:15:10 ActorGroup-Rank-2][__init__.py:80] [DreamZero load 121.4s] DreamZeroPolicy constructed
[36m(ActorGroup(rank=2) pid=97486)[0m [INFO 15:15:10 ActorGroup-Rank-2][__init__.py:80] [DreamZero load 121.4s] loading 6 safetensors shards
[36m(ActorGroup(rank=2) pid=97486)[0m [INFO 15:15:10 ActorGroup-Rank-2][__init__.py:80] [DreamZero load 121.4s] loading shard 1/6: model-00001-of-00006.safetensors
[36m(ActorGroup(rank=2) pid=97486)[0m [INFO 15:15:10 ActorGroup-Rank-2][__init__.py:80] [DreamZero load 121.4s] loading shard 2/6: model-00002-of-00006.safetensors
[36m(ActorGroup(rank=2) pid=97486)[0m [INFO 15:15:10 ActorGroup-Rank-2][__init__.py:80] [DreamZero load 121.4s] loading shard 3/6: model-00003-of-00006.safetensors
[36m(ActorGroup(rank=2) pid=97486)[0m [INFO 15:15:10 ActorGroup-Rank-2][__init__.py:80] [DreamZero load 121.4s] loading shard 4/6: model-00004-of-00006.safetensors
[36m(ActorGroup(rank=2) pid=97486)[0m [INFO 15:15:10 ActorGroup-Rank-2][__init__.py:80] [DreamZero load 121.4s] loading shard 5/6: model-00005-of-00006.safetensors
[36m(ActorGroup(rank=2) pid=97486)[0m [INFO 15:15:10 ActorGroup-Rank-2][__init__.py:80] [DreamZero load 121.4s] loading shard 6/6: model-00006-of-00006.safetensors
[36m(ActorGroup(rank=2) pid=97486)[0m [INFO 15:15:10 ActorGroup-Rank-2][__init__.py:80] [DreamZero load 121.5s] loaded state_dict with 1828 tensors
[36m(ActorGroup(rank=1) pid=97470)[0m Skipping individual component loading (loading from full pretrained model)
[36m(ActorGroup(rank=1) pid=97470)[0m defer_lora_injection@@ True
[36m(ActorGroup(rank=1) pid=97470)[0m Tune action head projector: True
[36m(ActorGroup(rank=1) pid=97470)[0m Tune action head diffusion model: True
[36m(ActorGroup(rank=1) pid=97470)[0m Deferring LoRA injection until after pretrained weights are loaded
[36m(ActorGroup(rank=1) pid=97470)[0m [INFO 15:15:10 ActorGroup-Rank-1][__init__.py:80] [DreamZero load 121.9s] DreamZeroPolicy constructed
[36m(ActorGroup(rank=1) pid=97470)[0m [INFO 15:15:10 ActorGroup-Rank-1][__init__.py:80] [DreamZero load 121.9s] loading 6 safetensors shards
[36m(ActorGroup(rank=1) pid=97470)[0m [INFO 15:15:10 ActorGroup-Rank-1][__init__.py:80] [DreamZero load 121.9s] loading shard 1/6: model-00001-of-00006.safetensors
[36m(ActorGroup(rank=1) pid=97470)[0m [INFO 15:15:10 ActorGroup-Rank-1][__init__.py:80] [DreamZero load 121.9s] loading shard 2/6: model-00002-of-00006.safetensors
[36m(ActorGroup(rank=3) pid=97488)[0m [INFO 15:15:10 ActorGroup-Rank-3][__init__.py:80] [DreamZero load 121.9s] load_state_dict finished missing=6 unexpected=0
[36m(ActorGroup(rank=3) pid=97488)[0m Injecting LoRA after loading pretrained weights
[36m(ActorGroup(rank=1) pid=97470)[0m [INFO 15:15:10 ActorGroup-Rank-1][__init__.py:80] [DreamZero load 122.0s] loading shard 3/6: model-00003-of-00006.safetensors
[36m(ActorGroup(rank=1) pid=97470)[0m [INFO 15:15:10 ActorGroup-Rank-1][__init__.py:80] [DreamZero load 122.0s] loading shard 4/6: model-00004-of-00006.safetensors
[36m(ActorGroup(rank=1) pid=97470)[0m [INFO 15:15:10 ActorGroup-Rank-1][__init__.py:80] [DreamZero load 122.0s] loading shard 5/6: model-00005-of-00006.safetensors
[36m(ActorGroup(rank=1) pid=97470)[0m [INFO 15:15:10 ActorGroup-Rank-1][__init__.py:80] [DreamZero load 122.0s] loading shard 6/6: model-00006-of-00006.safetensors
[36m(ActorGroup(rank=1) pid=97470)[0m [INFO 15:15:10 ActorGroup-Rank-1][__init__.py:80] [DreamZero load 122.0s] loaded state_dict with 1828 tensors
[36m(ActorGroup(rank=2) pid=97486)[0m [INFO 15:15:11 ActorGroup-Rank-2][__init__.py:80] [DreamZero load 123.0s] load_state_dict finished missing=6 unexpected=0
[36m(ActorGroup(rank=2) pid=97486)[0m Injecting LoRA after loading pretrained weights
[36m(ActorGroup(rank=0) pid=97469)[0m Skipping individual component loading (loading from full pretrained model)
[36m(ActorGroup(rank=0) pid=97469)[0m defer_lora_injection@@ True
[36m(ActorGroup(rank=0) pid=97469)[0m Tune action head projector: True
[36m(ActorGroup(rank=0) pid=97469)[0m Tune action head diffusion model: True
[36m(ActorGroup(rank=0) pid=97469)[0m Deferring LoRA injection until after pretrained weights are loaded
[36m(ActorGroup(rank=0) pid=97469)[0m [INFO 15:15:11 ActorGroup-Rank-0][__init__.py:80] [DreamZero load 123.2s] DreamZeroPolicy constructed
[36m(ActorGroup(rank=0) pid=97469)[0m [INFO 15:15:11 ActorGroup-Rank-0][__init__.py:80] [DreamZero load 123.2s] loading 6 safetensors shards
[36m(ActorGroup(rank=0) pid=97469)[0m [INFO 15:15:11 ActorGroup-Rank-0][__init__.py:80] [DreamZero load 123.2s] loading shard 1/6: model-00001-of-00006.safetensors
[36m(ActorGroup(rank=0) pid=97469)[0m [INFO 15:15:11 ActorGroup-Rank-0][__init__.py:80] [DreamZero load 123.2s] loading shard 2/6: model-00002-of-00006.safetensors
[36m(ActorGroup(rank=0) pid=97469)[0m [INFO 15:15:11 ActorGroup-Rank-0][__init__.py:80] [DreamZero load 123.2s] loading shard 3/6: model-00003-of-00006.safetensors
[36m(ActorGroup(rank=0) pid=97469)[0m [INFO 15:15:11 ActorGroup-Rank-0][__init__.py:80] [DreamZero load 123.2s] loading shard 4/6: model-00004-of-00006.safetensors
[36m(ActorGroup(rank=0) pid=97469)[0m [INFO 15:15:11 ActorGroup-Rank-0][__init__.py:80] [DreamZero load 123.2s] loading shard 5/6: model-00005-of-00006.safetensors
[36m(ActorGroup(rank=0) pid=97469)[0m [INFO 15:15:11 ActorGroup-Rank-0][__init__.py:80] [DreamZero load 123.2s] loading shard 6/6: model-00006-of-00006.safetensors
[36m(ActorGroup(rank=0) pid=97469)[0m [INFO 15:15:11 ActorGroup-Rank-0][__init__.py:80] [DreamZero load 123.2s] loaded state_dict with 1828 tensors
[36m(ActorGroup(rank=1) pid=97470)[0m [INFO 15:15:12 ActorGroup-Rank-1][__init__.py:80] [DreamZero load 123.5s] load_state_dict finished missing=6 unexpected=0
[36m(ActorGroup(rank=1) pid=97470)[0m Injecting LoRA after loading pretrained weights
[36m(ActorGroup(rank=0) pid=97469)[0m [INFO 15:15:13 ActorGroup-Rank-0][__init__.py:80] [DreamZero load 124.9s] load_state_dict finished missing=6 unexpected=0
[36m(ActorGroup(rank=0) pid=97469)[0m Injecting LoRA after loading pretrained weights
[36m(ActorGroup(rank=3) pid=97488)[0m Total parameters in diffusion model: 5,616,768,992
[36m(ActorGroup(rank=3) pid=97488)[0m Trainable parameters in diffusion model: 44,890,144
[36m(ActorGroup(rank=3) pid=97488)[0m [INFO 15:15:18 ActorGroup-Rank-3][__init__.py:80] [DreamZero load 130.2s] deferred action_head LoRA injected
[36m(ActorGroup(rank=3) pid=97488)[0m [INFO 15:15:18 ActorGroup-Rank-3][__init__.py:80] [DreamZero load 130.3s] scalar parameters promoted
[36m(ActorGroup(rank=2) pid=97486)[0m Total parameters in diffusion model: 5,616,768,992
[36m(ActorGroup(rank=2) pid=97486)[0m Trainable parameters in diffusion model: 44,890,144
[36m(ActorGroup(rank=2) pid=97486)[0m [INFO 15:15:19 ActorGroup-Rank-2][__init__.py:80] [DreamZero load 131.0s] deferred action_head LoRA injected
[36m(ActorGroup(rank=2) pid=97486)[0m [INFO 15:15:19 ActorGroup-Rank-2][__init__.py:80] [DreamZero load 131.0s] scalar parameters promoted
[36m(ActorGroup(rank=1) pid=97470)[0m Total parameters in diffusion model: 5,616,768,992
[36m(ActorGroup(rank=1) pid=97470)[0m Trainable parameters in diffusion model: 44,890,144
[36m(ActorGroup(rank=1) pid=97470)[0m [INFO 15:15:20 ActorGroup-Rank-1][__init__.py:80] [DreamZero load 131.4s] deferred action_head LoRA injected
[36m(ActorGroup(rank=1) pid=97470)[0m [INFO 15:15:20 ActorGroup-Rank-1][__init__.py:80] [DreamZero load 131.4s] scalar parameters promoted
[36m(ActorGroup(rank=0) pid=97469)[0m Total parameters in diffusion model: 5,616,768,992
[36m(ActorGroup(rank=0) pid=97469)[0m Trainable parameters in diffusion model: 44,890,144
[36m(ActorGroup(rank=0) pid=97469)[0m [INFO 15:15:21 ActorGroup-Rank-0][__init__.py:80] [DreamZero load 133.1s] deferred action_head LoRA injected
[36m(ActorGroup(rank=0) pid=97469)[0m [INFO 15:15:21 ActorGroup-Rank-0][__init__.py:80] [DreamZero load 133.1s] scalar parameters promoted
[36m(ActorGroup(rank=3) pid=97488)[0m [INFO 15:15:25 ActorGroup-Rank-3][__init__.py:80] [DreamZero load 136.5s] model dtype/device conversion finished
[36m(ActorGroup(rank=2) pid=97486)[0m [INFO 15:15:25 ActorGroup-Rank-2][__init__.py:80] [DreamZero load 136.8s] model dtype/device conversion finished
[36m(ActorGroup(rank=1) pid=97470)[0m [INFO 15:15:25 ActorGroup-Rank-1][__init__.py:80] [DreamZero load 137.1s] model dtype/device conversion finished
[36m(ActorGroup(rank=0) pid=97469)[0m [INFO 15:15:28 ActorGroup-Rank-0][__init__.py:80] [DreamZero load 139.3s] model dtype/device conversion finished
[36m(ActorGroup(rank=3) pid=97488)[0m [INFO 15:15:29 ActorGroup-Rank-3][fsdp_model_manager.py:273] [FSDP] Gradient checkpointing is disabled
[36m(ActorGroup(rank=2) pid=97486)[0m [INFO 15:15:30 ActorGroup-Rank-2][fsdp_model_manager.py:273] [FSDP] Gradient checkpointing is disabled
[36m(ActorGroup(rank=1) pid=97470)[0m [INFO 15:15:30 ActorGroup-Rank-1][fsdp_model_manager.py:273] [FSDP] Gradient checkpointing is disabled
[36m(ActorGroup(rank=0) pid=97469)[0m [INFO 15:15:32 ActorGroup-Rank-0][fsdp_model_manager.py:273] [FSDP] Gradient checkpointing is disabled
[36m(ActorGroup(rank=2) pid=97486)[0m [INFO 15:15:33 ActorGroup-Rank-2][fsdp_actor_worker.py:1351] sync_model_to_rollout: collecting rollout state_dict
[36m(ActorGroup(rank=0) pid=97469)[0m [INFO 15:15:33 ActorGroup-Rank-0][fsdp_actor_worker.py:1351] sync_model_to_rollout: collecting rollout state_dict
[36m(ActorGroup(rank=1) pid=97470)[0m [INFO 15:15:33 ActorGroup-Rank-1][fsdp_actor_worker.py:1351] sync_model_to_rollout: collecting rollout state_dict
[36m(ActorGroup(rank=3) pid=97488)[0m [INFO 15:15:33 ActorGroup-Rank-3][fsdp_actor_worker.py:1351] sync_model_to_rollout: collecting rollout state_dict
[36m(ActorGroup(rank=2) pid=97486)[0m [INFO 15:15:35 ActorGroup-Rank-2][fsdp_actor_worker.py:1360] sync_model_to_rollout: state_dict_keys=614 sync_names=614 version=0
[36m(ActorGroup(rank=2) pid=97486)[0m [INFO 15:15:35 ActorGroup-Rank-2][fsdp_actor_worker.py:1405] sync_model_to_rollout: initializing weight sync sender
[36m(ActorGroup(rank=0) pid=97469)[0m [INFO 15:15:35 ActorGroup-Rank-0][fsdp_actor_worker.py:1360] sync_model_to_rollout: state_dict_keys=614 sync_names=614 version=0
[36m(ActorGroup(rank=0) pid=97469)[0m [INFO 15:15:35 ActorGroup-Rank-0][fsdp_actor_worker.py:1405] sync_model_to_rollout: initializing weight sync sender
[36m(ActorGroup(rank=1) pid=97470)[0m [INFO 15:15:35 ActorGroup-Rank-1][fsdp_actor_worker.py:1360] sync_model_to_rollout: state_dict_keys=614 sync_names=614 version=0
[36m(ActorGroup(rank=1) pid=97470)[0m [INFO 15:15:35 ActorGroup-Rank-1][fsdp_actor_worker.py:1405] sync_model_to_rollout: initializing weight sync sender
[36m(ActorGroup(rank=3) pid=97488)[0m [INFO 15:15:35 ActorGroup-Rank-3][fsdp_actor_worker.py:1360] sync_model_to_rollout: state_dict_keys=614 sync_names=614 version=0
[36m(ActorGroup(rank=3) pid=97488)[0m [INFO 15:15:35 ActorGroup-Rank-3][fsdp_actor_worker.py:1405] sync_model_to_rollout: initializing weight sync sender
[36m(ActorGroup(rank=2) pid=97486)[0m [INFO 15:15:37 ActorGroup-Rank-2][fsdp_actor_worker.py:1412] sync_model_to_rollout: weight sync sender initialized
[36m(ActorGroup(rank=2) pid=97486)[0m [INFO 15:15:37 ActorGroup-Rank-2][fsdp_actor_worker.py:1414] sync_model_to_rollout: syncing weights
[36m(ActorGroup(rank=0) pid=97469)[0m [INFO 15:15:37 ActorGroup-Rank-0][fsdp_actor_worker.py:1412] sync_model_to_rollout: weight sync sender initialized
[36m(ActorGroup(rank=0) pid=97469)[0m [INFO 15:15:37 ActorGroup-Rank-0][fsdp_actor_worker.py:1414] sync_model_to_rollout: syncing weights
[36m(ActorGroup(rank=1) pid=97470)[0m [INFO 15:15:37 ActorGroup-Rank-1][fsdp_actor_worker.py:1412] sync_model_to_rollout: weight sync sender initialized
[36m(ActorGroup(rank=1) pid=97470)[0m [INFO 15:15:37 ActorGroup-Rank-1][fsdp_actor_worker.py:1414] sync_model_to_rollout: syncing weights
[36m(ActorGroup(rank=3) pid=97488)[0m [INFO 15:15:37 ActorGroup-Rank-3][fsdp_actor_worker.py:1412] sync_model_to_rollout: weight sync sender initialized
[36m(ActorGroup(rank=3) pid=97488)[0m [INFO 15:15:37 ActorGroup-Rank-3][fsdp_actor_worker.py:1414] sync_model_to_rollout: syncing weights
[36m(ActorGroup(rank=2) pid=97486)[0m [INFO 15:15:37 ActorGroup-Rank-2][fsdp_actor_worker.py:1416] sync_model_to_rollout: weights synced
[36m(ActorGroup(rank=0) pid=97469)[0m [INFO 15:15:37 ActorGroup-Rank-0][fsdp_actor_worker.py:1416] sync_model_to_rollout: weights synced
[36m(ActorGroup(rank=1) pid=97470)[0m [INFO 15:15:37 ActorGroup-Rank-1][fsdp_actor_worker.py:1416] sync_model_to_rollout: weights synced
[36m(ActorGroup(rank=3) pid=97488)[0m [INFO 15:15:37 ActorGroup-Rank-3][fsdp_actor_worker.py:1416] sync_model_to_rollout: weights synced
[36m(RolloutGroup(rank=1) pid=97505)[0m language is None, reset current_start_frame to 0
[36m(RolloutGroup(rank=1) pid=97505)[0m videos shape torch.Size([8, 3, 4, 160, 320]) 33
[36m(RolloutGroup(rank=3) pid=97511)[0m language is None, reset current_start_frame to 0
[36m(RolloutGroup(rank=3) pid=97511)[0m videos shape torch.Size([8, 3, 4, 160, 320]) 33
[36m(RolloutGroup(rank=0) pid=97489)[0m language is None, reset current_start_frame to 0
[36m(RolloutGroup(rank=0) pid=97489)[0m videos shape torch.Size([8, 3, 4, 160, 320]) 33
[36m(RolloutGroup(rank=2) pid=97509)[0m language is None, reset current_start_frame to 0
[36m(RolloutGroup(rank=2) pid=97509)[0m videos shape torch.Size([8, 3, 4, 160, 320]) 33
[36m(RolloutGroup(rank=1) pid=97505)[0m Time taken: Total 2.98 seconds, Text Encoder 0.91 seconds, Image Encoder 0.65 seconds, VAE 0.00 seconds, KV Cache Creation 0.34 seconds, Diffusion 1.03 seconds, DIT Compute Steps 3 steps, Scheduler 0.05 seconds
[36m(RolloutGroup(rank=1) pid=97505)[0m language is None, reset current_start_frame to 0
[36m(RolloutGroup(rank=1) pid=97505)[0m videos shape torch.Size([8, 3, 4, 160, 320]) 33
[36m(RolloutGroup(rank=3) pid=97511)[0m Time taken: Total 2.95 seconds, Text Encoder 0.89 seconds, Image Encoder 0.65 seconds, VAE 0.00 seconds, KV Cache Creation 0.33 seconds, Diffusion 1.03 seconds, DIT Compute Steps 3 steps, Scheduler 0.05 seconds
[36m(RolloutGroup(rank=3) pid=97511)[0m language is None, reset current_start_frame to 0
[36m(RolloutGroup(rank=3) pid=97511)[0m videos shape torch.Size([8, 3, 4, 160, 320]) 33
[36m(RolloutGroup(rank=0) pid=97489)[0m Time taken: Total 2.79 seconds, Text Encoder 0.79 seconds, Image Encoder 0.62 seconds, VAE 0.00 seconds, KV Cache Creation 0.30 seconds, Diffusion 1.03 seconds, DIT Compute Steps 3 steps, Scheduler 0.05 seconds
[36m(RolloutGroup(rank=0) pid=97489)[0m language is None, reset current_start_frame to 0
[36m(RolloutGroup(rank=0) pid=97489)[0m videos shape torch.Size([8, 3, 4, 160, 320]) 33
[36m(RolloutGroup(rank=2) pid=97509)[0m Time taken: Total 2.92 seconds, Text Encoder 0.87 seconds, Image Encoder 0.65 seconds, VAE 0.00 seconds, KV Cache Creation 0.32 seconds, Diffusion 1.04 seconds, DIT Compute Steps 3 steps, Scheduler 0.05 seconds
[36m(RolloutGroup(rank=2) pid=97509)[0m language is None, reset current_start_frame to 0
[36m(RolloutGroup(rank=2) pid=97509)[0m videos shape torch.Size([8, 3, 4, 160, 320]) 33
[36m(RolloutGroup(rank=1) pid=97505)[0m Time taken: Total 2.48 seconds, Text Encoder 0.62 seconds, Image Encoder 0.54 seconds, VAE 0.00 seconds, KV Cache Creation 0.28 seconds, Diffusion 1.03 seconds, DIT Compute Steps 3 steps, Scheduler 0.01 seconds
[36m(RolloutGroup(rank=1) pid=97505)[0m language is None, reset current_start_frame to 0
[36m(RolloutGroup(rank=1) pid=97505)[0m videos shape torch.Size([8, 3, 4, 160, 320]) 33
[36m(RolloutGroup(rank=3) pid=97511)[0m Time taken: Total 2.47 seconds, Text Encoder 0.62 seconds, Image Encoder 0.54 seconds, VAE 0.00 seconds, KV Cache Creation 0.28 seconds, Diffusion 1.02 seconds, DIT Compute Steps 3 steps, Scheduler 0.01 seconds
[36m(RolloutGroup(rank=3) pid=97511)[0m language is None, reset current_start_frame to 0
[36m(RolloutGroup(rank=3) pid=97511)[0m videos shape torch.Size([8, 3, 4, 160, 320]) 33
[36m(RolloutGroup(rank=0) pid=97489)[0m Time taken: Total 2.47 seconds, Text Encoder 0.62 seconds, Image Encoder 0.54 seconds, VAE 0.00 seconds, KV Cache Creation 0.28 seconds, Diffusion 1.02 seconds, DIT Compute Steps 3 steps, Scheduler 0.01 seconds
[36m(RolloutGroup(rank=0) pid=97489)[0m language is None, reset current_start_frame to 0
[36m(RolloutGroup(rank=0) pid=97489)[0m videos shape torch.Size([8, 3, 4, 160, 320]) 33
[36m(RolloutGroup(rank=2) pid=97509)[0m Time taken: Total 2.46 seconds, Text Encoder 0.62 seconds, Image Encoder 0.54 seconds, VAE 0.00 seconds, KV Cache Creation 0.28 seconds, Diffusion 1.01 seconds, DIT Compute Steps 3 steps, Scheduler 0.01 seconds
[36m(RolloutGroup(rank=2) pid=97509)[0m language is None, reset current_start_frame to 0
[36m(RolloutGroup(rank=2) pid=97509)[0m videos shape torch.Size([8, 3, 4, 160, 320]) 33
[36m(RolloutGroup(rank=1) pid=97505)[0m Time taken: Total 2.49 seconds, Text Encoder 0.62 seconds, Image Encoder 0.54 seconds, VAE 0.00 seconds, KV Cache Creation 0.28 seconds, Diffusion 1.04 seconds, DIT Compute Steps 3 steps, Scheduler 0.01 seconds
[36m(RolloutGroup(rank=1) pid=97505)[0m language is None, reset current_start_frame to 0
[36m(RolloutGroup(rank=1) pid=97505)[0m videos shape torch.Size([8, 3, 4, 160, 320]) 33
[36m(RolloutGroup(rank=3) pid=97511)[0m Time taken: Total 2.47 seconds, Text Encoder 0.62 seconds, Image Encoder 0.54 seconds, VAE 0.00 seconds, KV Cache Creation 0.28 seconds, Diffusion 1.02 seconds, DIT Compute Steps 3 steps, Scheduler 0.01 seconds
[36m(RolloutGroup(rank=3) pid=97511)[0m language is None, reset current_start_frame to 0
[36m(RolloutGroup(rank=3) pid=97511)[0m videos shape torch.Size([8, 3, 4, 160, 320]) 33
[36m(RolloutGroup(rank=0) pid=97489)[0m Time taken: Total 2.47 seconds, Text Encoder 0.62 seconds, Image Encoder 0.54 seconds, VAE 0.00 seconds, KV Cache Creation 0.28 seconds, Diffusion 1.02 seconds, DIT Compute Steps 3 steps, Scheduler 0.01 seconds
[36m(RolloutGroup(rank=0) pid=97489)[0m language is None, reset current_start_frame to 0
[36m(RolloutGroup(rank=0) pid=97489)[0m videos shape torch.Size([8, 3, 4, 160, 320]) 33
[36m(RolloutGroup(rank=2) pid=97509)[0m Time taken: Total 2.46 seconds, Text Encoder 0.62 seconds, Image Encoder 0.54 seconds, VAE 0.00 seconds, KV Cache Creation 0.28 seconds, Diffusion 1.02 seconds, DIT Compute Steps 3 steps, Scheduler 0.01 seconds
[36m(RolloutGroup(rank=2) pid=97509)[0m language is None, reset current_start_frame to 0
[36m(RolloutGroup(rank=2) pid=97509)[0m videos shape torch.Size([8, 3, 4, 160, 320]) 33
[36m(RolloutGroup(rank=1) pid=97505)[0m Time taken: Total 2.48 seconds, Text Encoder 0.62 seconds, Image Encoder 0.54 seconds, VAE 0.00 seconds, KV Cache Creation 0.28 seconds, Diffusion 1.03 seconds, DIT Compute Steps 3 steps, Scheduler 0.01 seconds
[36m(RolloutGroup(rank=1) pid=97505)[0m language is None, reset current_start_frame to 0
[36m(RolloutGroup(rank=1) pid=97505)[0m videos shape torch.Size([8, 3, 4, 160, 320]) 33
[36m(RolloutGroup(rank=3) pid=97511)[0m Time taken: Total 2.47 seconds, Text Encoder 0.62 seconds, Image Encoder 0.54 seconds, VAE 0.00 seconds, KV Cache Creation 0.28 seconds, Diffusion 1.02 seconds, DIT Compute Steps 3 steps, Scheduler 0.01 seconds
[36m(RolloutGroup(rank=3) pid=97511)[0m language is None, reset current_start_frame to 0
[36m(RolloutGroup(rank=3) pid=97511)[0m videos shape torch.Size([8, 3, 4, 160, 320]) 33
[36m(RolloutGroup(rank=0) pid=97489)[0m Time taken: Total 2.47 seconds, Text Encoder 0.62 seconds, Image Encoder 0.54 seconds, VAE 0.00 seconds, KV Cache Creation 0.28 seconds, Diffusion 1.02 seconds, DIT Compute Steps 3 steps, Scheduler 0.01 seconds
[36m(RolloutGroup(rank=0) pid=97489)[0m language is None, reset current_start_frame to 0
[36m(RolloutGroup(rank=0) pid=97489)[0m videos shape torch.Size([8, 3, 4, 160, 320]) 33
[36m(RolloutGroup(rank=2) pid=97509)[0m Time taken: Total 2.46 seconds, Text Encoder 0.62 seconds, Image Encoder 0.54 seconds, VAE 0.00 seconds, KV Cache Creation 0.28 seconds, Diffusion 1.01 seconds, DIT Compute Steps 3 steps, Scheduler 0.01 seconds
[36m(RolloutGroup(rank=2) pid=97509)[0m language is None, reset current_start_frame to 0
[36m(RolloutGroup(rank=2) pid=97509)[0m videos shape torch.Size([8, 3, 4, 160, 320]) 33
[36m(RolloutGroup(rank=1) pid=97505)[0m Time taken: Total 2.47 seconds, Text Encoder 0.62 seconds, Image Encoder 0.54 seconds, VAE 0.00 seconds, KV Cache Creation 0.28 seconds, Diffusion 1.02 seconds, DIT Compute Steps 3 steps, Scheduler 0.01 seconds
[36m(RolloutGroup(rank=1) pid=97505)[0m language is None, reset current_start_frame to 0
[36m(RolloutGroup(rank=1) pid=97505)[0m videos shape torch.Size([8, 3, 4, 160, 320]) 33
[36m(RolloutGroup(rank=3) pid=97511)[0m Time taken: Total 2.47 seconds, Text Encoder 0.62 seconds, Image Encoder 0.54 seconds, VAE 0.00 seconds, KV Cache Creation 0.28 seconds, Diffusion 1.02 seconds, DIT Compute Steps 3 steps, Scheduler 0.01 seconds
[36m(RolloutGroup(rank=3) pid=97511)[0m language is None, reset current_start_frame to 0
[36m(RolloutGroup(rank=3) pid=97511)[0m videos shape torch.Size([8, 3, 4, 160, 320]) 33
[36m(RolloutGroup(rank=0) pid=97489)[0m Time taken: Total 2.47 seconds, Text Encoder 0.62 seconds, Image Encoder 0.54 seconds, VAE 0.00 seconds, KV Cache Creation 0.28 seconds, Diffusion 1.02 seconds, DIT Compute Steps 3 steps, Scheduler 0.01 seconds
[36m(RolloutGroup(rank=0) pid=97489)[0m language is None, reset current_start_frame to 0
[36m(RolloutGroup(rank=0) pid=97489)[0m videos shape torch.Size([8, 3, 4, 160, 320]) 33
[36m(RolloutGroup(rank=2) pid=97509)[0m Time taken: Total 2.46 seconds, Text Encoder 0.62 seconds, Image Encoder 0.54 seconds, VAE 0.00 seconds, KV Cache Creation 0.27 seconds, Diffusion 1.01 seconds, DIT Compute Steps 3 steps, Scheduler 0.01 seconds
[36m(RolloutGroup(rank=2) pid=97509)[0m language is None, reset current_start_frame to 0
[36m(RolloutGroup(rank=2) pid=97509)[0m videos shape torch.Size([8, 3, 4, 160, 320]) 33
[36m(RolloutGroup(rank=1) pid=97505)[0m Time taken: Total 2.48 seconds, Text Encoder 0.62 seconds, Image Encoder 0.54 seconds, VAE 0.00 seconds, KV Cache Creation 0.28 seconds, Diffusion 1.03 seconds, DIT Compute Steps 3 steps, Scheduler 0.01 seconds
[36m(RolloutGroup(rank=1) pid=97505)[0m language is None, reset current_start_frame to 0
[36m(RolloutGroup(rank=1) pid=97505)[0m videos shape torch.Size([8, 3, 4, 160, 320]) 33
[36m(RolloutGroup(rank=3) pid=97511)[0m Time taken: Total 2.47 seconds, Text Encoder 0.62 seconds, Image Encoder 0.54 seconds, VAE 0.00 seconds, KV Cache Creation 0.28 seconds, Diffusion 1.02 seconds, DIT Compute Steps 3 steps, Scheduler 0.01 seconds
[36m(RolloutGroup(rank=3) pid=97511)[0m language is None, reset current_start_frame to 0
[36m(RolloutGroup(rank=3) pid=97511)[0m videos shape torch.Size([8, 3, 4, 160, 320]) 33
[36m(RolloutGroup(rank=0) pid=97489)[0m Time taken: Total 2.46 seconds, Text Encoder 0.62 seconds, Image Encoder 0.54 seconds, VAE 0.00 seconds, KV Cache Creation 0.28 seconds, Diffusion 1.02 seconds, DIT Compute Steps 3 steps, Scheduler 0.01 seconds
[36m(RolloutGroup(rank=0) pid=97489)[0m language is None, reset current_start_frame to 0
[36m(RolloutGroup(rank=0) pid=97489)[0m videos shape torch.Size([8, 3, 4, 160, 320]) 33
[36m(RolloutGroup(rank=2) pid=97509)[0m Time taken: Total 2.46 seconds, Text Encoder 0.62 seconds, Image Encoder 0.54 seconds, VAE 0.00 seconds, KV Cache Creation 0.28 seconds, Diffusion 1.01 seconds, DIT Compute Steps 3 steps, Scheduler 0.01 seconds
[36m(RolloutGroup(rank=2) pid=97509)[0m language is None, reset current_start_frame to 0
[36m(RolloutGroup(rank=2) pid=97509)[0m videos shape torch.Size([8, 3, 4, 160, 320]) 33
[36m(RolloutGroup(rank=0) pid=97489)[0m Time taken: Total 2.46 seconds, Text Encoder 0.62 seconds, Image Encoder 0.54 seconds, VAE 0.00 seconds, KV Cache Creation 0.28 seconds, Diffusion 1.01 seconds, DIT Compute Steps 3 steps, Scheduler 0.01 seconds
[36m(RolloutGroup(rank=0) pid=97489)[0m language is None, reset current_start_frame to 0
[36m(RolloutGroup(rank=0) pid=97489)[0m videos shape torch.Size([8, 3, 4, 160, 320]) 33
[36m(RolloutGroup(rank=1) pid=97505)[0m Time taken: Total 2.47 seconds, Text Encoder 0.62 seconds, Image Encoder 0.54 seconds, VAE 0.00 seconds, KV Cache Creation 0.28 seconds, Diffusion 1.02 seconds, DIT Compute Steps 3 steps, Scheduler 0.01 seconds
[36m(RolloutGroup(rank=1) pid=97505)[0m language is None, reset current_start_frame to 0
[36m(RolloutGroup(rank=1) pid=97505)[0m videos shape torch.Size([8, 3, 4, 160, 320]) 33
[36m(RolloutGroup(rank=3) pid=97511)[0m Time taken: Total 2.47 seconds, Text Encoder 0.62 seconds, Image Encoder 0.54 seconds, VAE 0.00 seconds, KV Cache Creation 0.28 seconds, Diffusion 1.02 seconds, DIT Compute Steps 3 steps, Scheduler 0.01 seconds
[36m(RolloutGroup(rank=3) pid=97511)[0m language is None, reset current_start_frame to 0
[36m(RolloutGroup(rank=3) pid=97511)[0m videos shape torch.Size([8, 3, 4, 160, 320]) 33
[36m(RolloutGroup(rank=2) pid=97509)[0m Time taken: Total 2.46 seconds, Text Encoder 0.62 seconds, Image Encoder 0.54 seconds, VAE 0.00 seconds, KV Cache Creation 0.27 seconds, Diffusion 1.01 seconds, DIT Compute Steps 3 steps, Scheduler 0.01 seconds
[36m(RolloutGroup(rank=2) pid=97509)[0m language is None, reset current_start_frame to 0
[36m(RolloutGroup(rank=2) pid=97509)[0m videos shape torch.Size([8, 3, 4, 160, 320]) 33
[36m(RolloutGroup(rank=0) pid=97489)[0m Time taken: Total 2.46 seconds, Text Encoder 0.62 seconds, Image Encoder 0.54 seconds, VAE 0.00 seconds, KV Cache Creation 0.28 seconds, Diffusion 1.01 seconds, DIT Compute Steps 3 steps, Scheduler 0.01 seconds
[36m(RolloutGroup(rank=0) pid=97489)[0m language is None, reset current_start_frame to 0
[36m(RolloutGroup(rank=0) pid=97489)[0m videos shape torch.Size([8, 3, 4, 160, 320]) 33
[36m(RolloutGroup(rank=1) pid=97505)[0m Time taken: Total 2.47 seconds, Text Encoder 0.62 seconds, Image Encoder 0.54 seconds, VAE 0.00 seconds, KV Cache Creation 0.28 seconds, Diffusion 1.02 seconds, DIT Compute Steps 3 steps, Scheduler 0.01 seconds
[36m(RolloutGroup(rank=1) pid=97505)[0m language is None, reset current_start_frame to 0
[36m(RolloutGroup(rank=1) pid=97505)[0m videos shape torch.Size([8, 3, 4, 160, 320]) 33
[36m(RolloutGroup(rank=3) pid=97511)[0m Time taken: Total 2.47 seconds, Text Encoder 0.62 seconds, Image Encoder 0.54 seconds, VAE 0.00 seconds, KV Cache Creation 0.28 seconds, Diffusion 1.02 seconds, DIT Compute Steps 3 steps, Scheduler 0.01 seconds
[36m(RolloutGroup(rank=3) pid=97511)[0m language is None, reset current_start_frame to 0
[36m(RolloutGroup(rank=3) pid=97511)[0m videos shape torch.Size([8, 3, 4, 160, 320]) 33
[36m(RolloutGroup(rank=2) pid=97509)[0m Time taken: Total 2.47 seconds, Text Encoder 0.62 seconds, Image Encoder 0.54 seconds, VAE 0.00 seconds, KV Cache Creation 0.28 seconds, Diffusion 1.02 seconds, DIT Compute Steps 3 steps, Scheduler 0.01 seconds
[36m(RolloutGroup(rank=2) pid=97509)[0m language is None, reset current_start_frame to 0
[36m(RolloutGroup(rank=2) pid=97509)[0m videos shape torch.Size([8, 3, 4, 160, 320]) 33
[36m(RolloutGroup(rank=0) pid=97489)[0m Time taken: Total 2.46 seconds, Text Encoder 0.62 seconds, Image Encoder 0.54 seconds, VAE 0.00 seconds, KV Cache Creation 0.28 seconds, Diffusion 1.02 seconds, DIT Compute Steps 3 steps, Scheduler 0.01 seconds
[36m(RolloutGroup(rank=0) pid=97489)[0m language is None, reset current_start_frame to 0
[36m(RolloutGroup(rank=0) pid=97489)[0m videos shape torch.Size([8, 3, 4, 160, 320]) 33
[36m(RolloutGroup(rank=1) pid=97505)[0m Time taken: Total 2.47 seconds, Text Encoder 0.62 seconds, Image Encoder 0.54 seconds, VAE 0.00 seconds, KV Cache Creation 0.28 seconds, Diffusion 1.02 seconds, DIT Compute Steps 3 steps, Scheduler 0.01 seconds
[36m(RolloutGroup(rank=1) pid=97505)[0m language is None, reset current_start_frame to 0
[36m(RolloutGroup(rank=1) pid=97505)[0m videos shape torch.Size([8, 3, 4, 160, 320]) 33
[36m(RolloutGroup(rank=3) pid=97511)[0m Time taken: Total 2.47 seconds, Text Encoder 0.62 seconds, Image Encoder 0.54 seconds, VAE 0.00 seconds, KV Cache Creation 0.28 seconds, Diffusion 1.02 seconds, DIT Compute Steps 3 steps, Scheduler 0.01 seconds
[36m(RolloutGroup(rank=3) pid=97511)[0m language is None, reset current_start_frame to 0
[36m(RolloutGroup(rank=3) pid=97511)[0m videos shape torch.Size([8, 3, 4, 160, 320]) 33
[36m(RolloutGroup(rank=2) pid=97509)[0m Time taken: Total 2.46 seconds, Text Encoder 0.62 seconds, Image Encoder 0.54 seconds, VAE 0.00 seconds, KV Cache Creation 0.28 seconds, Diffusion 1.01 seconds, DIT Compute Steps 3 steps, Scheduler 0.01 seconds
[36m(RolloutGroup(rank=2) pid=97509)[0m language is None, reset current_start_frame to 0
[36m(RolloutGroup(rank=2) pid=97509)[0m videos shape torch.Size([8, 3, 4, 160, 320]) 33
[36m(RolloutGroup(rank=0) pid=97489)[0m Time taken: Total 2.47 seconds, Text Encoder 0.62 seconds, Image Encoder 0.54 seconds, VAE 0.00 seconds, KV Cache Creation 0.28 seconds, Diffusion 1.02 seconds, DIT Compute Steps 3 steps, Scheduler 0.01 seconds
[36m(RolloutGroup(rank=1) pid=97505)[0m Time taken: Total 2.47 seconds, Text Encoder 0.62 seconds, Image Encoder 0.54 seconds, VAE 0.00 seconds, KV Cache Creation 0.28 seconds, Diffusion 1.03 seconds, DIT Compute Steps 3 steps, Scheduler 0.01 seconds
[36m(RolloutGroup(rank=3) pid=97511)[0m Time taken: Total 2.48 seconds, Text Encoder 0.62 seconds, Image Encoder 0.54 seconds, VAE 0.00 seconds, KV Cache Creation 0.28 seconds, Diffusion 1.02 seconds, DIT Compute Steps 3 steps, Scheduler 0.01 seconds
[36m(RolloutGroup(rank=2) pid=97509)[0m Time taken: Total 2.46 seconds, Text Encoder 0.62 seconds, Image Encoder 0.54 seconds, VAE 0.00 seconds, KV Cache Creation 0.27 seconds, Diffusion 1.01 seconds, DIT Compute Steps 3 steps, Scheduler 0.01 seconds
[36m(RolloutGroup(rank=1) pid=97505)[0m language is None, reset current_start_frame to 0
[36m(RolloutGroup(rank=1) pid=97505)[0m videos shape torch.Size([8, 3, 4, 160, 320]) 33
[36m(RolloutGroup(rank=0) pid=97489)[0m language is None, reset current_start_frame to 0
[36m(RolloutGroup(rank=0) pid=97489)[0m videos shape torch.Size([8, 3, 4, 160, 320]) 33
[36m(RolloutGroup(rank=3) pid=97511)[0m language is None, reset current_start_frame to 0
[36m(RolloutGroup(rank=3) pid=97511)[0m videos shape torch.Size([8, 3, 4, 160, 320]) 33
[36m(RolloutGroup(rank=2) pid=97509)[0m language is None, reset current_start_frame to 0
[36m(RolloutGroup(rank=2) pid=97509)[0m videos shape torch.Size([8, 3, 4, 160, 320]) 33
[36m(RolloutGroup(rank=1) pid=97505)[0m Time taken: Total 2.47 seconds, Text Encoder 0.62 seconds, Image Encoder 0.54 seconds, VAE 0.00 seconds, KV Cache Creation 0.28 seconds, Diffusion 1.02 seconds, DIT Compute Steps 3 steps, Scheduler 0.01 seconds
[36m(RolloutGroup(rank=1) pid=97505)[0m language is None, reset current_start_frame to 0
[36m(RolloutGroup(rank=1) pid=97505)[0m videos shape torch.Size([8, 3, 4, 160, 320]) 33
[36m(RolloutGroup(rank=0) pid=97489)[0m Time taken: Total 2.48 seconds, Text Encoder 0.62 seconds, Image Encoder 0.54 seconds, VAE 0.00 seconds, KV Cache Creation 0.28 seconds, Diffusion 1.02 seconds, DIT Compute Steps 3 steps, Scheduler 0.01 seconds
[36m(RolloutGroup(rank=3) pid=97511)[0m Time taken: Total 2.48 seconds, Text Encoder 0.62 seconds, Image Encoder 0.54 seconds, VAE 0.00 seconds, KV Cache Creation 0.28 seconds, Diffusion 1.02 seconds, DIT Compute Steps 3 steps, Scheduler 0.01 seconds
[36m(RolloutGroup(rank=3) pid=97511)[0m language is None, reset current_start_frame to 0
[36m(RolloutGroup(rank=3) pid=97511)[0m videos shape torch.Size([8, 3, 4, 160, 320]) 33
[36m(RolloutGroup(rank=2) pid=97509)[0m Time taken: Total 2.47 seconds, Text Encoder 0.62 seconds, Image Encoder 0.54 seconds, VAE 0.00 seconds, KV Cache Creation 0.28 seconds, Diffusion 1.02 seconds, DIT Compute Steps 3 steps, Scheduler 0.01 seconds
[36m(RolloutGroup(rank=2) pid=97509)[0m language is None, reset current_start_frame to 0
[36m(RolloutGroup(rank=2) pid=97509)[0m videos shape torch.Size([8, 3, 4, 160, 320]) 33
[36m(RolloutGroup(rank=0) pid=97489)[0m language is None, reset current_start_frame to 0
[36m(RolloutGroup(rank=0) pid=97489)[0m videos shape torch.Size([8, 3, 4, 160, 320]) 33
[36m(RolloutGroup(rank=1) pid=97505)[0m Time taken: Total 2.47 seconds, Text Encoder 0.62 seconds, Image Encoder 0.54 seconds, VAE 0.00 seconds, KV Cache Creation 0.28 seconds, Diffusion 1.02 seconds, DIT Compute Steps 3 steps, Scheduler 0.01 seconds
[36m(RolloutGroup(rank=1) pid=97505)[0m language is None, reset current_start_frame to 0
[36m(RolloutGroup(rank=1) pid=97505)[0m videos shape torch.Size([8, 3, 4, 160, 320]) 33
[36m(RolloutGroup(rank=3) pid=97511)[0m Time taken: Total 2.48 seconds, Text Encoder 0.62 seconds, Image Encoder 0.54 seconds, VAE 0.00 seconds, KV Cache Creation 0.28 seconds, Diffusion 1.02 seconds, DIT Compute Steps 3 steps, Scheduler 0.01 seconds
[36m(RolloutGroup(rank=3) pid=97511)[0m language is None, reset current_start_frame to 0
[36m(RolloutGroup(rank=3) pid=97511)[0m videos shape torch.Size([8, 3, 4, 160, 320]) 33
[36m(RolloutGroup(rank=2) pid=97509)[0m Time taken: Total 2.47 seconds, Text Encoder 0.62 seconds, Image Encoder 0.54 seconds, VAE 0.00 seconds, KV Cache Creation 0.28 seconds, Diffusion 1.02 seconds, DIT Compute Steps 3 steps, Scheduler 0.01 seconds
[36m(RolloutGroup(rank=2) pid=97509)[0m language is None, reset current_start_frame to 0
[36m(RolloutGroup(rank=2) pid=97509)[0m videos shape torch.Size([8, 3, 4, 160, 320]) 33
[36m(RolloutGroup(rank=0) pid=97489)[0m Time taken: Total 2.48 seconds, Text Encoder 0.62 seconds, Image Encoder 0.54 seconds, VAE 0.00 seconds, KV Cache Creation 0.28 seconds, Diffusion 1.03 seconds, DIT Compute Steps 3 steps, Scheduler 0.01 seconds
[36m(RolloutGroup(rank=0) pid=97489)[0m language is None, reset current_start_frame to 0
[36m(RolloutGroup(rank=0) pid=97489)[0m videos shape torch.Size([8, 3, 4, 160, 320]) 33
[36m(RolloutGroup(rank=1) pid=97505)[0m Time taken: Total 2.47 seconds, Text Encoder 0.62 seconds, Image Encoder 0.54 seconds, VAE 0.00 seconds, KV Cache Creation 0.28 seconds, Diffusion 1.02 seconds, DIT Compute Steps 3 steps, Scheduler 0.01 seconds
[36m(RolloutGroup(rank=1) pid=97505)[0m language is None, reset current_start_frame to 0
[36m(RolloutGroup(rank=1) pid=97505)[0m videos shape torch.Size([8, 3, 4, 160, 320]) 33
[36m(RolloutGroup(rank=3) pid=97511)[0m Time taken: Total 2.47 seconds, Text Encoder 0.62 seconds, Image Encoder 0.54 seconds, VAE 0.00 seconds, KV Cache Creation 0.28 seconds, Diffusion 1.02 seconds, DIT Compute Steps 3 steps, Scheduler 0.01 seconds
[36m(RolloutGroup(rank=3) pid=97511)[0m language is None, reset current_start_frame to 0
[36m(RolloutGroup(rank=3) pid=97511)[0m videos shape torch.Size([8, 3, 4, 160, 320]) 33
[36m(RolloutGroup(rank=2) pid=97509)[0m Time taken: Total 2.46 seconds, Text Encoder 0.62 seconds, Image Encoder 0.54 seconds, VAE 0.00 seconds, KV Cache Creation 0.28 seconds, Diffusion 1.02 seconds, DIT Compute Steps 3 steps, Scheduler 0.01 seconds
[36m(RolloutGroup(rank=2) pid=97509)[0m language is None, reset current_start_frame to 0
[36m(RolloutGroup(rank=2) pid=97509)[0m videos shape torch.Size([8, 3, 4, 160, 320]) 33
[36m(RolloutGroup(rank=0) pid=97489)[0m Time taken: Total 2.47 seconds, Text Encoder 0.62 seconds, Image Encoder 0.54 seconds, VAE 0.00 seconds, KV Cache Creation 0.28 seconds, Diffusion 1.02 seconds, DIT Compute Steps 3 steps, Scheduler 0.01 seconds
[36m(RolloutGroup(rank=0) pid=97489)[0m language is None, reset current_start_frame to 0
[36m(RolloutGroup(rank=0) pid=97489)[0m videos shape torch.Size([8, 3, 4, 160, 320]) 33
[36m(RolloutGroup(rank=1) pid=97505)[0m Time taken: Total 2.46 seconds, Text Encoder 0.62 seconds, Image Encoder 0.54 seconds, VAE 0.00 seconds, KV Cache Creation 0.28 seconds, Diffusion 1.01 seconds, DIT Compute Steps 3 steps, Scheduler 0.01 seconds
[36m(RolloutGroup(rank=1) pid=97505)[0m language is None, reset current_start_frame to 0
[36m(RolloutGroup(rank=1) pid=97505)[0m videos shape torch.Size([8, 3, 4, 160, 320]) 33
[36m(RolloutGroup(rank=2) pid=97509)[0m Time taken: Total 2.47 seconds, Text Encoder 0.62 seconds, Image Encoder 0.54 seconds, VAE 0.00 seconds, KV Cache Creation 0.28 seconds, Diffusion 1.02 seconds, DIT Compute Steps 3 steps, Scheduler 0.01 seconds
[36m(RolloutGroup(rank=2) pid=97509)[0m language is None, reset current_start_frame to 0
[36m(RolloutGroup(rank=2) pid=97509)[0m videos shape torch.Size([8, 3, 4, 160, 320]) 33
[36m(RolloutGroup(rank=3) pid=97511)[0m Time taken: Total 2.47 seconds, Text Encoder 0.62 seconds, Image Encoder 0.54 seconds, VAE 0.00 seconds, KV Cache Creation 0.28 seconds, Diffusion 1.02 seconds, DIT Compute Steps 3 steps, Scheduler 0.01 seconds
[36m(RolloutGroup(rank=3) pid=97511)[0m language is None, reset current_start_frame to 0
[36m(RolloutGroup(rank=3) pid=97511)[0m videos shape torch.Size([8, 3, 4, 160, 320]) 33
[36m(RolloutGroup(rank=0) pid=97489)[0m Time taken: Total 2.47 seconds, Text Encoder 0.62 seconds, Image Encoder 0.54 seconds, VAE 0.00 seconds, KV Cache Creation 0.28 seconds, Diffusion 1.02 seconds, DIT Compute Steps 3 steps, Scheduler 0.01 seconds
[36m(RolloutGroup(rank=0) pid=97489)[0m language is None, reset current_start_frame to 0
[36m(RolloutGroup(rank=0) pid=97489)[0m videos shape torch.Size([8, 3, 4, 160, 320]) 33
[36m(RolloutGroup(rank=1) pid=97505)[0m Time taken: Total 2.46 seconds, Text Encoder 0.62 seconds, Image Encoder 0.54 seconds, VAE 0.00 seconds, KV Cache Creation 0.28 seconds, Diffusion 1.01 seconds, DIT Compute Steps 3 steps, Scheduler 0.01 seconds
[36m(RolloutGroup(rank=1) pid=97505)[0m language is None, reset current_start_frame to 0
[36m(RolloutGroup(rank=1) pid=97505)[0m videos shape torch.Size([8, 3, 4, 160, 320]) 33
[36m(RolloutGroup(rank=2) pid=97509)[0m Time taken: Total 2.47 seconds, Text Encoder 0.62 seconds, Image Encoder 0.54 seconds, VAE 0.00 seconds, KV Cache Creation 0.28 seconds, Diffusion 1.02 seconds, DIT Compute Steps 3 steps, Scheduler 0.01 seconds
[36m(RolloutGroup(rank=2) pid=97509)[0m language is None, reset current_start_frame to 0
[36m(RolloutGroup(rank=2) pid=97509)[0m videos shape torch.Size([8, 3, 4, 160, 320]) 33
[36m(RolloutGroup(rank=0) pid=97489)[0m Time taken: Total 2.47 seconds, Text Encoder 0.62 seconds, Image Encoder 0.54 seconds, VAE 0.00 seconds, KV Cache Creation 0.28 seconds, Diffusion 1.02 seconds, DIT Compute Steps 3 steps, Scheduler 0.01 seconds
[36m(RolloutGroup(rank=3) pid=97511)[0m Time taken: Total 2.47 seconds, Text Encoder 0.62 seconds, Image Encoder 0.54 seconds, VAE 0.00 seconds, KV Cache Creation 0.28 seconds, Diffusion 1.02 seconds, DIT Compute Steps 3 steps, Scheduler 0.01 seconds
[36m(RolloutGroup(rank=3) pid=97511)[0m language is None, reset current_start_frame to 0
[36m(RolloutGroup(rank=3) pid=97511)[0m videos shape torch.Size([8, 3, 4, 160, 320]) 33
[36m(RolloutGroup(rank=0) pid=97489)[0m language is None, reset current_start_frame to 0
[36m(RolloutGroup(rank=0) pid=97489)[0m videos shape torch.Size([8, 3, 4, 160, 320]) 33
[36m(RolloutGroup(rank=1) pid=97505)[0m Time taken: Total 2.46 seconds, Text Encoder 0.62 seconds, Image Encoder 0.54 seconds, VAE 0.00 seconds, KV Cache Creation 0.28 seconds, Diffusion 1.01 seconds, DIT Compute Steps 3 steps, Scheduler 0.01 seconds
[36m(RolloutGroup(rank=1) pid=97505)[0m language is None, reset current_start_frame to 0
[36m(RolloutGroup(rank=1) pid=97505)[0m videos shape torch.Size([8, 3, 4, 160, 320]) 33
[36m(RolloutGroup(rank=2) pid=97509)[0m Time taken: Total 2.47 seconds, Text Encoder 0.62 seconds, Image Encoder 0.54 seconds, VAE 0.00 seconds, KV Cache Creation 0.28 seconds, Diffusion 1.02 seconds, DIT Compute Steps 3 steps, Scheduler 0.01 seconds
[36m(RolloutGroup(rank=2) pid=97509)[0m language is None, reset current_start_frame to 0
[36m(RolloutGroup(rank=2) pid=97509)[0m videos shape torch.Size([8, 3, 4, 160, 320]) 33
[36m(RolloutGroup(rank=0) pid=97489)[0m Time taken: Total 2.47 seconds, Text Encoder 0.62 seconds, Image Encoder 0.54 seconds, VAE 0.00 seconds, KV Cache Creation 0.28 seconds, Diffusion 1.02 seconds, DIT Compute Steps 3 steps, Scheduler 0.01 seconds
[36m(RolloutGroup(rank=3) pid=97511)[0m Time taken: Total 2.47 seconds, Text Encoder 0.62 seconds, Image Encoder 0.54 seconds, VAE 0.00 seconds, KV Cache Creation 0.28 seconds, Diffusion 1.02 seconds, DIT Compute Steps 3 steps, Scheduler 0.01 seconds
[36m(RolloutGroup(rank=3) pid=97511)[0m language is None, reset current_start_frame to 0
[36m(RolloutGroup(rank=3) pid=97511)[0m videos shape torch.Size([8, 3, 4, 160, 320]) 33
[36m(RolloutGroup(rank=0) pid=97489)[0m language is None, reset current_start_frame to 0
[36m(RolloutGroup(rank=0) pid=97489)[0m videos shape torch.Size([8, 3, 4, 160, 320]) 33
[36m(RolloutGroup(rank=1) pid=97505)[0m Time taken: Total 2.46 seconds, Text Encoder 0.62 seconds, Image Encoder 0.54 seconds, VAE 0.00 seconds, KV Cache Creation 0.28 seconds, Diffusion 1.01 seconds, DIT Compute Steps 3 steps, Scheduler 0.01 seconds
[36m(RolloutGroup(rank=1) pid=97505)[0m language is None, reset current_start_frame to 0
[36m(RolloutGroup(rank=1) pid=97505)[0m videos shape torch.Size([8, 3, 4, 160, 320]) 33
[36m(RolloutGroup(rank=2) pid=97509)[0m Time taken: Total 2.47 seconds, Text Encoder 0.62 seconds, Image Encoder 0.54 seconds, VAE 0.00 seconds, KV Cache Creation 0.28 seconds, Diffusion 1.02 seconds, DIT Compute Steps 3 steps, Scheduler 0.01 seconds
[36m(RolloutGroup(rank=2) pid=97509)[0m language is None, reset current_start_frame to 0
[36m(RolloutGroup(rank=2) pid=97509)[0m videos shape torch.Size([8, 3, 4, 160, 320]) 33
[36m(RolloutGroup(rank=0) pid=97489)[0m Time taken: Total 2.47 seconds, Text Encoder 0.62 seconds, Image Encoder 0.54 seconds, VAE 0.00 seconds, KV Cache Creation 0.28 seconds, Diffusion 1.02 seconds, DIT Compute Steps 3 steps, Scheduler 0.01 seconds
[36m(RolloutGroup(rank=0) pid=97489)[0m language is None, reset current_start_frame to 0
[36m(RolloutGroup(rank=0) pid=97489)[0m videos shape torch.Size([8, 3, 4, 160, 320]) 33
[36m(RolloutGroup(rank=3) pid=97511)[0m Time taken: Total 2.47 seconds, Text Encoder 0.62 seconds, Image Encoder 0.54 seconds, VAE 0.00 seconds, KV Cache Creation 0.28 seconds, Diffusion 1.02 seconds, DIT Compute Steps 3 steps, Scheduler 0.01 seconds
[36m(RolloutGroup(rank=3) pid=97511)[0m language is None, reset current_start_frame to 0
[36m(RolloutGroup(rank=3) pid=97511)[0m videos shape torch.Size([8, 3, 4, 160, 320]) 33
[36m(RolloutGroup(rank=1) pid=97505)[0m Time taken: Total 2.47 seconds, Text Encoder 0.62 seconds, Image Encoder 0.54 seconds, VAE 0.00 seconds, KV Cache Creation 0.28 seconds, Diffusion 1.02 seconds, DIT Compute Steps 3 steps, Scheduler 0.01 seconds
[36m(RolloutGroup(rank=1) pid=97505)[0m language is None, reset current_start_frame to 0
[36m(RolloutGroup(rank=1) pid=97505)[0m videos shape torch.Size([8, 3, 4, 160, 320]) 33
[36m(RolloutGroup(rank=2) pid=97509)[0m Time taken: Total 2.47 seconds, Text Encoder 0.62 seconds, Image Encoder 0.54 seconds, VAE 0.00 seconds, KV Cache Creation 0.28 seconds, Diffusion 1.02 seconds, DIT Compute Steps 3 steps, Scheduler 0.01 seconds
[36m(RolloutGroup(rank=2) pid=97509)[0m language is None, reset current_start_frame to 0
[36m(RolloutGroup(rank=2) pid=97509)[0m videos shape torch.Size([8, 3, 4, 160, 320]) 33
[36m(RolloutGroup(rank=3) pid=97511)[0m Time taken: Total 2.47 seconds, Text Encoder 0.62 seconds, Image Encoder 0.54 seconds, VAE 0.00 seconds, KV Cache Creation 0.28 seconds, Diffusion 1.02 seconds, DIT Compute Steps 3 steps, Scheduler 0.01 seconds
[36m(RolloutGroup(rank=0) pid=97489)[0m Time taken: Total 2.47 seconds, Text Encoder 0.62 seconds, Image Encoder 0.54 seconds, VAE 0.00 seconds, KV Cache Creation 0.28 seconds, Diffusion 1.02 seconds, DIT Compute Steps 3 steps, Scheduler 0.01 seconds
[36m(RolloutGroup(rank=0) pid=97489)[0m language is None, reset current_start_frame to 0
[36m(RolloutGroup(rank=0) pid=97489)[0m videos shape torch.Size([8, 3, 4, 160, 320]) 33
[36m(RolloutGroup(rank=3) pid=97511)[0m language is None, reset current_start_frame to 0
[36m(RolloutGroup(rank=3) pid=97511)[0m videos shape torch.Size([8, 3, 4, 160, 320]) 33
[36m(RolloutGroup(rank=1) pid=97505)[0m Time taken: Total 2.47 seconds, Text Encoder 0.62 seconds, Image Encoder 0.54 seconds, VAE 0.00 seconds, KV Cache Creation 0.28 seconds, Diffusion 1.02 seconds, DIT Compute Steps 3 steps, Scheduler 0.01 seconds
[36m(RolloutGroup(rank=1) pid=97505)[0m language is None, reset current_start_frame to 0
[36m(RolloutGroup(rank=1) pid=97505)[0m videos shape torch.Size([8, 3, 4, 160, 320]) 33
[36m(RolloutGroup(rank=3) pid=97511)[0m Time taken: Total 2.47 seconds, Text Encoder 0.62 seconds, Image Encoder 0.54 seconds, VAE 0.00 seconds, KV Cache Creation 0.28 seconds, Diffusion 1.02 seconds, DIT Compute Steps 3 steps, Scheduler 0.01 seconds
[36m(RolloutGroup(rank=3) pid=97511)[0m language is None, reset current_start_frame to 0
[36m(RolloutGroup(rank=3) pid=97511)[0m videos shape torch.Size([8, 3, 4, 160, 320]) 33
[36m(RolloutGroup(rank=2) pid=97509)[0m Time taken: Total 2.47 seconds, Text Encoder 0.62 seconds, Image Encoder 0.54 seconds, VAE 0.00 seconds, KV Cache Creation 0.28 seconds, Diffusion 1.02 seconds, DIT Compute Steps 3 steps, Scheduler 0.01 seconds
[36m(RolloutGroup(rank=2) pid=97509)[0m language is None, reset current_start_frame to 0
[36m(RolloutGroup(rank=2) pid=97509)[0m videos shape torch.Size([8, 3, 4, 160, 320]) 33
[36m(RolloutGroup(rank=0) pid=97489)[0m Time taken: Total 2.47 seconds, Text Encoder 0.62 seconds, Image Encoder 0.54 seconds, VAE 0.00 seconds, KV Cache Creation 0.28 seconds, Diffusion 1.02 seconds, DIT Compute Steps 3 steps, Scheduler 0.01 seconds
[36m(RolloutGroup(rank=0) pid=97489)[0m language is None, reset current_start_frame to 0
[36m(RolloutGroup(rank=0) pid=97489)[0m videos shape torch.Size([8, 3, 4, 160, 320]) 33
[36m(RolloutGroup(rank=1) pid=97505)[0m Time taken: Total 2.47 seconds, Text Encoder 0.62 seconds, Image Encoder 0.54 seconds, VAE 0.00 seconds, KV Cache Creation 0.28 seconds, Diffusion 1.02 seconds, DIT Compute Steps 3 steps, Scheduler 0.01 seconds
[36m(RolloutGroup(rank=3) pid=97511)[0m Time taken: Total 2.47 seconds, Text Encoder 0.62 seconds, Image Encoder 0.54 seconds, VAE 0.00 seconds, KV Cache Creation 0.28 seconds, Diffusion 1.02 seconds, DIT Compute Steps 3 steps, Scheduler 0.01 seconds
[36m(RolloutGroup(rank=2) pid=97509)[0m Time taken: Total 2.46 seconds, Text Encoder 0.62 seconds, Image Encoder 0.54 seconds, VAE 0.00 seconds, KV Cache Creation 0.28 seconds, Diffusion 1.02 seconds, DIT Compute Steps 3 steps, Scheduler 0.01 seconds
[36m(RolloutGroup(rank=0) pid=97489)[0m Time taken: Total 2.47 seconds, Text Encoder 0.62 seconds, Image Encoder 0.54 seconds, VAE 0.00 seconds, KV Cache Creation 0.28 seconds, Diffusion 1.02 seconds, DIT Compute Steps 3 steps, Scheduler 0.01 seconds
[36m(RolloutGroup(rank=1) pid=97505)[0m language is None, reset current_start_frame to 0
[36m(RolloutGroup(rank=1) pid=97505)[0m videos shape torch.Size([8, 3, 4, 160, 320]) 33
[36m(RolloutGroup(rank=2) pid=97509)[0m language is None, reset current_start_frame to 0
[36m(RolloutGroup(rank=2) pid=97509)[0m videos shape torch.Size([8, 3, 4, 160, 320]) 33
[36m(RolloutGroup(rank=0) pid=97489)[0m language is None, reset current_start_frame to 0
[36m(RolloutGroup(rank=0) pid=97489)[0m videos shape torch.Size([8, 3, 4, 160, 320]) 33
[36m(RolloutGroup(rank=3) pid=97511)[0m language is None, reset current_start_frame to 0
[36m(RolloutGroup(rank=3) pid=97511)[0m videos shape torch.Size([8, 3, 4, 160, 320]) 33
[36m(RolloutGroup(rank=1) pid=97505)[0m Time taken: Total 2.46 seconds, Text Encoder 0.62 seconds, Image Encoder 0.54 seconds, VAE 0.00 seconds, KV Cache Creation 0.27 seconds, Diffusion 1.01 seconds, DIT Compute Steps 3 steps, Scheduler 0.01 seconds
[36m(RolloutGroup(rank=1) pid=97505)[0m language is None, reset current_start_frame to 0
[36m(RolloutGroup(rank=1) pid=97505)[0m videos shape torch.Size([8, 3, 4, 160, 320]) 33
[36m(RolloutGroup(rank=2) pid=97509)[0m Time taken: Total 2.46 seconds, Text Encoder 0.62 seconds, Image Encoder 0.54 seconds, VAE 0.00 seconds, KV Cache Creation 0.28 seconds, Diffusion 1.01 seconds, DIT Compute Steps 3 steps, Scheduler 0.01 seconds
[36m(RolloutGroup(rank=2) pid=97509)[0m language is None, reset current_start_frame to 0
[36m(RolloutGroup(rank=2) pid=97509)[0m videos shape torch.Size([8, 3, 4, 160, 320]) 33
[36m(RolloutGroup(rank=0) pid=97489)[0m Time taken: Total 2.47 seconds, Text Encoder 0.62 seconds, Image Encoder 0.54 seconds, VAE 0.00 seconds, KV Cache Creation 0.28 seconds, Diffusion 1.02 seconds, DIT Compute Steps 3 steps, Scheduler 0.01 seconds
[36m(RolloutGroup(rank=0) pid=97489)[0m language is None, reset current_start_frame to 0
[36m(RolloutGroup(rank=0) pid=97489)[0m videos shape torch.Size([8, 3, 4, 160, 320]) 33
[36m(RolloutGroup(rank=3) pid=97511)[0m Time taken: Total 2.47 seconds, Text Encoder 0.62 seconds, Image Encoder 0.54 seconds, VAE 0.00 seconds, KV Cache Creation 0.28 seconds, Diffusion 1.02 seconds, DIT Compute Steps 3 steps, Scheduler 0.01 seconds
[36m(RolloutGroup(rank=3) pid=97511)[0m language is None, reset current_start_frame to 0
[36m(RolloutGroup(rank=3) pid=97511)[0m videos shape torch.Size([8, 3, 4, 160, 320]) 33
[36m(RolloutGroup(rank=1) pid=97505)[0m Time taken: Total 2.46 seconds, Text Encoder 0.62 seconds, Image Encoder 0.54 seconds, VAE 0.00 seconds, KV Cache Creation 0.28 seconds, Diffusion 1.01 seconds, DIT Compute Steps 3 steps, Scheduler 0.01 seconds
[36m(RolloutGroup(rank=1) pid=97505)[0m language is None, reset current_start_frame to 0
[36m(RolloutGroup(rank=1) pid=97505)[0m videos shape torch.Size([8, 3, 4, 160, 320]) 33
[36m(RolloutGroup(rank=2) pid=97509)[0m Time taken: Total 2.46 seconds, Text Encoder 0.62 seconds, Image Encoder 0.54 seconds, VAE 0.00 seconds, KV Cache Creation 0.28 seconds, Diffusion 1.02 seconds, DIT Compute Steps 3 steps, Scheduler 0.01 seconds
[36m(RolloutGroup(rank=2) pid=97509)[0m language is None, reset current_start_frame to 0
[36m(RolloutGroup(rank=2) pid=97509)[0m videos shape torch.Size([8, 3, 4, 160, 320]) 33
[36m(RolloutGroup(rank=0) pid=97489)[0m Time taken: Total 2.47 seconds, Text Encoder 0.62 seconds, Image Encoder 0.54 seconds, VAE 0.00 seconds, KV Cache Creation 0.28 seconds, Diffusion 1.02 seconds, DIT Compute Steps 3 steps, Scheduler 0.01 seconds
[36m(RolloutGroup(rank=0) pid=97489)[0m language is None, reset current_start_frame to 0
[36m(RolloutGroup(rank=0) pid=97489)[0m videos shape torch.Size([8, 3, 4, 160, 320]) 33
[36m(RolloutGroup(rank=3) pid=97511)[0m Time taken: Total 2.47 seconds, Text Encoder 0.62 seconds, Image Encoder 0.54 seconds, VAE 0.00 seconds, KV Cache Creation 0.28 seconds, Diffusion 1.02 seconds, DIT Compute Steps 3 steps, Scheduler 0.01 seconds
[36m(RolloutGroup(rank=3) pid=97511)[0m language is None, reset current_start_frame to 0
[36m(RolloutGroup(rank=3) pid=97511)[0m videos shape torch.Size([8, 3, 4, 160, 320]) 33
[36m(RolloutGroup(rank=1) pid=97505)[0m Time taken: Total 2.46 seconds, Text Encoder 0.62 seconds, Image Encoder 0.54 seconds, VAE 0.00 seconds, KV Cache Creation 0.28 seconds, Diffusion 1.01 seconds, DIT Compute Steps 3 steps, Scheduler 0.01 seconds
[36m(RolloutGroup(rank=1) pid=97505)[0m language is None, reset current_start_frame to 0
[36m(RolloutGroup(rank=1) pid=97505)[0m videos shape torch.Size([8, 3, 4, 160, 320]) 33
[36m(RolloutGroup(rank=2) pid=97509)[0m Time taken: Total 2.47 seconds, Text Encoder 0.62 seconds, Image Encoder 0.54 seconds, VAE 0.00 seconds, KV Cache Creation 0.28 seconds, Diffusion 1.02 seconds, DIT Compute Steps 3 steps, Scheduler 0.01 seconds
[36m(RolloutGroup(rank=2) pid=97509)[0m language is None, reset current_start_frame to 0
[36m(RolloutGroup(rank=2) pid=97509)[0m videos shape torch.Size([8, 3, 4, 160, 320]) 33
[36m(RolloutGroup(rank=0) pid=97489)[0m Time taken: Total 2.48 seconds, Text Encoder 0.62 seconds, Image Encoder 0.54 seconds, VAE 0.00 seconds, KV Cache Creation 0.28 seconds, Diffusion 1.02 seconds, DIT Compute Steps 3 steps, Scheduler 0.01 seconds
[36m(RolloutGroup(rank=0) pid=97489)[0m language is None, reset current_start_frame to 0
[36m(RolloutGroup(rank=0) pid=97489)[0m videos shape torch.Size([8, 3, 4, 160, 320]) 33
[36m(RolloutGroup(rank=3) pid=97511)[0m Time taken: Total 2.47 seconds, Text Encoder 0.62 seconds, Image Encoder 0.54 seconds, VAE 0.00 seconds, KV Cache Creation 0.28 seconds, Diffusion 1.02 seconds, DIT Compute Steps 3 steps, Scheduler 0.01 seconds
[36m(RolloutGroup(rank=3) pid=97511)[0m language is None, reset current_start_frame to 0
[36m(RolloutGroup(rank=3) pid=97511)[0m videos shape torch.Size([8, 3, 4, 160, 320]) 33
[36m(RolloutGroup(rank=1) pid=97505)[0m Time taken: Total 2.48 seconds, Text Encoder 0.62 seconds, Image Encoder 0.54 seconds, VAE 0.00 seconds, KV Cache Creation 0.28 seconds, Diffusion 1.03 seconds, DIT Compute Steps 3 steps, Scheduler 0.01 seconds
[36m(RolloutGroup(rank=1) pid=97505)[0m language is None, reset current_start_frame to 0
[36m(RolloutGroup(rank=1) pid=97505)[0m videos shape torch.Size([8, 3, 4, 160, 320]) 33
[36m(RolloutGroup(rank=2) pid=97509)[0m Time taken: Total 2.47 seconds, Text Encoder 0.62 seconds, Image Encoder 0.54 seconds, VAE 0.00 seconds, KV Cache Creation 0.28 seconds, Diffusion 1.02 seconds, DIT Compute Steps 3 steps, Scheduler 0.01 seconds
[36m(RolloutGroup(rank=2) pid=97509)[0m language is None, reset current_start_frame to 0
[36m(RolloutGroup(rank=2) pid=97509)[0m videos shape torch.Size([8, 3, 4, 160, 320]) 33
[36m(RolloutGroup(rank=0) pid=97489)[0m Time taken: Total 2.47 seconds, Text Encoder 0.62 seconds, Image Encoder 0.54 seconds, VAE 0.00 seconds, KV Cache Creation 0.28 seconds, Diffusion 1.02 seconds, DIT Compute Steps 3 steps, Scheduler 0.01 seconds
[36m(RolloutGroup(rank=0) pid=97489)[0m language is None, reset current_start_frame to 0
[36m(RolloutGroup(rank=0) pid=97489)[0m videos shape torch.Size([8, 3, 4, 160, 320]) 33
[36m(RolloutGroup(rank=3) pid=97511)[0m Time taken: Total 2.47 seconds, Text Encoder 0.62 seconds, Image Encoder 0.54 seconds, VAE 0.00 seconds, KV Cache Creation 0.28 seconds, Diffusion 1.02 seconds, DIT Compute Steps 3 steps, Scheduler 0.01 seconds
[36m(RolloutGroup(rank=3) pid=97511)[0m language is None, reset current_start_frame to 0
[36m(RolloutGroup(rank=3) pid=97511)[0m videos shape torch.Size([8, 3, 4, 160, 320]) 33
[36m(RolloutGroup(rank=1) pid=97505)[0m Time taken: Total 2.47 seconds, Text Encoder 0.62 seconds, Image Encoder 0.54 seconds, VAE 0.00 seconds, KV Cache Creation 0.28 seconds, Diffusion 1.02 seconds, DIT Compute Steps 3 steps, Scheduler 0.01 seconds
[36m(RolloutGroup(rank=1) pid=97505)[0m language is None, reset current_start_frame to 0
[36m(RolloutGroup(rank=1) pid=97505)[0m videos shape torch.Size([8, 3, 4, 160, 320]) 33
[36m(RolloutGroup(rank=2) pid=97509)[0m Time taken: Total 2.46 seconds, Text Encoder 0.62 seconds, Image Encoder 0.54 seconds, VAE 0.00 seconds, KV Cache Creation 0.28 seconds, Diffusion 1.01 seconds, DIT Compute Steps 3 steps, Scheduler 0.01 seconds
[36m(RolloutGroup(rank=2) pid=97509)[0m language is None, reset current_start_frame to 0
[36m(RolloutGroup(rank=2) pid=97509)[0m videos shape torch.Size([8, 3, 4, 160, 320]) 33
[36m(RolloutGroup(rank=0) pid=97489)[0m Time taken: Total 2.47 seconds, Text Encoder 0.62 seconds, Image Encoder 0.54 seconds, VAE 0.00 seconds, KV Cache Creation 0.28 seconds, Diffusion 1.02 seconds, DIT Compute Steps 3 steps, Scheduler 0.01 seconds
[36m(RolloutGroup(rank=0) pid=97489)[0m language is None, reset current_start_frame to 0
[36m(RolloutGroup(rank=0) pid=97489)[0m videos shape torch.Size([8, 3, 4, 160, 320]) 33
[36m(RolloutGroup(rank=3) pid=97511)[0m Time taken: Total 2.47 seconds, Text Encoder 0.62 seconds, Image Encoder 0.54 seconds, VAE 0.00 seconds, KV Cache Creation 0.28 seconds, Diffusion 1.02 seconds, DIT Compute Steps 3 steps, Scheduler 0.01 seconds
[36m(RolloutGroup(rank=3) pid=97511)[0m language is None, reset current_start_frame to 0
[36m(RolloutGroup(rank=3) pid=97511)[0m videos shape torch.Size([8, 3, 4, 160, 320]) 33
[36m(RolloutGroup(rank=1) pid=97505)[0m Time taken: Total 2.47 seconds, Text Encoder 0.62 seconds, Image Encoder 0.54 seconds, VAE 0.00 seconds, KV Cache Creation 0.28 seconds, Diffusion 1.02 seconds, DIT Compute Steps 3 steps, Scheduler 0.01 seconds
[36m(RolloutGroup(rank=1) pid=97505)[0m language is None, reset current_start_frame to 0
[36m(RolloutGroup(rank=1) pid=97505)[0m videos shape torch.Size([8, 3, 4, 160, 320]) 33
[36m(RolloutGroup(rank=2) pid=97509)[0m Time taken: Total 2.47 seconds, Text Encoder 0.62 seconds, Image Encoder 0.54 seconds, VAE 0.00 seconds, KV Cache Creation 0.28 seconds, Diffusion 1.02 seconds, DIT Compute Steps 3 steps, Scheduler 0.01 seconds
[36m(RolloutGroup(rank=2) pid=97509)[0m language is None, reset current_start_frame to 0
[36m(RolloutGroup(rank=2) pid=97509)[0m videos shape torch.Size([8, 3, 4, 160, 320]) 33
[36m(RolloutGroup(rank=0) pid=97489)[0m Time taken: Total 2.47 seconds, Text Encoder 0.62 seconds, Image Encoder 0.54 seconds, VAE 0.00 seconds, KV Cache Creation 0.28 seconds, Diffusion 1.02 seconds, DIT Compute Steps 3 steps, Scheduler 0.01 seconds
[36m(RolloutGroup(rank=0) pid=97489)[0m language is None, reset current_start_frame to 0
[36m(RolloutGroup(rank=0) pid=97489)[0m videos shape torch.Size([8, 3, 4, 160, 320]) 33
[36m(RolloutGroup(rank=3) pid=97511)[0m Time taken: Total 2.47 seconds, Text Encoder 0.62 seconds, Image Encoder 0.54 seconds, VAE 0.00 seconds, KV Cache Creation 0.28 seconds, Diffusion 1.02 seconds, DIT Compute Steps 3 steps, Scheduler 0.01 seconds
[36m(RolloutGroup(rank=3) pid=97511)[0m language is None, reset current_start_frame to 0
[36m(RolloutGroup(rank=3) pid=97511)[0m videos shape torch.Size([8, 3, 4, 160, 320]) 33
[36m(RolloutGroup(rank=1) pid=97505)[0m Time taken: Total 2.47 seconds, Text Encoder 0.62 seconds, Image Encoder 0.54 seconds, VAE 0.00 seconds, KV Cache Creation 0.28 seconds, Diffusion 1.02 seconds, DIT Compute Steps 3 steps, Scheduler 0.01 seconds
[36m(RolloutGroup(rank=1) pid=97505)[0m language is None, reset current_start_frame to 0
[36m(RolloutGroup(rank=1) pid=97505)[0m videos shape torch.Size([8, 3, 4, 160, 320]) 33
[36m(RolloutGroup(rank=2) pid=97509)[0m Time taken: Total 2.46 seconds, Text Encoder 0.62 seconds, Image Encoder 0.54 seconds, VAE 0.00 seconds, KV Cache Creation 0.27 seconds, Diffusion 1.01 seconds, DIT Compute Steps 3 steps, Scheduler 0.01 seconds
[36m(RolloutGroup(rank=2) pid=97509)[0m language is None, reset current_start_frame to 0
[36m(RolloutGroup(rank=2) pid=97509)[0m videos shape torch.Size([8, 3, 4, 160, 320]) 33
[36m(RolloutGroup(rank=0) pid=97489)[0m Time taken: Total 2.47 seconds, Text Encoder 0.62 seconds, Image Encoder 0.54 seconds, VAE 0.00 seconds, KV Cache Creation 0.28 seconds, Diffusion 1.02 seconds, DIT Compute Steps 3 steps, Scheduler 0.01 seconds
[36m(RolloutGroup(rank=0) pid=97489)[0m language is None, reset current_start_frame to 0
[36m(RolloutGroup(rank=0) pid=97489)[0m videos shape torch.Size([8, 3, 4, 160, 320]) 33
[36m(RolloutGroup(rank=3) pid=97511)[0m Time taken: Total 2.47 seconds, Text Encoder 0.62 seconds, Image Encoder 0.54 seconds, VAE 0.00 seconds, KV Cache Creation 0.28 seconds, Diffusion 1.02 seconds, DIT Compute Steps 3 steps, Scheduler 0.01 seconds
[36m(RolloutGroup(rank=3) pid=97511)[0m language is None, reset current_start_frame to 0
[36m(RolloutGroup(rank=3) pid=97511)[0m videos shape torch.Size([8, 3, 4, 160, 320]) 33
[36m(RolloutGroup(rank=1) pid=97505)[0m Time taken: Total 2.47 seconds, Text Encoder 0.62 seconds, Image Encoder 0.54 seconds, VAE 0.00 seconds, KV Cache Creation 0.28 seconds, Diffusion 1.02 seconds, DIT Compute Steps 3 steps, Scheduler 0.01 seconds
[36m(RolloutGroup(rank=1) pid=97505)[0m language is None, reset current_start_frame to 0
[36m(RolloutGroup(rank=1) pid=97505)[0m videos shape torch.Size([8, 3, 4, 160, 320]) 33
[36m(RolloutGroup(rank=2) pid=97509)[0m Time taken: Total 2.46 seconds, Text Encoder 0.62 seconds, Image Encoder 0.54 seconds, VAE 0.00 seconds, KV Cache Creation 0.28 seconds, Diffusion 1.01 seconds, DIT Compute Steps 3 steps, Scheduler 0.01 seconds
[36m(RolloutGroup(rank=2) pid=97509)[0m language is None, reset current_start_frame to 0
[36m(RolloutGroup(rank=2) pid=97509)[0m videos shape torch.Size([8, 3, 4, 160, 320]) 33
[36m(RolloutGroup(rank=0) pid=97489)[0m Time taken: Total 2.47 seconds, Text Encoder 0.62 seconds, Image Encoder 0.54 seconds, VAE 0.00 seconds, KV Cache Creation 0.28 seconds, Diffusion 1.02 seconds, DIT Compute Steps 3 steps, Scheduler 0.01 seconds
[36m(RolloutGroup(rank=0) pid=97489)[0m language is None, reset current_start_frame to 0
[36m(RolloutGroup(rank=0) pid=97489)[0m videos shape torch.Size([8, 3, 4, 160, 320]) 33
[36m(RolloutGroup(rank=3) pid=97511)[0m Time taken: Total 2.47 seconds, Text Encoder 0.62 seconds, Image Encoder 0.54 seconds, VAE 0.00 seconds, KV Cache Creation 0.28 seconds, Diffusion 1.01 seconds, DIT Compute Steps 3 steps, Scheduler 0.01 seconds
[36m(RolloutGroup(rank=3) pid=97511)[0m language is None, reset current_start_frame to 0
[36m(RolloutGroup(rank=3) pid=97511)[0m videos shape torch.Size([8, 3, 4, 160, 320]) 33
[36m(RolloutGroup(rank=1) pid=97505)[0m Time taken: Total 2.47 seconds, Text Encoder 0.62 seconds, Image Encoder 0.54 seconds, VAE 0.00 seconds, KV Cache Creation 0.28 seconds, Diffusion 1.02 seconds, DIT Compute Steps 3 steps, Scheduler 0.01 seconds
[36m(RolloutGroup(rank=1) pid=97505)[0m language is None, reset current_start_frame to 0
[36m(RolloutGroup(rank=1) pid=97505)[0m videos shape torch.Size([8, 3, 4, 160, 320]) 33
[36m(RolloutGroup(rank=2) pid=97509)[0m Time taken: Total 2.46 seconds, Text Encoder 0.62 seconds, Image Encoder 0.54 seconds, VAE 0.00 seconds, KV Cache Creation 0.28 seconds, Diffusion 1.01 seconds, DIT Compute Steps 3 steps, Scheduler 0.01 seconds
[36m(RolloutGroup(rank=2) pid=97509)[0m language is None, reset current_start_frame to 0
[36m(RolloutGroup(rank=2) pid=97509)[0m videos shape torch.Size([8, 3, 4, 160, 320]) 33
[36m(RolloutGroup(rank=3) pid=97511)[0m Time taken: Total 2.47 seconds, Text Encoder 0.62 seconds, Image Encoder 0.54 seconds, VAE 0.00 seconds, KV Cache Creation 0.28 seconds, Diffusion 1.02 seconds, DIT Compute Steps 3 steps, Scheduler 0.01 seconds
[36m(RolloutGroup(rank=3) pid=97511)[0m language is None, reset current_start_frame to 0
[36m(RolloutGroup(rank=3) pid=97511)[0m videos shape torch.Size([8, 3, 4, 160, 320]) 33
[36m(RolloutGroup(rank=0) pid=97489)[0m Time taken: Total 2.47 seconds, Text Encoder 0.62 seconds, Image Encoder 0.54 seconds, VAE 0.00 seconds, KV Cache Creation 0.28 seconds, Diffusion 1.02 seconds, DIT Compute Steps 3 steps, Scheduler 0.01 seconds
[36m(RolloutGroup(rank=0) pid=97489)[0m language is None, reset current_start_frame to 0
[36m(RolloutGroup(rank=0) pid=97489)[0m videos shape torch.Size([8, 3, 4, 160, 320]) 33
[36m(RolloutGroup(rank=1) pid=97505)[0m Time taken: Total 2.47 seconds, Text Encoder 0.62 seconds, Image Encoder 0.54 seconds, VAE 0.00 seconds, KV Cache Creation 0.28 seconds, Diffusion 1.02 seconds, DIT Compute Steps 3 steps, Scheduler 0.01 seconds
[36m(RolloutGroup(rank=2) pid=97509)[0m Time taken: Total 2.46 seconds, Text Encoder 0.62 seconds, Image Encoder 0.54 seconds, VAE 0.00 seconds, KV Cache Creation 0.28 seconds, Diffusion 1.01 seconds, DIT Compute Steps 3 steps, Scheduler 0.01 seconds
[36m(RolloutGroup(rank=0) pid=97489)[0m Time taken: Total 2.47 seconds, Text Encoder 0.62 seconds, Image Encoder 0.54 seconds, VAE 0.00 seconds, KV Cache Creation 0.28 seconds, Diffusion 1.02 seconds, DIT Compute Steps 3 steps, Scheduler 0.01 seconds
[36m(RolloutGroup(rank=3) pid=97511)[0m Time taken: Total 2.47 seconds, Text Encoder 0.62 seconds, Image Encoder 0.54 seconds, VAE 0.00 seconds, KV Cache Creation 0.28 seconds, Diffusion 1.02 seconds, DIT Compute Steps 3 steps, Scheduler 0.01 seconds
[36m(RolloutGroup(rank=1) pid=97505)[0m language is None, reset current_start_frame to 0
[36m(RolloutGroup(rank=1) pid=97505)[0m videos shape torch.Size([8, 3, 4, 160, 320]) 33
[36m(RolloutGroup(rank=2) pid=97509)[0m language is None, reset current_start_frame to 0
[36m(RolloutGroup(rank=2) pid=97509)[0m videos shape torch.Size([8, 3, 4, 160, 320]) 33
[36m(RolloutGroup(rank=3) pid=97511)[0m language is None, reset current_start_frame to 0
[36m(RolloutGroup(rank=3) pid=97511)[0m videos shape torch.Size([8, 3, 4, 160, 320]) 33
[36m(RolloutGroup(rank=0) pid=97489)[0m language is None, reset current_start_frame to 0
[36m(RolloutGroup(rank=0) pid=97489)[0m videos shape torch.Size([8, 3, 4, 160, 320]) 33
[36m(RolloutGroup(rank=1) pid=97505)[0m Time taken: Total 2.46 seconds, Text Encoder 0.62 seconds, Image Encoder 0.54 seconds, VAE 0.00 seconds, KV Cache Creation 0.28 seconds, Diffusion 1.02 seconds, DIT Compute Steps 3 steps, Scheduler 0.01 seconds
[36m(RolloutGroup(rank=1) pid=97505)[0m language is None, reset current_start_frame to 0
[36m(RolloutGroup(rank=1) pid=97505)[0m videos shape torch.Size([8, 3, 4, 160, 320]) 33
[36m(RolloutGroup(rank=2) pid=97509)[0m Time taken: Total 2.47 seconds, Text Encoder 0.62 seconds, Image Encoder 0.54 seconds, VAE 0.00 seconds, KV Cache Creation 0.28 seconds, Diffusion 1.02 seconds, DIT Compute Steps 3 steps, Scheduler 0.01 seconds
[36m(RolloutGroup(rank=2) pid=97509)[0m language is None, reset current_start_frame to 0
[36m(RolloutGroup(rank=2) pid=97509)[0m videos shape torch.Size([8, 3, 4, 160, 320]) 33
[36m(RolloutGroup(rank=3) pid=97511)[0m Time taken: Total 2.47 seconds, Text Encoder 0.62 seconds, Image Encoder 0.54 seconds, VAE 0.00 seconds, KV Cache Creation 0.28 seconds, Diffusion 1.02 seconds, DIT Compute Steps 3 steps, Scheduler 0.01 seconds
[36m(RolloutGroup(rank=3) pid=97511)[0m language is None, reset current_start_frame to 0
[36m(RolloutGroup(rank=3) pid=97511)[0m videos shape torch.Size([8, 3, 4, 160, 320]) 33
[36m(RolloutGroup(rank=0) pid=97489)[0m Time taken: Total 2.47 seconds, Text Encoder 0.62 seconds, Image Encoder 0.54 seconds, VAE 0.00 seconds, KV Cache Creation 0.28 seconds, Diffusion 1.02 seconds, DIT Compute Steps 3 steps, Scheduler 0.01 seconds
[36m(RolloutGroup(rank=0) pid=97489)[0m language is None, reset current_start_frame to 0
[36m(RolloutGroup(rank=0) pid=97489)[0m videos shape torch.Size([8, 3, 4, 160, 320]) 33
[36m(RolloutGroup(rank=1) pid=97505)[0m Time taken: Total 2.46 seconds, Text Encoder 0.62 seconds, Image Encoder 0.54 seconds, VAE 0.00 seconds, KV Cache Creation 0.28 seconds, Diffusion 1.02 seconds, DIT Compute Steps 3 steps, Scheduler 0.01 seconds
[36m(RolloutGroup(rank=1) pid=97505)[0m language is None, reset current_start_frame to 0
[36m(RolloutGroup(rank=1) pid=97505)[0m videos shape torch.Size([8, 3, 4, 160, 320]) 33
[36m(RolloutGroup(rank=2) pid=97509)[0m Time taken: Total 2.47 seconds, Text Encoder 0.62 seconds, Image Encoder 0.54 seconds, VAE 0.00 seconds, KV Cache Creation 0.28 seconds, Diffusion 1.02 seconds, DIT Compute Steps 3 steps, Scheduler 0.01 seconds
[36m(RolloutGroup(rank=2) pid=97509)[0m language is None, reset current_start_frame to 0
[36m(RolloutGroup(rank=2) pid=97509)[0m videos shape torch.Size([8, 3, 4, 160, 320]) 33
[36m(RolloutGroup(rank=3) pid=97511)[0m Time taken: Total 2.47 seconds, Text Encoder 0.62 seconds, Image Encoder 0.54 seconds, VAE 0.00 seconds, KV Cache Creation 0.28 seconds, Diffusion 1.02 seconds, DIT Compute Steps 3 steps, Scheduler 0.01 seconds
[36m(RolloutGroup(rank=3) pid=97511)[0m language is None, reset current_start_frame to 0
[36m(RolloutGroup(rank=3) pid=97511)[0m videos shape torch.Size([8, 3, 4, 160, 320]) 33
[36m(RolloutGroup(rank=0) pid=97489)[0m Time taken: Total 2.47 seconds, Text Encoder 0.62 seconds, Image Encoder 0.54 seconds, VAE 0.00 seconds, KV Cache Creation 0.28 seconds, Diffusion 1.02 seconds, DIT Compute Steps 3 steps, Scheduler 0.01 seconds
[36m(RolloutGroup(rank=0) pid=97489)[0m language is None, reset current_start_frame to 0
[36m(RolloutGroup(rank=0) pid=97489)[0m videos shape torch.Size([8, 3, 4, 160, 320]) 33
[36m(RolloutGroup(rank=1) pid=97505)[0m Time taken: Total 2.46 seconds, Text Encoder 0.62 seconds, Image Encoder 0.54 seconds, VAE 0.00 seconds, KV Cache Creation 0.28 seconds, Diffusion 1.01 seconds, DIT Compute Steps 3 steps, Scheduler 0.01 seconds
[36m(RolloutGroup(rank=1) pid=97505)[0m language is None, reset current_start_frame to 0
[36m(RolloutGroup(rank=1) pid=97505)[0m videos shape torch.Size([8, 3, 4, 160, 320]) 33
[36m(RolloutGroup(rank=2) pid=97509)[0m Time taken: Total 2.47 seconds, Text Encoder 0.62 seconds, Image Encoder 0.54 seconds, VAE 0.00 seconds, KV Cache Creation 0.28 seconds, Diffusion 1.02 seconds, DIT Compute Steps 3 steps, Scheduler 0.01 seconds
[36m(RolloutGroup(rank=2) pid=97509)[0m language is None, reset current_start_frame to 0
[36m(RolloutGroup(rank=2) pid=97509)[0m videos shape torch.Size([8, 3, 4, 160, 320]) 33
[36m(RolloutGroup(rank=3) pid=97511)[0m Time taken: Total 2.47 seconds, Text Encoder 0.62 seconds, Image Encoder 0.54 seconds, VAE 0.00 seconds, KV Cache Creation 0.28 seconds, Diffusion 1.02 seconds, DIT Compute Steps 3 steps, Scheduler 0.01 seconds
[36m(RolloutGroup(rank=3) pid=97511)[0m language is None, reset current_start_frame to 0
[36m(RolloutGroup(rank=3) pid=97511)[0m videos shape torch.Size([8, 3, 4, 160, 320]) 33
[36m(RolloutGroup(rank=0) pid=97489)[0m Time taken: Total 2.47 seconds, Text Encoder 0.62 seconds, Image Encoder 0.54 seconds, VAE 0.00 seconds, KV Cache Creation 0.28 seconds, Diffusion 1.02 seconds, DIT Compute Steps 3 steps, Scheduler 0.01 seconds
[36m(RolloutGroup(rank=0) pid=97489)[0m language is None, reset current_start_frame to 0
[36m(RolloutGroup(rank=0) pid=97489)[0m videos shape torch.Size([8, 3, 4, 160, 320]) 33
[36m(RolloutGroup(rank=1) pid=97505)[0m Time taken: Total 2.47 seconds, Text Encoder 0.62 seconds, Image Encoder 0.54 seconds, VAE 0.00 seconds, KV Cache Creation 0.28 seconds, Diffusion 1.02 seconds, DIT Compute Steps 3 steps, Scheduler 0.01 seconds
[36m(RolloutGroup(rank=1) pid=97505)[0m language is None, reset current_start_frame to 0
[36m(RolloutGroup(rank=1) pid=97505)[0m videos shape torch.Size([8, 3, 4, 160, 320]) 33
[36m(RolloutGroup(rank=2) pid=97509)[0m Time taken: Total 2.46 seconds, Text Encoder 0.62 seconds, Image Encoder 0.54 seconds, VAE 0.00 seconds, KV Cache Creation 0.28 seconds, Diffusion 1.01 seconds, DIT Compute Steps 3 steps, Scheduler 0.01 seconds
[36m(RolloutGroup(rank=2) pid=97509)[0m language is None, reset current_start_frame to 0
[36m(RolloutGroup(rank=2) pid=97509)[0m videos shape torch.Size([8, 3, 4, 160, 320]) 33
[36m(RolloutGroup(rank=3) pid=97511)[0m Time taken: Total 2.47 seconds, Text Encoder 0.62 seconds, Image Encoder 0.54 seconds, VAE 0.00 seconds, KV Cache Creation 0.28 seconds, Diffusion 1.02 seconds, DIT Compute Steps 3 steps, Scheduler 0.01 seconds
[36m(RolloutGroup(rank=3) pid=97511)[0m language is None, reset current_start_frame to 0
[36m(RolloutGroup(rank=3) pid=97511)[0m videos shape torch.Size([8, 3, 4, 160, 320]) 33
[36m(RolloutGroup(rank=0) pid=97489)[0m Time taken: Total 2.47 seconds, Text Encoder 0.62 seconds, Image Encoder 0.54 seconds, VAE 0.00 seconds, KV Cache Creation 0.28 seconds, Diffusion 1.02 seconds, DIT Compute Steps 3 steps, Scheduler 0.01 seconds
[36m(RolloutGroup(rank=0) pid=97489)[0m language is None, reset current_start_frame to 0
[36m(RolloutGroup(rank=0) pid=97489)[0m videos shape torch.Size([8, 3, 4, 160, 320]) 33
[36m(RolloutGroup(rank=1) pid=97505)[0m Time taken: Total 2.47 seconds, Text Encoder 0.62 seconds, Image Encoder 0.54 seconds, VAE 0.00 seconds, KV Cache Creation 0.28 seconds, Diffusion 1.02 seconds, DIT Compute Steps 3 steps, Scheduler 0.01 seconds
[36m(RolloutGroup(rank=1) pid=97505)[0m language is None, reset current_start_frame to 0
[36m(RolloutGroup(rank=1) pid=97505)[0m videos shape torch.Size([8, 3, 4, 160, 320]) 33
[36m(RolloutGroup(rank=2) pid=97509)[0m Time taken: Total 2.47 seconds, Text Encoder 0.62 seconds, Image Encoder 0.54 seconds, VAE 0.00 seconds, KV Cache Creation 0.28 seconds, Diffusion 1.02 seconds, DIT Compute Steps 3 steps, Scheduler 0.01 seconds
[36m(RolloutGroup(rank=2) pid=97509)[0m language is None, reset current_start_frame to 0
[36m(RolloutGroup(rank=2) pid=97509)[0m videos shape torch.Size([8, 3, 4, 160, 320]) 33
[36m(RolloutGroup(rank=3) pid=97511)[0m Time taken: Total 2.47 seconds, Text Encoder 0.62 seconds, Image Encoder 0.54 seconds, VAE 0.00 seconds, KV Cache Creation 0.28 seconds, Diffusion 1.02 seconds, DIT Compute Steps 3 steps, Scheduler 0.01 seconds
[36m(RolloutGroup(rank=3) pid=97511)[0m language is None, reset current_start_frame to 0
[36m(RolloutGroup(rank=3) pid=97511)[0m videos shape torch.Size([8, 3, 4, 160, 320]) 33
[36m(RolloutGroup(rank=0) pid=97489)[0m Time taken: Total 2.47 seconds, Text Encoder 0.62 seconds, Image Encoder 0.54 seconds, VAE 0.00 seconds, KV Cache Creation 0.28 seconds, Diffusion 1.02 seconds, DIT Compute Steps 3 steps, Scheduler 0.01 seconds
[36m(RolloutGroup(rank=0) pid=97489)[0m language is None, reset current_start_frame to 0
[36m(RolloutGroup(rank=0) pid=97489)[0m videos shape torch.Size([8, 3, 4, 160, 320]) 33
[36m(RolloutGroup(rank=1) pid=97505)[0m Time taken: Total 2.47 seconds, Text Encoder 0.62 seconds, Image Encoder 0.54 seconds, VAE 0.00 seconds, KV Cache Creation 0.28 seconds, Diffusion 1.02 seconds, DIT Compute Steps 3 steps, Scheduler 0.01 seconds
[36m(RolloutGroup(rank=1) pid=97505)[0m language is None, reset current_start_frame to 0
[36m(RolloutGroup(rank=1) pid=97505)[0m videos shape torch.Size([8, 3, 4, 160, 320]) 33
[36m(RolloutGroup(rank=2) pid=97509)[0m Time taken: Total 2.46 seconds, Text Encoder 0.62 seconds, Image Encoder 0.54 seconds, VAE 0.00 seconds, KV Cache Creation 0.28 seconds, Diffusion 1.02 seconds, DIT Compute Steps 3 steps, Scheduler 0.01 seconds
[36m(RolloutGroup(rank=2) pid=97509)[0m language is None, reset current_start_frame to 0
[36m(RolloutGroup(rank=2) pid=97509)[0m videos shape torch.Size([8, 3, 4, 160, 320]) 33
[36m(RolloutGroup(rank=3) pid=97511)[0m Time taken: Total 2.47 seconds, Text Encoder 0.62 seconds, Image Encoder 0.54 seconds, VAE 0.00 seconds, KV Cache Creation 0.28 seconds, Diffusion 1.02 seconds, DIT Compute Steps 3 steps, Scheduler 0.01 seconds
[36m(RolloutGroup(rank=3) pid=97511)[0m language is None, reset current_start_frame to 0
[36m(RolloutGroup(rank=3) pid=97511)[0m videos shape torch.Size([8, 3, 4, 160, 320]) 33
[36m(RolloutGroup(rank=0) pid=97489)[0m Time taken: Total 2.47 seconds, Text Encoder 0.62 seconds, Image Encoder 0.54 seconds, VAE 0.00 seconds, KV Cache Creation 0.28 seconds, Diffusion 1.02 seconds, DIT Compute Steps 3 steps, Scheduler 0.01 seconds
[36m(RolloutGroup(rank=0) pid=97489)[0m language is None, reset current_start_frame to 0
[36m(RolloutGroup(rank=0) pid=97489)[0m videos shape torch.Size([8, 3, 4, 160, 320]) 33
[36m(RolloutGroup(rank=1) pid=97505)[0m Time taken: Total 2.46 seconds, Text Encoder 0.62 seconds, Image Encoder 0.54 seconds, VAE 0.00 seconds, KV Cache Creation 0.28 seconds, Diffusion 1.01 seconds, DIT Compute Steps 3 steps, Scheduler 0.01 seconds
[36m(RolloutGroup(rank=1) pid=97505)[0m language is None, reset current_start_frame to 0
[36m(RolloutGroup(rank=1) pid=97505)[0m videos shape torch.Size([8, 3, 4, 160, 320]) 33
[36m(RolloutGroup(rank=2) pid=97509)[0m Time taken: Total 2.46 seconds, Text Encoder 0.62 seconds, Image Encoder 0.54 seconds, VAE 0.00 seconds, KV Cache Creation 0.28 seconds, Diffusion 1.01 seconds, DIT Compute Steps 3 steps, Scheduler 0.01 seconds
[36m(RolloutGroup(rank=2) pid=97509)[0m language is None, reset current_start_frame to 0
[36m(RolloutGroup(rank=2) pid=97509)[0m videos shape torch.Size([8, 3, 4, 160, 320]) 33
[36m(RolloutGroup(rank=3) pid=97511)[0m Time taken: Total 2.47 seconds, Text Encoder 0.62 seconds, Image Encoder 0.55 seconds, VAE 0.00 seconds, KV Cache Creation 0.28 seconds, Diffusion 1.02 seconds, DIT Compute Steps 3 steps, Scheduler 0.01 seconds
[36m(RolloutGroup(rank=3) pid=97511)[0m language is None, reset current_start_frame to 0
[36m(RolloutGroup(rank=3) pid=97511)[0m videos shape torch.Size([8, 3, 4, 160, 320]) 33
[36m(RolloutGroup(rank=0) pid=97489)[0m Time taken: Total 2.47 seconds, Text Encoder 0.62 seconds, Image Encoder 0.54 seconds, VAE 0.00 seconds, KV Cache Creation 0.28 seconds, Diffusion 1.02 seconds, DIT Compute Steps 3 steps, Scheduler 0.01 seconds
[36m(RolloutGroup(rank=0) pid=97489)[0m language is None, reset current_start_frame to 0
[36m(RolloutGroup(rank=0) pid=97489)[0m videos shape torch.Size([8, 3, 4, 160, 320]) 33
[36m(RolloutGroup(rank=1) pid=97505)[0m Time taken: Total 2.46 seconds, Text Encoder 0.62 seconds, Image Encoder 0.54 seconds, VAE 0.00 seconds, KV Cache Creation 0.28 seconds, Diffusion 1.02 seconds, DIT Compute Steps 3 steps, Scheduler 0.01 seconds
[36m(RolloutGroup(rank=1) pid=97505)[0m language is None, reset current_start_frame to 0
[36m(RolloutGroup(rank=1) pid=97505)[0m videos shape torch.Size([8, 3, 4, 160, 320]) 33
[36m(RolloutGroup(rank=2) pid=97509)[0m Time taken: Total 2.46 seconds, Text Encoder 0.62 seconds, Image Encoder 0.54 seconds, VAE 0.00 seconds, KV Cache Creation 0.28 seconds, Diffusion 1.01 seconds, DIT Compute Steps 3 steps, Scheduler 0.01 seconds
[36m(RolloutGroup(rank=2) pid=97509)[0m language is None, reset current_start_frame to 0
[36m(RolloutGroup(rank=2) pid=97509)[0m videos shape torch.Size([8, 3, 4, 160, 320]) 33
[36m(RolloutGroup(rank=0) pid=97489)[0m Time taken: Total 2.47 seconds, Text Encoder 0.62 seconds, Image Encoder 0.54 seconds, VAE 0.00 seconds, KV Cache Creation 0.28 seconds, Diffusion 1.02 seconds, DIT Compute Steps 3 steps, Scheduler 0.01 seconds
[36m(RolloutGroup(rank=0) pid=97489)[0m language is None, reset current_start_frame to 0
[36m(RolloutGroup(rank=0) pid=97489)[0m videos shape torch.Size([8, 3, 4, 160, 320]) 33
[36m(RolloutGroup(rank=3) pid=97511)[0m Time taken: Total 2.47 seconds, Text Encoder 0.62 seconds, Image Encoder 0.54 seconds, VAE 0.00 seconds, KV Cache Creation 0.28 seconds, Diffusion 1.02 seconds, DIT Compute Steps 3 steps, Scheduler 0.01 seconds
[36m(RolloutGroup(rank=3) pid=97511)[0m language is None, reset current_start_frame to 0
[36m(RolloutGroup(rank=3) pid=97511)[0m videos shape torch.Size([8, 3, 4, 160, 320]) 33
[36m(RolloutGroup(rank=1) pid=97505)[0m Time taken: Total 2.46 seconds, Text Encoder 0.62 seconds, Image Encoder 0.54 seconds, VAE 0.00 seconds, KV Cache Creation 0.28 seconds, Diffusion 1.02 seconds, DIT Compute Steps 3 steps, Scheduler 0.01 seconds
[36m(RolloutGroup(rank=1) pid=97505)[0m language is None, reset current_start_frame to 0
[36m(RolloutGroup(rank=1) pid=97505)[0m videos shape torch.Size([8, 3, 4, 160, 320]) 33
[36m(RolloutGroup(rank=2) pid=97509)[0m Time taken: Total 2.46 seconds, Text Encoder 0.62 seconds, Image Encoder 0.54 seconds, VAE 0.00 seconds, KV Cache Creation 0.27 seconds, Diffusion 1.01 seconds, DIT Compute Steps 3 steps, Scheduler 0.01 seconds
[36m(RolloutGroup(rank=2) pid=97509)[0m language is None, reset current_start_frame to 0
[36m(RolloutGroup(rank=2) pid=97509)[0m videos shape torch.Size([8, 3, 4, 160, 320]) 33
[36m(RolloutGroup(rank=0) pid=97489)[0m Time taken: Total 2.47 seconds, Text Encoder 0.62 seconds, Image Encoder 0.54 seconds, VAE 0.00 seconds, KV Cache Creation 0.28 seconds, Diffusion 1.02 seconds, DIT Compute Steps 3 steps, Scheduler 0.01 seconds
[36m(RolloutGroup(rank=0) pid=97489)[0m language is None, reset current_start_frame to 0
[36m(RolloutGroup(rank=0) pid=97489)[0m videos shape torch.Size([8, 3, 4, 160, 320]) 33
[36m(RolloutGroup(rank=3) pid=97511)[0m Time taken: Total 2.48 seconds, Text Encoder 0.62 seconds, Image Encoder 0.54 seconds, VAE 0.00 seconds, KV Cache Creation 0.28 seconds, Diffusion 1.02 seconds, DIT Compute Steps 3 steps, Scheduler 0.01 seconds
[36m(RolloutGroup(rank=3) pid=97511)[0m language is None, reset current_start_frame to 0
[36m(RolloutGroup(rank=3) pid=97511)[0m videos shape torch.Size([8, 3, 4, 160, 320]) 33
[36m(RolloutGroup(rank=1) pid=97505)[0m Time taken: Total 2.46 seconds, Text Encoder 0.62 seconds, Image Encoder 0.54 seconds, VAE 0.00 seconds, KV Cache Creation 0.28 seconds, Diffusion 1.02 seconds, DIT Compute Steps 3 steps, Scheduler 0.01 seconds
[36m(RolloutGroup(rank=2) pid=97509)[0m Time taken: Total 2.46 seconds, Text Encoder 0.62 seconds, Image Encoder 0.54 seconds, VAE 0.00 seconds, KV Cache Creation 0.28 seconds, Diffusion 1.01 seconds, DIT Compute Steps 3 steps, Scheduler 0.01 seconds
[36m(RolloutGroup(rank=0) pid=97489)[0m Time taken: Total 2.47 seconds, Text Encoder 0.62 seconds, Image Encoder 0.54 seconds, VAE 0.00 seconds, KV Cache Creation 0.28 seconds, Diffusion 1.02 seconds, DIT Compute Steps 3 steps, Scheduler 0.01 seconds
[36m(RolloutGroup(rank=3) pid=97511)[0m Time taken: Total 2.48 seconds, Text Encoder 0.62 seconds, Image Encoder 0.55 seconds, VAE 0.00 seconds, KV Cache Creation 0.28 seconds, Diffusion 1.02 seconds, DIT Compute Steps 3 steps, Scheduler 0.01 seconds
[36m(RolloutGroup(rank=1) pid=97505)[0m language is None, reset current_start_frame to 0
[36m(RolloutGroup(rank=1) pid=97505)[0m videos shape torch.Size([8, 3, 4, 160, 320]) 33
[36m(RolloutGroup(rank=2) pid=97509)[0m language is None, reset current_start_frame to 0
[36m(RolloutGroup(rank=2) pid=97509)[0m videos shape torch.Size([8, 3, 4, 160, 320]) 33
[36m(RolloutGroup(rank=0) pid=97489)[0m language is None, reset current_start_frame to 0
[36m(RolloutGroup(rank=0) pid=97489)[0m videos shape torch.Size([8, 3, 4, 160, 320]) 33
[36m(RolloutGroup(rank=3) pid=97511)[0m language is None, reset current_start_frame to 0
[36m(RolloutGroup(rank=3) pid=97511)[0m videos shape torch.Size([8, 3, 4, 160, 320]) 33
[36m(RolloutGroup(rank=1) pid=97505)[0m Time taken: Total 2.47 seconds, Text Encoder 0.62 seconds, Image Encoder 0.54 seconds, VAE 0.00 seconds, KV Cache Creation 0.28 seconds, Diffusion 1.02 seconds, DIT Compute Steps 3 steps, Scheduler 0.01 seconds
[36m(RolloutGroup(rank=1) pid=97505)[0m language is None, reset current_start_frame to 0
[36m(RolloutGroup(rank=1) pid=97505)[0m videos shape torch.Size([8, 3, 4, 160, 320]) 33
[36m(RolloutGroup(rank=2) pid=97509)[0m Time taken: Total 2.46 seconds, Text Encoder 0.62 seconds, Image Encoder 0.54 seconds, VAE 0.00 seconds, KV Cache Creation 0.28 seconds, Diffusion 1.01 seconds, DIT Compute Steps 3 steps, Scheduler 0.01 seconds
[36m(RolloutGroup(rank=2) pid=97509)[0m language is None, reset current_start_frame to 0
[36m(RolloutGroup(rank=2) pid=97509)[0m videos shape torch.Size([8, 3, 4, 160, 320]) 33
[36m(RolloutGroup(rank=0) pid=97489)[0m Time taken: Total 2.48 seconds, Text Encoder 0.62 seconds, Image Encoder 0.54 seconds, VAE 0.00 seconds, KV Cache Creation 0.28 seconds, Diffusion 1.02 seconds, DIT Compute Steps 3 steps, Scheduler 0.01 seconds
[36m(RolloutGroup(rank=0) pid=97489)[0m language is None, reset current_start_frame to 0
[36m(RolloutGroup(rank=0) pid=97489)[0m videos shape torch.Size([8, 3, 4, 160, 320]) 33
[36m(RolloutGroup(rank=3) pid=97511)[0m Time taken: Total 2.47 seconds, Text Encoder 0.62 seconds, Image Encoder 0.54 seconds, VAE 0.00 seconds, KV Cache Creation 0.28 seconds, Diffusion 1.02 seconds, DIT Compute Steps 3 steps, Scheduler 0.01 seconds
[36m(RolloutGroup(rank=3) pid=97511)[0m language is None, reset current_start_frame to 0
[36m(RolloutGroup(rank=3) pid=97511)[0m videos shape torch.Size([8, 3, 4, 160, 320]) 33
[36m(RolloutGroup(rank=1) pid=97505)[0m Time taken: Total 2.47 seconds, Text Encoder 0.62 seconds, Image Encoder 0.54 seconds, VAE 0.00 seconds, KV Cache Creation 0.28 seconds, Diffusion 1.02 seconds, DIT Compute Steps 3 steps, Scheduler 0.01 seconds
[36m(RolloutGroup(rank=1) pid=97505)[0m language is None, reset current_start_frame to 0
[36m(RolloutGroup(rank=1) pid=97505)[0m videos shape torch.Size([8, 3, 4, 160, 320]) 33
[36m(RolloutGroup(rank=2) pid=97509)[0m Time taken: Total 2.46 seconds, Text Encoder 0.62 seconds, Image Encoder 0.54 seconds, VAE 0.00 seconds, KV Cache Creation 0.27 seconds, Diffusion 1.01 seconds, DIT Compute Steps 3 steps, Scheduler 0.01 seconds
[36m(RolloutGroup(rank=2) pid=97509)[0m language is None, reset current_start_frame to 0
[36m(RolloutGroup(rank=2) pid=97509)[0m videos shape torch.Size([8, 3, 4, 160, 320]) 33
[36m(RolloutGroup(rank=3) pid=97511)[0m Time taken: Total 2.47 seconds, Text Encoder 0.62 seconds, Image Encoder 0.54 seconds, VAE 0.00 seconds, KV Cache Creation 0.28 seconds, Diffusion 1.02 seconds, DIT Compute Steps 3 steps, Scheduler 0.01 seconds
[36m(RolloutGroup(rank=3) pid=97511)[0m language is None, reset current_start_frame to 0
[36m(RolloutGroup(rank=3) pid=97511)[0m videos shape torch.Size([8, 3, 4, 160, 320]) 33
[36m(RolloutGroup(rank=0) pid=97489)[0m Time taken: Total 2.46 seconds, Text Encoder 0.62 seconds, Image Encoder 0.54 seconds, VAE 0.00 seconds, KV Cache Creation 0.28 seconds, Diffusion 1.01 seconds, DIT Compute Steps 3 steps, Scheduler 0.01 seconds
[36m(RolloutGroup(rank=0) pid=97489)[0m language is None, reset current_start_frame to 0
[36m(RolloutGroup(rank=0) pid=97489)[0m videos shape torch.Size([8, 3, 4, 160, 320]) 33
[36m(RolloutGroup(rank=1) pid=97505)[0m Time taken: Total 2.47 seconds, Text Encoder 0.62 seconds, Image Encoder 0.54 seconds, VAE 0.00 seconds, KV Cache Creation 0.28 seconds, Diffusion 1.02 seconds, DIT Compute Steps 3 steps, Scheduler 0.01 seconds
[36m(RolloutGroup(rank=1) pid=97505)[0m language is None, reset current_start_frame to 0
[36m(RolloutGroup(rank=1) pid=97505)[0m videos shape torch.Size([8, 3, 4, 160, 320]) 33
[36m(RolloutGroup(rank=2) pid=97509)[0m Time taken: Total 2.46 seconds, Text Encoder 0.62 seconds, Image Encoder 0.54 seconds, VAE 0.00 seconds, KV Cache Creation 0.28 seconds, Diffusion 1.01 seconds, DIT Compute Steps 3 steps, Scheduler 0.01 seconds
[36m(RolloutGroup(rank=2) pid=97509)[0m language is None, reset current_start_frame to 0
[36m(RolloutGroup(rank=2) pid=97509)[0m videos shape torch.Size([8, 3, 4, 160, 320]) 33
[36m(RolloutGroup(rank=3) pid=97511)[0m Time taken: Total 2.47 seconds, Text Encoder 0.62 seconds, Image Encoder 0.54 seconds, VAE 0.00 seconds, KV Cache Creation 0.28 seconds, Diffusion 1.02 seconds, DIT Compute Steps 3 steps, Scheduler 0.01 seconds
[36m(RolloutGroup(rank=3) pid=97511)[0m language is None, reset current_start_frame to 0
[36m(RolloutGroup(rank=3) pid=97511)[0m videos shape torch.Size([8, 3, 4, 160, 320]) 33
[36m(RolloutGroup(rank=0) pid=97489)[0m Time taken: Total 2.47 seconds, Text Encoder 0.62 seconds, Image Encoder 0.54 seconds, VAE 0.00 seconds, KV Cache Creation 0.28 seconds, Diffusion 1.02 seconds, DIT Compute Steps 3 steps, Scheduler 0.01 seconds
[36m(RolloutGroup(rank=0) pid=97489)[0m language is None, reset current_start_frame to 0
[36m(RolloutGroup(rank=0) pid=97489)[0m videos shape torch.Size([8, 3, 4, 160, 320]) 33
[36m(RolloutGroup(rank=1) pid=97505)[0m Time taken: Total 2.47 seconds, Text Encoder 0.62 seconds, Image Encoder 0.54 seconds, VAE 0.00 seconds, KV Cache Creation 0.28 seconds, Diffusion 1.02 seconds, DIT Compute Steps 3 steps, Scheduler 0.01 seconds
[36m(RolloutGroup(rank=1) pid=97505)[0m language is None, reset current_start_frame to 0
[36m(RolloutGroup(rank=1) pid=97505)[0m videos shape torch.Size([8, 3, 4, 160, 320]) 33
[36m(RolloutGroup(rank=2) pid=97509)[0m Time taken: Total 2.46 seconds, Text Encoder 0.62 seconds, Image Encoder 0.54 seconds, VAE 0.00 seconds, KV Cache Creation 0.28 seconds, Diffusion 1.01 seconds, DIT Compute Steps 3 steps, Scheduler 0.01 seconds
[36m(RolloutGroup(rank=2) pid=97509)[0m language is None, reset current_start_frame to 0
[36m(RolloutGroup(rank=2) pid=97509)[0m videos shape torch.Size([8, 3, 4, 160, 320]) 33
[36m(RolloutGroup(rank=3) pid=97511)[0m Time taken: Total 2.47 seconds, Text Encoder 0.62 seconds, Image Encoder 0.54 seconds, VAE 0.00 seconds, KV Cache Creation 0.28 seconds, Diffusion 1.02 seconds, DIT Compute Steps 3 steps, Scheduler 0.01 seconds
[36m(RolloutGroup(rank=3) pid=97511)[0m language is None, reset current_start_frame to 0
[36m(RolloutGroup(rank=3) pid=97511)[0m videos shape torch.Size([8, 3, 4, 160, 320]) 33
[36m(RolloutGroup(rank=0) pid=97489)[0m Time taken: Total 2.47 seconds, Text Encoder 0.62 seconds, Image Encoder 0.54 seconds, VAE 0.00 seconds, KV Cache Creation 0.28 seconds, Diffusion 1.02 seconds, DIT Compute Steps 3 steps, Scheduler 0.01 seconds
[36m(RolloutGroup(rank=0) pid=97489)[0m language is None, reset current_start_frame to 0
[36m(RolloutGroup(rank=0) pid=97489)[0m videos shape torch.Size([8, 3, 4, 160, 320]) 33
[36m(RolloutGroup(rank=1) pid=97505)[0m Time taken: Total 2.46 seconds, Text Encoder 0.62 seconds, Image Encoder 0.54 seconds, VAE 0.00 seconds, KV Cache Creation 0.28 seconds, Diffusion 1.02 seconds, DIT Compute Steps 3 steps, Scheduler 0.01 seconds
[36m(RolloutGroup(rank=1) pid=97505)[0m language is None, reset current_start_frame to 0
[36m(RolloutGroup(rank=1) pid=97505)[0m videos shape torch.Size([8, 3, 4, 160, 320]) 33
[36m(RolloutGroup(rank=2) pid=97509)[0m Time taken: Total 2.46 seconds, Text Encoder 0.62 seconds, Image Encoder 0.54 seconds, VAE 0.00 seconds, KV Cache Creation 0.27 seconds, Diffusion 1.01 seconds, DIT Compute Steps 3 steps, Scheduler 0.01 seconds
[36m(RolloutGroup(rank=2) pid=97509)[0m language is None, reset current_start_frame to 0
[36m(RolloutGroup(rank=2) pid=97509)[0m videos shape torch.Size([8, 3, 4, 160, 320]) 33
[36m(RolloutGroup(rank=0) pid=97489)[0m Time taken: Total 2.47 seconds, Text Encoder 0.62 seconds, Image Encoder 0.54 seconds, VAE 0.00 seconds, KV Cache Creation 0.28 seconds, Diffusion 1.01 seconds, DIT Compute Steps 3 steps, Scheduler 0.01 seconds
[36m(RolloutGroup(rank=0) pid=97489)[0m language is None, reset current_start_frame to 0
[36m(RolloutGroup(rank=0) pid=97489)[0m videos shape torch.Size([8, 3, 4, 160, 320]) 33
[36m(RolloutGroup(rank=3) pid=97511)[0m Time taken: Total 2.47 seconds, Text Encoder 0.62 seconds, Image Encoder 0.54 seconds, VAE 0.00 seconds, KV Cache Creation 0.28 seconds, Diffusion 1.02 seconds, DIT Compute Steps 3 steps, Scheduler 0.01 seconds
[36m(RolloutGroup(rank=3) pid=97511)[0m language is None, reset current_start_frame to 0
[36m(RolloutGroup(rank=3) pid=97511)[0m videos shape torch.Size([8, 3, 4, 160, 320]) 33
[36m(RolloutGroup(rank=1) pid=97505)[0m Time taken: Total 2.47 seconds, Text Encoder 0.62 seconds, Image Encoder 0.54 seconds, VAE 0.00 seconds, KV Cache Creation 0.28 seconds, Diffusion 1.02 seconds, DIT Compute Steps 3 steps, Scheduler 0.01 seconds
[36m(RolloutGroup(rank=1) pid=97505)[0m language is None, reset current_start_frame to 0
[36m(RolloutGroup(rank=1) pid=97505)[0m videos shape torch.Size([8, 3, 4, 160, 320]) 33
[36m(RolloutGroup(rank=2) pid=97509)[0m Time taken: Total 2.46 seconds, Text Encoder 0.62 seconds, Image Encoder 0.54 seconds, VAE 0.00 seconds, KV Cache Creation 0.28 seconds, Diffusion 1.01 seconds, DIT Compute Steps 3 steps, Scheduler 0.01 seconds
[36m(RolloutGroup(rank=2) pid=97509)[0m language is None, reset current_start_frame to 0
[36m(RolloutGroup(rank=2) pid=97509)[0m videos shape torch.Size([8, 3, 4, 160, 320]) 33
[36m(RolloutGroup(rank=0) pid=97489)[0m Time taken: Total 2.47 seconds, Text Encoder 0.62 seconds, Image Encoder 0.54 seconds, VAE 0.00 seconds, KV Cache Creation 0.28 seconds, Diffusion 1.02 seconds, DIT Compute Steps 3 steps, Scheduler 0.01 seconds
[36m(RolloutGroup(rank=0) pid=97489)[0m language is None, reset current_start_frame to 0
[36m(RolloutGroup(rank=0) pid=97489)[0m videos shape torch.Size([8, 3, 4, 160, 320]) 33
[36m(RolloutGroup(rank=3) pid=97511)[0m Time taken: Total 2.47 seconds, Text Encoder 0.62 seconds, Image Encoder 0.54 seconds, VAE 0.00 seconds, KV Cache Creation 0.28 seconds, Diffusion 1.01 seconds, DIT Compute Steps 3 steps, Scheduler 0.01 seconds
[36m(RolloutGroup(rank=3) pid=97511)[0m language is None, reset current_start_frame to 0
[36m(RolloutGroup(rank=3) pid=97511)[0m videos shape torch.Size([8, 3, 4, 160, 320]) 33
[36m(RolloutGroup(rank=1) pid=97505)[0m Time taken: Total 2.47 seconds, Text Encoder 0.62 seconds, Image Encoder 0.54 seconds, VAE 0.00 seconds, KV Cache Creation 0.28 seconds, Diffusion 1.02 seconds, DIT Compute Steps 3 steps, Scheduler 0.01 seconds
[36m(RolloutGroup(rank=1) pid=97505)[0m language is None, reset current_start_frame to 0
[36m(RolloutGroup(rank=1) pid=97505)[0m videos shape torch.Size([8, 3, 4, 160, 320]) 33
[36m(RolloutGroup(rank=2) pid=97509)[0m Time taken: Total 2.46 seconds, Text Encoder 0.62 seconds, Image Encoder 0.54 seconds, VAE 0.00 seconds, KV Cache Creation 0.28 seconds, Diffusion 1.01 seconds, DIT Compute Steps 3 steps, Scheduler 0.01 seconds
[36m(RolloutGroup(rank=2) pid=97509)[0m language is None, reset current_start_frame to 0
[36m(RolloutGroup(rank=2) pid=97509)[0m videos shape torch.Size([8, 3, 4, 160, 320]) 33
[36m(RolloutGroup(rank=0) pid=97489)[0m Time taken: Total 2.47 seconds, Text Encoder 0.62 seconds, Image Encoder 0.54 seconds, VAE 0.00 seconds, KV Cache Creation 0.28 seconds, Diffusion 1.02 seconds, DIT Compute Steps 3 steps, Scheduler 0.01 seconds
[36m(RolloutGroup(rank=0) pid=97489)[0m language is None, reset current_start_frame to 0
[36m(RolloutGroup(rank=0) pid=97489)[0m videos shape torch.Size([8, 3, 4, 160, 320]) 33
[36m(RolloutGroup(rank=3) pid=97511)[0m Time taken: Total 2.47 seconds, Text Encoder 0.62 seconds, Image Encoder 0.54 seconds, VAE 0.00 seconds, KV Cache Creation 0.28 seconds, Diffusion 1.01 seconds, DIT Compute Steps 3 steps, Scheduler 0.01 seconds
[36m(RolloutGroup(rank=3) pid=97511)[0m language is None, reset current_start_frame to 0
[36m(RolloutGroup(rank=3) pid=97511)[0m videos shape torch.Size([8, 3, 4, 160, 320]) 33
[36m(RolloutGroup(rank=1) pid=97505)[0m Time taken: Total 2.47 seconds, Text Encoder 0.62 seconds, Image Encoder 0.54 seconds, VAE 0.00 seconds, KV Cache Creation 0.28 seconds, Diffusion 1.02 seconds, DIT Compute Steps 3 steps, Scheduler 0.01 seconds
[36m(RolloutGroup(rank=1) pid=97505)[0m language is None, reset current_start_frame to 0
[36m(RolloutGroup(rank=1) pid=97505)[0m videos shape torch.Size([8, 3, 4, 160, 320]) 33
[36m(RolloutGroup(rank=2) pid=97509)[0m Time taken: Total 2.46 seconds, Text Encoder 0.62 seconds, Image Encoder 0.54 seconds, VAE 0.00 seconds, KV Cache Creation 0.28 seconds, Diffusion 1.01 seconds, DIT Compute Steps 3 steps, Scheduler 0.01 seconds
[36m(RolloutGroup(rank=2) pid=97509)[0m language is None, reset current_start_frame to 0
[36m(RolloutGroup(rank=2) pid=97509)[0m videos shape torch.Size([8, 3, 4, 160, 320]) 33
[36m(RolloutGroup(rank=0) pid=97489)[0m Time taken: Total 2.47 seconds, Text Encoder 0.62 seconds, Image Encoder 0.54 seconds, VAE 0.00 seconds, KV Cache Creation 0.28 seconds, Diffusion 1.02 seconds, DIT Compute Steps 3 steps, Scheduler 0.01 seconds
[36m(RolloutGroup(rank=0) pid=97489)[0m language is None, reset current_start_frame to 0
[36m(RolloutGroup(rank=0) pid=97489)[0m videos shape torch.Size([8, 3, 4, 160, 320]) 33
[36m(RolloutGroup(rank=3) pid=97511)[0m Time taken: Total 2.47 seconds, Text Encoder 0.62 seconds, Image Encoder 0.54 seconds, VAE 0.00 seconds, KV Cache Creation 0.28 seconds, Diffusion 1.02 seconds, DIT Compute Steps 3 steps, Scheduler 0.01 seconds
[36m(RolloutGroup(rank=3) pid=97511)[0m language is None, reset current_start_frame to 0
[36m(RolloutGroup(rank=3) pid=97511)[0m videos shape torch.Size([8, 3, 4, 160, 320]) 33
[36m(RolloutGroup(rank=1) pid=97505)[0m Time taken: Total 2.47 seconds, Text Encoder 0.62 seconds, Image Encoder 0.54 seconds, VAE 0.00 seconds, KV Cache Creation 0.28 seconds, Diffusion 1.02 seconds, DIT Compute Steps 3 steps, Scheduler 0.01 seconds
[36m(RolloutGroup(rank=1) pid=97505)[0m language is None, reset current_start_frame to 0
[36m(RolloutGroup(rank=1) pid=97505)[0m videos shape torch.Size([8, 3, 4, 160, 320]) 33
[36m(RolloutGroup(rank=2) pid=97509)[0m Time taken: Total 2.46 seconds, Text Encoder 0.62 seconds, Image Encoder 0.54 seconds, VAE 0.00 seconds, KV Cache Creation 0.28 seconds, Diffusion 1.01 seconds, DIT Compute Steps 3 steps, Scheduler 0.01 seconds
[36m(RolloutGroup(rank=2) pid=97509)[0m language is None, reset current_start_frame to 0
[36m(RolloutGroup(rank=2) pid=97509)[0m videos shape torch.Size([8, 3, 4, 160, 320]) 33
[36m(RolloutGroup(rank=0) pid=97489)[0m Time taken: Total 2.47 seconds, Text Encoder 0.62 seconds, Image Encoder 0.54 seconds, VAE 0.00 seconds, KV Cache Creation 0.28 seconds, Diffusion 1.02 seconds, DIT Compute Steps 3 steps, Scheduler 0.01 seconds
[36m(RolloutGroup(rank=0) pid=97489)[0m language is None, reset current_start_frame to 0
[36m(RolloutGroup(rank=0) pid=97489)[0m videos shape torch.Size([8, 3, 4, 160, 320]) 33
[36m(RolloutGroup(rank=3) pid=97511)[0m Time taken: Total 2.47 seconds, Text Encoder 0.62 seconds, Image Encoder 0.54 seconds, VAE 0.00 seconds, KV Cache Creation 0.28 seconds, Diffusion 1.02 seconds, DIT Compute Steps 3 steps, Scheduler 0.01 seconds
[36m(RolloutGroup(rank=3) pid=97511)[0m language is None, reset current_start_frame to 0
[36m(RolloutGroup(rank=3) pid=97511)[0m videos shape torch.Size([8, 3, 4, 160, 320]) 33
[36m(RolloutGroup(rank=1) pid=97505)[0m Time taken: Total 2.47 seconds, Text Encoder 0.62 seconds, Image Encoder 0.54 seconds, VAE 0.00 seconds, KV Cache Creation 0.28 seconds, Diffusion 1.02 seconds, DIT Compute Steps 3 steps, Scheduler 0.01 seconds
[36m(RolloutGroup(rank=2) pid=97509)[0m Time taken: Total 2.46 seconds, Text Encoder 0.62 seconds, Image Encoder 0.54 seconds, VAE 0.00 seconds, KV Cache Creation 0.27 seconds, Diffusion 1.01 seconds, DIT Compute Steps 3 steps, Scheduler 0.01 seconds
[36m(RolloutGroup(rank=0) pid=97489)[0m Time taken: Total 2.47 seconds, Text Encoder 0.62 seconds, Image Encoder 0.54 seconds, VAE 0.00 seconds, KV Cache Creation 0.28 seconds, Diffusion 1.02 seconds, DIT Compute Steps 3 steps, Scheduler 0.01 seconds
[36m(RolloutGroup(rank=3) pid=97511)[0m Time taken: Total 2.47 seconds, Text Encoder 0.62 seconds, Image Encoder 0.54 seconds, VAE 0.00 seconds, KV Cache Creation 0.28 seconds, Diffusion 1.02 seconds, DIT Compute Steps 3 steps, Scheduler 0.01 seconds
[36m(RolloutGroup(rank=1) pid=97505)[0m language is None, reset current_start_frame to 0
[36m(RolloutGroup(rank=1) pid=97505)[0m videos shape torch.Size([8, 3, 4, 160, 320]) 33
[36m(RolloutGroup(rank=2) pid=97509)[0m language is None, reset current_start_frame to 0
[36m(RolloutGroup(rank=2) pid=97509)[0m videos shape torch.Size([8, 3, 4, 160, 320]) 33
[36m(RolloutGroup(rank=0) pid=97489)[0m language is None, reset current_start_frame to 0
[36m(RolloutGroup(rank=0) pid=97489)[0m videos shape torch.Size([8, 3, 4, 160, 320]) 33
[36m(RolloutGroup(rank=3) pid=97511)[0m language is None, reset current_start_frame to 0
[36m(RolloutGroup(rank=3) pid=97511)[0m videos shape torch.Size([8, 3, 4, 160, 320]) 33
[36m(RolloutGroup(rank=1) pid=97505)[0m Time taken: Total 2.46 seconds, Text Encoder 0.62 seconds, Image Encoder 0.54 seconds, VAE 0.00 seconds, KV Cache Creation 0.28 seconds, Diffusion 1.01 seconds, DIT Compute Steps 3 steps, Scheduler 0.01 seconds
[36m(RolloutGroup(rank=1) pid=97505)[0m language is None, reset current_start_frame to 0
[36m(RolloutGroup(rank=1) pid=97505)[0m videos shape torch.Size([8, 3, 4, 160, 320]) 33
[36m(RolloutGroup(rank=2) pid=97509)[0m Time taken: Total 2.46 seconds, Text Encoder 0.62 seconds, Image Encoder 0.54 seconds, VAE 0.00 seconds, KV Cache Creation 0.28 seconds, Diffusion 1.01 seconds, DIT Compute Steps 3 steps, Scheduler 0.01 seconds
[36m(RolloutGroup(rank=2) pid=97509)[0m language is None, reset current_start_frame to 0
[36m(RolloutGroup(rank=2) pid=97509)[0m videos shape torch.Size([8, 3, 4, 160, 320]) 33
[36m(RolloutGroup(rank=0) pid=97489)[0m Time taken: Total 2.48 seconds, Text Encoder 0.62 seconds, Image Encoder 0.54 seconds, VAE 0.00 seconds, KV Cache Creation 0.28 seconds, Diffusion 1.02 seconds, DIT Compute Steps 3 steps, Scheduler 0.01 seconds
[36m(RolloutGroup(rank=0) pid=97489)[0m language is None, reset current_start_frame to 0
[36m(RolloutGroup(rank=0) pid=97489)[0m videos shape torch.Size([8, 3, 4, 160, 320]) 33
[36m(RolloutGroup(rank=3) pid=97511)[0m Time taken: Total 2.47 seconds, Text Encoder 0.62 seconds, Image Encoder 0.54 seconds, VAE 0.00 seconds, KV Cache Creation 0.28 seconds, Diffusion 1.02 seconds, DIT Compute Steps 3 steps, Scheduler 0.01 seconds
[36m(RolloutGroup(rank=3) pid=97511)[0m language is None, reset current_start_frame to 0
[36m(RolloutGroup(rank=3) pid=97511)[0m videos shape torch.Size([8, 3, 4, 160, 320]) 33
[36m(RolloutGroup(rank=1) pid=97505)[0m Time taken: Total 2.46 seconds, Text Encoder 0.62 seconds, Image Encoder 0.54 seconds, VAE 0.00 seconds, KV Cache Creation 0.28 seconds, Diffusion 1.01 seconds, DIT Compute Steps 3 steps, Scheduler 0.01 seconds
[36m(RolloutGroup(rank=1) pid=97505)[0m language is None, reset current_start_frame to 0
[36m(RolloutGroup(rank=1) pid=97505)[0m videos shape torch.Size([8, 3, 4, 160, 320]) 33
[36m(RolloutGroup(rank=2) pid=97509)[0m Time taken: Total 2.46 seconds, Text Encoder 0.62 seconds, Image Encoder 0.54 seconds, VAE 0.00 seconds, KV Cache Creation 0.28 seconds, Diffusion 1.01 seconds, DIT Compute Steps 3 steps, Scheduler 0.01 seconds
[36m(RolloutGroup(rank=2) pid=97509)[0m language is None, reset current_start_frame to 0
[36m(RolloutGroup(rank=2) pid=97509)[0m videos shape torch.Size([8, 3, 4, 160, 320]) 33
[36m(RolloutGroup(rank=0) pid=97489)[0m Time taken: Total 2.47 seconds, Text Encoder 0.62 seconds, Image Encoder 0.54 seconds, VAE 0.00 seconds, KV Cache Creation 0.28 seconds, Diffusion 1.02 seconds, DIT Compute Steps 3 steps, Scheduler 0.01 seconds
[36m(RolloutGroup(rank=0) pid=97489)[0m language is None, reset current_start_frame to 0
[36m(RolloutGroup(rank=0) pid=97489)[0m videos shape torch.Size([8, 3, 4, 160, 320]) 33
[36m(RolloutGroup(rank=3) pid=97511)[0m Time taken: Total 2.47 seconds, Text Encoder 0.62 seconds, Image Encoder 0.54 seconds, VAE 0.00 seconds, KV Cache Creation 0.28 seconds, Diffusion 1.01 seconds, DIT Compute Steps 3 steps, Scheduler 0.01 seconds
[36m(RolloutGroup(rank=3) pid=97511)[0m language is None, reset current_start_frame to 0
[36m(RolloutGroup(rank=3) pid=97511)[0m videos shape torch.Size([8, 3, 4, 160, 320]) 33
[36m(RolloutGroup(rank=1) pid=97505)[0m Time taken: Total 2.46 seconds, Text Encoder 0.62 seconds, Image Encoder 0.54 seconds, VAE 0.00 seconds, KV Cache Creation 0.28 seconds, Diffusion 1.01 seconds, DIT Compute Steps 3 steps, Scheduler 0.01 seconds
[36m(RolloutGroup(rank=1) pid=97505)[0m language is None, reset current_start_frame to 0
[36m(RolloutGroup(rank=1) pid=97505)[0m videos shape torch.Size([8, 3, 4, 160, 320]) 33
[36m(RolloutGroup(rank=2) pid=97509)[0m Time taken: Total 2.46 seconds, Text Encoder 0.62 seconds, Image Encoder 0.54 seconds, VAE 0.00 seconds, KV Cache Creation 0.27 seconds, Diffusion 1.01 seconds, DIT Compute Steps 3 steps, Scheduler 0.01 seconds
[36m(RolloutGroup(rank=2) pid=97509)[0m language is None, reset current_start_frame to 0
[36m(RolloutGroup(rank=2) pid=97509)[0m videos shape torch.Size([8, 3, 4, 160, 320]) 33
[36m(RolloutGroup(rank=0) pid=97489)[0m Time taken: Total 2.47 seconds, Text Encoder 0.62 seconds, Image Encoder 0.54 seconds, VAE 0.00 seconds, KV Cache Creation 0.28 seconds, Diffusion 1.02 seconds, DIT Compute Steps 3 steps, Scheduler 0.01 seconds
[36m(RolloutGroup(rank=0) pid=97489)[0m language is None, reset current_start_frame to 0
[36m(RolloutGroup(rank=0) pid=97489)[0m videos shape torch.Size([8, 3, 4, 160, 320]) 33
[36m(RolloutGroup(rank=3) pid=97511)[0m Time taken: Total 2.47 seconds, Text Encoder 0.62 seconds, Image Encoder 0.54 seconds, VAE 0.00 seconds, KV Cache Creation 0.28 seconds, Diffusion 1.02 seconds, DIT Compute Steps 3 steps, Scheduler 0.01 seconds
[36m(RolloutGroup(rank=3) pid=97511)[0m language is None, reset current_start_frame to 0
[36m(RolloutGroup(rank=3) pid=97511)[0m videos shape torch.Size([8, 3, 4, 160, 320]) 33
[36m(RolloutGroup(rank=1) pid=97505)[0m Time taken: Total 2.46 seconds, Text Encoder 0.62 seconds, Image Encoder 0.54 seconds, VAE 0.00 seconds, KV Cache Creation 0.28 seconds, Diffusion 1.01 seconds, DIT Compute Steps 3 steps, Scheduler 0.01 seconds
[36m(RolloutGroup(rank=1) pid=97505)[0m language is None, reset current_start_frame to 0
[36m(RolloutGroup(rank=1) pid=97505)[0m videos shape torch.Size([8, 3, 4, 160, 320]) 33
[36m(RolloutGroup(rank=2) pid=97509)[0m Time taken: Total 2.46 seconds, Text Encoder 0.62 seconds, Image Encoder 0.54 seconds, VAE 0.00 seconds, KV Cache Creation 0.27 seconds, Diffusion 1.01 seconds, DIT Compute Steps 3 steps, Scheduler 0.01 seconds
[36m(RolloutGroup(rank=2) pid=97509)[0m language is None, reset current_start_frame to 0
[36m(RolloutGroup(rank=2) pid=97509)[0m videos shape torch.Size([8, 3, 4, 160, 320]) 33
[36m(RolloutGroup(rank=0) pid=97489)[0m Time taken: Total 2.47 seconds, Text Encoder 0.62 seconds, Image Encoder 0.54 seconds, VAE 0.00 seconds, KV Cache Creation 0.28 seconds, Diffusion 1.02 seconds, DIT Compute Steps 3 steps, Scheduler 0.01 seconds
[36m(RolloutGroup(rank=0) pid=97489)[0m language is None, reset current_start_frame to 0
[36m(RolloutGroup(rank=0) pid=97489)[0m videos shape torch.Size([8, 3, 4, 160, 320]) 33
[36m(RolloutGroup(rank=3) pid=97511)[0m Time taken: Total 2.47 seconds, Text Encoder 0.62 seconds, Image Encoder 0.54 seconds, VAE 0.00 seconds, KV Cache Creation 0.28 seconds, Diffusion 1.02 seconds, DIT Compute Steps 3 steps, Scheduler 0.01 seconds
[36m(RolloutGroup(rank=3) pid=97511)[0m language is None, reset current_start_frame to 0
[36m(RolloutGroup(rank=3) pid=97511)[0m videos shape torch.Size([8, 3, 4, 160, 320]) 33
[36m(RolloutGroup(rank=1) pid=97505)[0m Time taken: Total 2.46 seconds, Text Encoder 0.62 seconds, Image Encoder 0.54 seconds, VAE 0.00 seconds, KV Cache Creation 0.28 seconds, Diffusion 1.01 seconds, DIT Compute Steps 3 steps, Scheduler 0.01 seconds
[36m(RolloutGroup(rank=1) pid=97505)[0m language is None, reset current_start_frame to 0
[36m(RolloutGroup(rank=1) pid=97505)[0m videos shape torch.Size([8, 3, 4, 160, 320]) 33
[36m(RolloutGroup(rank=2) pid=97509)[0m Time taken: Total 2.46 seconds, Text Encoder 0.62 seconds, Image Encoder 0.54 seconds, VAE 0.00 seconds, KV Cache Creation 0.27 seconds, Diffusion 1.01 seconds, DIT Compute Steps 3 steps, Scheduler 0.01 seconds
[36m(RolloutGroup(rank=2) pid=97509)[0m language is None, reset current_start_frame to 0
[36m(RolloutGroup(rank=2) pid=97509)[0m videos shape torch.Size([8, 3, 4, 160, 320]) 33
[36m(RolloutGroup(rank=0) pid=97489)[0m Time taken: Total 2.47 seconds, Text Encoder 0.62 seconds, Image Encoder 0.54 seconds, VAE 0.00 seconds, KV Cache Creation 0.28 seconds, Diffusion 1.02 seconds, DIT Compute Steps 3 steps, Scheduler 0.01 seconds
[36m(RolloutGroup(rank=0) pid=97489)[0m language is None, reset current_start_frame to 0
[36m(RolloutGroup(rank=0) pid=97489)[0m videos shape torch.Size([8, 3, 4, 160, 320]) 33
[36m(RolloutGroup(rank=3) pid=97511)[0m Time taken: Total 2.47 seconds, Text Encoder 0.62 seconds, Image Encoder 0.54 seconds, VAE 0.00 seconds, KV Cache Creation 0.28 seconds, Diffusion 1.02 seconds, DIT Compute Steps 3 steps, Scheduler 0.01 seconds
[36m(RolloutGroup(rank=3) pid=97511)[0m language is None, reset current_start_frame to 0
[36m(RolloutGroup(rank=3) pid=97511)[0m videos shape torch.Size([8, 3, 4, 160, 320]) 33
[36m(RolloutGroup(rank=1) pid=97505)[0m Time taken: Total 2.46 seconds, Text Encoder 0.62 seconds, Image Encoder 0.54 seconds, VAE 0.00 seconds, KV Cache Creation 0.28 seconds, Diffusion 1.01 seconds, DIT Compute Steps 3 steps, Scheduler 0.01 seconds
[36m(RolloutGroup(rank=1) pid=97505)[0m language is None, reset current_start_frame to 0
[36m(RolloutGroup(rank=1) pid=97505)[0m videos shape torch.Size([8, 3, 4, 160, 320]) 33
[36m(RolloutGroup(rank=2) pid=97509)[0m Time taken: Total 2.46 seconds, Text Encoder 0.62 seconds, Image Encoder 0.54 seconds, VAE 0.00 seconds, KV Cache Creation 0.27 seconds, Diffusion 1.01 seconds, DIT Compute Steps 3 steps, Scheduler 0.01 seconds
[36m(RolloutGroup(rank=2) pid=97509)[0m language is None, reset current_start_frame to 0
[36m(RolloutGroup(rank=2) pid=97509)[0m videos shape torch.Size([8, 3, 4, 160, 320]) 33
[36m(RolloutGroup(rank=0) pid=97489)[0m Time taken: Total 2.47 seconds, Text Encoder 0.62 seconds, Image Encoder 0.54 seconds, VAE 0.00 seconds, KV Cache Creation 0.28 seconds, Diffusion 1.02 seconds, DIT Compute Steps 3 steps, Scheduler 0.01 seconds
[36m(RolloutGroup(rank=3) pid=97511)[0m Time taken: Total 2.47 seconds, Text Encoder 0.62 seconds, Image Encoder 0.54 seconds, VAE 0.00 seconds, KV Cache Creation 0.28 seconds, Diffusion 1.01 seconds, DIT Compute Steps 3 steps, Scheduler 0.01 seconds
[36m(RolloutGroup(rank=0) pid=97489)[0m language is None, reset current_start_frame to 0
[36m(RolloutGroup(rank=0) pid=97489)[0m videos shape torch.Size([8, 3, 4, 160, 320]) 33
[36m(RolloutGroup(rank=3) pid=97511)[0m language is None, reset current_start_frame to 0
[36m(RolloutGroup(rank=3) pid=97511)[0m videos shape torch.Size([8, 3, 4, 160, 320]) 33
[36m(RolloutGroup(rank=1) pid=97505)[0m Time taken: Total 2.46 seconds, Text Encoder 0.62 seconds, Image Encoder 0.54 seconds, VAE 0.00 seconds, KV Cache Creation 0.28 seconds, Diffusion 1.01 seconds, DIT Compute Steps 3 steps, Scheduler 0.01 seconds
[36m(RolloutGroup(rank=1) pid=97505)[0m language is None, reset current_start_frame to 0
[36m(RolloutGroup(rank=1) pid=97505)[0m videos shape torch.Size([8, 3, 4, 160, 320]) 33
[36m(RolloutGroup(rank=2) pid=97509)[0m Time taken: Total 2.46 seconds, Text Encoder 0.62 seconds, Image Encoder 0.54 seconds, VAE 0.00 seconds, KV Cache Creation 0.27 seconds, Diffusion 1.01 seconds, DIT Compute Steps 3 steps, Scheduler 0.01 seconds
[36m(RolloutGroup(rank=2) pid=97509)[0m language is None, reset current_start_frame to 0
[36m(RolloutGroup(rank=2) pid=97509)[0m videos shape torch.Size([8, 3, 4, 160, 320]) 33
[36m(RolloutGroup(rank=0) pid=97489)[0m Time taken: Total 2.47 seconds, Text Encoder 0.62 seconds, Image Encoder 0.54 seconds, VAE 0.00 seconds, KV Cache Creation 0.28 seconds, Diffusion 1.02 seconds, DIT Compute Steps 3 steps, Scheduler 0.01 seconds
[36m(RolloutGroup(rank=0) pid=97489)[0m language is None, reset current_start_frame to 0
[36m(RolloutGroup(rank=0) pid=97489)[0m videos shape torch.Size([8, 3, 4, 160, 320]) 33
[36m(RolloutGroup(rank=3) pid=97511)[0m Time taken: Total 2.47 seconds, Text Encoder 0.62 seconds, Image Encoder 0.54 seconds, VAE 0.00 seconds, KV Cache Creation 0.28 seconds, Diffusion 1.01 seconds, DIT Compute Steps 3 steps, Scheduler 0.01 seconds
[36m(RolloutGroup(rank=3) pid=97511)[0m language is None, reset current_start_frame to 0
[36m(RolloutGroup(rank=3) pid=97511)[0m videos shape torch.Size([8, 3, 4, 160, 320]) 33
[36m(RolloutGroup(rank=1) pid=97505)[0m Time taken: Total 2.47 seconds, Text Encoder 0.62 seconds, Image Encoder 0.54 seconds, VAE 0.00 seconds, KV Cache Creation 0.28 seconds, Diffusion 1.02 seconds, DIT Compute Steps 3 steps, Scheduler 0.01 seconds
[36m(RolloutGroup(rank=1) pid=97505)[0m language is None, reset current_start_frame to 0
[36m(RolloutGroup(rank=1) pid=97505)[0m videos shape torch.Size([8, 3, 4, 160, 320]) 33
[36m(RolloutGroup(rank=2) pid=97509)[0m Time taken: Total 2.46 seconds, Text Encoder 0.62 seconds, Image Encoder 0.54 seconds, VAE 0.00 seconds, KV Cache Creation 0.28 seconds, Diffusion 1.01 seconds, DIT Compute Steps 3 steps, Scheduler 0.01 seconds
[36m(RolloutGroup(rank=2) pid=97509)[0m language is None, reset current_start_frame to 0
[36m(RolloutGroup(rank=2) pid=97509)[0m videos shape torch.Size([8, 3, 4, 160, 320]) 33
[36m(RolloutGroup(rank=0) pid=97489)[0m Time taken: Total 2.48 seconds, Text Encoder 0.62 seconds, Image Encoder 0.54 seconds, VAE 0.00 seconds, KV Cache Creation 0.28 seconds, Diffusion 1.02 seconds, DIT Compute Steps 3 steps, Scheduler 0.01 seconds
[36m(RolloutGroup(rank=3) pid=97511)[0m Time taken: Total 2.47 seconds, Text Encoder 0.62 seconds, Image Encoder 0.54 seconds, VAE 0.00 seconds, KV Cache Creation 0.28 seconds, Diffusion 1.01 seconds, DIT Compute Steps 3 steps, Scheduler 0.01 seconds
[36m(RolloutGroup(rank=3) pid=97511)[0m language is None, reset current_start_frame to 0
[36m(RolloutGroup(rank=3) pid=97511)[0m videos shape torch.Size([8, 3, 4, 160, 320]) 33
[36m(RolloutGroup(rank=0) pid=97489)[0m language is None, reset current_start_frame to 0
[36m(RolloutGroup(rank=0) pid=97489)[0m videos shape torch.Size([8, 3, 4, 160, 320]) 33
[36m(RolloutGroup(rank=1) pid=97505)[0m Time taken: Total 2.46 seconds, Text Encoder 0.62 seconds, Image Encoder 0.54 seconds, VAE 0.00 seconds, KV Cache Creation 0.28 seconds, Diffusion 1.01 seconds, DIT Compute Steps 3 steps, Scheduler 0.01 seconds
[36m(RolloutGroup(rank=1) pid=97505)[0m language is None, reset current_start_frame to 0
[36m(RolloutGroup(rank=1) pid=97505)[0m videos shape torch.Size([8, 3, 4, 160, 320]) 33
[36m(RolloutGroup(rank=2) pid=97509)[0m Time taken: Total 2.46 seconds, Text Encoder 0.62 seconds, Image Encoder 0.54 seconds, VAE 0.00 seconds, KV Cache Creation 0.27 seconds, Diffusion 1.01 seconds, DIT Compute Steps 3 steps, Scheduler 0.01 seconds
[36m(RolloutGroup(rank=2) pid=97509)[0m language is None, reset current_start_frame to 0
[36m(RolloutGroup(rank=2) pid=97509)[0m videos shape torch.Size([8, 3, 4, 160, 320]) 33
[36m(RolloutGroup(rank=0) pid=97489)[0m Time taken: Total 2.48 seconds, Text Encoder 0.62 seconds, Image Encoder 0.54 seconds, VAE 0.00 seconds, KV Cache Creation 0.28 seconds, Diffusion 1.02 seconds, DIT Compute Steps 3 steps, Scheduler 0.01 seconds
[36m(RolloutGroup(rank=3) pid=97511)[0m Time taken: Total 2.47 seconds, Text Encoder 0.62 seconds, Image Encoder 0.54 seconds, VAE 0.00 seconds, KV Cache Creation 0.28 seconds, Diffusion 1.01 seconds, DIT Compute Steps 3 steps, Scheduler 0.01 seconds
[36m(RolloutGroup(rank=3) pid=97511)[0m language is None, reset current_start_frame to 0
[36m(RolloutGroup(rank=3) pid=97511)[0m videos shape torch.Size([8, 3, 4, 160, 320]) 33
[36m(RolloutGroup(rank=0) pid=97489)[0m language is None, reset current_start_frame to 0
[36m(RolloutGroup(rank=0) pid=97489)[0m videos shape torch.Size([8, 3, 4, 160, 320]) 33
[36m(RolloutGroup(rank=1) pid=97505)[0m Time taken: Total 2.46 seconds, Text Encoder 0.62 seconds, Image Encoder 0.54 seconds, VAE 0.00 seconds, KV Cache Creation 0.28 seconds, Diffusion 1.01 seconds, DIT Compute Steps 3 steps, Scheduler 0.01 seconds
[36m(RolloutGroup(rank=2) pid=97509)[0m Time taken: Total 2.46 seconds, Text Encoder 0.62 seconds, Image Encoder 0.54 seconds, VAE 0.00 seconds, KV Cache Creation 0.27 seconds, Diffusion 1.01 seconds, DIT Compute Steps 3 steps, Scheduler 0.01 seconds
[36m(RolloutGroup(rank=0) pid=97489)[0m Time taken: Total 2.48 seconds, Text Encoder 0.62 seconds, Image Encoder 0.54 seconds, VAE 0.00 seconds, KV Cache Creation 0.28 seconds, Diffusion 1.02 seconds, DIT Compute Steps 3 steps, Scheduler 0.01 seconds
[36m(RolloutGroup(rank=3) pid=97511)[0m Time taken: Total 2.47 seconds, Text Encoder 0.62 seconds, Image Encoder 0.54 seconds, VAE 0.00 seconds, KV Cache Creation 0.28 seconds, Diffusion 1.02 seconds, DIT Compute Steps 3 steps, Scheduler 0.01 seconds
[36m(RolloutGroup(rank=1) pid=97505)[0m language is None, reset current_start_frame to 0
[36m(RolloutGroup(rank=1) pid=97505)[0m videos shape torch.Size([8, 3, 4, 160, 320]) 33
[36m(RolloutGroup(rank=2) pid=97509)[0m language is None, reset current_start_frame to 0
[36m(RolloutGroup(rank=2) pid=97509)[0m videos shape torch.Size([8, 3, 4, 160, 320]) 33
[36m(RolloutGroup(rank=0) pid=97489)[0m language is None, reset current_start_frame to 0
[36m(RolloutGroup(rank=0) pid=97489)[0m videos shape torch.Size([8, 3, 4, 160, 320]) 33
[36m(RolloutGroup(rank=3) pid=97511)[0m language is None, reset current_start_frame to 0
[36m(RolloutGroup(rank=3) pid=97511)[0m videos shape torch.Size([8, 3, 4, 160, 320]) 33
[36m(RolloutGroup(rank=1) pid=97505)[0m Time taken: Total 2.46 seconds, Text Encoder 0.62 seconds, Image Encoder 0.54 seconds, VAE 0.00 seconds, KV Cache Creation 0.28 seconds, Diffusion 1.01 seconds, DIT Compute Steps 3 steps, Scheduler 0.01 seconds
[36m(RolloutGroup(rank=1) pid=97505)[0m language is None, reset current_start_frame to 0
[36m(RolloutGroup(rank=1) pid=97505)[0m videos shape torch.Size([8, 3, 4, 160, 320]) 33
[36m(RolloutGroup(rank=2) pid=97509)[0m Time taken: Total 2.47 seconds, Text Encoder 0.62 seconds, Image Encoder 0.54 seconds, VAE 0.00 seconds, KV Cache Creation 0.28 seconds, Diffusion 1.02 seconds, DIT Compute Steps 3 steps, Scheduler 0.01 seconds
[36m(RolloutGroup(rank=2) pid=97509)[0m language is None, reset current_start_frame to 0
[36m(RolloutGroup(rank=2) pid=97509)[0m videos shape torch.Size([8, 3, 4, 160, 320]) 33
[36m(RolloutGroup(rank=0) pid=97489)[0m Time taken: Total 2.47 seconds, Text Encoder 0.62 seconds, Image Encoder 0.54 seconds, VAE 0.00 seconds, KV Cache Creation 0.28 seconds, Diffusion 1.02 seconds, DIT Compute Steps 3 steps, Scheduler 0.01 seconds
[36m(RolloutGroup(rank=0) pid=97489)[0m language is None, reset current_start_frame to 0
[36m(RolloutGroup(rank=0) pid=97489)[0m videos shape torch.Size([8, 3, 4, 160, 320]) 33
[36m(RolloutGroup(rank=3) pid=97511)[0m Time taken: Total 2.48 seconds, Text Encoder 0.63 seconds, Image Encoder 0.54 seconds, VAE 0.00 seconds, KV Cache Creation 0.28 seconds, Diffusion 1.02 seconds, DIT Compute Steps 3 steps, Scheduler 0.01 seconds
[36m(RolloutGroup(rank=3) pid=97511)[0m language is None, reset current_start_frame to 0
[36m(RolloutGroup(rank=3) pid=97511)[0m videos shape torch.Size([8, 3, 4, 160, 320]) 33
[36m(RolloutGroup(rank=1) pid=97505)[0m Time taken: Total 2.46 seconds, Text Encoder 0.62 seconds, Image Encoder 0.54 seconds, VAE 0.00 seconds, KV Cache Creation 0.28 seconds, Diffusion 1.01 seconds, DIT Compute Steps 3 steps, Scheduler 0.01 seconds
[36m(RolloutGroup(rank=1) pid=97505)[0m language is None, reset current_start_frame to 0
[36m(RolloutGroup(rank=1) pid=97505)[0m videos shape torch.Size([8, 3, 4, 160, 320]) 33
[36m(RolloutGroup(rank=2) pid=97509)[0m Time taken: Total 2.46 seconds, Text Encoder 0.62 seconds, Image Encoder 0.54 seconds, VAE 0.00 seconds, KV Cache Creation 0.28 seconds, Diffusion 1.01 seconds, DIT Compute Steps 3 steps, Scheduler 0.01 seconds
[36m(RolloutGroup(rank=2) pid=97509)[0m language is None, reset current_start_frame to 0
[36m(RolloutGroup(rank=2) pid=97509)[0m videos shape torch.Size([8, 3, 4, 160, 320]) 33
[36m(RolloutGroup(rank=0) pid=97489)[0m Time taken: Total 2.47 seconds, Text Encoder 0.62 seconds, Image Encoder 0.54 seconds, VAE 0.00 seconds, KV Cache Creation 0.28 seconds, Diffusion 1.01 seconds, DIT Compute Steps 3 steps, Scheduler 0.01 seconds
[36m(RolloutGroup(rank=0) pid=97489)[0m language is None, reset current_start_frame to 0
[36m(RolloutGroup(rank=0) pid=97489)[0m videos shape torch.Size([8, 3, 4, 160, 320]) 33
[36m(RolloutGroup(rank=3) pid=97511)[0m Time taken: Total 2.48 seconds, Text Encoder 0.62 seconds, Image Encoder 0.54 seconds, VAE 0.00 seconds, KV Cache Creation 0.28 seconds, Diffusion 1.02 seconds, DIT Compute Steps 3 steps, Scheduler 0.01 seconds
[36m(RolloutGroup(rank=3) pid=97511)[0m language is None, reset current_start_frame to 0
[36m(RolloutGroup(rank=3) pid=97511)[0m videos shape torch.Size([8, 3, 4, 160, 320]) 33
[36m(RolloutGroup(rank=1) pid=97505)[0m Time taken: Total 2.46 seconds, Text Encoder 0.62 seconds, Image Encoder 0.54 seconds, VAE 0.00 seconds, KV Cache Creation 0.28 seconds, Diffusion 1.01 seconds, DIT Compute Steps 3 steps, Scheduler 0.01 seconds
[36m(RolloutGroup(rank=1) pid=97505)[0m language is None, reset current_start_frame to 0
[36m(RolloutGroup(rank=1) pid=97505)[0m videos shape torch.Size([8, 3, 4, 160, 320]) 33
[36m(RolloutGroup(rank=2) pid=97509)[0m Time taken: Total 2.46 seconds, Text Encoder 0.62 seconds, Image Encoder 0.54 seconds, VAE 0.00 seconds, KV Cache Creation 0.28 seconds, Diffusion 1.02 seconds, DIT Compute Steps 3 steps, Scheduler 0.01 seconds
[36m(RolloutGroup(rank=2) pid=97509)[0m language is None, reset current_start_frame to 0
[36m(RolloutGroup(rank=2) pid=97509)[0m videos shape torch.Size([8, 3, 4, 160, 320]) 33
[36m(RolloutGroup(rank=0) pid=97489)[0m Time taken: Total 2.47 seconds, Text Encoder 0.62 seconds, Image Encoder 0.54 seconds, VAE 0.00 seconds, KV Cache Creation 0.28 seconds, Diffusion 1.02 seconds, DIT Compute Steps 3 steps, Scheduler 0.01 seconds
[36m(RolloutGroup(rank=0) pid=97489)[0m language is None, reset current_start_frame to 0
[36m(RolloutGroup(rank=0) pid=97489)[0m videos shape torch.Size([8, 3, 4, 160, 320]) 33
[36m(RolloutGroup(rank=3) pid=97511)[0m Time taken: Total 2.48 seconds, Text Encoder 0.62 seconds, Image Encoder 0.54 seconds, VAE 0.00 seconds, KV Cache Creation 0.28 seconds, Diffusion 1.02 seconds, DIT Compute Steps 3 steps, Scheduler 0.01 seconds
[36m(RolloutGroup(rank=3) pid=97511)[0m language is None, reset current_start_frame to 0
[36m(RolloutGroup(rank=3) pid=97511)[0m videos shape torch.Size([8, 3, 4, 160, 320]) 33
[36m(RolloutGroup(rank=1) pid=97505)[0m Time taken: Total 2.46 seconds, Text Encoder 0.62 seconds, Image Encoder 0.54 seconds, VAE 0.00 seconds, KV Cache Creation 0.28 seconds, Diffusion 1.01 seconds, DIT Compute Steps 3 steps, Scheduler 0.01 seconds
[36m(RolloutGroup(rank=1) pid=97505)[0m language is None, reset current_start_frame to 0
[36m(RolloutGroup(rank=1) pid=97505)[0m videos shape torch.Size([8, 3, 4, 160, 320]) 33
[36m(RolloutGroup(rank=2) pid=97509)[0m Time taken: Total 2.47 seconds, Text Encoder 0.62 seconds, Image Encoder 0.54 seconds, VAE 0.00 seconds, KV Cache Creation 0.28 seconds, Diffusion 1.02 seconds, DIT Compute Steps 3 steps, Scheduler 0.01 seconds
[36m(RolloutGroup(rank=2) pid=97509)[0m language is None, reset current_start_frame to 0
[36m(RolloutGroup(rank=2) pid=97509)[0m videos shape torch.Size([8, 3, 4, 160, 320]) 33
[36m(RolloutGroup(rank=0) pid=97489)[0m Time taken: Total 2.46 seconds, Text Encoder 0.62 seconds, Image Encoder 0.54 seconds, VAE 0.00 seconds, KV Cache Creation 0.28 seconds, Diffusion 1.01 seconds, DIT Compute Steps 3 steps, Scheduler 0.01 seconds
[36m(RolloutGroup(rank=0) pid=97489)[0m language is None, reset current_start_frame to 0
[36m(RolloutGroup(rank=0) pid=97489)[0m videos shape torch.Size([8, 3, 4, 160, 320]) 33
[36m(RolloutGroup(rank=3) pid=97511)[0m Time taken: Total 2.47 seconds, Text Encoder 0.62 seconds, Image Encoder 0.54 seconds, VAE 0.00 seconds, KV Cache Creation 0.28 seconds, Diffusion 1.02 seconds, DIT Compute Steps 3 steps, Scheduler 0.01 seconds
[36m(RolloutGroup(rank=3) pid=97511)[0m language is None, reset current_start_frame to 0
[36m(RolloutGroup(rank=3) pid=97511)[0m videos shape torch.Size([8, 3, 4, 160, 320]) 33
[36m(RolloutGroup(rank=1) pid=97505)[0m Time taken: Total 2.46 seconds, Text Encoder 0.62 seconds, Image Encoder 0.54 seconds, VAE 0.00 seconds, KV Cache Creation 0.28 seconds, Diffusion 1.01 seconds, DIT Compute Steps 3 steps, Scheduler 0.01 seconds
[36m(RolloutGroup(rank=1) pid=97505)[0m language is None, reset current_start_frame to 0
[36m(RolloutGroup(rank=1) pid=97505)[0m videos shape torch.Size([8, 3, 4, 160, 320]) 33
[36m(RolloutGroup(rank=2) pid=97509)[0m Time taken: Total 2.47 seconds, Text Encoder 0.62 seconds, Image Encoder 0.54 seconds, VAE 0.00 seconds, KV Cache Creation 0.28 seconds, Diffusion 1.02 seconds, DIT Compute Steps 3 steps, Scheduler 0.01 seconds
[36m(RolloutGroup(rank=2) pid=97509)[0m language is None, reset current_start_frame to 0
[36m(RolloutGroup(rank=2) pid=97509)[0m videos shape torch.Size([8, 3, 4, 160, 320]) 33
[36m(RolloutGroup(rank=0) pid=97489)[0m Time taken: Total 2.47 seconds, Text Encoder 0.62 seconds, Image Encoder 0.54 seconds, VAE 0.00 seconds, KV Cache Creation 0.28 seconds, Diffusion 1.01 seconds, DIT Compute Steps 3 steps, Scheduler 0.01 seconds
[36m(RolloutGroup(rank=0) pid=97489)[0m language is None, reset current_start_frame to 0
[36m(RolloutGroup(rank=0) pid=97489)[0m videos shape torch.Size([8, 3, 4, 160, 320]) 33
[36m(RolloutGroup(rank=3) pid=97511)[0m Time taken: Total 2.47 seconds, Text Encoder 0.62 seconds, Image Encoder 0.54 seconds, VAE 0.00 seconds, KV Cache Creation 0.28 seconds, Diffusion 1.02 seconds, DIT Compute Steps 3 steps, Scheduler 0.01 seconds
[36m(RolloutGroup(rank=3) pid=97511)[0m language is None, reset current_start_frame to 0
[36m(RolloutGroup(rank=3) pid=97511)[0m videos shape torch.Size([8, 3, 4, 160, 320]) 33
[36m(RolloutGroup(rank=1) pid=97505)[0m Time taken: Total 2.47 seconds, Text Encoder 0.62 seconds, Image Encoder 0.54 seconds, VAE 0.00 seconds, KV Cache Creation 0.28 seconds, Diffusion 1.02 seconds, DIT Compute Steps 3 steps, Scheduler 0.01 seconds
[36m(RolloutGroup(rank=1) pid=97505)[0m language is None, reset current_start_frame to 0
[36m(RolloutGroup(rank=1) pid=97505)[0m videos shape torch.Size([8, 3, 4, 160, 320]) 33
[36m(RolloutGroup(rank=2) pid=97509)[0m Time taken: Total 2.47 seconds, Text Encoder 0.62 seconds, Image Encoder 0.54 seconds, VAE 0.00 seconds, KV Cache Creation 0.28 seconds, Diffusion 1.02 seconds, DIT Compute Steps 3 steps, Scheduler 0.01 seconds
[36m(RolloutGroup(rank=2) pid=97509)[0m language is None, reset current_start_frame to 0
[36m(RolloutGroup(rank=2) pid=97509)[0m videos shape torch.Size([8, 3, 4, 160, 320]) 33
[36m(RolloutGroup(rank=0) pid=97489)[0m Time taken: Total 2.47 seconds, Text Encoder 0.62 seconds, Image Encoder 0.54 seconds, VAE 0.00 seconds, KV Cache Creation 0.28 seconds, Diffusion 1.02 seconds, DIT Compute Steps 3 steps, Scheduler 0.01 seconds
[36m(RolloutGroup(rank=0) pid=97489)[0m language is None, reset current_start_frame to 0
[36m(RolloutGroup(rank=0) pid=97489)[0m videos shape torch.Size([8, 3, 4, 160, 320]) 33
[36m(RolloutGroup(rank=3) pid=97511)[0m Time taken: Total 2.47 seconds, Text Encoder 0.62 seconds, Image Encoder 0.54 seconds, VAE 0.00 seconds, KV Cache Creation 0.28 seconds, Diffusion 1.02 seconds, DIT Compute Steps 3 steps, Scheduler 0.01 seconds
[36m(RolloutGroup(rank=3) pid=97511)[0m language is None, reset current_start_frame to 0
[36m(RolloutGroup(rank=3) pid=97511)[0m videos shape torch.Size([8, 3, 4, 160, 320]) 33
[36m(RolloutGroup(rank=1) pid=97505)[0m Time taken: Total 2.46 seconds, Text Encoder 0.62 seconds, Image Encoder 0.54 seconds, VAE 0.00 seconds, KV Cache Creation 0.28 seconds, Diffusion 1.02 seconds, DIT Compute Steps 3 steps, Scheduler 0.01 seconds
[36m(RolloutGroup(rank=1) pid=97505)[0m language is None, reset current_start_frame to 0
[36m(RolloutGroup(rank=1) pid=97505)[0m videos shape torch.Size([8, 3, 4, 160, 320]) 33
[36m(RolloutGroup(rank=2) pid=97509)[0m Time taken: Total 2.47 seconds, Text Encoder 0.62 seconds, Image Encoder 0.54 seconds, VAE 0.00 seconds, KV Cache Creation 0.28 seconds, Diffusion 1.02 seconds, DIT Compute Steps 3 steps, Scheduler 0.01 seconds
[36m(RolloutGroup(rank=2) pid=97509)[0m language is None, reset current_start_frame to 0
[36m(RolloutGroup(rank=2) pid=97509)[0m videos shape torch.Size([8, 3, 4, 160, 320]) 33
[36m(RolloutGroup(rank=0) pid=97489)[0m Time taken: Total 2.47 seconds, Text Encoder 0.62 seconds, Image Encoder 0.54 seconds, VAE 0.00 seconds, KV Cache Creation 0.28 seconds, Diffusion 1.02 seconds, DIT Compute Steps 3 steps, Scheduler 0.01 seconds
[36m(RolloutGroup(rank=0) pid=97489)[0m language is None, reset current_start_frame to 0
[36m(RolloutGroup(rank=0) pid=97489)[0m videos shape torch.Size([8, 3, 4, 160, 320]) 33
[36m(RolloutGroup(rank=3) pid=97511)[0m Time taken: Total 2.47 seconds, Text Encoder 0.62 seconds, Image Encoder 0.54 seconds, VAE 0.00 seconds, KV Cache Creation 0.28 seconds, Diffusion 1.02 seconds, DIT Compute Steps 3 steps, Scheduler 0.01 seconds
[36m(RolloutGroup(rank=3) pid=97511)[0m language is None, reset current_start_frame to 0
[36m(RolloutGroup(rank=3) pid=97511)[0m videos shape torch.Size([8, 3, 4, 160, 320]) 33
[36m(RolloutGroup(rank=1) pid=97505)[0m Time taken: Total 2.46 seconds, Text Encoder 0.62 seconds, Image Encoder 0.54 seconds, VAE 0.00 seconds, KV Cache Creation 0.28 seconds, Diffusion 1.01 seconds, DIT Compute Steps 3 steps, Scheduler 0.01 seconds
[36m(RolloutGroup(rank=1) pid=97505)[0m language is None, reset current_start_frame to 0
[36m(RolloutGroup(rank=1) pid=97505)[0m videos shape torch.Size([8, 3, 4, 160, 320]) 33
[36m(RolloutGroup(rank=2) pid=97509)[0m Time taken: Total 2.47 seconds, Text Encoder 0.62 seconds, Image Encoder 0.54 seconds, VAE 0.00 seconds, KV Cache Creation 0.28 seconds, Diffusion 1.02 seconds, DIT Compute Steps 3 steps, Scheduler 0.01 seconds
[36m(RolloutGroup(rank=2) pid=97509)[0m language is None, reset current_start_frame to 0
[36m(RolloutGroup(rank=2) pid=97509)[0m videos shape torch.Size([8, 3, 4, 160, 320]) 33
[36m(RolloutGroup(rank=0) pid=97489)[0m Time taken: Total 2.47 seconds, Text Encoder 0.62 seconds, Image Encoder 0.54 seconds, VAE 0.00 seconds, KV Cache Creation 0.28 seconds, Diffusion 1.02 seconds, DIT Compute Steps 3 steps, Scheduler 0.01 seconds
[36m(RolloutGroup(rank=0) pid=97489)[0m language is None, reset current_start_frame to 0
[36m(RolloutGroup(rank=0) pid=97489)[0m videos shape torch.Size([8, 3, 4, 160, 320]) 33
[36m(RolloutGroup(rank=3) pid=97511)[0m Time taken: Total 2.47 seconds, Text Encoder 0.62 seconds, Image Encoder 0.54 seconds, VAE 0.00 seconds, KV Cache Creation 0.28 seconds, Diffusion 1.02 seconds, DIT Compute Steps 3 steps, Scheduler 0.01 seconds
[36m(RolloutGroup(rank=3) pid=97511)[0m language is None, reset current_start_frame to 0
[36m(RolloutGroup(rank=3) pid=97511)[0m videos shape torch.Size([8, 3, 4, 160, 320]) 33
[36m(RolloutGroup(rank=1) pid=97505)[0m Time taken: Total 2.46 seconds, Text Encoder 0.62 seconds, Image Encoder 0.54 seconds, VAE 0.00 seconds, KV Cache Creation 0.28 seconds, Diffusion 1.01 seconds, DIT Compute Steps 3 steps, Scheduler 0.01 seconds
[36m(RolloutGroup(rank=1) pid=97505)[0m language is None, reset current_start_frame to 0
[36m(RolloutGroup(rank=1) pid=97505)[0m videos shape torch.Size([8, 3, 4, 160, 320]) 33
[36m(RolloutGroup(rank=2) pid=97509)[0m Time taken: Total 2.46 seconds, Text Encoder 0.62 seconds, Image Encoder 0.54 seconds, VAE 0.00 seconds, KV Cache Creation 0.28 seconds, Diffusion 1.02 seconds, DIT Compute Steps 3 steps, Scheduler 0.01 seconds
[36m(RolloutGroup(rank=2) pid=97509)[0m language is None, reset current_start_frame to 0
[36m(RolloutGroup(rank=2) pid=97509)[0m videos shape torch.Size([8, 3, 4, 160, 320]) 33
[36m(RolloutGroup(rank=0) pid=97489)[0m Time taken: Total 2.47 seconds, Text Encoder 0.62 seconds, Image Encoder 0.54 seconds, VAE 0.00 seconds, KV Cache Creation 0.28 seconds, Diffusion 1.02 seconds, DIT Compute Steps 3 steps, Scheduler 0.01 seconds
[36m(RolloutGroup(rank=0) pid=97489)[0m language is None, reset current_start_frame to 0
[36m(RolloutGroup(rank=0) pid=97489)[0m videos shape torch.Size([8, 3, 4, 160, 320]) 33
[36m(RolloutGroup(rank=3) pid=97511)[0m Time taken: Total 2.47 seconds, Text Encoder 0.62 seconds, Image Encoder 0.55 seconds, VAE 0.00 seconds, KV Cache Creation 0.28 seconds, Diffusion 1.02 seconds, DIT Compute Steps 3 steps, Scheduler 0.01 seconds
[36m(RolloutGroup(rank=3) pid=97511)[0m language is None, reset current_start_frame to 0
[36m(RolloutGroup(rank=3) pid=97511)[0m videos shape torch.Size([8, 3, 4, 160, 320]) 33
[36m(RolloutGroup(rank=1) pid=97505)[0m Time taken: Total 2.46 seconds, Text Encoder 0.62 seconds, Image Encoder 0.54 seconds, VAE 0.00 seconds, KV Cache Creation 0.28 seconds, Diffusion 1.01 seconds, DIT Compute Steps 3 steps, Scheduler 0.01 seconds
[36m(RolloutGroup(rank=2) pid=97509)[0m Time taken: Total 2.46 seconds, Text Encoder 0.62 seconds, Image Encoder 0.54 seconds, VAE 0.00 seconds, KV Cache Creation 0.28 seconds, Diffusion 1.01 seconds, DIT Compute Steps 3 steps, Scheduler 0.01 seconds
[36m(RolloutGroup(rank=0) pid=97489)[0m Time taken: Total 2.47 seconds, Text Encoder 0.62 seconds, Image Encoder 0.54 seconds, VAE 0.00 seconds, KV Cache Creation 0.28 seconds, Diffusion 1.02 seconds, DIT Compute Steps 3 steps, Scheduler 0.01 seconds
[36m(RolloutGroup(rank=3) pid=97511)[0m Time taken: Total 2.47 seconds, Text Encoder 0.62 seconds, Image Encoder 0.55 seconds, VAE 0.00 seconds, KV Cache Creation 0.28 seconds, Diffusion 1.02 seconds, DIT Compute Steps 3 steps, Scheduler 0.01 seconds
[36m(RolloutGroup(rank=1) pid=97505)[0m language is None, reset current_start_frame to 0
[36m(RolloutGroup(rank=1) pid=97505)[0m videos shape torch.Size([8, 3, 4, 160, 320]) 33
[36m(RolloutGroup(rank=2) pid=97509)[0m language is None, reset current_start_frame to 0
[36m(RolloutGroup(rank=2) pid=97509)[0m videos shape torch.Size([8, 3, 4, 160, 320]) 33
[36m(RolloutGroup(rank=0) pid=97489)[0m language is None, reset current_start_frame to 0
[36m(RolloutGroup(rank=0) pid=97489)[0m videos shape torch.Size([8, 3, 4, 160, 320]) 33
[36m(RolloutGroup(rank=3) pid=97511)[0m language is None, reset current_start_frame to 0
[36m(RolloutGroup(rank=3) pid=97511)[0m videos shape torch.Size([8, 3, 4, 160, 320]) 33
[36m(RolloutGroup(rank=1) pid=97505)[0m Time taken: Total 2.46 seconds, Text Encoder 0.62 seconds, Image Encoder 0.54 seconds, VAE 0.00 seconds, KV Cache Creation 0.28 seconds, Diffusion 1.02 seconds, DIT Compute Steps 3 steps, Scheduler 0.01 seconds
[36m(RolloutGroup(rank=1) pid=97505)[0m language is None, reset current_start_frame to 0
[36m(RolloutGroup(rank=1) pid=97505)[0m videos shape torch.Size([8, 3, 4, 160, 320]) 33
[36m(RolloutGroup(rank=2) pid=97509)[0m Time taken: Total 2.47 seconds, Text Encoder 0.62 seconds, Image Encoder 0.54 seconds, VAE 0.00 seconds, KV Cache Creation 0.28 seconds, Diffusion 1.02 seconds, DIT Compute Steps 3 steps, Scheduler 0.01 seconds
[36m(RolloutGroup(rank=2) pid=97509)[0m language is None, reset current_start_frame to 0
[36m(RolloutGroup(rank=2) pid=97509)[0m videos shape torch.Size([8, 3, 4, 160, 320]) 33
[36m(RolloutGroup(rank=0) pid=97489)[0m Time taken: Total 2.47 seconds, Text Encoder 0.62 seconds, Image Encoder 0.54 seconds, VAE 0.00 seconds, KV Cache Creation 0.28 seconds, Diffusion 1.02 seconds, DIT Compute Steps 3 steps, Scheduler 0.01 seconds
[36m(RolloutGroup(rank=0) pid=97489)[0m language is None, reset current_start_frame to 0
[36m(RolloutGroup(rank=0) pid=97489)[0m videos shape torch.Size([8, 3, 4, 160, 320]) 33
[36m(RolloutGroup(rank=3) pid=97511)[0m Time taken: Total 2.47 seconds, Text Encoder 0.62 seconds, Image Encoder 0.54 seconds, VAE 0.00 seconds, KV Cache Creation 0.28 seconds, Diffusion 1.02 seconds, DIT Compute Steps 3 steps, Scheduler 0.01 seconds
[36m(RolloutGroup(rank=3) pid=97511)[0m language is None, reset current_start_frame to 0
[36m(RolloutGroup(rank=3) pid=97511)[0m videos shape torch.Size([8, 3, 4, 160, 320]) 33
[36m(RolloutGroup(rank=1) pid=97505)[0m Time taken: Total 2.46 seconds, Text Encoder 0.62 seconds, Image Encoder 0.54 seconds, VAE 0.00 seconds, KV Cache Creation 0.28 seconds, Diffusion 1.01 seconds, DIT Compute Steps 3 steps, Scheduler 0.01 seconds
[36m(RolloutGroup(rank=1) pid=97505)[0m language is None, reset current_start_frame to 0
[36m(RolloutGroup(rank=1) pid=97505)[0m videos shape torch.Size([8, 3, 4, 160, 320]) 33
[36m(RolloutGroup(rank=2) pid=97509)[0m Time taken: Total 2.46 seconds, Text Encoder 0.62 seconds, Image Encoder 0.54 seconds, VAE 0.00 seconds, KV Cache Creation 0.28 seconds, Diffusion 1.02 seconds, DIT Compute Steps 3 steps, Scheduler 0.01 seconds
[36m(RolloutGroup(rank=2) pid=97509)[0m language is None, reset current_start_frame to 0
[36m(RolloutGroup(rank=2) pid=97509)[0m videos shape torch.Size([8, 3, 4, 160, 320]) 33
[36m(RolloutGroup(rank=0) pid=97489)[0m Time taken: Total 2.47 seconds, Text Encoder 0.62 seconds, Image Encoder 0.54 seconds, VAE 0.00 seconds, KV Cache Creation 0.28 seconds, Diffusion 1.02 seconds, DIT Compute Steps 3 steps, Scheduler 0.01 seconds
[36m(RolloutGroup(rank=0) pid=97489)[0m language is None, reset current_start_frame to 0
[36m(RolloutGroup(rank=0) pid=97489)[0m videos shape torch.Size([8, 3, 4, 160, 320]) 33
[36m(RolloutGroup(rank=3) pid=97511)[0m Time taken: Total 2.47 seconds, Text Encoder 0.62 seconds, Image Encoder 0.54 seconds, VAE 0.00 seconds, KV Cache Creation 0.28 seconds, Diffusion 1.02 seconds, DIT Compute Steps 3 steps, Scheduler 0.01 seconds
[36m(RolloutGroup(rank=3) pid=97511)[0m language is None, reset current_start_frame to 0
[36m(RolloutGroup(rank=3) pid=97511)[0m videos shape torch.Size([8, 3, 4, 160, 320]) 33
[36m(RolloutGroup(rank=1) pid=97505)[0m Time taken: Total 2.46 seconds, Text Encoder 0.62 seconds, Image Encoder 0.54 seconds, VAE 0.00 seconds, KV Cache Creation 0.28 seconds, Diffusion 1.01 seconds, DIT Compute Steps 3 steps, Scheduler 0.01 seconds
[36m(RolloutGroup(rank=1) pid=97505)[0m language is None, reset current_start_frame to 0
[36m(RolloutGroup(rank=1) pid=97505)[0m videos shape torch.Size([8, 3, 4, 160, 320]) 33
[36m(RolloutGroup(rank=2) pid=97509)[0m Time taken: Total 2.47 seconds, Text Encoder 0.62 seconds, Image Encoder 0.54 seconds, VAE 0.00 seconds, KV Cache Creation 0.28 seconds, Diffusion 1.02 seconds, DIT Compute Steps 3 steps, Scheduler 0.01 seconds
[36m(RolloutGroup(rank=2) pid=97509)[0m language is None, reset current_start_frame to 0
[36m(RolloutGroup(rank=2) pid=97509)[0m videos shape torch.Size([8, 3, 4, 160, 320]) 33
[36m(RolloutGroup(rank=0) pid=97489)[0m Time taken: Total 2.47 seconds, Text Encoder 0.62 seconds, Image Encoder 0.54 seconds, VAE 0.00 seconds, KV Cache Creation 0.28 seconds, Diffusion 1.02 seconds, DIT Compute Steps 3 steps, Scheduler 0.01 seconds
[36m(RolloutGroup(rank=0) pid=97489)[0m language is None, reset current_start_frame to 0
[36m(RolloutGroup(rank=0) pid=97489)[0m videos shape torch.Size([8, 3, 4, 160, 320]) 33
[36m(RolloutGroup(rank=3) pid=97511)[0m Time taken: Total 2.47 seconds, Text Encoder 0.62 seconds, Image Encoder 0.54 seconds, VAE 0.00 seconds, KV Cache Creation 0.28 seconds, Diffusion 1.02 seconds, DIT Compute Steps 3 steps, Scheduler 0.01 seconds
[36m(RolloutGroup(rank=3) pid=97511)[0m language is None, reset current_start_frame to 0
[36m(RolloutGroup(rank=3) pid=97511)[0m videos shape torch.Size([8, 3, 4, 160, 320]) 33
[36m(RolloutGroup(rank=1) pid=97505)[0m Time taken: Total 2.46 seconds, Text Encoder 0.62 seconds, Image Encoder 0.54 seconds, VAE 0.00 seconds, KV Cache Creation 0.28 seconds, Diffusion 1.01 seconds, DIT Compute Steps 3 steps, Scheduler 0.01 seconds
[36m(RolloutGroup(rank=1) pid=97505)[0m language is None, reset current_start_frame to 0
[36m(RolloutGroup(rank=1) pid=97505)[0m videos shape torch.Size([8, 3, 4, 160, 320]) 33
[36m(RolloutGroup(rank=2) pid=97509)[0m Time taken: Total 2.47 seconds, Text Encoder 0.62 seconds, Image Encoder 0.54 seconds, VAE 0.00 seconds, KV Cache Creation 0.28 seconds, Diffusion 1.02 seconds, DIT Compute Steps 3 steps, Scheduler 0.01 seconds
[36m(RolloutGroup(rank=2) pid=97509)[0m language is None, reset current_start_frame to 0
[36m(RolloutGroup(rank=2) pid=97509)[0m videos shape torch.Size([8, 3, 4, 160, 320]) 33
[36m(RolloutGroup(rank=0) pid=97489)[0m Time taken: Total 2.47 seconds, Text Encoder 0.62 seconds, Image Encoder 0.54 seconds, VAE 0.00 seconds, KV Cache Creation 0.28 seconds, Diffusion 1.02 seconds, DIT Compute Steps 3 steps, Scheduler 0.01 seconds
[36m(RolloutGroup(rank=0) pid=97489)[0m language is None, reset current_start_frame to 0
[36m(RolloutGroup(rank=0) pid=97489)[0m videos shape torch.Size([8, 3, 4, 160, 320]) 33
[36m(RolloutGroup(rank=3) pid=97511)[0m Time taken: Total 2.47 seconds, Text Encoder 0.62 seconds, Image Encoder 0.54 seconds, VAE 0.00 seconds, KV Cache Creation 0.28 seconds, Diffusion 1.02 seconds, DIT Compute Steps 3 steps, Scheduler 0.01 seconds
[36m(RolloutGroup(rank=3) pid=97511)[0m language is None, reset current_start_frame to 0
[36m(RolloutGroup(rank=3) pid=97511)[0m videos shape torch.Size([8, 3, 4, 160, 320]) 33
[36m(RolloutGroup(rank=1) pid=97505)[0m Time taken: Total 2.46 seconds, Text Encoder 0.62 seconds, Image Encoder 0.54 seconds, VAE 0.00 seconds, KV Cache Creation 0.28 seconds, Diffusion 1.01 seconds, DIT Compute Steps 3 steps, Scheduler 0.01 seconds
[36m(RolloutGroup(rank=1) pid=97505)[0m language is None, reset current_start_frame to 0
[36m(RolloutGroup(rank=1) pid=97505)[0m videos shape torch.Size([8, 3, 4, 160, 320]) 33
[36m(RolloutGroup(rank=2) pid=97509)[0m Time taken: Total 2.47 seconds, Text Encoder 0.62 seconds, Image Encoder 0.54 seconds, VAE 0.00 seconds, KV Cache Creation 0.28 seconds, Diffusion 1.02 seconds, DIT Compute Steps 3 steps, Scheduler 0.01 seconds
[36m(RolloutGroup(rank=2) pid=97509)[0m language is None, reset current_start_frame to 0
[36m(RolloutGroup(rank=2) pid=97509)[0m videos shape torch.Size([8, 3, 4, 160, 320]) 33
[36m(RolloutGroup(rank=0) pid=97489)[0m Time taken: Total 2.47 seconds, Text Encoder 0.62 seconds, Image Encoder 0.54 seconds, VAE 0.00 seconds, KV Cache Creation 0.28 seconds, Diffusion 1.02 seconds, DIT Compute Steps 3 steps, Scheduler 0.01 seconds
[36m(RolloutGroup(rank=0) pid=97489)[0m language is None, reset current_start_frame to 0
[36m(RolloutGroup(rank=0) pid=97489)[0m videos shape torch.Size([8, 3, 4, 160, 320]) 33
[36m(RolloutGroup(rank=3) pid=97511)[0m Time taken: Total 2.47 seconds, Text Encoder 0.62 seconds, Image Encoder 0.54 seconds, VAE 0.00 seconds, KV Cache Creation 0.28 seconds, Diffusion 1.02 seconds, DIT Compute Steps 3 steps, Scheduler 0.01 seconds
[36m(RolloutGroup(rank=3) pid=97511)[0m language is None, reset current_start_frame to 0
[36m(RolloutGroup(rank=3) pid=97511)[0m videos shape torch.Size([8, 3, 4, 160, 320]) 33
[36m(RolloutGroup(rank=1) pid=97505)[0m Time taken: Total 2.46 seconds, Text Encoder 0.62 seconds, Image Encoder 0.54 seconds, VAE 0.00 seconds, KV Cache Creation 0.28 seconds, Diffusion 1.01 seconds, DIT Compute Steps 3 steps, Scheduler 0.01 seconds
[36m(RolloutGroup(rank=1) pid=97505)[0m language is None, reset current_start_frame to 0
[36m(RolloutGroup(rank=1) pid=97505)[0m videos shape torch.Size([8, 3, 4, 160, 320]) 33
[36m(RolloutGroup(rank=2) pid=97509)[0m Time taken: Total 2.46 seconds, Text Encoder 0.62 seconds, Image Encoder 0.54 seconds, VAE 0.00 seconds, KV Cache Creation 0.28 seconds, Diffusion 1.01 seconds, DIT Compute Steps 3 steps, Scheduler 0.01 seconds
[36m(RolloutGroup(rank=2) pid=97509)[0m language is None, reset current_start_frame to 0
[36m(RolloutGroup(rank=2) pid=97509)[0m videos shape torch.Size([8, 3, 4, 160, 320]) 33
[36m(RolloutGroup(rank=0) pid=97489)[0m Time taken: Total 2.47 seconds, Text Encoder 0.62 seconds, Image Encoder 0.54 seconds, VAE 0.00 seconds, KV Cache Creation 0.28 seconds, Diffusion 1.02 seconds, DIT Compute Steps 3 steps, Scheduler 0.01 seconds
[36m(RolloutGroup(rank=0) pid=97489)[0m language is None, reset current_start_frame to 0
[36m(RolloutGroup(rank=0) pid=97489)[0m videos shape torch.Size([8, 3, 4, 160, 320]) 33
[36m(RolloutGroup(rank=3) pid=97511)[0m Time taken: Total 2.47 seconds, Text Encoder 0.62 seconds, Image Encoder 0.54 seconds, VAE 0.00 seconds, KV Cache Creation 0.28 seconds, Diffusion 1.02 seconds, DIT Compute Steps 3 steps, Scheduler 0.01 seconds
[36m(RolloutGroup(rank=3) pid=97511)[0m language is None, reset current_start_frame to 0
[36m(RolloutGroup(rank=3) pid=97511)[0m videos shape torch.Size([8, 3, 4, 160, 320]) 33
[36m(RolloutGroup(rank=1) pid=97505)[0m Time taken: Total 2.46 seconds, Text Encoder 0.62 seconds, Image Encoder 0.54 seconds, VAE 0.00 seconds, KV Cache Creation 0.28 seconds, Diffusion 1.01 seconds, DIT Compute Steps 3 steps, Scheduler 0.01 seconds
[36m(RolloutGroup(rank=1) pid=97505)[0m language is None, reset current_start_frame to 0
[36m(RolloutGroup(rank=1) pid=97505)[0m videos shape torch.Size([8, 3, 4, 160, 320]) 33
[36m(RolloutGroup(rank=2) pid=97509)[0m Time taken: Total 2.46 seconds, Text Encoder 0.62 seconds, Image Encoder 0.54 seconds, VAE 0.00 seconds, KV Cache Creation 0.28 seconds, Diffusion 1.01 seconds, DIT Compute Steps 3 steps, Scheduler 0.01 seconds
[36m(RolloutGroup(rank=2) pid=97509)[0m language is None, reset current_start_frame to 0
[36m(RolloutGroup(rank=2) pid=97509)[0m videos shape torch.Size([8, 3, 4, 160, 320]) 33
[36m(RolloutGroup(rank=0) pid=97489)[0m Time taken: Total 2.47 seconds, Text Encoder 0.62 seconds, Image Encoder 0.54 seconds, VAE 0.00 seconds, KV Cache Creation 0.28 seconds, Diffusion 1.02 seconds, DIT Compute Steps 3 steps, Scheduler 0.01 seconds
[36m(RolloutGroup(rank=0) pid=97489)[0m language is None, reset current_start_frame to 0
[36m(RolloutGroup(rank=0) pid=97489)[0m videos shape torch.Size([8, 3, 4, 160, 320]) 33
[36m(RolloutGroup(rank=3) pid=97511)[0m Time taken: Total 2.47 seconds, Text Encoder 0.62 seconds, Image Encoder 0.54 seconds, VAE 0.00 seconds, KV Cache Creation 0.28 seconds, Diffusion 1.02 seconds, DIT Compute Steps 3 steps, Scheduler 0.01 seconds
[36m(RolloutGroup(rank=3) pid=97511)[0m language is None, reset current_start_frame to 0
[36m(RolloutGroup(rank=3) pid=97511)[0m videos shape torch.Size([8, 3, 4, 160, 320]) 33
[36m(RolloutGroup(rank=1) pid=97505)[0m Time taken: Total 2.46 seconds, Text Encoder 0.62 seconds, Image Encoder 0.54 seconds, VAE 0.00 seconds, KV Cache Creation 0.28 seconds, Diffusion 1.01 seconds, DIT Compute Steps 3 steps, Scheduler 0.01 seconds
[36m(RolloutGroup(rank=1) pid=97505)[0m language is None, reset current_start_frame to 0
[36m(RolloutGroup(rank=1) pid=97505)[0m videos shape torch.Size([8, 3, 4, 160, 320]) 33
[36m(RolloutGroup(rank=2) pid=97509)[0m Time taken: Total 2.46 seconds, Text Encoder 0.62 seconds, Image Encoder 0.54 seconds, VAE 0.00 seconds, KV Cache Creation 0.28 seconds, Diffusion 1.01 seconds, DIT Compute Steps 3 steps, Scheduler 0.01 seconds
[36m(RolloutGroup(rank=2) pid=97509)[0m language is None, reset current_start_frame to 0
[36m(RolloutGroup(rank=2) pid=97509)[0m videos shape torch.Size([8, 3, 4, 160, 320]) 33
[36m(RolloutGroup(rank=0) pid=97489)[0m Time taken: Total 2.47 seconds, Text Encoder 0.62 seconds, Image Encoder 0.54 seconds, VAE 0.00 seconds, KV Cache Creation 0.28 seconds, Diffusion 1.02 seconds, DIT Compute Steps 3 steps, Scheduler 0.01 seconds
[36m(RolloutGroup(rank=0) pid=97489)[0m language is None, reset current_start_frame to 0
[36m(RolloutGroup(rank=0) pid=97489)[0m videos shape torch.Size([8, 3, 4, 160, 320]) 33
[36m(RolloutGroup(rank=3) pid=97511)[0m Time taken: Total 2.47 seconds, Text Encoder 0.62 seconds, Image Encoder 0.54 seconds, VAE 0.00 seconds, KV Cache Creation 0.28 seconds, Diffusion 1.02 seconds, DIT Compute Steps 3 steps, Scheduler 0.01 seconds
[36m(RolloutGroup(rank=3) pid=97511)[0m language is None, reset current_start_frame to 0
[36m(RolloutGroup(rank=3) pid=97511)[0m videos shape torch.Size([8, 3, 4, 160, 320]) 33
[36m(RolloutGroup(rank=1) pid=97505)[0m Time taken: Total 2.46 seconds, Text Encoder 0.62 seconds, Image Encoder 0.54 seconds, VAE 0.00 seconds, KV Cache Creation 0.28 seconds, Diffusion 1.01 seconds, DIT Compute Steps 3 steps, Scheduler 0.01 seconds
[36m(RolloutGroup(rank=1) pid=97505)[0m language is None, reset current_start_frame to 0
[36m(RolloutGroup(rank=1) pid=97505)[0m videos shape torch.Size([8, 3, 4, 160, 320]) 33
[36m(RolloutGroup(rank=2) pid=97509)[0m Time taken: Total 2.47 seconds, Text Encoder 0.62 seconds, Image Encoder 0.54 seconds, VAE 0.00 seconds, KV Cache Creation 0.28 seconds, Diffusion 1.02 seconds, DIT Compute Steps 3 steps, Scheduler 0.01 seconds
[36m(RolloutGroup(rank=2) pid=97509)[0m language is None, reset current_start_frame to 0
[36m(RolloutGroup(rank=2) pid=97509)[0m videos shape torch.Size([8, 3, 4, 160, 320]) 33
[36m(RolloutGroup(rank=0) pid=97489)[0m Time taken: Total 2.47 seconds, Text Encoder 0.62 seconds, Image Encoder 0.54 seconds, VAE 0.00 seconds, KV Cache Creation 0.28 seconds, Diffusion 1.02 seconds, DIT Compute Steps 3 steps, Scheduler 0.01 seconds
[36m(RolloutGroup(rank=0) pid=97489)[0m language is None, reset current_start_frame to 0
[36m(RolloutGroup(rank=0) pid=97489)[0m videos shape torch.Size([8, 3, 4, 160, 320]) 33
[36m(RolloutGroup(rank=3) pid=97511)[0m Time taken: Total 2.48 seconds, Text Encoder 0.62 seconds, Image Encoder 0.54 seconds, VAE 0.00 seconds, KV Cache Creation 0.28 seconds, Diffusion 1.02 seconds, DIT Compute Steps 3 steps, Scheduler 0.01 seconds
[36m(RolloutGroup(rank=3) pid=97511)[0m language is None, reset current_start_frame to 0
[36m(RolloutGroup(rank=3) pid=97511)[0m videos shape torch.Size([8, 3, 4, 160, 320]) 33
[36m(RolloutGroup(rank=1) pid=97505)[0m Time taken: Total 2.46 seconds, Text Encoder 0.62 seconds, Image Encoder 0.54 seconds, VAE 0.00 seconds, KV Cache Creation 0.28 seconds, Diffusion 1.01 seconds, DIT Compute Steps 3 steps, Scheduler 0.01 seconds
[36m(RolloutGroup(rank=2) pid=97509)[0m Time taken: Total 2.46 seconds, Text Encoder 0.62 seconds, Image Encoder 0.54 seconds, VAE 0.00 seconds, KV Cache Creation 0.28 seconds, Diffusion 1.01 seconds, DIT Compute Steps 3 steps, Scheduler 0.01 seconds
[36m(RolloutGroup(rank=0) pid=97489)[0m Time taken: Total 2.47 seconds, Text Encoder 0.62 seconds, Image Encoder 0.54 seconds, VAE 0.00 seconds, KV Cache Creation 0.28 seconds, Diffusion 1.02 seconds, DIT Compute Steps 3 steps, Scheduler 0.01 seconds
[36m(RolloutGroup(rank=1) pid=97505)[0m language is None, reset current_start_frame to 0
[36m(RolloutGroup(rank=1) pid=97505)[0m videos shape torch.Size([8, 3, 4, 160, 320]) 33
[36m(RolloutGroup(rank=3) pid=97511)[0m Time taken: Total 2.48 seconds, Text Encoder 0.62 seconds, Image Encoder 0.54 seconds, VAE 0.00 seconds, KV Cache Creation 0.28 seconds, Diffusion 1.02 seconds, DIT Compute Steps 3 steps, Scheduler 0.01 seconds
[36m(RolloutGroup(rank=2) pid=97509)[0m language is None, reset current_start_frame to 0
[36m(RolloutGroup(rank=2) pid=97509)[0m videos shape torch.Size([8, 3, 4, 160, 320]) 33
[36m(RolloutGroup(rank=0) pid=97489)[0m language is None, reset current_start_frame to 0
[36m(RolloutGroup(rank=0) pid=97489)[0m videos shape torch.Size([8, 3, 4, 160, 320]) 33
[36m(RolloutGroup(rank=3) pid=97511)[0m language is None, reset current_start_frame to 0
[36m(RolloutGroup(rank=3) pid=97511)[0m videos shape torch.Size([8, 3, 4, 160, 320]) 33
[36m(RolloutGroup(rank=1) pid=97505)[0m Time taken: Total 2.47 seconds, Text Encoder 0.62 seconds, Image Encoder 0.54 seconds, VAE 0.00 seconds, KV Cache Creation 0.28 seconds, Diffusion 1.02 seconds, DIT Compute Steps 3 steps, Scheduler 0.01 seconds
[36m(RolloutGroup(rank=1) pid=97505)[0m language is None, reset current_start_frame to 0
[36m(RolloutGroup(rank=1) pid=97505)[0m videos shape torch.Size([8, 3, 4, 160, 320]) 33
[36m(RolloutGroup(rank=2) pid=97509)[0m Time taken: Total 2.47 seconds, Text Encoder 0.62 seconds, Image Encoder 0.54 seconds, VAE 0.00 seconds, KV Cache Creation 0.28 seconds, Diffusion 1.02 seconds, DIT Compute Steps 3 steps, Scheduler 0.01 seconds
[36m(RolloutGroup(rank=2) pid=97509)[0m language is None, reset current_start_frame to 0
[36m(RolloutGroup(rank=2) pid=97509)[0m videos shape torch.Size([8, 3, 4, 160, 320]) 33
[36m(RolloutGroup(rank=0) pid=97489)[0m Time taken: Total 2.47 seconds, Text Encoder 0.62 seconds, Image Encoder 0.54 seconds, VAE 0.00 seconds, KV Cache Creation 0.28 seconds, Diffusion 1.02 seconds, DIT Compute Steps 3 steps, Scheduler 0.01 seconds
[36m(RolloutGroup(rank=0) pid=97489)[0m language is None, reset current_start_frame to 0
[36m(RolloutGroup(rank=0) pid=97489)[0m videos shape torch.Size([8, 3, 4, 160, 320]) 33
[36m(RolloutGroup(rank=3) pid=97511)[0m Time taken: Total 2.47 seconds, Text Encoder 0.63 seconds, Image Encoder 0.54 seconds, VAE 0.00 seconds, KV Cache Creation 0.28 seconds, Diffusion 1.02 seconds, DIT Compute Steps 3 steps, Scheduler 0.01 seconds
[36m(RolloutGroup(rank=3) pid=97511)[0m language is None, reset current_start_frame to 0
[36m(RolloutGroup(rank=3) pid=97511)[0m videos shape torch.Size([8, 3, 4, 160, 320]) 33
[36m(RolloutGroup(rank=1) pid=97505)[0m Time taken: Total 2.47 seconds, Text Encoder 0.62 seconds, Image Encoder 0.54 seconds, VAE 0.00 seconds, KV Cache Creation 0.28 seconds, Diffusion 1.02 seconds, DIT Compute Steps 3 steps, Scheduler 0.01 seconds
[36m(RolloutGroup(rank=1) pid=97505)[0m language is None, reset current_start_frame to 0
[36m(RolloutGroup(rank=1) pid=97505)[0m videos shape torch.Size([8, 3, 4, 160, 320]) 33
[36m(RolloutGroup(rank=2) pid=97509)[0m Time taken: Total 2.47 seconds, Text Encoder 0.62 seconds, Image Encoder 0.54 seconds, VAE 0.00 seconds, KV Cache Creation 0.28 seconds, Diffusion 1.02 seconds, DIT Compute Steps 3 steps, Scheduler 0.01 seconds
[36m(RolloutGroup(rank=2) pid=97509)[0m language is None, reset current_start_frame to 0
[36m(RolloutGroup(rank=2) pid=97509)[0m videos shape torch.Size([8, 3, 4, 160, 320]) 33
[36m(RolloutGroup(rank=0) pid=97489)[0m Time taken: Total 2.47 seconds, Text Encoder 0.62 seconds, Image Encoder 0.54 seconds, VAE 0.00 seconds, KV Cache Creation 0.28 seconds, Diffusion 1.02 seconds, DIT Compute Steps 3 steps, Scheduler 0.01 seconds
[36m(RolloutGroup(rank=0) pid=97489)[0m language is None, reset current_start_frame to 0
[36m(RolloutGroup(rank=0) pid=97489)[0m videos shape torch.Size([8, 3, 4, 160, 320]) 33
[36m(RolloutGroup(rank=3) pid=97511)[0m Time taken: Total 2.47 seconds, Text Encoder 0.62 seconds, Image Encoder 0.54 seconds, VAE 0.00 seconds, KV Cache Creation 0.28 seconds, Diffusion 1.02 seconds, DIT Compute Steps 3 steps, Scheduler 0.01 seconds
[36m(RolloutGroup(rank=3) pid=97511)[0m language is None, reset current_start_frame to 0
[36m(RolloutGroup(rank=3) pid=97511)[0m videos shape torch.Size([8, 3, 4, 160, 320]) 33
[36m(RolloutGroup(rank=1) pid=97505)[0m Time taken: Total 2.47 seconds, Text Encoder 0.62 seconds, Image Encoder 0.54 seconds, VAE 0.00 seconds, KV Cache Creation 0.28 seconds, Diffusion 1.02 seconds, DIT Compute Steps 3 steps, Scheduler 0.01 seconds
[36m(RolloutGroup(rank=1) pid=97505)[0m language is None, reset current_start_frame to 0
[36m(RolloutGroup(rank=1) pid=97505)[0m videos shape torch.Size([8, 3, 4, 160, 320]) 33
[36m(RolloutGroup(rank=2) pid=97509)[0m Time taken: Total 2.46 seconds, Text Encoder 0.62 seconds, Image Encoder 0.54 seconds, VAE 0.00 seconds, KV Cache Creation 0.28 seconds, Diffusion 1.02 seconds, DIT Compute Steps 3 steps, Scheduler 0.01 seconds
[36m(RolloutGroup(rank=2) pid=97509)[0m language is None, reset current_start_frame to 0
[36m(RolloutGroup(rank=2) pid=97509)[0m videos shape torch.Size([8, 3, 4, 160, 320]) 33
[36m(RolloutGroup(rank=0) pid=97489)[0m Time taken: Total 2.47 seconds, Text Encoder 0.62 seconds, Image Encoder 0.54 seconds, VAE 0.00 seconds, KV Cache Creation 0.28 seconds, Diffusion 1.02 seconds, DIT Compute Steps 3 steps, Scheduler 0.01 seconds
[36m(RolloutGroup(rank=0) pid=97489)[0m language is None, reset current_start_frame to 0
[36m(RolloutGroup(rank=0) pid=97489)[0m videos shape torch.Size([8, 3, 4, 160, 320]) 33
[36m(RolloutGroup(rank=3) pid=97511)[0m Time taken: Total 2.48 seconds, Text Encoder 0.62 seconds, Image Encoder 0.54 seconds, VAE 0.00 seconds, KV Cache Creation 0.28 seconds, Diffusion 1.02 seconds, DIT Compute Steps 3 steps, Scheduler 0.01 seconds
[36m(RolloutGroup(rank=3) pid=97511)[0m language is None, reset current_start_frame to 0
[36m(RolloutGroup(rank=3) pid=97511)[0m videos shape torch.Size([8, 3, 4, 160, 320]) 33
[36m(RolloutGroup(rank=1) pid=97505)[0m Time taken: Total 2.47 seconds, Text Encoder 0.62 seconds, Image Encoder 0.54 seconds, VAE 0.00 seconds, KV Cache Creation 0.28 seconds, Diffusion 1.02 seconds, DIT Compute Steps 3 steps, Scheduler 0.01 seconds
[36m(RolloutGroup(rank=1) pid=97505)[0m language is None, reset current_start_frame to 0
[36m(RolloutGroup(rank=1) pid=97505)[0m videos shape torch.Size([8, 3, 4, 160, 320]) 33
[36m(RolloutGroup(rank=2) pid=97509)[0m Time taken: Total 2.47 seconds, Text Encoder 0.62 seconds, Image Encoder 0.54 seconds, VAE 0.00 seconds, KV Cache Creation 0.28 seconds, Diffusion 1.02 seconds, DIT Compute Steps 3 steps, Scheduler 0.01 seconds
[36m(RolloutGroup(rank=2) pid=97509)[0m language is None, reset current_start_frame to 0
[36m(RolloutGroup(rank=2) pid=97509)[0m videos shape torch.Size([8, 3, 4, 160, 320]) 33
[36m(RolloutGroup(rank=0) pid=97489)[0m Time taken: Total 2.47 seconds, Text Encoder 0.62 seconds, Image Encoder 0.54 seconds, VAE 0.00 seconds, KV Cache Creation 0.28 seconds, Diffusion 1.02 seconds, DIT Compute Steps 3 steps, Scheduler 0.01 seconds
[36m(RolloutGroup(rank=0) pid=97489)[0m language is None, reset current_start_frame to 0
[36m(RolloutGroup(rank=0) pid=97489)[0m videos shape torch.Size([8, 3, 4, 160, 320]) 33
[36m(RolloutGroup(rank=3) pid=97511)[0m Time taken: Total 2.47 seconds, Text Encoder 0.63 seconds, Image Encoder 0.55 seconds, VAE 0.00 seconds, KV Cache Creation 0.28 seconds, Diffusion 1.02 seconds, DIT Compute Steps 3 steps, Scheduler 0.01 seconds
[36m(RolloutGroup(rank=3) pid=97511)[0m language is None, reset current_start_frame to 0
[36m(RolloutGroup(rank=3) pid=97511)[0m videos shape torch.Size([8, 3, 4, 160, 320]) 33
[36m(RolloutGroup(rank=1) pid=97505)[0m Time taken: Total 2.47 seconds, Text Encoder 0.62 seconds, Image Encoder 0.54 seconds, VAE 0.00 seconds, KV Cache Creation 0.28 seconds, Diffusion 1.02 seconds, DIT Compute Steps 3 steps, Scheduler 0.01 seconds
[36m(RolloutGroup(rank=1) pid=97505)[0m language is None, reset current_start_frame to 0
[36m(RolloutGroup(rank=1) pid=97505)[0m videos shape torch.Size([8, 3, 4, 160, 320]) 33
[36m(RolloutGroup(rank=2) pid=97509)[0m Time taken: Total 2.46 seconds, Text Encoder 0.62 seconds, Image Encoder 0.54 seconds, VAE 0.00 seconds, KV Cache Creation 0.28 seconds, Diffusion 1.02 seconds, DIT Compute Steps 3 steps, Scheduler 0.01 seconds
[36m(RolloutGroup(rank=2) pid=97509)[0m language is None, reset current_start_frame to 0
[36m(RolloutGroup(rank=2) pid=97509)[0m videos shape torch.Size([8, 3, 4, 160, 320]) 33
[36m(RolloutGroup(rank=0) pid=97489)[0m Time taken: Total 2.47 seconds, Text Encoder 0.62 seconds, Image Encoder 0.54 seconds, VAE 0.00 seconds, KV Cache Creation 0.28 seconds, Diffusion 1.02 seconds, DIT Compute Steps 3 steps, Scheduler 0.01 seconds
[36m(RolloutGroup(rank=0) pid=97489)[0m language is None, reset current_start_frame to 0
[36m(RolloutGroup(rank=0) pid=97489)[0m videos shape torch.Size([8, 3, 4, 160, 320]) 33
[36m(RolloutGroup(rank=3) pid=97511)[0m Time taken: Total 2.47 seconds, Text Encoder 0.62 seconds, Image Encoder 0.54 seconds, VAE 0.00 seconds, KV Cache Creation 0.28 seconds, Diffusion 1.02 seconds, DIT Compute Steps 3 steps, Scheduler 0.01 seconds
[36m(RolloutGroup(rank=3) pid=97511)[0m language is None, reset current_start_frame to 0
[36m(RolloutGroup(rank=3) pid=97511)[0m videos shape torch.Size([8, 3, 4, 160, 320]) 33
[36m(RolloutGroup(rank=1) pid=97505)[0m Time taken: Total 2.47 seconds, Text Encoder 0.62 seconds, Image Encoder 0.54 seconds, VAE 0.00 seconds, KV Cache Creation 0.28 seconds, Diffusion 1.02 seconds, DIT Compute Steps 3 steps, Scheduler 0.01 seconds
[36m(RolloutGroup(rank=1) pid=97505)[0m language is None, reset current_start_frame to 0
[36m(RolloutGroup(rank=1) pid=97505)[0m videos shape torch.Size([8, 3, 4, 160, 320]) 33
[36m(RolloutGroup(rank=2) pid=97509)[0m Time taken: Total 2.47 seconds, Text Encoder 0.62 seconds, Image Encoder 0.54 seconds, VAE 0.00 seconds, KV Cache Creation 0.28 seconds, Diffusion 1.02 seconds, DIT Compute Steps 3 steps, Scheduler 0.01 seconds
[36m(RolloutGroup(rank=2) pid=97509)[0m language is None, reset current_start_frame to 0
[36m(RolloutGroup(rank=2) pid=97509)[0m videos shape torch.Size([8, 3, 4, 160, 320]) 33
[36m(RolloutGroup(rank=0) pid=97489)[0m Time taken: Total 2.47 seconds, Text Encoder 0.62 seconds, Image Encoder 0.54 seconds, VAE 0.00 seconds, KV Cache Creation 0.28 seconds, Diffusion 1.02 seconds, DIT Compute Steps 3 steps, Scheduler 0.01 seconds
[36m(RolloutGroup(rank=0) pid=97489)[0m language is None, reset current_start_frame to 0
[36m(RolloutGroup(rank=0) pid=97489)[0m videos shape torch.Size([8, 3, 4, 160, 320]) 33
[36m(RolloutGroup(rank=3) pid=97511)[0m Time taken: Total 2.47 seconds, Text Encoder 0.62 seconds, Image Encoder 0.54 seconds, VAE 0.00 seconds, KV Cache Creation 0.28 seconds, Diffusion 1.02 seconds, DIT Compute Steps 3 steps, Scheduler 0.01 seconds
[36m(RolloutGroup(rank=3) pid=97511)[0m language is None, reset current_start_frame to 0
[36m(RolloutGroup(rank=3) pid=97511)[0m videos shape torch.Size([8, 3, 4, 160, 320]) 33
[36m(RolloutGroup(rank=1) pid=97505)[0m Time taken: Total 2.47 seconds, Text Encoder 0.62 seconds, Image Encoder 0.54 seconds, VAE 0.00 seconds, KV Cache Creation 0.28 seconds, Diffusion 1.02 seconds, DIT Compute Steps 3 steps, Scheduler 0.01 seconds
[36m(RolloutGroup(rank=1) pid=97505)[0m language is None, reset current_start_frame to 0
[36m(RolloutGroup(rank=1) pid=97505)[0m videos shape torch.Size([8, 3, 4, 160, 320]) 33
[36m(RolloutGroup(rank=2) pid=97509)[0m Time taken: Total 2.47 seconds, Text Encoder 0.62 seconds, Image Encoder 0.54 seconds, VAE 0.00 seconds, KV Cache Creation 0.28 seconds, Diffusion 1.02 seconds, DIT Compute Steps 3 steps, Scheduler 0.01 seconds
[36m(RolloutGroup(rank=2) pid=97509)[0m language is None, reset current_start_frame to 0
[36m(RolloutGroup(rank=2) pid=97509)[0m videos shape torch.Size([8, 3, 4, 160, 320]) 33
[36m(RolloutGroup(rank=0) pid=97489)[0m Time taken: Total 2.47 seconds, Text Encoder 0.62 seconds, Image Encoder 0.54 seconds, VAE 0.00 seconds, KV Cache Creation 0.28 seconds, Diffusion 1.02 seconds, DIT Compute Steps 3 steps, Scheduler 0.01 seconds
[36m(RolloutGroup(rank=0) pid=97489)[0m language is None, reset current_start_frame to 0
[36m(RolloutGroup(rank=0) pid=97489)[0m videos shape torch.Size([8, 3, 4, 160, 320]) 33
[36m(RolloutGroup(rank=3) pid=97511)[0m Time taken: Total 2.47 seconds, Text Encoder 0.63 seconds, Image Encoder 0.54 seconds, VAE 0.00 seconds, KV Cache Creation 0.28 seconds, Diffusion 1.01 seconds, DIT Compute Steps 3 steps, Scheduler 0.01 seconds
[36m(RolloutGroup(rank=3) pid=97511)[0m language is None, reset current_start_frame to 0
[36m(RolloutGroup(rank=3) pid=97511)[0m videos shape torch.Size([8, 3, 4, 160, 320]) 33
[36m(RolloutGroup(rank=1) pid=97505)[0m Time taken: Total 2.47 seconds, Text Encoder 0.62 seconds, Image Encoder 0.54 seconds, VAE 0.00 seconds, KV Cache Creation 0.28 seconds, Diffusion 1.02 seconds, DIT Compute Steps 3 steps, Scheduler 0.01 seconds
[36m(RolloutGroup(rank=1) pid=97505)[0m language is None, reset current_start_frame to 0
[36m(RolloutGroup(rank=1) pid=97505)[0m videos shape torch.Size([8, 3, 4, 160, 320]) 33
[36m(RolloutGroup(rank=2) pid=97509)[0m Time taken: Total 2.46 seconds, Text Encoder 0.62 seconds, Image Encoder 0.54 seconds, VAE 0.00 seconds, KV Cache Creation 0.28 seconds, Diffusion 1.01 seconds, DIT Compute Steps 3 steps, Scheduler 0.01 seconds
[36m(RolloutGroup(rank=2) pid=97509)[0m language is None, reset current_start_frame to 0[36m(ActorGroup(rank=1) pid=97470)[0m /data1/gaobowen/RLinf_dreamzero/.venv-libero-dreamzero/lib/python3.11/site-packages/torch/nn/modules/module.py:938: UserWarning: The .grad attribute of a Tensor that is not a leaf Tensor is being accessed. Its .grad attribute won't be populated during autograd.backward(). If you indeed want the .grad field to be populated for a non-leaf Tensor, use .retain_grad() on the non-leaf Tensor. If you access the non-leaf Tensor by mistake, make sure you access the leaf Tensor instead. See github.com/pytorch/pytorch/pull/30531 for more informations. (Triggered internally at /pytorch/build/aten/src/ATen/core/TensorBody.h:489.)
[36m(ActorGroup(rank=1) pid=97470)[0m   param_grad = param.grad
[36m(ActorGroup(rank=2) pid=97486)[0m /data1/gaobowen/RLinf_dreamzero/.venv-libero-dreamzero/lib/python3.11/site-packages/torch/nn/modules/module.py:938: UserWarning: The .grad attribute of a Tensor that is not a leaf Tensor is being accessed. Its .grad attribute won't be populated during autograd.backward(). If you indeed want the .grad field to be populated for a non-leaf Tensor, use .retain_grad() on the non-leaf Tensor. If you access the non-leaf Tensor by mistake, make sure you access the leaf Tensor instead. See github.com/pytorch/pytorch/pull/30531 for more informations. (Triggered internally at /pytorch/build/aten/src/ATen/core/TensorBody.h:489.)
[36m(ActorGroup(rank=2) pid=97486)[0m   param_grad = param.grad
[36m(ActorGroup(rank=0) pid=97469)[0m /data1/gaobowen/RLinf_dreamzero/.venv-libero-dreamzero/lib/python3.11/site-packages/torch/nn/modules/module.py:938: UserWarning: The .grad attribute of a Tensor that is not a leaf Tensor is being accessed. Its .grad attribute won't be populated during autograd.backward(). If you indeed want the .grad field to be populated for a non-leaf Tensor, use .retain_grad() on the non-leaf Tensor. If you access the non-leaf Tensor by mistake, make sure you access the leaf Tensor instead. See github.com/pytorch/pytorch/pull/30531 for more informations. (Triggered internally at /pytorch/build/aten/src/ATen/core/TensorBody.h:489.)
[36m(ActorGroup(rank=0) pid=97469)[0m   param_grad = param.grad
[36m(ActorGroup(rank=3) pid=97488)[0m /data1/gaobowen/RLinf_dreamzero/.venv-libero-dreamzero/lib/python3.11/site-packages/torch/nn/modules/module.py:938: UserWarning: The .grad attribute of a Tensor that is not a leaf Tensor is being accessed. Its .grad attribute won't be populated during autograd.backward(). If you indeed want the .grad field to be populated for a non-leaf Tensor, use .retain_grad() on the non-leaf Tensor. If you access the non-leaf Tensor by mistake, make sure you access the leaf Tensor instead. See github.com/pytorch/pytorch/pull/30531 for more informations. (Triggered internally at /pytorch/build/aten/src/ATen/core/TensorBody.h:489.)
[36m(ActorGroup(rank=3) pid=97488)[0m   param_grad = param.grad

[36m(RolloutGroup(rank=2) pid=97509)[0m videos shape torch.Size([8, 3, 4, 160, 320]) 33
[36m(RolloutGroup(rank=0) pid=97489)[0m Time taken: Total 2.47 seconds, Text Encoder 0.62 seconds, Image Encoder 0.54 seconds, VAE 0.00 seconds, KV Cache Creation 0.28 seconds, Diffusion 1.02 seconds, DIT Compute Steps 3 steps, Scheduler 0.01 seconds
[36m(RolloutGroup(rank=0) pid=97489)[0m language is None, reset current_start_frame to 0
[36m(RolloutGroup(rank=0) pid=97489)[0m videos shape torch.Size([8, 3, 4, 160, 320]) 33
[36m(RolloutGroup(rank=3) pid=97511)[0m Time taken: Total 2.47 seconds, Text Encoder 0.62 seconds, Image Encoder 0.55 seconds, VAE 0.00 seconds, KV Cache Creation 0.28 seconds, Diffusion 1.02 seconds, DIT Compute Steps 3 steps, Scheduler 0.01 seconds
[36m(RolloutGroup(rank=3) pid=97511)[0m language is None, reset current_start_frame to 0
[36m(RolloutGroup(rank=3) pid=97511)[0m videos shape torch.Size([8, 3, 4, 160, 320]) 33
[36m(RolloutGroup(rank=1) pid=97505)[0m Time taken: Total 2.47 seconds, Text Encoder 0.62 seconds, Image Encoder 0.54 seconds, VAE 0.00 seconds, KV Cache Creation 0.28 seconds, Diffusion 1.02 seconds, DIT Compute Steps 3 steps, Scheduler 0.01 seconds
[36m(RolloutGroup(rank=1) pid=97505)[0m language is None, reset current_start_frame to 0
[36m(RolloutGroup(rank=1) pid=97505)[0m videos shape torch.Size([8, 3, 4, 160, 320]) 33
[36m(RolloutGroup(rank=2) pid=97509)[0m Time taken: Total 2.47 seconds, Text Encoder 0.62 seconds, Image Encoder 0.54 seconds, VAE 0.00 seconds, KV Cache Creation 0.28 seconds, Diffusion 1.02 seconds, DIT Compute Steps 3 steps, Scheduler 0.01 seconds
[36m(RolloutGroup(rank=2) pid=97509)[0m language is None, reset current_start_frame to 0
[36m(RolloutGroup(rank=2) pid=97509)[0m videos shape torch.Size([8, 3, 4, 160, 320]) 33
[36m(RolloutGroup(rank=0) pid=97489)[0m Time taken: Total 2.47 seconds, Text Encoder 0.62 seconds, Image Encoder 0.54 seconds, VAE 0.00 seconds, KV Cache Creation 0.28 seconds, Diffusion 1.02 seconds, DIT Compute Steps 3 steps, Scheduler 0.01 seconds
[36m(RolloutGroup(rank=0) pid=97489)[0m language is None, reset current_start_frame to 0
[36m(RolloutGroup(rank=0) pid=97489)[0m videos shape torch.Size([8, 3, 4, 160, 320]) 33
[36m(RolloutGroup(rank=3) pid=97511)[0m Time taken: Total 2.47 seconds, Text Encoder 0.62 seconds, Image Encoder 0.55 seconds, VAE 0.00 seconds, KV Cache Creation 0.28 seconds, Diffusion 1.02 seconds, DIT Compute Steps 3 steps, Scheduler 0.01 seconds
[36m(RolloutGroup(rank=3) pid=97511)[0m language is None, reset current_start_frame to 0
[36m(RolloutGroup(rank=3) pid=97511)[0m videos shape torch.Size([8, 3, 4, 160, 320]) 33
[36m(RolloutGroup(rank=1) pid=97505)[0m Time taken: Total 2.47 seconds, Text Encoder 0.62 seconds, Image Encoder 0.54 seconds, VAE 0.00 seconds, KV Cache Creation 0.28 seconds, Diffusion 1.02 seconds, DIT Compute Steps 3 steps, Scheduler 0.01 seconds
[36m(RolloutGroup(rank=2) pid=97509)[0m Time taken: Total 2.47 seconds, Text Encoder 0.62 seconds, Image Encoder 0.54 seconds, VAE 0.00 seconds, KV Cache Creation 0.28 seconds, Diffusion 1.02 seconds, DIT Compute Steps 3 steps, Scheduler 0.01 seconds
[36m(RolloutGroup(rank=0) pid=97489)[0m Time taken: Total 2.47 seconds, Text Encoder 0.62 seconds, Image Encoder 0.54 seconds, VAE 0.00 seconds, KV Cache Creation 0.28 seconds, Diffusion 1.02 seconds, DIT Compute Steps 3 steps, Scheduler 0.01 seconds
[36m(RolloutGroup(rank=3) pid=97511)[0m Time taken: Total 2.47 seconds, Text Encoder 0.62 seconds, Image Encoder 0.55 seconds, VAE 0.00 seconds, KV Cache Creation 0.28 seconds, Diffusion 1.02 seconds, DIT Compute Steps 3 steps, Scheduler 0.01 seconds
[36m(ActorGroup(rank=0) pid=97469)[0m [INFO 15:19:42 ActorGroup-Rank-0][async_ppo_fsdp_worker.py:215] async actor training: start rollout_size_per_rank=64 global_batch_size=64 per_rank_batch_size=16 micro_batch_size=1 micro_per_rank=16 update_epoch=1 global_batches_per_rank=4 total_micro_batches_per_rank=64 sync_every_micro_batch=False
[36m(ActorGroup(rank=0) pid=97469)[0m [INFO 15:19:42 ActorGroup-Rank-0][async_ppo_fsdp_worker.py:261] async actor training: micro-batch start 1/64 epoch=1/1 global_batch=1/4 micro=1/16
[36m(ActorGroup(rank=0) pid=97469)[0m [INFO 15:19:42 ActorGroup-Rank-0][async_ppo_fsdp_worker.py:277] async actor training: batch to device done 1/64
[36m(ActorGroup(rank=0) pid=97469)[0m [INFO 15:19:42 ActorGroup-Rank-0][async_ppo_fsdp_worker.py:293] async actor training: before_micro_batch done 1/64 is_last_micro_batch=False
[36m(ActorGroup(rank=0) pid=97469)[0m [INFO 15:19:42 ActorGroup-Rank-0][async_ppo_fsdp_worker.py:341] async actor training: model forward start 1/64
[36m(ActorGroup(rank=2) pid=97486)[0m language is None, reset current_start_frame to 0
[36m(ActorGroup(rank=2) pid=97486)[0m videos shape torch.Size([1, 3, 4, 160, 320]) 33
[36m(ActorGroup(rank=0) pid=97469)[0m language is None, reset current_start_frame to 0
[36m(ActorGroup(rank=0) pid=97469)[0m videos shape torch.Size([1, 3, 4, 160, 320]) 33
[36m(ActorGroup(rank=1) pid=97470)[0m language is None, reset current_start_frame to 0
[36m(ActorGroup(rank=1) pid=97470)[0m videos shape torch.Size([1, 3, 4, 160, 320]) 33
[36m(ActorGroup(rank=3) pid=97488)[0m language is None, reset current_start_frame to 0
[36m(ActorGroup(rank=3) pid=97488)[0m videos shape torch.Size([1, 3, 4, 160, 320]) 33
[36m(ActorGroup(rank=2) pid=97486)[0m Time taken: Total 7.25 seconds, Text Encoder 0.47 seconds, Image Encoder 0.27 seconds, VAE 0.00 seconds, KV Cache Creation 1.55 seconds, Diffusion 4.83 seconds, DIT Compute Steps 3 steps, Scheduler 0.12 seconds
[36m(ActorGroup(rank=0) pid=97469)[0m Time taken: Total 7.24 seconds, Text Encoder 0.46 seconds, Image Encoder 0.28 seconds, VAE 0.00 seconds, KV Cache Creation 1.55 seconds, Diffusion 4.82 seconds, DIT Compute Steps 3 steps, Scheduler 0.12 seconds
[36m(ActorGroup(rank=1) pid=97470)[0m Time taken: Total 7.24 seconds, Text Encoder 0.46 seconds, Image Encoder 0.28 seconds, VAE 0.00 seconds, KV Cache Creation 1.56 seconds, Diffusion 4.82 seconds, DIT Compute Steps 3 steps, Scheduler 0.13 seconds
[36m(ActorGroup(rank=3) pid=97488)[0m Time taken: Total 7.22 seconds, Text Encoder 0.46 seconds, Image Encoder 0.28 seconds, VAE 0.00 seconds, KV Cache Creation 1.55 seconds, Diffusion 4.82 seconds, DIT Compute Steps 3 steps, Scheduler 0.10 seconds
[36m(ActorGroup(rank=0) pid=97469)[0m [INFO 15:19:50 ActorGroup-Rank-0][async_ppo_fsdp_worker.py:359] async actor training: model forward done 1/64 elapsed=7.56s
[36m(ActorGroup(rank=0) pid=97469)[0m [INFO 15:19:50 ActorGroup-Rank-0][async_ppo_fsdp_worker.py:386] async actor training: logprobs ready 1/64 shape=(1, 16, 7) dtype=torch.float32
[36m(ActorGroup(rank=0) pid=97469)[0m [INFO 15:19:50 ActorGroup-Rank-0][async_ppo_fsdp_worker.py:419] async actor training: dreamzero tensors aligned 1/64 logprobs=(1, 16, 7) old_logprobs=(1, 16, 7) proximal_logprobs=None versions=(1, 16, 7) loss_action_dim=7
[36m(ActorGroup(rank=0) pid=97469)[0m [INFO 15:19:50 ActorGroup-Rank-0][async_ppo_fsdp_worker.py:457] async actor training: loss kwargs build start 1/64
[36m(ActorGroup(rank=0) pid=97469)[0m [INFO 15:19:50 ActorGroup-Rank-0][async_ppo_fsdp_worker.py:501] async actor training: loss kwargs built 1/64
[36m(ActorGroup(rank=0) pid=97469)[0m [INFO 15:19:50 ActorGroup-Rank-0][async_ppo_fsdp_worker.py:505] async actor training: policy loss start 1/64
[36m(ActorGroup(rank=0) pid=97469)[0m [INFO 15:19:50 ActorGroup-Rank-0][async_ppo_fsdp_worker.py:515] async actor training: policy loss done 1/64
[36m(ActorGroup(rank=0) pid=97469)[0m [INFO 15:19:50 ActorGroup-Rank-0][async_ppo_fsdp_worker.py:542] async actor training: backward start 1/64
[36m(RolloutGroup(rank=1) pid=97505)[0m language is None, reset current_start_frame to 0
[36m(RolloutGroup(rank=1) pid=97505)[0m videos shape torch.Size([8, 3, 4, 160, 320]) 33
[36m(RolloutGroup(rank=2) pid=97509)[0m language is None, reset current_start_frame to 0
[36m(RolloutGroup(rank=2) pid=97509)[0m videos shape torch.Size([8, 3, 4, 160, 320]) 33
[36m(RolloutGroup(rank=3) pid=97511)[0m language is None, reset current_start_frame to 0
[36m(RolloutGroup(rank=3) pid=97511)[0m videos shape torch.Size([8, 3, 4, 160, 320]) 33
[36m(RolloutGroup(rank=0) pid=97489)[0m language is None, reset current_start_frame to 0
[36m(RolloutGroup(rank=0) pid=97489)[0m videos shape torch.Size([8, 3, 4, 160, 320]) 33
[36m(ActorGroup(rank=0) pid=97469)[0m [INFO 15:19:54 ActorGroup-Rank-0][async_ppo_fsdp_worker.py:553] async actor training: backward done 1/64 elapsed=4.32s
[36m(ActorGroup(rank=2) pid=97486)[0m language is None, reset current_start_frame to 0
[36m(ActorGroup(rank=2) pid=97486)[0m videos shape torch.Size([1, 3, 4, 160, 320]) 33
[36m(ActorGroup(rank=0) pid=97469)[0m language is None, reset current_start_frame to 0
[36m(ActorGroup(rank=0) pid=97469)[0m videos shape torch.Size([1, 3, 4, 160, 320]) 33
[36m(ActorGroup(rank=1) pid=97470)[0m language is None, reset current_start_frame to 0
[36m(ActorGroup(rank=1) pid=97470)[0m videos shape torch.Size([1, 3, 4, 160, 320]) 33
[36m(ActorGroup(rank=3) pid=97488)[0m language is None, reset current_start_frame to 0
[36m(ActorGroup(rank=3) pid=97488)[0m videos shape torch.Size([1, 3, 4, 160, 320]) 33
[36m(RolloutGroup(rank=1) pid=97505)[0m Time taken: Total 5.29 seconds, Text Encoder 1.35 seconds, Image Encoder 0.88 seconds, VAE 0.00 seconds, KV Cache Creation 0.51 seconds, Diffusion 2.51 seconds, DIT Compute Steps 3 steps, Scheduler 0.04 seconds
[36m(RolloutGroup(rank=1) pid=97505)[0m language is None, reset current_start_frame to 0
[36m(RolloutGroup(rank=1) pid=97505)[0m videos shape torch.Size([8, 3, 4, 160, 320]) 33
[36m(RolloutGroup(rank=2) pid=97509)[0m Time taken: Total 5.31 seconds, Text Encoder 1.35 seconds, Image Encoder 0.88 seconds, VAE 0.00 seconds, KV Cache Creation 0.53 seconds, Diffusion 2.52 seconds, DIT Compute Steps 3 steps, Scheduler 0.04 seconds
[36m(RolloutGroup(rank=2) pid=97509)[0m language is None, reset current_start_frame to 0
[36m(RolloutGroup(rank=2) pid=97509)[0m videos shape torch.Size([8, 3, 4, 160, 320]) 33
[36m(RolloutGroup(rank=3) pid=97511)[0m Time taken: Total 5.09 seconds, Text Encoder 1.02 seconds, Image Encoder 0.94 seconds, VAE 0.00 seconds, KV Cache Creation 0.67 seconds, Diffusion 2.44 seconds, DIT Compute Steps 3 steps, Scheduler 0.03 seconds
[36m(RolloutGroup(rank=3) pid=97511)[0m language is None, reset current_start_frame to 0
[36m(RolloutGroup(rank=3) pid=97511)[0m videos shape torch.Size([8, 3, 4, 160, 320]) 33
[36m(RolloutGroup(rank=0) pid=97489)[0m Time taken: Total 5.35 seconds, Text Encoder 1.08 seconds, Image Encoder 1.13 seconds, VAE 0.00 seconds, KV Cache Creation 0.61 seconds, Diffusion 2.51 seconds, DIT Compute Steps 3 steps, Scheduler 0.02 seconds
[36m(RolloutGroup(rank=0) pid=97489)[0m language is None, reset current_start_frame to 0
[36m(RolloutGroup(rank=0) pid=97489)[0m videos shape torch.Size([8, 3, 4, 160, 320]) 33
[36m(RolloutGroup(rank=1) pid=97505)[0m Time taken: Total 5.57 seconds, Text Encoder 1.27 seconds, Image Encoder 1.17 seconds, VAE 0.00 seconds, KV Cache Creation 0.64 seconds, Diffusion 2.46 seconds, DIT Compute Steps 3 steps, Scheduler 0.03 seconds
[36m(RolloutGroup(rank=1) pid=97505)[0m language is None, reset current_start_frame to 0
[36m(RolloutGroup(rank=1) pid=97505)[0m videos shape torch.Size([8, 3, 4, 160, 320]) 33
[36m(RolloutGroup(rank=2) pid=97509)[0m Time taken: Total 5.53 seconds, Text Encoder 1.26 seconds, Image Encoder 1.17 seconds, VAE 0.00 seconds, KV Cache Creation 0.64 seconds, Diffusion 2.44 seconds, DIT Compute Steps 3 steps, Scheduler 0.03 seconds
[36m(RolloutGroup(rank=2) pid=97509)[0m language is None, reset current_start_frame to 0
[36m(RolloutGroup(rank=2) pid=97509)[0m videos shape torch.Size([8, 3, 4, 160, 320]) 33
[36m(RolloutGroup(rank=3) pid=97511)[0m Time taken: Total 5.61 seconds, Text Encoder 1.38 seconds, Image Encoder 1.13 seconds, VAE 0.00 seconds, KV Cache Creation 0.64 seconds, Diffusion 2.43 seconds, DIT Compute Steps 3 steps, Scheduler 0.03 seconds
[36m(RolloutGroup(rank=3) pid=97511)[0m language is None, reset current_start_frame to 0
[36m(RolloutGroup(rank=3) pid=97511)[0m videos shape torch.Size([8, 3, 4, 160, 320]) 33
[36m(RolloutGroup(rank=0) pid=97489)[0m Time taken: Total 5.57 seconds, Text Encoder 1.32 seconds, Image Encoder 1.10 seconds, VAE 0.00 seconds, KV Cache Creation 0.60 seconds, Diffusion 2.52 seconds, DIT Compute Steps 3 steps, Scheduler 0.03 seconds
[36m(RolloutGroup(rank=0) pid=97489)[0m language is None, reset current_start_frame to 0
[36m(RolloutGroup(rank=0) pid=97489)[0m videos shape torch.Size([8, 3, 4, 160, 320]) 33
[36m(ActorGroup(rank=2) pid=97486)[0m Time taken: Total 11.32 seconds, Text Encoder 0.61 seconds, Image Encoder 0.23 seconds, VAE 0.00 seconds, KV Cache Creation 1.85 seconds, Diffusion 8.61 seconds, DIT Compute Steps 3 steps, Scheduler 0.03 seconds
[36m(ActorGroup(rank=0) pid=97469)[0m Time taken: Total 11.33 seconds, Text Encoder 0.60 seconds, Image Encoder 0.25 seconds, VAE 0.00 seconds, KV Cache Creation 1.83 seconds, Diffusion 8.62 seconds, DIT Compute Steps 3 steps, Scheduler 0.03 seconds
[36m(ActorGroup(rank=1) pid=97470)[0m Time taken: Total 11.33 seconds, Text Encoder 0.61 seconds, Image Encoder 0.23 seconds, VAE 0.00 seconds, KV Cache Creation 1.85 seconds, Diffusion 8.61 seconds, DIT Compute Steps 3 steps, Scheduler 0.03 seconds
[36m(ActorGroup(rank=3) pid=97488)[0m Time taken: Total 11.33 seconds, Text Encoder 0.61 seconds, Image Encoder 0.23 seconds, VAE 0.00 seconds, KV Cache Creation 1.85 seconds, Diffusion 8.62 seconds, DIT Compute Steps 3 steps, Scheduler 0.02 seconds
[36m(RolloutGroup(rank=1) pid=97505)[0m Time taken: Total 5.33 seconds, Text Encoder 1.32 seconds, Image Encoder 1.15 seconds, VAE 0.00 seconds, KV Cache Creation 0.66 seconds, Diffusion 2.16 seconds, DIT Compute Steps 3 steps, Scheduler 0.03 seconds
[36m(RolloutGroup(rank=1) pid=97505)[0m language is None, reset current_start_frame to 0
[36m(RolloutGroup(rank=1) pid=97505)[0m videos shape torch.Size([8, 3, 4, 160, 320]) 33
[36m(RolloutGroup(rank=2) pid=97509)[0m Time taken: Total 5.36 seconds, Text Encoder 1.33 seconds, Image Encoder 1.15 seconds, VAE 0.00 seconds, KV Cache Creation 0.67 seconds, Diffusion 2.19 seconds, DIT Compute Steps 3 steps, Scheduler 0.03 seconds
[36m(RolloutGroup(rank=2) pid=97509)[0m language is None, reset current_start_frame to 0
[36m(RolloutGroup(rank=2) pid=97509)[0m videos shape torch.Size([8, 3, 4, 160, 320]) 33
[36m(RolloutGroup(rank=3) pid=97511)[0m Time taken: Total 4.95 seconds, Text Encoder 1.36 seconds, Image Encoder 1.14 seconds, VAE 0.00 seconds, KV Cache Creation 0.48 seconds, Diffusion 1.93 seconds, DIT Compute Steps 3 steps, Scheduler 0.03 seconds
[36m(RolloutGroup(rank=3) pid=97511)[0m language is None, reset current_start_frame to 0
[36m(RolloutGroup(rank=3) pid=97511)[0m videos shape torch.Size([8, 3, 4, 160, 320]) 33
[36m(RolloutGroup(rank=0) pid=97489)[0m Time taken: Total 4.79 seconds, Text Encoder 1.37 seconds, Image Encoder 0.98 seconds, VAE 0.00 seconds, KV Cache Creation 0.65 seconds, Diffusion 1.77 seconds, DIT Compute Steps 3 steps, Scheduler 0.02 seconds
[36m(RolloutGroup(rank=0) pid=97489)[0m language is None, reset current_start_frame to 0
[36m(RolloutGroup(rank=0) pid=97489)[0m videos shape torch.Size([8, 3, 4, 160, 320]) 33
[36m(ActorGroup(rank=2) pid=97486)[0m language is None, reset current_start_frame to 0
[36m(ActorGroup(rank=2) pid=97486)[0m videos shape torch.Size([1, 3, 4, 160, 320]) 33
[36m(ActorGroup(rank=0) pid=97469)[0m language is None, reset current_start_frame to 0
[36m(ActorGroup(rank=0) pid=97469)[0m videos shape torch.Size([1, 3, 4, 160, 320]) 33
[36m(ActorGroup(rank=1) pid=97470)[0m language is None, reset current_start_frame to 0
[36m(ActorGroup(rank=1) pid=97470)[0m videos shape torch.Size([1, 3, 4, 160, 320]) 33
[36m(ActorGroup(rank=3) pid=97488)[0m language is None, reset current_start_frame to 0
[36m(ActorGroup(rank=3) pid=97488)[0m videos shape torch.Size([1, 3, 4, 160, 320]) 33
[36m(RolloutGroup(rank=1) pid=97505)[0m Time taken: Total 4.79 seconds, Text Encoder 1.06 seconds, Image Encoder 0.65 seconds, VAE 0.00 seconds, KV Cache Creation 0.62 seconds, Diffusion 2.43 seconds, DIT Compute Steps 3 steps, Scheduler 0.03 seconds
[36m(RolloutGroup(rank=1) pid=97505)[0m language is None, reset current_start_frame to 0
[36m(RolloutGroup(rank=1) pid=97505)[0m videos shape torch.Size([8, 3, 4, 160, 320]) 33
[36m(RolloutGroup(rank=2) pid=97509)[0m Time taken: Total 4.81 seconds, Text Encoder 1.10 seconds, Image Encoder 0.61 seconds, VAE 0.00 seconds, KV Cache Creation 0.66 seconds, Diffusion 2.42 seconds, DIT Compute Steps 3 steps, Scheduler 0.03 seconds
[36m(RolloutGroup(rank=2) pid=97509)[0m language is None, reset current_start_frame to 0
[36m(RolloutGroup(rank=2) pid=97509)[0m videos shape torch.Size([8, 3, 4, 160, 320]) 33
[36m(RolloutGroup(rank=3) pid=97511)[0m Time taken: Total 5.64 seconds, Text Encoder 1.28 seconds, Image Encoder 1.19 seconds, VAE 0.00 seconds, KV Cache Creation 0.63 seconds, Diffusion 2.52 seconds, DIT Compute Steps 3 steps, Scheduler 0.02 seconds
[36m(RolloutGroup(rank=3) pid=97511)[0m language is None, reset current_start_frame to 0
[36m(RolloutGroup(rank=3) pid=97511)[0m videos shape torch.Size([8, 3, 4, 160, 320]) 33
[36m(RolloutGroup(rank=0) pid=97489)[0m Time taken: Total 5.75 seconds, Text Encoder 1.41 seconds, Image Encoder 1.09 seconds, VAE 0.00 seconds, KV Cache Creation 0.62 seconds, Diffusion 2.60 seconds, DIT Compute Steps 3 steps, Scheduler 0.03 seconds
[36m(RolloutGroup(rank=0) pid=97489)[0m language is None, reset current_start_frame to 0
[36m(RolloutGroup(rank=0) pid=97489)[0m videos shape torch.Size([8, 3, 4, 160, 320]) 33
[36m(RolloutGroup(rank=1) pid=97505)[0m Time taken: Total 5.54 seconds, Text Encoder 1.27 seconds, Image Encoder 1.17 seconds, VAE 0.00 seconds, KV Cache Creation 0.65 seconds, Diffusion 2.43 seconds, DIT Compute Steps 3 steps, Scheduler 0.03 seconds
[36m(RolloutGroup(rank=2) pid=97509)[0m Time taken: Total 5.44 seconds, Text Encoder 1.27 seconds, Image Encoder 1.16 seconds, VAE 0.00 seconds, KV Cache Creation 0.65 seconds, Diffusion 2.32 seconds, DIT Compute Steps 3 steps, Scheduler 0.04 seconds
[36m(RolloutGroup(rank=2) pid=97509)[0m language is None, reset current_start_frame to 0
[36m(RolloutGroup(rank=2) pid=97509)[0m videos shape torch.Size([8, 3, 4, 160, 320]) 33
[36m(RolloutGroup(rank=1) pid=97505)[0m language is None, reset current_start_frame to 0
[36m(RolloutGroup(rank=1) pid=97505)[0m videos shape torch.Size([8, 3, 4, 160, 320]) 33
[36m(RolloutGroup(rank=3) pid=97511)[0m Time taken: Total 5.70 seconds, Text Encoder 1.37 seconds, Image Encoder 1.14 seconds, VAE 0.00 seconds, KV Cache Creation 0.63 seconds, Diffusion 2.52 seconds, DIT Compute Steps 3 steps, Scheduler 0.04 seconds
[36m(RolloutGroup(rank=3) pid=97511)[0m language is None, reset current_start_frame to 0
[36m(RolloutGroup(rank=3) pid=97511)[0m videos shape torch.Size([8, 3, 4, 160, 320]) 33
[36m(RolloutGroup(rank=0) pid=97489)[0m Time taken: Total 5.68 seconds, Text Encoder 1.36 seconds, Image Encoder 1.10 seconds, VAE 0.00 seconds, KV Cache Creation 0.62 seconds, Diffusion 2.56 seconds, DIT Compute Steps 3 steps, Scheduler 0.03 seconds
[36m(RolloutGroup(rank=0) pid=97489)[0m language is None, reset current_start_frame to 0
[36m(RolloutGroup(rank=0) pid=97489)[0m videos shape torch.Size([8, 3, 4, 160, 320]) 33
[36m(ActorGroup(rank=2) pid=97486)[0m Time taken: Total 11.68 seconds, Text Encoder 0.68 seconds, Image Encoder 0.33 seconds, VAE 0.00 seconds, KV Cache Creation 2.08 seconds, Diffusion 8.57 seconds, DIT Compute Steps 3 steps, Scheduler 0.03 seconds
[36m(ActorGroup(rank=0) pid=97469)[0m Time taken: Total 11.69 seconds, Text Encoder 0.68 seconds, Image Encoder 0.34 seconds, VAE 0.00 seconds, KV Cache Creation 2.05 seconds, Diffusion 8.58 seconds, DIT Compute Steps 3 steps, Scheduler 0.03 seconds
[36m(ActorGroup(rank=1) pid=97470)[0m Time taken: Total 11.68 seconds, Text Encoder 0.68 seconds, Image Encoder 0.32 seconds, VAE 0.00 seconds, KV Cache Creation 2.08 seconds, Diffusion 8.57 seconds, DIT Compute Steps 3 steps, Scheduler 0.03 seconds
[36m(ActorGroup(rank=3) pid=97488)[0m Time taken: Total 11.69 seconds, Text Encoder 0.68 seconds, Image Encoder 0.36 seconds, VAE 0.00 seconds, KV Cache Creation 2.04 seconds, Diffusion 8.58 seconds, DIT Compute Steps 3 steps, Scheduler 0.03 seconds
[36m(RolloutGroup(rank=1) pid=97505)[0m Time taken: Total 5.06 seconds, Text Encoder 1.31 seconds, Image Encoder 1.11 seconds, VAE 0.00 seconds, KV Cache Creation 0.63 seconds, Diffusion 1.97 seconds, DIT Compute Steps 3 steps, Scheduler 0.03 seconds
[36m(RolloutGroup(rank=1) pid=97505)[0m language is None, reset current_start_frame to 0
[36m(RolloutGroup(rank=1) pid=97505)[0m videos shape torch.Size([8, 3, 4, 160, 320]) 33
[36m(RolloutGroup(rank=2) pid=97509)[0m Time taken: Total 5.10 seconds, Text Encoder 1.32 seconds, Image Encoder 1.11 seconds, VAE 0.00 seconds, KV Cache Creation 0.62 seconds, Diffusion 2.03 seconds, DIT Compute Steps 3 steps, Scheduler 0.03 seconds
[36m(RolloutGroup(rank=2) pid=97509)[0m language is None, reset current_start_frame to 0
[36m(RolloutGroup(rank=2) pid=97509)[0m videos shape torch.Size([8, 3, 4, 160, 320]) 33
[36m(ActorGroup(rank=0) pid=97469)[0m [INFO 15:20:24 ActorGroup-Rank-0][async_ppo_fsdp_worker.py:261] async actor training: micro-batch start 4/64 epoch=1/1 global_batch=1/4 micro=4/16
[36m(ActorGroup(rank=0) pid=97469)[0m [INFO 15:20:24 ActorGroup-Rank-0][async_ppo_fsdp_worker.py:277] async actor training: batch to device done 4/64
[36m(ActorGroup(rank=0) pid=97469)[0m [INFO 15:20:24 ActorGroup-Rank-0][async_ppo_fsdp_worker.py:293] async actor training: before_micro_batch done 4/64 is_last_micro_batch=False
[36m(ActorGroup(rank=0) pid=97469)[0m [INFO 15:20:24 ActorGroup-Rank-0][async_ppo_fsdp_worker.py:341] async actor training: model forward start 4/64
[36m(RolloutGroup(rank=3) pid=97511)[0m Time taken: Total 4.82 seconds, Text Encoder 1.31 seconds, Image Encoder 1.00 seconds, VAE 0.00 seconds, KV Cache Creation 0.55 seconds, Diffusion 1.94 seconds, DIT Compute Steps 3 steps, Scheduler 0.02 seconds
[36m(RolloutGroup(rank=3) pid=97511)[0m language is None, reset current_start_frame to 0
[36m(RolloutGroup(rank=3) pid=97511)[0m videos shape torch.Size([8, 3, 4, 160, 320]) 33
[36m(ActorGroup(rank=2) pid=97486)[0m language is None, reset current_start_frame to 0
[36m(ActorGroup(rank=2) pid=97486)[0m videos shape torch.Size([1, 3, 4, 160, 320]) 33
[36m(ActorGroup(rank=0) pid=97469)[0m language is None, reset current_start_frame to 0
[36m(ActorGroup(rank=0) pid=97469)[0m videos shape torch.Size([1, 3, 4, 160, 320]) 33
[36m(ActorGroup(rank=1) pid=97470)[0m language is None, reset current_start_frame to 0
[36m(ActorGroup(rank=1) pid=97470)[0m videos shape torch.Size([1, 3, 4, 160, 320]) 33
[36m(ActorGroup(rank=3) pid=97488)[0m language is None, reset current_start_frame to 0
[36m(ActorGroup(rank=3) pid=97488)[0m videos shape torch.Size([1, 3, 4, 160, 320]) 33
[36m(RolloutGroup(rank=0) pid=97489)[0m Time taken: Total 4.95 seconds, Text Encoder 1.14 seconds, Image Encoder 1.08 seconds, VAE 0.00 seconds, KV Cache Creation 0.44 seconds, Diffusion 2.27 seconds, DIT Compute Steps 3 steps, Scheduler 0.02 seconds
[36m(RolloutGroup(rank=0) pid=97489)[0m language is None, reset current_start_frame to 0
[36m(RolloutGroup(rank=0) pid=97489)[0m videos shape torch.Size([8, 3, 4, 160, 320]) 33
[36m(RolloutGroup(rank=1) pid=97505)[0m Time taken: Total 4.87 seconds, Text Encoder 1.02 seconds, Image Encoder 0.67 seconds, VAE 0.00 seconds, KV Cache Creation 0.68 seconds, Diffusion 2.47 seconds, DIT Compute Steps 3 steps, Scheduler 0.03 seconds
[36m(RolloutGroup(rank=1) pid=97505)[0m language is None, reset current_start_frame to 0
[36m(RolloutGroup(rank=1) pid=97505)[0m videos shape torch.Size([8, 3, 4, 160, 320]) 33
[36m(RolloutGroup(rank=2) pid=97509)[0m Time taken: Total 4.93 seconds, Text Encoder 1.04 seconds, Image Encoder 0.67 seconds, VAE 0.00 seconds, KV Cache Creation 0.69 seconds, Diffusion 2.51 seconds, DIT Compute Steps 3 steps, Scheduler 0.03 seconds
[36m(RolloutGroup(rank=2) pid=97509)[0m language is None, reset current_start_frame to 0
[36m(RolloutGroup(rank=2) pid=97509)[0m videos shape torch.Size([8, 3, 4, 160, 320]) 33
[36m(RolloutGroup(rank=3) pid=97511)[0m Time taken: Total 5.67 seconds, Text Encoder 1.38 seconds, Image Encoder 1.06 seconds, VAE 0.00 seconds, KV Cache Creation 0.63 seconds, Diffusion 2.57 seconds, DIT Compute Steps 3 steps, Scheduler 0.03 seconds
[36m(RolloutGroup(rank=3) pid=97511)[0m language is None, reset current_start_frame to 0
[36m(RolloutGroup(rank=3) pid=97511)[0m videos shape torch.Size([8, 3, 4, 160, 320]) 33
[36m(RolloutGroup(rank=0) pid=97489)[0m Time taken: Total 5.63 seconds, Text Encoder 1.28 seconds, Image Encoder 1.08 seconds, VAE 0.00 seconds, KV Cache Creation 0.63 seconds, Diffusion 2.60 seconds, DIT Compute Steps 3 steps, Scheduler 0.04 seconds
[36m(RolloutGroup(rank=0) pid=97489)[0m language is None, reset current_start_frame to 0
[36m(RolloutGroup(rank=0) pid=97489)[0m videos shape torch.Size([8, 3, 4, 160, 320]) 33
[36m(RolloutGroup(rank=1) pid=97505)[0m Time taken: Total 5.63 seconds, Text Encoder 1.33 seconds, Image Encoder 1.12 seconds, VAE 0.00 seconds, KV Cache Creation 0.63 seconds, Diffusion 2.51 seconds, DIT Compute Steps 3 steps, Scheduler 0.03 seconds
[36m(RolloutGroup(rank=1) pid=97505)[0m language is None, reset current_start_frame to 0
[36m(RolloutGroup(rank=1) pid=97505)[0m videos shape torch.Size([8, 3, 4, 160, 320]) 33
[36m(RolloutGroup(rank=2) pid=97509)[0m Time taken: Total 5.63 seconds, Text Encoder 1.32 seconds, Image Encoder 1.13 seconds, VAE 0.00 seconds, KV Cache Creation 0.61 seconds, Diffusion 2.54 seconds, DIT Compute Steps 3 steps, Scheduler 0.03 seconds
[36m(RolloutGroup(rank=2) pid=97509)[0m language is None, reset current_start_frame to 0
[36m(RolloutGroup(rank=2) pid=97509)[0m videos shape torch.Size([8, 3, 4, 160, 320]) 33
[36m(RolloutGroup(rank=3) pid=97511)[0m Time taken: Total 5.66 seconds, Text Encoder 1.30 seconds, Image Encoder 1.14 seconds, VAE 0.00 seconds, KV Cache Creation 0.62 seconds, Diffusion 2.57 seconds, DIT Compute Steps 3 steps, Scheduler 0.03 seconds
[36m(RolloutGroup(rank=3) pid=97511)[0m language is None, reset current_start_frame to 0
[36m(RolloutGroup(rank=3) pid=97511)[0m videos shape torch.Size([8, 3, 4, 160, 320]) 33
[36m(RolloutGroup(rank=0) pid=97489)[0m Time taken: Total 5.36 seconds, Text Encoder 1.34 seconds, Image Encoder 1.07 seconds, VAE 0.00 seconds, KV Cache Creation 0.65 seconds, Diffusion 2.26 seconds, DIT Compute Steps 3 steps, Scheduler 0.03 seconds
[36m(RolloutGroup(rank=0) pid=97489)[0m language is None, reset current_start_frame to 0
[36m(RolloutGroup(rank=0) pid=97489)[0m videos shape torch.Size([8, 3, 4, 160, 320]) 33
[36m(ActorGroup(rank=2) pid=97486)[0m Time taken: Total 12.14 seconds, Text Encoder 0.54 seconds, Image Encoder 0.21 seconds, VAE 0.00 seconds, KV Cache Creation 2.34 seconds, Diffusion 9.02 seconds, DIT Compute Steps 3 steps, Scheduler 0.03 seconds
[36m(ActorGroup(rank=0) pid=97469)[0m Time taken: Total 12.14 seconds, Text Encoder 0.55 seconds, Image Encoder 0.21 seconds, VAE 0.00 seconds, KV Cache Creation 2.34 seconds, Diffusion 9.02 seconds, DIT Compute Steps 3 steps, Scheduler 0.02 seconds
[36m(ActorGroup(rank=0) pid=97469)[0m [INFO 15:20:37 ActorGroup-Rank-0][async_ppo_fsdp_worker.py:359] async actor training: model forward done 4/64 elapsed=12.87s
[36m(ActorGroup(rank=0) pid=97469)[0m [INFO 15:20:37 ActorGroup-Rank-0][async_ppo_fsdp_worker.py:386] async actor training: logprobs ready 4/64 shape=(1, 16, 7) dtype=torch.float32
[36m(ActorGroup(rank=0) pid=97469)[0m [INFO 15:20:37 ActorGroup-Rank-0][async_ppo_fsdp_worker.py:419] async actor training: dreamzero tensors aligned 4/64 logprobs=(1, 16, 7) old_logprobs=(1, 16, 7) proximal_logprobs=None versions=(1, 16, 7) loss_action_dim=7
[36m(ActorGroup(rank=0) pid=97469)[0m [INFO 15:20:37 ActorGroup-Rank-0][async_ppo_fsdp_worker.py:457] async actor training: loss kwargs build start 4/64
[36m(ActorGroup(rank=1) pid=97470)[0m Time taken: Total 12.14 seconds, Text Encoder 0.54 seconds, Image Encoder 0.21 seconds, VAE 0.00 seconds, KV Cache Creation 2.34 seconds, Diffusion 9.02 seconds, DIT Compute Steps 3 steps, Scheduler 0.03 seconds
[36m(ActorGroup(rank=3) pid=97488)[0m Time taken: Total 12.14 seconds, Text Encoder 0.54 seconds, Image Encoder 0.26 seconds, VAE 0.00 seconds, KV Cache Creation 2.29 seconds, Diffusion 9.02 seconds, DIT Compute Steps 3 steps, Scheduler 0.03 seconds
[36m(ActorGroup(rank=0) pid=97469)[0m [INFO 15:20:37 ActorGroup-Rank-0][async_ppo_fsdp_worker.py:501] async actor training: loss kwargs built 4/64
[36m(ActorGroup(rank=0) pid=97469)[0m [INFO 15:20:37 ActorGroup-Rank-0][async_ppo_fsdp_worker.py:505] async actor training: policy loss start 4/64
[36m(ActorGroup(rank=0) pid=97469)[0m [INFO 15:20:37 ActorGroup-Rank-0][async_ppo_fsdp_worker.py:515] async actor training: policy loss done 4/64
[36m(ActorGroup(rank=0) pid=97469)[0m [INFO 15:20:37 ActorGroup-Rank-0][async_ppo_fsdp_worker.py:542] async actor training: backward start 4/64
[36m(RolloutGroup(rank=1) pid=97505)[0m Time taken: Total 4.85 seconds, Text Encoder 1.24 seconds, Image Encoder 1.11 seconds, VAE 0.00 seconds, KV Cache Creation 0.47 seconds, Diffusion 2.03 seconds, DIT Compute Steps 3 steps, Scheduler 0.01 seconds
[36m(RolloutGroup(rank=1) pid=97505)[0m language is None, reset current_start_frame to 0
[36m(RolloutGroup(rank=1) pid=97505)[0m videos shape torch.Size([8, 3, 4, 160, 320]) 33
[36m(RolloutGroup(rank=2) pid=97509)[0m Time taken: Total 4.86 seconds, Text Encoder 1.29 seconds, Image Encoder 1.11 seconds, VAE 0.00 seconds, KV Cache Creation 0.39 seconds, Diffusion 2.06 seconds, DIT Compute Steps 3 steps, Scheduler 0.02 seconds
[36m(RolloutGroup(rank=2) pid=97509)[0m language is None, reset current_start_frame to 0
[36m(RolloutGroup(rank=2) pid=97509)[0m videos shape torch.Size([8, 3, 4, 160, 320]) 33
[36m(RolloutGroup(rank=3) pid=97511)[0m Time taken: Total 4.43 seconds, Text Encoder 0.87 seconds, Image Encoder 1.01 seconds, VAE 0.00 seconds, KV Cache Creation 0.67 seconds, Diffusion 1.86 seconds, DIT Compute Steps 3 steps, Scheduler 0.02 seconds
[36m(RolloutGroup(rank=3) pid=97511)[0m language is None, reset current_start_frame to 0
[36m(RolloutGroup(rank=3) pid=97511)[0m videos shape torch.Size([8, 3, 4, 160, 320]) 33
[36m(RolloutGroup(rank=0) pid=97489)[0m Time taken: Total 4.27 seconds, Text Encoder 0.96 seconds, Image Encoder 1.17 seconds, VAE 0.00 seconds, KV Cache Creation 0.45 seconds, Diffusion 1.67 seconds, DIT Compute Steps 3 steps, Scheduler 0.01 seconds
[36m(RolloutGroup(rank=0) pid=97489)[0m language is None, reset current_start_frame to 0
[36m(RolloutGroup(rank=0) pid=97489)[0m videos shape torch.Size([8, 3, 4, 160, 320]) 33
[36m(ActorGroup(rank=0) pid=97469)[0m [INFO 15:20:41 ActorGroup-Rank-0][async_ppo_fsdp_worker.py:553] async actor training: backward done 4/64 elapsed=4.16s
[36m(ActorGroup(rank=2) pid=97486)[0m language is None, reset current_start_frame to 0
[36m(ActorGroup(rank=2) pid=97486)[0m videos shape torch.Size([1, 3, 4, 160, 320]) 33
[36m(ActorGroup(rank=0) pid=97469)[0m language is None, reset current_start_frame to 0
[36m(ActorGroup(rank=0) pid=97469)[0m videos shape torch.Size([1, 3, 4, 160, 320]) 33
[36m(ActorGroup(rank=1) pid=97470)[0m language is None, reset current_start_frame to 0
[36m(ActorGroup(rank=1) pid=97470)[0m videos shape torch.Size([1, 3, 4, 160, 320]) 33
[36m(ActorGroup(rank=3) pid=97488)[0m language is None, reset current_start_frame to 0
[36m(ActorGroup(rank=3) pid=97488)[0m videos shape torch.Size([1, 3, 4, 160, 320]) 33
[36m(RolloutGroup(rank=1) pid=97505)[0m Time taken: Total 4.24 seconds, Text Encoder 1.02 seconds, Image Encoder 1.00 seconds, VAE 0.00 seconds, KV Cache Creation 0.28 seconds, Diffusion 1.94 seconds, DIT Compute Steps 3 steps, Scheduler 0.01 seconds
[36m(RolloutGroup(rank=2) pid=97509)[0m Time taken: Total 4.30 seconds, Text Encoder 1.01 seconds, Image Encoder 0.99 seconds, VAE 0.00 seconds, KV Cache Creation 0.28 seconds, Diffusion 2.01 seconds, DIT Compute Steps 3 steps, Scheduler 0.01 seconds
[36m(RolloutGroup(rank=1) pid=97505)[0m language is None, reset current_start_frame to 0
[36m(RolloutGroup(rank=1) pid=97505)[0m videos shape torch.Size([8, 3, 4, 160, 320]) 33
[36m(RolloutGroup(rank=2) pid=97509)[0m language is None, reset current_start_frame to 0
[36m(RolloutGroup(rank=2) pid=97509)[0m videos shape torch.Size([8, 3, 4, 160, 320]) 33
[36m(RolloutGroup(rank=3) pid=97511)[0m Time taken: Total 4.63 seconds, Text Encoder 0.63 seconds, Image Encoder 1.00 seconds, VAE 0.00 seconds, KV Cache Creation 0.67 seconds, Diffusion 2.31 seconds, DIT Compute Steps 3 steps, Scheduler 0.03 seconds
[36m(RolloutGroup(rank=0) pid=97489)[0m Time taken: Total 5.03 seconds, Text Encoder 0.87 seconds, Image Encoder 1.16 seconds, VAE 0.00 seconds, KV Cache Creation 0.55 seconds, Diffusion 2.44 seconds, DIT Compute Steps 3 steps, Scheduler 0.01 seconds
[36m(RolloutGroup(rank=3) pid=97511)[0m language is None, reset current_start_frame to 0
[36m(RolloutGroup(rank=3) pid=97511)[0m videos shape torch.Size([8, 3, 4, 160, 320]) 33
[36m(RolloutGroup(rank=0) pid=97489)[0m language is None, reset current_start_frame to 0
[36m(RolloutGroup(rank=0) pid=97489)[0m videos shape torch.Size([8, 3, 4, 160, 320]) 33
[36m(RolloutGroup(rank=1) pid=97505)[0m Time taken: Total 5.65 seconds, Text Encoder 1.31 seconds, Image Encoder 1.15 seconds, VAE 0.00 seconds, KV Cache Creation 0.61 seconds, Diffusion 2.54 seconds, DIT Compute Steps 3 steps, Scheduler 0.03 seconds
[36m(RolloutGroup(rank=1) pid=97505)[0m language is None, reset current_start_frame to 0
[36m(RolloutGroup(rank=1) pid=97505)[0m videos shape torch.Size([8, 3, 4, 160, 320]) 33
[36m(RolloutGroup(rank=2) pid=97509)[0m Time taken: Total 5.61 seconds, Text Encoder 1.29 seconds, Image Encoder 1.16 seconds, VAE 0.00 seconds, KV Cache Creation 0.60 seconds, Diffusion 2.55 seconds, DIT Compute Steps 3 steps, Scheduler 0.03 seconds
[36m(RolloutGroup(rank=2) pid=97509)[0m language is None, reset current_start_frame to 0
[36m(RolloutGroup(rank=2) pid=97509)[0m videos shape torch.Size([8, 3, 4, 160, 320]) 33
[36m(RolloutGroup(rank=3) pid=97511)[0m Time taken: Total 5.60 seconds, Text Encoder 1.30 seconds, Image Encoder 1.11 seconds, VAE 0.00 seconds, KV Cache Creation 0.62 seconds, Diffusion 2.53 seconds, DIT Compute Steps 3 steps, Scheduler 0.04 seconds
[36m(RolloutGroup(rank=3) pid=97511)[0m language is None, reset current_start_frame to 0
[36m(RolloutGroup(rank=3) pid=97511)[0m videos shape torch.Size([8, 3, 4, 160, 320]) 33
[36m(RolloutGroup(rank=0) pid=97489)[0m Time taken: Total 5.61 seconds, Text Encoder 1.31 seconds, Image Encoder 1.11 seconds, VAE 0.00 seconds, KV Cache Creation 0.63 seconds, Diffusion 2.52 seconds, DIT Compute Steps 3 steps, Scheduler 0.03 seconds
[36m(RolloutGroup(rank=0) pid=97489)[0m language is None, reset current_start_frame to 0
[36m(RolloutGroup(rank=0) pid=97489)[0m videos shape torch.Size([8, 3, 4, 160, 320]) 33
[36m(ActorGroup(rank=2) pid=97486)[0m Time taken: Total 12.69 seconds, Text Encoder 0.77 seconds, Image Encoder 0.25 seconds, VAE 0.00 seconds, KV Cache Creation 2.16 seconds, Diffusion 9.47 seconds, DIT Compute Steps 3 steps, Scheduler 0.03 seconds
[36m(ActorGroup(rank=0) pid=97469)[0m Time taken: Total 12.69 seconds, Text Encoder 0.77 seconds, Image Encoder 0.29 seconds, VAE 0.00 seconds, KV Cache Creation 2.12 seconds, Diffusion 9.47 seconds, DIT Compute Steps 3 steps, Scheduler 0.03 seconds
[36m(ActorGroup(rank=1) pid=97470)[0m Time taken: Total 12.68 seconds, Text Encoder 0.77 seconds, Image Encoder 0.26 seconds, VAE 0.00 seconds, KV Cache Creation 2.16 seconds, Diffusion 9.47 seconds, DIT Compute Steps 3 steps, Scheduler 0.03 seconds
[36m(ActorGroup(rank=3) pid=97488)[0m Time taken: Total 12.69 seconds, Text Encoder 0.77 seconds, Image Encoder 0.26 seconds, VAE 0.00 seconds, KV Cache Creation 2.16 seconds, Diffusion 9.47 seconds, DIT Compute Steps 3 steps, Scheduler 0.03 seconds
[36m(RolloutGroup(rank=1) pid=97505)[0m Time taken: Total 5.46 seconds, Text Encoder 1.27 seconds, Image Encoder 1.17 seconds, VAE 0.00 seconds, KV Cache Creation 0.62 seconds, Diffusion 2.37 seconds, DIT Compute Steps 3 steps, Scheduler 0.03 seconds
[36m(RolloutGroup(rank=1) pid=97505)[0m language is None, reset current_start_frame to 0
[36m(RolloutGroup(rank=1) pid=97505)[0m videos shape torch.Size([8, 3, 4, 160, 320]) 33
[36m(RolloutGroup(rank=2) pid=97509)[0m Time taken: Total 5.51 seconds, Text Encoder 1.26 seconds, Image Encoder 1.17 seconds, VAE 0.00 seconds, KV Cache Creation 0.61 seconds, Diffusion 2.43 seconds, DIT Compute Steps 3 steps, Scheduler 0.04 seconds
[36m(RolloutGroup(rank=2) pid=97509)[0m language is None, reset current_start_frame to 0
[36m(RolloutGroup(rank=2) pid=97509)[0m videos shape torch.Size([8, 3, 4, 160, 320]) 33
[36m(RolloutGroup(rank=3) pid=97511)[0m Time taken: Total 5.05 seconds, Text Encoder 1.33 seconds, Image Encoder 1.15 seconds, VAE 0.00 seconds, KV Cache Creation 0.47 seconds, Diffusion 2.06 seconds, DIT Compute Steps 3 steps, Scheduler 0.04 seconds
[36m(RolloutGroup(rank=3) pid=97511)[0m language is None, reset current_start_frame to 0
[36m(RolloutGroup(rank=3) pid=97511)[0m videos shape torch.Size([8, 3, 4, 160, 320]) 33
[36m(RolloutGroup(rank=0) pid=97489)[0m Time taken: Total 4.75 seconds, Text Encoder 1.34 seconds, Image Encoder 0.97 seconds, VAE 0.00 seconds, KV Cache Creation 0.69 seconds, Diffusion 1.71 seconds, DIT Compute Steps 3 steps, Scheduler 0.04 seconds
[36m(RolloutGroup(rank=0) pid=97489)[0m language is None, reset current_start_frame to 0
[36m(RolloutGroup(rank=0) pid=97489)[0m videos shape torch.Size([8, 3, 4, 160, 320]) 33
[36m(ActorGroup(rank=2) pid=97486)[0m language is None, reset current_start_frame to 0
[36m(ActorGroup(rank=2) pid=97486)[0m videos shape torch.Size([1, 3, 4, 160, 320]) 33
[36m(ActorGroup(rank=0) pid=97469)[0m language is None, reset current_start_frame to 0
[36m(ActorGroup(rank=0) pid=97469)[0m videos shape torch.Size([1, 3, 4, 160, 320]) 33
[36m(ActorGroup(rank=1) pid=97470)[0m language is None, reset current_start_frame to 0
[36m(ActorGroup(rank=1) pid=97470)[0m videos shape torch.Size([1, 3, 4, 160, 320]) 33
[36m(ActorGroup(rank=3) pid=97488)[0m language is None, reset current_start_frame to 0
[36m(ActorGroup(rank=3) pid=97488)[0m videos shape torch.Size([1, 3, 4, 160, 320]) 33
[36m(RolloutGroup(rank=1) pid=97505)[0m Time taken: Total 4.27 seconds, Text Encoder 1.28 seconds, Image Encoder 0.84 seconds, VAE 0.00 seconds, KV Cache Creation 0.59 seconds, Diffusion 1.53 seconds, DIT Compute Steps 3 steps, Scheduler 0.02 seconds
[36m(RolloutGroup(rank=1) pid=97505)[0m language is None, reset current_start_frame to 0
[36m(RolloutGroup(rank=1) pid=97505)[0m videos shape torch.Size([8, 3, 4, 160, 320]) 33
[36m(RolloutGroup(rank=2) pid=97509)[0m Time taken: Total 4.27 seconds, Text Encoder 1.24 seconds, Image Encoder 0.89 seconds, VAE 0.00 seconds, KV Cache Creation 0.49 seconds, Diffusion 1.64 seconds, DIT Compute Steps 3 steps, Scheduler 0.02 seconds
[36m(RolloutGroup(rank=2) pid=97509)[0m language is None, reset current_start_frame to 0
[36m(RolloutGroup(rank=2) pid=97509)[0m videos shape torch.Size([8, 3, 4, 160, 320]) 33
[36m(RolloutGroup(rank=3) pid=97511)[0m Time taken: Total 4.78 seconds, Text Encoder 1.04 seconds, Image Encoder 0.55 seconds, VAE 0.00 seconds, KV Cache Creation 0.62 seconds, Diffusion 2.54 seconds, DIT Compute Steps 3 steps, Scheduler 0.03 seconds
[36m(RolloutGroup(rank=3) pid=97511)[0m language is None, reset current_start_frame to 0
[36m(RolloutGroup(rank=3) pid=97511)[0m videos shape torch.Size([8, 3, 4, 160, 320]) 33
[36m(RolloutGroup(rank=0) pid=97489)[0m Time taken: Total 4.86 seconds, Text Encoder 0.83 seconds, Image Encoder 0.80 seconds, VAE 0.00 seconds, KV Cache Creation 0.67 seconds, Diffusion 2.52 seconds, DIT Compute Steps 3 steps, Scheduler 0.03 seconds
[36m(RolloutGroup(rank=0) pid=97489)[0m language is None, reset current_start_frame to 0
[36m(RolloutGroup(rank=0) pid=97489)[0m videos shape torch.Size([8, 3, 4, 160, 320]) 33
[36m(RolloutGroup(rank=1) pid=97505)[0m Time taken: Total 5.56 seconds, Text Encoder 1.27 seconds, Image Encoder 1.12 seconds, VAE 0.00 seconds, KV Cache Creation 0.62 seconds, Diffusion 2.51 seconds, DIT Compute Steps 3 steps, Scheduler 0.03 seconds
[36m(RolloutGroup(rank=1) pid=97505)[0m language is None, reset current_start_frame to 0
[36m(RolloutGroup(rank=1) pid=97505)[0m videos shape torch.Size([8, 3, 4, 160, 320]) 33
[36m(RolloutGroup(rank=2) pid=97509)[0m Time taken: Total 5.52 seconds, Text Encoder 1.26 seconds, Image Encoder 1.11 seconds, VAE 0.00 seconds, KV Cache Creation 0.62 seconds, Diffusion 2.49 seconds, DIT Compute Steps 3 steps, Scheduler 0.04 seconds
[36m(RolloutGroup(rank=2) pid=97509)[0m language is None, reset current_start_frame to 0
[36m(RolloutGroup(rank=2) pid=97509)[0m videos shape torch.Size([8, 3, 4, 160, 320]) 33
[36m(RolloutGroup(rank=3) pid=97511)[0m Time taken: Total 5.39 seconds, Text Encoder 1.30 seconds, Image Encoder 1.11 seconds, VAE 0.00 seconds, KV Cache Creation 0.61 seconds, Diffusion 2.34 seconds, DIT Compute Steps 3 steps, Scheduler 0.03 seconds
[36m(RolloutGroup(rank=3) pid=97511)[0m language is None, reset current_start_frame to 0
[36m(RolloutGroup(rank=3) pid=97511)[0m videos shape torch.Size([8, 3, 4, 160, 320]) 33
[36m(RolloutGroup(rank=0) pid=97489)[0m Time taken: Total 5.46 seconds, Text Encoder 1.31 seconds, Image Encoder 1.09 seconds, VAE 0.00 seconds, KV Cache Creation 0.62 seconds, Diffusion 2.41 seconds, DIT Compute Steps 3 steps, Scheduler 0.04 seconds
[36m(RolloutGroup(rank=0) pid=97489)[0m language is None, reset current_start_frame to 0
[36m(RolloutGroup(rank=0) pid=97489)[0m videos shape torch.Size([8, 3, 4, 160, 320]) 33
[36m(ActorGroup(rank=2) pid=97486)[0m Time taken: Total 11.12 seconds, Text Encoder 0.56 seconds, Image Encoder 0.22 seconds, VAE 0.00 seconds, KV Cache Creation 2.68 seconds, Diffusion 7.63 seconds, DIT Compute Steps 3 steps, Scheduler 0.02 seconds
[36m(ActorGroup(rank=0) pid=97469)[0m Time taken: Total 11.11 seconds, Text Encoder 0.55 seconds, Image Encoder 0.25 seconds, VAE 0.00 seconds, KV Cache Creation 2.65 seconds, Diffusion 7.64 seconds, DIT Compute Steps 3 steps, Scheduler 0.02 seconds
[36m(ActorGroup(rank=1) pid=97470)[0m Time taken: Total 11.11 seconds, Text Encoder 0.56 seconds, Image Encoder 0.28 seconds, VAE 0.00 seconds, KV Cache Creation 2.62 seconds, Diffusion 7.63 seconds, DIT Compute Steps 3 steps, Scheduler 0.02 seconds
[36m(ActorGroup(rank=3) pid=97488)[0m Time taken: Total 11.12 seconds, Text Encoder 0.57 seconds, Image Encoder 0.24 seconds, VAE 0.00 seconds, KV Cache Creation 2.66 seconds, Diffusion 7.62 seconds, DIT Compute Steps 3 steps, Scheduler 0.03 seconds
[36m(RolloutGroup(rank=1) pid=97505)[0m Time taken: Total 5.24 seconds, Text Encoder 1.22 seconds, Image Encoder 1.05 seconds, VAE 0.00 seconds, KV Cache Creation 0.62 seconds, Diffusion 2.32 seconds, DIT Compute Steps 3 steps, Scheduler 0.02 seconds
[36m(RolloutGroup(rank=1) pid=97505)[0m language is None, reset current_start_frame to 0
[36m(RolloutGroup(rank=1) pid=97505)[0m videos shape torch.Size([8, 3, 4, 160, 320]) 33
[36m(RolloutGroup(rank=2) pid=97509)[0m Time taken: Total 5.21 seconds, Text Encoder 1.19 seconds, Image Encoder 1.06 seconds, VAE 0.00 seconds, KV Cache Creation 0.62 seconds, Diffusion 2.31 seconds, DIT Compute Steps 3 steps, Scheduler 0.03 seconds
[36m(RolloutGroup(rank=2) pid=97509)[0m language is None, reset current_start_frame to 0
[36m(RolloutGroup(rank=2) pid=97509)[0m videos shape torch.Size([8, 3, 4, 160, 320]) 33
[36m(RolloutGroup(rank=3) pid=97511)[0m Time taken: Total 4.98 seconds, Text Encoder 1.28 seconds, Image Encoder 1.13 seconds, VAE 0.00 seconds, KV Cache Creation 0.48 seconds, Diffusion 2.07 seconds, DIT Compute Steps 3 steps, Scheduler 0.02 seconds
[36m(RolloutGroup(rank=3) pid=97511)[0m language is None, reset current_start_frame to 0
[36m(RolloutGroup(rank=3) pid=97511)[0m videos shape torch.Size([8, 3, 4, 160, 320]) 33
[36m(RolloutGroup(rank=0) pid=97489)[0m Time taken: Total 4.69 seconds, Text Encoder 1.28 seconds, Image Encoder 0.99 seconds, VAE 0.00 seconds, KV Cache Creation 0.58 seconds, Diffusion 1.79 seconds, DIT Compute Steps 3 steps, Scheduler 0.03 seconds
[36m(RolloutGroup(rank=0) pid=97489)[0m language is None, reset current_start_frame to 0
[36m(RolloutGroup(rank=0) pid=97489)[0m videos shape torch.Size([8, 3, 4, 160, 320]) 33
[36m(ActorGroup(rank=2) pid=97486)[0m language is None, reset current_start_frame to 0
[36m(ActorGroup(rank=2) pid=97486)[0m videos shape torch.Size([1, 3, 4, 160, 320]) 33
[36m(ActorGroup(rank=0) pid=97469)[0m language is None, reset current_start_frame to 0
[36m(ActorGroup(rank=0) pid=97469)[0m videos shape torch.Size([1, 3, 4, 160, 320]) 33
[36m(ActorGroup(rank=1) pid=97470)[0m language is None, reset current_start_frame to 0
[36m(ActorGroup(rank=1) pid=97470)[0m videos shape torch.Size([1, 3, 4, 160, 320]) 33
[36m(ActorGroup(rank=3) pid=97488)[0m language is None, reset current_start_frame to 0
[36m(ActorGroup(rank=3) pid=97488)[0m videos shape torch.Size([1, 3, 4, 160, 320]) 33
[36m(RolloutGroup(rank=1) pid=97505)[0m Time taken: Total 4.20 seconds, Text Encoder 1.30 seconds, Image Encoder 0.83 seconds, VAE 0.00 seconds, KV Cache Creation 0.60 seconds, Diffusion 1.46 seconds, DIT Compute Steps 3 steps, Scheduler 0.02 seconds
[36m(RolloutGroup(rank=1) pid=97505)[0m language is None, reset current_start_frame to 0
[36m(RolloutGroup(rank=1) pid=97505)[0m videos shape torch.Size([8, 3, 4, 160, 320]) 33
[36m(RolloutGroup(rank=2) pid=97509)[0m Time taken: Total 4.28 seconds, Text Encoder 1.28 seconds, Image Encoder 0.84 seconds, VAE 0.00 seconds, KV Cache Creation 0.57 seconds, Diffusion 1.58 seconds, DIT Compute Steps 3 steps, Scheduler 0.02 seconds
[36m(RolloutGroup(rank=2) pid=97509)[0m language is None, reset current_start_frame to 0
[36m(RolloutGroup(rank=2) pid=97509)[0m videos shape torch.Size([8, 3, 4, 160, 320]) 33
[36m(RolloutGroup(rank=3) pid=97511)[0m Time taken: Total 4.80 seconds, Text Encoder 1.03 seconds, Image Encoder 0.55 seconds, VAE 0.00 seconds, KV Cache Creation 0.59 seconds, Diffusion 2.62 seconds, DIT Compute Steps 3 steps, Scheduler 0.02 seconds
[36m(RolloutGroup(rank=3) pid=97511)[0m language is None, reset current_start_frame to 0
[36m(RolloutGroup(rank=3) pid=97511)[0m videos shape torch.Size([8, 3, 4, 160, 320]) 33
[36m(RolloutGroup(rank=0) pid=97489)[0m Time taken: Total 4.85 seconds, Text Encoder 0.89 seconds, Image Encoder 0.66 seconds, VAE 0.00 seconds, KV Cache Creation 0.69 seconds, Diffusion 2.59 seconds, DIT Compute Steps 3 steps, Scheduler 0.03 seconds
[36m(RolloutGroup(rank=0) pid=97489)[0m language is None, reset current_start_frame to 0
[36m(RolloutGroup(rank=0) pid=97489)[0m videos shape torch.Size([8, 3, 4, 160, 320]) 33
[36m(RolloutGroup(rank=1) pid=97505)[0m Time taken: Total 5.60 seconds, Text Encoder 1.37 seconds, Image Encoder 1.12 seconds, VAE 0.00 seconds, KV Cache Creation 0.61 seconds, Diffusion 2.47 seconds, DIT Compute Steps 3 steps, Scheduler 0.03 seconds
[36m(RolloutGroup(rank=1) pid=97505)[0m language is None, reset current_start_frame to 0
[36m(RolloutGroup(rank=1) pid=97505)[0m videos shape torch.Size([8, 3, 4, 160, 320]) 33
[36m(RolloutGroup(rank=2) pid=97509)[0m Time taken: Total 5.59 seconds, Text Encoder 1.36 seconds, Image Encoder 1.11 seconds, VAE 0.00 seconds, KV Cache Creation 0.63 seconds, Diffusion 2.45 seconds, DIT Compute Steps 3 steps, Scheduler 0.04 seconds
[36m(RolloutGroup(rank=2) pid=97509)[0m language is None, reset current_start_frame to 0
[36m(RolloutGroup(rank=2) pid=97509)[0m videos shape torch.Size([8, 3, 4, 160, 320]) 33
[36m(RolloutGroup(rank=3) pid=97511)[0m Time taken: Total 5.50 seconds, Text Encoder 1.29 seconds, Image Encoder 1.08 seconds, VAE 0.00 seconds, KV Cache Creation 0.61 seconds, Diffusion 2.49 seconds, DIT Compute Steps 3 steps, Scheduler 0.02 seconds
[36m(RolloutGroup(rank=3) pid=97511)[0m language is None, reset current_start_frame to 0
[36m(RolloutGroup(rank=3) pid=97511)[0m videos shape torch.Size([8, 3, 4, 160, 320]) 33
[36m(RolloutGroup(rank=0) pid=97489)[0m Time taken: Total 5.57 seconds, Text Encoder 1.28 seconds, Image Encoder 1.09 seconds, VAE 0.00 seconds, KV Cache Creation 0.59 seconds, Diffusion 2.57 seconds, DIT Compute Steps 3 steps, Scheduler 0.03 seconds
[36m(RolloutGroup(rank=0) pid=97489)[0m language is None, reset current_start_frame to 0
[36m(RolloutGroup(rank=0) pid=97489)[0m videos shape torch.Size([8, 3, 4, 160, 320]) 33
[36m(RolloutGroup(rank=1) pid=97505)[0m Time taken: Total 5.65 seconds, Text Encoder 1.33 seconds, Image Encoder 1.10 seconds, VAE 0.00 seconds, KV Cache Creation 0.64 seconds, Diffusion 2.54 seconds, DIT Compute Steps 3 steps, Scheduler 0.03 seconds
[36m(RolloutGroup(rank=1) pid=97505)[0m language is None, reset current_start_frame to 0
[36m(RolloutGroup(rank=1) pid=97505)[0m videos shape torch.Size([8, 3, 4, 160, 320]) 33
[36m(RolloutGroup(rank=2) pid=97509)[0m Time taken: Total 5.60 seconds, Text Encoder 1.33 seconds, Image Encoder 1.10 seconds, VAE 0.00 seconds, KV Cache Creation 0.65 seconds, Diffusion 2.49 seconds, DIT Compute Steps 3 steps, Scheduler 0.03 seconds
[36m(RolloutGroup(rank=2) pid=97509)[0m language is None, reset current_start_frame to 0
[36m(RolloutGroup(rank=2) pid=97509)[0m videos shape torch.Size([8, 3, 4, 160, 320]) 33
[36m(ActorGroup(rank=2) pid=97486)[0m Time taken: Total 13.09 seconds, Text Encoder 0.58 seconds, Image Encoder 0.27 seconds, VAE 0.00 seconds, KV Cache Creation 3.39 seconds, Diffusion 8.83 seconds, DIT Compute Steps 3 steps, Scheduler 0.02 seconds
[36m(ActorGroup(rank=0) pid=97469)[0m Time taken: Total 13.09 seconds, Text Encoder 0.57 seconds, Image Encoder 0.23 seconds, VAE 0.00 seconds, KV Cache Creation 3.43 seconds, Diffusion 8.82 seconds, DIT Compute Steps 3 steps, Scheduler 0.03 seconds
[36m(ActorGroup(rank=1) pid=97470)[0m Time taken: Total 13.09 seconds, Text Encoder 0.58 seconds, Image Encoder 0.28 seconds, VAE 0.00 seconds, KV Cache Creation 3.38 seconds, Diffusion 8.83 seconds, DIT Compute Steps 3 steps, Scheduler 0.03 seconds
[36m(ActorGroup(rank=3) pid=97488)[0m Time taken: Total 13.09 seconds, Text Encoder 0.58 seconds, Image Encoder 0.24 seconds, VAE 0.00 seconds, KV Cache Creation 3.42 seconds, Diffusion 8.82 seconds, DIT Compute Steps 3 steps, Scheduler 0.03 seconds
[36m(RolloutGroup(rank=3) pid=97511)[0m Time taken: Total 5.50 seconds, Text Encoder 1.35 seconds, Image Encoder 1.13 seconds, VAE 0.00 seconds, KV Cache Creation 0.62 seconds, Diffusion 2.36 seconds, DIT Compute Steps 3 steps, Scheduler 0.03 seconds
[36m(RolloutGroup(rank=3) pid=97511)[0m language is None, reset current_start_frame to 0
[36m(RolloutGroup(rank=3) pid=97511)[0m videos shape torch.Size([8, 3, 4, 160, 320]) 33
[36m(RolloutGroup(rank=0) pid=97489)[0m Time taken: Total 5.40 seconds, Text Encoder 1.34 seconds, Image Encoder 1.11 seconds, VAE 0.00 seconds, KV Cache Creation 0.60 seconds, Diffusion 2.32 seconds, DIT Compute Steps 3 steps, Scheduler 0.03 seconds
[36m(RolloutGroup(rank=0) pid=97489)[0m language is None, reset current_start_frame to 0
[36m(RolloutGroup(rank=0) pid=97489)[0m videos shape torch.Size([8, 3, 4, 160, 320]) 33
[36m(RolloutGroup(rank=1) pid=97505)[0m Time taken: Total 4.71 seconds, Text Encoder 1.27 seconds, Image Encoder 1.00 seconds, VAE 0.00 seconds, KV Cache Creation 0.50 seconds, Diffusion 1.92 seconds, DIT Compute Steps 3 steps, Scheduler 0.02 seconds
[36m(RolloutGroup(rank=1) pid=97505)[0m language is None, reset current_start_frame to 0
[36m(RolloutGroup(rank=1) pid=97505)[0m videos shape torch.Size([8, 3, 4, 160, 320]) 33
[36m(RolloutGroup(rank=2) pid=97509)[0m Time taken: Total 4.66 seconds, Text Encoder 1.24 seconds, Image Encoder 1.06 seconds, VAE 0.00 seconds, KV Cache Creation 0.46 seconds, Diffusion 1.88 seconds, DIT Compute Steps 3 steps, Scheduler 0.02 seconds
[36m(RolloutGroup(rank=2) pid=97509)[0m language is None, reset current_start_frame to 0
[36m(RolloutGroup(rank=2) pid=97509)[0m videos shape torch.Size([8, 3, 4, 160, 320]) 33
[36m(ActorGroup(rank=0) pid=97469)[0m [INFO 15:21:30 ActorGroup-Rank-0][async_ppo_fsdp_worker.py:261] async actor training: micro-batch start 8/64 epoch=1/1 global_batch=1/4 micro=8/16
[36m(ActorGroup(rank=0) pid=97469)[0m [INFO 15:21:31 ActorGroup-Rank-0][async_ppo_fsdp_worker.py:277] async actor training: batch to device done 8/64
[36m(ActorGroup(rank=0) pid=97469)[0m [INFO 15:21:31 ActorGroup-Rank-0][async_ppo_fsdp_worker.py:293] async actor training: before_micro_batch done 8/64 is_last_micro_batch=False
[36m(ActorGroup(rank=0) pid=97469)[0m [INFO 15:21:31 ActorGroup-Rank-0][async_ppo_fsdp_worker.py:341] async actor training: model forward start 8/64
[36m(ActorGroup(rank=2) pid=97486)[0m language is None, reset current_start_frame to 0
[36m(ActorGroup(rank=2) pid=97486)[0m videos shape torch.Size([1, 3, 4, 160, 320]) 33
[36m(ActorGroup(rank=0) pid=97469)[0m language is None, reset current_start_frame to 0
[36m(ActorGroup(rank=0) pid=97469)[0m videos shape torch.Size([1, 3, 4, 160, 320]) 33
[36m(ActorGroup(rank=1) pid=97470)[0m language is None, reset current_start_frame to 0
[36m(ActorGroup(rank=1) pid=97470)[0m videos shape torch.Size([1, 3, 4, 160, 320]) 33
[36m(ActorGroup(rank=3) pid=97488)[0m language is None, reset current_start_frame to 0
[36m(ActorGroup(rank=3) pid=97488)[0m videos shape torch.Size([1, 3, 4, 160, 320]) 33
[36m(RolloutGroup(rank=3) pid=97511)[0m Time taken: Total 4.26 seconds, Text Encoder 1.09 seconds, Image Encoder 1.00 seconds, VAE 0.00 seconds, KV Cache Creation 0.44 seconds, Diffusion 1.70 seconds, DIT Compute Steps 3 steps, Scheduler 0.02 seconds
[36m(RolloutGroup(rank=3) pid=97511)[0m language is None, reset current_start_frame to 0
[36m(RolloutGroup(rank=3) pid=97511)[0m videos shape torch.Size([8, 3, 4, 160, 320]) 33
[36m(RolloutGroup(rank=0) pid=97489)[0m Time taken: Total 4.07 seconds, Text Encoder 0.97 seconds, Image Encoder 0.97 seconds, VAE 0.00 seconds, KV Cache Creation 0.35 seconds, Diffusion 1.76 seconds, DIT Compute Steps 3 steps, Scheduler 0.01 seconds
[36m(RolloutGroup(rank=0) pid=97489)[0m language is None, reset current_start_frame to 0
[36m(RolloutGroup(rank=0) pid=97489)[0m videos shape torch.Size([8, 3, 4, 160, 320]) 33
[36m(RolloutGroup(rank=1) pid=97505)[0m Time taken: Total 4.89 seconds, Text Encoder 0.63 seconds, Image Encoder 1.11 seconds, VAE 0.00 seconds, KV Cache Creation 0.64 seconds, Diffusion 2.50 seconds, DIT Compute Steps 3 steps, Scheduler 0.01 seconds
[36m(RolloutGroup(rank=2) pid=97509)[0m Time taken: Total 4.97 seconds, Text Encoder 0.66 seconds, Image Encoder 1.16 seconds, VAE 0.00 seconds, KV Cache Creation 0.64 seconds, Diffusion 2.50 seconds, DIT Compute Steps 3 steps, Scheduler 0.01 seconds
[36m(RolloutGroup(rank=1) pid=97505)[0m language is None, reset current_start_frame to 0
[36m(RolloutGroup(rank=1) pid=97505)[0m videos shape torch.Size([8, 3, 4, 160, 320]) 33
[36m(RolloutGroup(rank=2) pid=97509)[0m language is None, reset current_start_frame to 0
[36m(RolloutGroup(rank=2) pid=97509)[0m videos shape torch.Size([8, 3, 4, 160, 320]) 33
[36m(RolloutGroup(rank=0) pid=97489)[0m Time taken: Total 5.45 seconds, Text Encoder 1.34 seconds, Image Encoder 1.12 seconds, VAE 0.00 seconds, KV Cache Creation 0.57 seconds, Diffusion 2.39 seconds, DIT Compute Steps 3 steps, Scheduler 0.03 seconds
[36m(RolloutGroup(rank=3) pid=97511)[0m Time taken: Total 5.53 seconds, Text Encoder 1.32 seconds, Image Encoder 1.14 seconds, VAE 0.00 seconds, KV Cache Creation 0.60 seconds, Diffusion 2.44 seconds, DIT Compute Steps 3 steps, Scheduler 0.04 seconds
[36m(RolloutGroup(rank=0) pid=97489)[0m language is None, reset current_start_frame to 0
[36m(RolloutGroup(rank=0) pid=97489)[0m videos shape torch.Size([8, 3, 4, 160, 320]) 33
[36m(RolloutGroup(rank=3) pid=97511)[0m language is None, reset current_start_frame to 0
[36m(RolloutGroup(rank=3) pid=97511)[0m videos shape torch.Size([8, 3, 4, 160, 320]) 33
[36m(RolloutGroup(rank=1) pid=97505)[0m Time taken: Total 5.47 seconds, Text Encoder 1.31 seconds, Image Encoder 0.97 seconds, VAE 0.00 seconds, KV Cache Creation 0.62 seconds, Diffusion 2.53 seconds, DIT Compute Steps 3 steps, Scheduler 0.03 seconds
[36m(RolloutGroup(rank=1) pid=97505)[0m language is None, reset current_start_frame to 0
[36m(RolloutGroup(rank=1) pid=97505)[0m videos shape torch.Size([8, 3, 4, 160, 320]) 33
[36m(RolloutGroup(rank=2) pid=97509)[0m Time taken: Total 5.55 seconds, Text Encoder 1.31 seconds, Image Encoder 1.03 seconds, VAE 0.00 seconds, KV Cache Creation 0.66 seconds, Diffusion 2.52 seconds, DIT Compute Steps 3 steps, Scheduler 0.03 seconds
[36m(RolloutGroup(rank=2) pid=97509)[0m language is None, reset current_start_frame to 0
[36m(RolloutGroup(rank=2) pid=97509)[0m videos shape torch.Size([8, 3, 4, 160, 320]) 33
[36m(ActorGroup(rank=2) pid=97486)[0m Time taken: Total 11.70 seconds, Text Encoder 0.48 seconds, Image Encoder 0.26 seconds, VAE 0.00 seconds, KV Cache Creation 3.16 seconds, Diffusion 7.77 seconds, DIT Compute Steps 3 steps, Scheduler 0.03 seconds
[36m(ActorGroup(rank=0) pid=97469)[0m Time taken: Total 11.69 seconds, Text Encoder 0.48 seconds, Image Encoder 0.23 seconds, VAE 0.00 seconds, KV Cache Creation 3.19 seconds, Diffusion 7.77 seconds, DIT Compute Steps 3 steps, Scheduler 0.02 seconds
[36m(ActorGroup(rank=0) pid=97469)[0m [INFO 15:21:42 ActorGroup-Rank-0][async_ppo_fsdp_worker.py:359] async actor training: model forward done 8/64 elapsed=11.93s
[36m(ActorGroup(rank=0) pid=97469)[0m [INFO 15:21:42 ActorGroup-Rank-0][async_ppo_fsdp_worker.py:386] async actor training: logprobs ready 8/64 shape=(1, 16, 7) dtype=torch.float32
[36m(ActorGroup(rank=0) pid=97469)[0m [INFO 15:21:42 ActorGroup-Rank-0][async_ppo_fsdp_worker.py:419] async actor training: dreamzero tensors aligned 8/64 logprobs=(1, 16, 7) old_logprobs=(1, 16, 7) proximal_logprobs=None versions=(1, 16, 7) loss_action_dim=7
[36m(ActorGroup(rank=0) pid=97469)[0m [INFO 15:21:42 ActorGroup-Rank-0][async_ppo_fsdp_worker.py:457] async actor training: loss kwargs build start 8/64
[36m(ActorGroup(rank=1) pid=97470)[0m Time taken: Total 11.70 seconds, Text Encoder 0.48 seconds, Image Encoder 0.26 seconds, VAE 0.00 seconds, KV Cache Creation 3.16 seconds, Diffusion 7.77 seconds, DIT Compute Steps 3 steps, Scheduler 0.03 seconds
[36m(ActorGroup(rank=3) pid=97488)[0m Time taken: Total 11.70 seconds, Text Encoder 0.49 seconds, Image Encoder 0.22 seconds, VAE 0.00 seconds, KV Cache Creation 3.20 seconds, Diffusion 7.77 seconds, DIT Compute Steps 3 steps, Scheduler 0.02 seconds
[36m(ActorGroup(rank=0) pid=97469)[0m [INFO 15:21:43 ActorGroup-Rank-0][async_ppo_fsdp_worker.py:501] async actor training: loss kwargs built 8/64
[36m(ActorGroup(rank=0) pid=97469)[0m [INFO 15:21:43 ActorGroup-Rank-0][async_ppo_fsdp_worker.py:505] async actor training: policy loss start 8/64
[36m(ActorGroup(rank=0) pid=97469)[0m [INFO 15:21:43 ActorGroup-Rank-0][async_ppo_fsdp_worker.py:515] async actor training: policy loss done 8/64
[36m(ActorGroup(rank=0) pid=97469)[0m [INFO 15:21:43 ActorGroup-Rank-0][async_ppo_fsdp_worker.py:542] async actor training: backward start 8/64
[36m(RolloutGroup(rank=0) pid=97489)[0m Time taken: Total 5.38 seconds, Text Encoder 1.34 seconds, Image Encoder 1.11 seconds, VAE 0.00 seconds, KV Cache Creation 0.61 seconds, Diffusion 2.29 seconds, DIT Compute Steps 3 steps, Scheduler 0.03 seconds
[36m(RolloutGroup(rank=0) pid=97489)[0m language is None, reset current_start_frame to 0
[36m(RolloutGroup(rank=0) pid=97489)[0m videos shape torch.Size([8, 3, 4, 160, 320]) 33
[36m(RolloutGroup(rank=3) pid=97511)[0m Time taken: Total 5.49 seconds, Text Encoder 1.36 seconds, Image Encoder 1.12 seconds, VAE 0.00 seconds, KV Cache Creation 0.60 seconds, Diffusion 2.40 seconds, DIT Compute Steps 3 steps, Scheduler 0.02 seconds
[36m(RolloutGroup(rank=3) pid=97511)[0m language is None, reset current_start_frame to 0
[36m(RolloutGroup(rank=3) pid=97511)[0m videos shape torch.Size([8, 3, 4, 160, 320]) 33
[36m(RolloutGroup(rank=1) pid=97505)[0m Time taken: Total 4.84 seconds, Text Encoder 1.27 seconds, Image Encoder 1.02 seconds, VAE 0.00 seconds, KV Cache Creation 0.69 seconds, Diffusion 1.82 seconds, DIT Compute Steps 3 steps, Scheduler 0.04 seconds
[36m(RolloutGroup(rank=1) pid=97505)[0m language is None, reset current_start_frame to 0
[36m(RolloutGroup(rank=1) pid=97505)[0m videos shape torch.Size([8, 3, 4, 160, 320]) 33
[36m(RolloutGroup(rank=2) pid=97509)[0m Time taken: Total 4.87 seconds, Text Encoder 1.15 seconds, Image Encoder 1.16 seconds, VAE 0.00 seconds, KV Cache Creation 0.68 seconds, Diffusion 1.86 seconds, DIT Compute Steps 3 steps, Scheduler 0.02 seconds
[36m(RolloutGroup(rank=2) pid=97509)[0m language is None, reset current_start_frame to 0
[36m(RolloutGroup(rank=2) pid=97509)[0m videos shape torch.Size([8, 3, 4, 160, 320]) 33
[36m(ActorGroup(rank=0) pid=97469)[0m [INFO 15:21:47 ActorGroup-Rank-0][async_ppo_fsdp_worker.py:553] async actor training: backward done 8/64 elapsed=4.47s
[36m(ActorGroup(rank=2) pid=97486)[0m language is None, reset current_start_frame to 0
[36m(ActorGroup(rank=2) pid=97486)[0m videos shape torch.Size([1, 3, 4, 160, 320]) 33
[36m(ActorGroup(rank=0) pid=97469)[0m language is None, reset current_start_frame to 0
[36m(ActorGroup(rank=0) pid=97469)[0m videos shape torch.Size([1, 3, 4, 160, 320]) 33
[36m(ActorGroup(rank=1) pid=97470)[0m language is None, reset current_start_frame to 0
[36m(ActorGroup(rank=1) pid=97470)[0m videos shape torch.Size([1, 3, 4, 160, 320]) 33
[36m(ActorGroup(rank=3) pid=97488)[0m language is None, reset current_start_frame to 0
[36m(ActorGroup(rank=3) pid=97488)[0m videos shape torch.Size([1, 3, 4, 160, 320]) 33
[36m(RolloutGroup(rank=0) pid=97489)[0m Time taken: Total 4.12 seconds, Text Encoder 1.25 seconds, Image Encoder 0.82 seconds, VAE 0.00 seconds, KV Cache Creation 0.61 seconds, Diffusion 1.43 seconds, DIT Compute Steps 3 steps, Scheduler 0.02 seconds
[36m(RolloutGroup(rank=0) pid=97489)[0m language is None, reset current_start_frame to 0
[36m(RolloutGroup(rank=0) pid=97489)[0m videos shape torch.Size([8, 3, 4, 160, 320]) 33
[36m(RolloutGroup(rank=3) pid=97511)[0m Time taken: Total 4.26 seconds, Text Encoder 1.25 seconds, Image Encoder 0.85 seconds, VAE 0.00 seconds, KV Cache Creation 0.56 seconds, Diffusion 1.58 seconds, DIT Compute Steps 3 steps, Scheduler 0.02 seconds
[36m(RolloutGroup(rank=3) pid=97511)[0m language is None, reset current_start_frame to 0
[36m(RolloutGroup(rank=3) pid=97511)[0m videos shape torch.Size([8, 3, 4, 160, 320]) 33
[36m(RolloutGroup(rank=1) pid=97505)[0m Time taken: Total 4.70 seconds, Text Encoder 0.78 seconds, Image Encoder 0.85 seconds, VAE 0.00 seconds, KV Cache Creation 0.68 seconds, Diffusion 2.34 seconds, DIT Compute Steps 3 steps, Scheduler 0.04 seconds
[36m(RolloutGroup(rank=1) pid=97505)[0m language is None, reset current_start_frame to 0
[36m(RolloutGroup(rank=1) pid=97505)[0m videos shape torch.Size([8, 3, 4, 160, 320]) 33
[36m(RolloutGroup(rank=2) pid=97509)[0m Time taken: Total 4.52 seconds, Text Encoder 0.63 seconds, Image Encoder 1.02 seconds, VAE 0.00 seconds, KV Cache Creation 0.66 seconds, Diffusion 2.19 seconds, DIT Compute Steps 3 steps, Scheduler 0.03 seconds
[36m(RolloutGroup(rank=2) pid=97509)[0m language is None, reset current_start_frame to 0
[36m(RolloutGroup(rank=2) pid=97509)[0m videos shape torch.Size([8, 3, 4, 160, 320]) 33
[36m(RolloutGroup(rank=0) pid=97489)[0m Time taken: Total 5.04 seconds, Text Encoder 1.35 seconds, Image Encoder 1.15 seconds, VAE 0.00 seconds, KV Cache Creation 0.44 seconds, Diffusion 2.08 seconds, DIT Compute Steps 3 steps, Scheduler 0.02 seconds
[36m(RolloutGroup(rank=0) pid=97489)[0m language is None, reset current_start_frame to 0
[36m(RolloutGroup(rank=0) pid=97489)[0m videos shape torch.Size([8, 3, 4, 160, 320]) 33
[36m(RolloutGroup(rank=3) pid=97511)[0m Time taken: Total 5.18 seconds, Text Encoder 1.34 seconds, Image Encoder 1.14 seconds, VAE 0.00 seconds, KV Cache Creation 0.33 seconds, Diffusion 2.35 seconds, DIT Compute Steps 3 steps, Scheduler 0.02 seconds
[36m(RolloutGroup(rank=3) pid=97511)[0m language is None, reset current_start_frame to 0
[36m(RolloutGroup(rank=3) pid=97511)[0m videos shape torch.Size([8, 3, 4, 160, 320]) 33
[36m(RolloutGroup(rank=1) pid=97505)[0m Time taken: Total 5.32 seconds, Text Encoder 1.07 seconds, Image Encoder 1.11 seconds, VAE 0.00 seconds, KV Cache Creation 0.62 seconds, Diffusion 2.51 seconds, DIT Compute Steps 3 steps, Scheduler 0.02 seconds
[36m(RolloutGroup(rank=1) pid=97505)[0m language is None, reset current_start_frame to 0
[36m(RolloutGroup(rank=1) pid=97505)[0m videos shape torch.Size([8, 3, 4, 160, 320]) 33
[36m(RolloutGroup(rank=2) pid=97509)[0m Time taken: Total 5.44 seconds, Text Encoder 1.16 seconds, Image Encoder 1.13 seconds, VAE 0.00 seconds, KV Cache Creation 0.62 seconds, Diffusion 2.50 seconds, DIT Compute Steps 3 steps, Scheduler 0.03 seconds
[36m(RolloutGroup(rank=2) pid=97509)[0m language is None, reset current_start_frame to 0
[36m(RolloutGroup(rank=2) pid=97509)[0m videos shape torch.Size([8, 3, 4, 160, 320]) 33
[36m(RolloutGroup(rank=0) pid=97489)[0m Time taken: Total 5.48 seconds, Text Encoder 1.28 seconds, Image Encoder 1.12 seconds, VAE 0.00 seconds, KV Cache Creation 0.60 seconds, Diffusion 2.45 seconds, DIT Compute Steps 3 steps, Scheduler 0.03 seconds
[36m(RolloutGroup(rank=0) pid=97489)[0m language is None, reset current_start_frame to 0
[36m(RolloutGroup(rank=0) pid=97489)[0m videos shape torch.Size([8, 3, 4, 160, 320]) 33
[36m(RolloutGroup(rank=3) pid=97511)[0m Time taken: Total 5.60 seconds, Text Encoder 1.33 seconds, Image Encoder 1.10 seconds, VAE 0.00 seconds, KV Cache Creation 0.61 seconds, Diffusion 2.53 seconds, DIT Compute Steps 3 steps, Scheduler 0.03 seconds
[36m(RolloutGroup(rank=3) pid=97511)[0m language is None, reset current_start_frame to 0
[36m(RolloutGroup(rank=3) pid=97511)[0m videos shape torch.Size([8, 3, 4, 160, 320]) 33
[36m(ActorGroup(rank=2) pid=97486)[0m Time taken: Total 13.32 seconds, Text Encoder 0.70 seconds, Image Encoder 0.24 seconds, VAE 0.00 seconds, KV Cache Creation 3.52 seconds, Diffusion 8.82 seconds, DIT Compute Steps 3 steps, Scheduler 0.04 seconds
[36m(ActorGroup(rank=0) pid=97469)[0m Time taken: Total 13.33 seconds, Text Encoder 0.71 seconds, Image Encoder 0.28 seconds, VAE 0.00 seconds, KV Cache Creation 3.48 seconds, Diffusion 8.83 seconds, DIT Compute Steps 3 steps, Scheduler 0.02 seconds
[36m(ActorGroup(rank=1) pid=97470)[0m Time taken: Total 13.33 seconds, Text Encoder 0.70 seconds, Image Encoder 0.25 seconds, VAE 0.00 seconds, KV Cache Creation 3.52 seconds, Diffusion 8.82 seconds, DIT Compute Steps 3 steps, Scheduler 0.03 seconds
[36m(ActorGroup(rank=3) pid=97488)[0m Time taken: Total 13.33 seconds, Text Encoder 0.71 seconds, Image Encoder 0.28 seconds, VAE 0.00 seconds, KV Cache Creation 3.48 seconds, Diffusion 8.84 seconds, DIT Compute Steps 3 steps, Scheduler 0.02 seconds
[36m(RolloutGroup(rank=1) pid=97505)[0m Time taken: Total 5.45 seconds, Text Encoder 1.33 seconds, Image Encoder 1.06 seconds, VAE 0.00 seconds, KV Cache Creation 0.63 seconds, Diffusion 2.40 seconds, DIT Compute Steps 3 steps, Scheduler 0.04 seconds
[36m(RolloutGroup(rank=1) pid=97505)[0m language is None, reset current_start_frame to 0
[36m(RolloutGroup(rank=1) pid=97505)[0m videos shape torch.Size([8, 3, 4, 160, 320]) 33
[36m(RolloutGroup(rank=2) pid=97509)[0m Time taken: Total 5.48 seconds, Text Encoder 1.31 seconds, Image Encoder 1.09 seconds, VAE 0.00 seconds, KV Cache Creation 0.62 seconds, Diffusion 2.42 seconds, DIT Compute Steps 3 steps, Scheduler 0.04 seconds
[36m(RolloutGroup(rank=2) pid=97509)[0m language is None, reset current_start_frame to 0
[36m(RolloutGroup(rank=2) pid=97509)[0m videos shape torch.Size([8, 3, 4, 160, 320]) 33
[36m(RolloutGroup(rank=0) pid=97489)[0m Time taken: Total 4.69 seconds, Text Encoder 1.25 seconds, Image Encoder 1.13 seconds, VAE 0.00 seconds, KV Cache Creation 0.39 seconds, Diffusion 1.88 seconds, DIT Compute Steps 3 steps, Scheduler 0.04 seconds
[36m(RolloutGroup(rank=0) pid=97489)[0m language is None, reset current_start_frame to 0
[36m(RolloutGroup(rank=0) pid=97489)[0m videos shape torch.Size([8, 3, 4, 160, 320]) 33
[36m(RolloutGroup(rank=3) pid=97511)[0m Time taken: Total 4.86 seconds, Text Encoder 1.33 seconds, Image Encoder 1.00 seconds, VAE 0.00 seconds, KV Cache Creation 0.68 seconds, Diffusion 1.84 seconds, DIT Compute Steps 3 steps, Scheduler 0.02 seconds
[36m(RolloutGroup(rank=3) pid=97511)[0m language is None, reset current_start_frame to 0
[36m(RolloutGroup(rank=3) pid=97511)[0m videos shape torch.Size([8, 3, 4, 160, 320]) 33
[36m(ActorGroup(rank=2) pid=97486)[0m language is None, reset current_start_frame to 0
[36m(ActorGroup(rank=2) pid=97486)[0m videos shape torch.Size([1, 3, 4, 160, 320]) 33
[36m(ActorGroup(rank=0) pid=97469)[0m language is None, reset current_start_frame to 0
[36m(ActorGroup(rank=0) pid=97469)[0m videos shape torch.Size([1, 3, 4, 160, 320]) 33
[36m(ActorGroup(rank=1) pid=97470)[0m language is None, reset current_start_frame to 0
[36m(ActorGroup(rank=1) pid=97470)[0m videos shape torch.Size([1, 3, 4, 160, 320]) 33
[36m(ActorGroup(rank=3) pid=97488)[0m language is None, reset current_start_frame to 0
[36m(ActorGroup(rank=3) pid=97488)[0m videos shape torch.Size([1, 3, 4, 160, 320]) 33
[36m(RolloutGroup(rank=1) pid=97505)[0m Time taken: Total 4.25 seconds, Text Encoder 1.13 seconds, Image Encoder 1.00 seconds, VAE 0.00 seconds, KV Cache Creation 0.36 seconds, Diffusion 1.74 seconds, DIT Compute Steps 3 steps, Scheduler 0.02 seconds
[36m(RolloutGroup(rank=1) pid=97505)[0m language is None, reset current_start_frame to 0
[36m(RolloutGroup(rank=1) pid=97505)[0m videos shape torch.Size([8, 3, 4, 160, 320]) 33
[36m(RolloutGroup(rank=2) pid=97509)[0m Time taken: Total 4.19 seconds, Text Encoder 1.03 seconds, Image Encoder 1.05 seconds, VAE 0.00 seconds, KV Cache Creation 0.28 seconds, Diffusion 1.83 seconds, DIT Compute Steps 3 steps, Scheduler 0.01 seconds
[36m(RolloutGroup(rank=2) pid=97509)[0m language is None, reset current_start_frame to 0
[36m(RolloutGroup(rank=2) pid=97509)[0m videos shape torch.Size([8, 3, 4, 160, 320]) 33
[36m(RolloutGroup(rank=0) pid=97489)[0m Time taken: Total 4.72 seconds, Text Encoder 1.07 seconds, Image Encoder 0.55 seconds, VAE 0.00 seconds, KV Cache Creation 0.57 seconds, Diffusion 2.51 seconds, DIT Compute Steps 3 steps, Scheduler 0.03 seconds
[36m(RolloutGroup(rank=0) pid=97489)[0m language is None, reset current_start_frame to 0
[36m(RolloutGroup(rank=0) pid=97489)[0m videos shape torch.Size([8, 3, 4, 160, 320]) 33
[36m(RolloutGroup(rank=3) pid=97511)[0m Time taken: Total 4.78 seconds, Text Encoder 0.71 seconds, Image Encoder 0.79 seconds, VAE 0.00 seconds, KV Cache Creation 0.66 seconds, Diffusion 2.59 seconds, DIT Compute Steps 3 steps, Scheduler 0.03 seconds
[36m(RolloutGroup(rank=3) pid=97511)[0m language is None, reset current_start_frame to 0
[36m(RolloutGroup(rank=3) pid=97511)[0m videos shape torch.Size([8, 3, 4, 160, 320]) 33
[36m(RolloutGroup(rank=1) pid=97505)[0m Time taken: Total 5.64 seconds, Text Encoder 1.31 seconds, Image Encoder 1.14 seconds, VAE 0.00 seconds, KV Cache Creation 0.64 seconds, Diffusion 2.51 seconds, DIT Compute Steps 3 steps, Scheduler 0.04 seconds
[36m(RolloutGroup(rank=1) pid=97505)[0m language is None, reset current_start_frame to 0
[36m(RolloutGroup(rank=1) pid=97505)[0m videos shape torch.Size([8, 3, 4, 160, 320]) 33
[36m(RolloutGroup(rank=2) pid=97509)[0m Time taken: Total 5.64 seconds, Text Encoder 1.31 seconds, Image Encoder 1.15 seconds, VAE 0.00 seconds, KV Cache Creation 0.63 seconds, Diffusion 2.52 seconds, DIT Compute Steps 3 steps, Scheduler 0.04 seconds
[36m(RolloutGroup(rank=2) pid=97509)[0m language is None, reset current_start_frame to 0
[36m(RolloutGroup(rank=2) pid=97509)[0m videos shape torch.Size([8, 3, 4, 160, 320]) 33
[36m(RolloutGroup(rank=0) pid=97489)[0m Time taken: Total 5.51 seconds, Text Encoder 1.31 seconds, Image Encoder 1.11 seconds, VAE 0.00 seconds, KV Cache Creation 0.60 seconds, Diffusion 2.47 seconds, DIT Compute Steps 3 steps, Scheduler 0.03 seconds
[36m(RolloutGroup(rank=0) pid=97489)[0m language is None, reset current_start_frame to 0
[36m(RolloutGroup(rank=0) pid=97489)[0m videos shape torch.Size([8, 3, 4, 160, 320]) 33
[36m(RolloutGroup(rank=3) pid=97511)[0m Time taken: Total 5.63 seconds, Text Encoder 1.32 seconds, Image Encoder 1.11 seconds, VAE 0.00 seconds, KV Cache Creation 0.60 seconds, Diffusion 2.58 seconds, DIT Compute Steps 3 steps, Scheduler 0.03 seconds
[36m(RolloutGroup(rank=3) pid=97511)[0m language is None, reset current_start_frame to 0
[36m(RolloutGroup(rank=3) pid=97511)[0m videos shape torch.Size([8, 3, 4, 160, 320]) 33
[36m(RolloutGroup(rank=1) pid=97505)[0m Time taken: Total 5.60 seconds, Text Encoder 1.30 seconds, Image Encoder 1.13 seconds, VAE 0.00 seconds, KV Cache Creation 0.63 seconds, Diffusion 2.50 seconds, DIT Compute Steps 3 steps, Scheduler 0.03 seconds
[36m(RolloutGroup(rank=1) pid=97505)[0m language is None, reset current_start_frame to 0
[36m(RolloutGroup(rank=1) pid=97505)[0m videos shape torch.Size([8, 3, 4, 160, 320]) 33
[36m(RolloutGroup(rank=2) pid=97509)[0m Time taken: Total 5.62 seconds, Text Encoder 1.32 seconds, Image Encoder 1.14 seconds, VAE 0.00 seconds, KV Cache Creation 0.63 seconds, Diffusion 2.50 seconds, DIT Compute Steps 3 steps, Scheduler 0.03 seconds
[36m(RolloutGroup(rank=2) pid=97509)[0m language is None, reset current_start_frame to 0
[36m(RolloutGroup(rank=2) pid=97509)[0m videos shape torch.Size([8, 3, 4, 160, 320]) 33
[36m(ActorGroup(rank=2) pid=97486)[0m Time taken: Total 12.75 seconds, Text Encoder 0.52 seconds, Image Encoder 0.22 seconds, VAE 0.00 seconds, KV Cache Creation 3.17 seconds, Diffusion 8.81 seconds, DIT Compute Steps 3 steps, Scheduler 0.03 seconds
[36m(ActorGroup(rank=0) pid=97469)[0m Time taken: Total 12.75 seconds, Text Encoder 0.52 seconds, Image Encoder 0.23 seconds, VAE 0.00 seconds, KV Cache Creation 3.16 seconds, Diffusion 8.80 seconds, DIT Compute Steps 3 steps, Scheduler 0.04 seconds
[36m(ActorGroup(rank=1) pid=97470)[0m Time taken: Total 12.75 seconds, Text Encoder 0.52 seconds, Image Encoder 0.23 seconds, VAE 0.00 seconds, KV Cache Creation 3.17 seconds, Diffusion 8.81 seconds, DIT Compute Steps 3 steps, Scheduler 0.02 seconds
[36m(ActorGroup(rank=3) pid=97488)[0m Time taken: Total 12.75 seconds, Text Encoder 0.51 seconds, Image Encoder 0.23 seconds, VAE 0.00 seconds, KV Cache Creation 3.16 seconds, Diffusion 8.81 seconds, DIT Compute Steps 3 steps, Scheduler 0.03 seconds
[36m(RolloutGroup(rank=0) pid=97489)[0m Time taken: Total 5.41 seconds, Text Encoder 1.33 seconds, Image Encoder 1.12 seconds, VAE 0.00 seconds, KV Cache Creation 0.62 seconds, Diffusion 2.29 seconds, DIT Compute Steps 3 steps, Scheduler 0.03 seconds
[36m(RolloutGroup(rank=0) pid=97489)[0m language is None, reset current_start_frame to 0
[36m(RolloutGroup(rank=0) pid=97489)[0m videos shape torch.Size([8, 3, 4, 160, 320]) 33
[36m(RolloutGroup(rank=3) pid=97511)[0m Time taken: Total 5.32 seconds, Text Encoder 1.34 seconds, Image Encoder 1.11 seconds, VAE 0.00 seconds, KV Cache Creation 0.62 seconds, Diffusion 2.23 seconds, DIT Compute Steps 3 steps, Scheduler 0.03 seconds
[36m(RolloutGroup(rank=3) pid=97511)[0m language is None, reset current_start_frame to 0
[36m(RolloutGroup(rank=3) pid=97511)[0m videos shape torch.Size([8, 3, 4, 160, 320]) 33
[36m(RolloutGroup(rank=1) pid=97505)[0m Time taken: Total 4.30 seconds, Text Encoder 1.17 seconds, Image Encoder 1.14 seconds, VAE 0.00 seconds, KV Cache Creation 0.45 seconds, Diffusion 1.52 seconds, DIT Compute Steps 3 steps, Scheduler 0.02 seconds
[36m(RolloutGroup(rank=1) pid=97505)[0m language is None, reset current_start_frame to 0
[36m(RolloutGroup(rank=1) pid=97505)[0m videos shape torch.Size([8, 3, 4, 160, 320]) 33
[36m(RolloutGroup(rank=2) pid=97509)[0m Time taken: Total 4.21 seconds, Text Encoder 1.20 seconds, Image Encoder 1.08 seconds, VAE 0.00 seconds, KV Cache Creation 0.45 seconds, Diffusion 1.47 seconds, DIT Compute Steps 3 steps, Scheduler 0.02 seconds
[36m(RolloutGroup(rank=2) pid=97509)[0m language is None, reset current_start_frame to 0
[36m(RolloutGroup(rank=2) pid=97509)[0m videos shape torch.Size([8, 3, 4, 160, 320]) 33
[36m(ActorGroup(rank=2) pid=97486)[0m language is None, reset current_start_frame to 0
[36m(ActorGroup(rank=2) pid=97486)[0m videos shape torch.Size([1, 3, 4, 160, 320]) 33
[36m(ActorGroup(rank=0) pid=97469)[0m language is None, reset current_start_frame to 0
[36m(ActorGroup(rank=0) pid=97469)[0m videos shape torch.Size([1, 3, 4, 160, 320]) 33
[36m(ActorGroup(rank=1) pid=97470)[0m language is None, reset current_start_frame to 0
[36m(ActorGroup(rank=1) pid=97470)[0m videos shape torch.Size([1, 3, 4, 160, 320]) 33
[36m(ActorGroup(rank=3) pid=97488)[0m language is None, reset current_start_frame to 0
[36m(ActorGroup(rank=3) pid=97488)[0m videos shape torch.Size([1, 3, 4, 160, 320]) 33
[36m(RolloutGroup(rank=0) pid=97489)[0m Time taken: Total 4.14 seconds, Text Encoder 1.14 seconds, Image Encoder 0.83 seconds, VAE 0.00 seconds, KV Cache Creation 0.42 seconds, Diffusion 1.73 seconds, DIT Compute Steps 3 steps, Scheduler 0.02 seconds
[36m(RolloutGroup(rank=0) pid=97489)[0m language is None, reset current_start_frame to 0
[36m(RolloutGroup(rank=0) pid=97489)[0m videos shape torch.Size([8, 3, 4, 160, 320]) 33
[36m(RolloutGroup(rank=3) pid=97511)[0m Time taken: Total 4.50 seconds, Text Encoder 1.00 seconds, Image Encoder 0.83 seconds, VAE 0.00 seconds, KV Cache Creation 0.28 seconds, Diffusion 2.40 seconds, DIT Compute Steps 3 steps, Scheduler 0.01 seconds
[36m(RolloutGroup(rank=3) pid=97511)[0m language is None, reset current_start_frame to 0
[36m(RolloutGroup(rank=3) pid=97511)[0m videos shape torch.Size([8, 3, 4, 160, 320]) 33
[36m(RolloutGroup(rank=1) pid=97505)[0m Time taken: Total 5.29 seconds, Text Encoder 0.98 seconds, Image Encoder 1.17 seconds, VAE 0.00 seconds, KV Cache Creation 0.65 seconds, Diffusion 2.46 seconds, DIT Compute Steps 3 steps, Scheduler 0.03 seconds
[36m(RolloutGroup(rank=2) pid=97509)[0m Time taken: Total 5.43 seconds, Text Encoder 1.16 seconds, Image Encoder 1.16 seconds, VAE 0.00 seconds, KV Cache Creation 0.65 seconds, Diffusion 2.43 seconds, DIT Compute Steps 3 steps, Scheduler 0.03 seconds
[36m(RolloutGroup(rank=1) pid=97505)[0m language is None, reset current_start_frame to 0
[36m(RolloutGroup(rank=1) pid=97505)[0m videos shape torch.Size([8, 3, 4, 160, 320]) 33
[36m(RolloutGroup(rank=2) pid=97509)[0m language is None, reset current_start_frame to 0
[36m(RolloutGroup(rank=2) pid=97509)[0m videos shape torch.Size([8, 3, 4, 160, 320]) 33
[36m(RolloutGroup(rank=0) pid=97489)[0m Time taken: Total 5.39 seconds, Text Encoder 1.35 seconds, Image Encoder 1.13 seconds, VAE 0.00 seconds, KV Cache Creation 0.60 seconds, Diffusion 2.28 seconds, DIT Compute Steps 3 steps, Scheduler 0.03 seconds
[36m(RolloutGroup(rank=0) pid=97489)[0m language is None, reset current_start_frame to 0
[36m(RolloutGroup(rank=0) pid=97489)[0m videos shape torch.Size([8, 3, 4, 160, 320]) 33
[36m(RolloutGroup(rank=3) pid=97511)[0m Time taken: Total 5.51 seconds, Text Encoder 1.36 seconds, Image Encoder 1.04 seconds, VAE 0.00 seconds, KV Cache Creation 0.60 seconds, Diffusion 2.48 seconds, DIT Compute Steps 3 steps, Scheduler 0.03 seconds
[36m(RolloutGroup(rank=3) pid=97511)[0m language is None, reset current_start_frame to 0
[36m(RolloutGroup(rank=3) pid=97511)[0m videos shape torch.Size([8, 3, 4, 160, 320]) 33
[36m(RolloutGroup(rank=1) pid=97505)[0m Time taken: Total 5.63 seconds, Text Encoder 1.31 seconds, Image Encoder 1.13 seconds, VAE 0.00 seconds, KV Cache Creation 0.65 seconds, Diffusion 2.51 seconds, DIT Compute Steps 3 steps, Scheduler 0.03 seconds
[36m(RolloutGroup(rank=1) pid=97505)[0m language is None, reset current_start_frame to 0
[36m(RolloutGroup(rank=1) pid=97505)[0m videos shape torch.Size([8, 3, 4, 160, 320]) 33
[36m(RolloutGroup(rank=2) pid=97509)[0m Time taken: Total 5.64 seconds, Text Encoder 1.31 seconds, Image Encoder 1.16 seconds, VAE 0.00 seconds, KV Cache Creation 0.64 seconds, Diffusion 2.49 seconds, DIT Compute Steps 3 steps, Scheduler 0.04 seconds
[36m(RolloutGroup(rank=2) pid=97509)[0m language is None, reset current_start_frame to 0
[36m(RolloutGroup(rank=2) pid=97509)[0m videos shape torch.Size([8, 3, 4, 160, 320]) 33
[36m(ActorGroup(rank=2) pid=97486)[0m Time taken: Total 11.98 seconds, Text Encoder 0.52 seconds, Image Encoder 0.34 seconds, VAE 0.00 seconds, KV Cache Creation 3.39 seconds, Diffusion 7.70 seconds, DIT Compute Steps 3 steps, Scheduler 0.03 seconds
[36m(ActorGroup(rank=0) pid=97469)[0m Time taken: Total 11.98 seconds, Text Encoder 0.52 seconds, Image Encoder 0.33 seconds, VAE 0.00 seconds, KV Cache Creation 3.41 seconds, Diffusion 7.70 seconds, DIT Compute Steps 3 steps, Scheduler 0.03 seconds
[36m(ActorGroup(rank=1) pid=97470)[0m Time taken: Total 11.98 seconds, Text Encoder 0.52 seconds, Image Encoder 0.37 seconds, VAE 0.00 seconds, KV Cache Creation 3.36 seconds, Diffusion 7.70 seconds, DIT Compute Steps 3 steps, Scheduler 0.03 seconds
[36m(ActorGroup(rank=3) pid=97488)[0m Time taken: Total 11.98 seconds, Text Encoder 0.52 seconds, Image Encoder 0.33 seconds, VAE 0.00 seconds, KV Cache Creation 3.41 seconds, Diffusion 7.69 seconds, DIT Compute Steps 3 steps, Scheduler 0.03 seconds
[36m(RolloutGroup(rank=0) pid=97489)[0m Time taken: Total 5.41 seconds, Text Encoder 1.34 seconds, Image Encoder 1.12 seconds, VAE 0.00 seconds, KV Cache Creation 0.63 seconds, Diffusion 2.29 seconds, DIT Compute Steps 3 steps, Scheduler 0.03 seconds
[36m(RolloutGroup(rank=0) pid=97489)[0m language is None, reset current_start_frame to 0
[36m(RolloutGroup(rank=0) pid=97489)[0m videos shape torch.Size([8, 3, 4, 160, 320]) 33
[36m(RolloutGroup(rank=3) pid=97511)[0m Time taken: Total 5.31 seconds, Text Encoder 1.32 seconds, Image Encoder 1.07 seconds, VAE 0.00 seconds, KV Cache Creation 0.61 seconds, Diffusion 2.29 seconds, DIT Compute Steps 3 steps, Scheduler 0.03 seconds
[36m(RolloutGroup(rank=3) pid=97511)[0m language is None, reset current_start_frame to 0
[36m(RolloutGroup(rank=3) pid=97511)[0m videos shape torch.Size([8, 3, 4, 160, 320]) 33
[36m(ActorGroup(rank=0) pid=97469)[0m [INFO 15:22:37 ActorGroup-Rank-0][async_ppo_fsdp_worker.py:261] async actor training: micro-batch start 12/64 epoch=1/1 global_batch=1/4 micro=12/16
[36m(ActorGroup(rank=0) pid=97469)[0m [INFO 15:22:37 ActorGroup-Rank-0][async_ppo_fsdp_worker.py:277] async actor training: batch to device done 12/64
[36m(ActorGroup(rank=0) pid=97469)[0m [INFO 15:22:37 ActorGroup-Rank-0][async_ppo_fsdp_worker.py:293] async actor training: before_micro_batch done 12/64 is_last_micro_batch=False
[36m(ActorGroup(rank=0) pid=97469)[0m [INFO 15:22:37 ActorGroup-Rank-0][async_ppo_fsdp_worker.py:341] async actor training: model forward start 12/64
[36m(RolloutGroup(rank=1) pid=97505)[0m Time taken: Total 4.48 seconds, Text Encoder 1.13 seconds, Image Encoder 1.19 seconds, VAE 0.00 seconds, KV Cache Creation 0.46 seconds, Diffusion 1.67 seconds, DIT Compute Steps 3 steps, Scheduler 0.02 seconds
[36m(RolloutGroup(rank=1) pid=97505)[0m language is None, reset current_start_frame to 0
[36m(RolloutGroup(rank=1) pid=97505)[0m videos shape torch.Size([8, 3, 4, 160, 320]) 33
[36m(RolloutGroup(rank=2) pid=97509)[0m Time taken: Total 4.35 seconds, Text Encoder 1.18 seconds, Image Encoder 1.12 seconds, VAE 0.00 seconds, KV Cache Creation 0.45 seconds, Diffusion 1.59 seconds, DIT Compute Steps 3 steps, Scheduler 0.02 seconds
[36m(RolloutGroup(rank=2) pid=97509)[0m language is None, reset current_start_frame to 0
[36m(RolloutGroup(rank=2) pid=97509)[0m videos shape torch.Size([8, 3, 4, 160, 320]) 33
[36m(ActorGroup(rank=2) pid=97486)[0m language is None, reset current_start_frame to 0
[36m(ActorGroup(rank=2) pid=97486)[0m videos shape torch.Size([1, 3, 4, 160, 320]) 33
[36m(ActorGroup(rank=0) pid=97469)[0m language is None, reset current_start_frame to 0
[36m(ActorGroup(rank=0) pid=97469)[0m videos shape torch.Size([1, 3, 4, 160, 320]) 33
[36m(ActorGroup(rank=1) pid=97470)[0m language is None, reset current_start_frame to 0
[36m(ActorGroup(rank=1) pid=97470)[0m videos shape torch.Size([1, 3, 4, 160, 320]) 33
[36m(ActorGroup(rank=3) pid=97488)[0m language is None, reset current_start_frame to 0
[36m(ActorGroup(rank=3) pid=97488)[0m videos shape torch.Size([1, 3, 4, 160, 320]) 33
[36m(RolloutGroup(rank=0) pid=97489)[0m Time taken: Total 5.20 seconds, Text Encoder 1.26 seconds, Image Encoder 0.83 seconds, VAE 0.00 seconds, KV Cache Creation 0.49 seconds, Diffusion 2.59 seconds, DIT Compute Steps 3 steps, Scheduler 0.04 seconds
[36m(RolloutGroup(rank=0) pid=97489)[0m language is None, reset current_start_frame to 0
[36m(RolloutGroup(rank=0) pid=97489)[0m videos shape torch.Size([8, 3, 4, 160, 320]) 33
[36m(RolloutGroup(rank=3) pid=97511)[0m Time taken: Total 4.53 seconds, Text Encoder 1.01 seconds, Image Encoder 0.92 seconds, VAE 0.00 seconds, KV Cache Creation 0.28 seconds, Diffusion 2.31 seconds, DIT Compute Steps 3 steps, Scheduler 0.01 seconds
[36m(RolloutGroup(rank=3) pid=97511)[0m language is None, reset current_start_frame to 0
[36m(RolloutGroup(rank=3) pid=97511)[0m videos shape torch.Size([8, 3, 4, 160, 320]) 33
[36m(RolloutGroup(rank=1) pid=97505)[0m Time taken: Total 5.22 seconds, Text Encoder 0.95 seconds, Image Encoder 1.14 seconds, VAE 0.00 seconds, KV Cache Creation 0.62 seconds, Diffusion 2.48 seconds, DIT Compute Steps 3 steps, Scheduler 0.02 seconds
[36m(RolloutGroup(rank=1) pid=97505)[0m language is None, reset current_start_frame to 0
[36m(RolloutGroup(rank=1) pid=97505)[0m videos shape torch.Size([8, 3, 4, 160, 320]) 33
[36m(RolloutGroup(rank=2) pid=97509)[0m Time taken: Total 5.38 seconds, Text Encoder 1.14 seconds, Image Encoder 1.10 seconds, VAE 0.00 seconds, KV Cache Creation 0.63 seconds, Diffusion 2.49 seconds, DIT Compute Steps 3 steps, Scheduler 0.02 seconds
[36m(RolloutGroup(rank=2) pid=97509)[0m language is None, reset current_start_frame to 0
[36m(RolloutGroup(rank=2) pid=97509)[0m videos shape torch.Size([8, 3, 4, 160, 320]) 33
[36m(RolloutGroup(rank=0) pid=97489)[0m Time taken: Total 5.63 seconds, Text Encoder 1.27 seconds, Image Encoder 1.12 seconds, VAE 0.00 seconds, KV Cache Creation 0.63 seconds, Diffusion 2.58 seconds, DIT Compute Steps 3 steps, Scheduler 0.03 seconds
[36m(RolloutGroup(rank=0) pid=97489)[0m language is None, reset current_start_frame to 0
[36m(RolloutGroup(rank=0) pid=97489)[0m videos shape torch.Size([8, 3, 4, 160, 320]) 33
[36m(RolloutGroup(rank=3) pid=97511)[0m Time taken: Total 5.55 seconds, Text Encoder 1.28 seconds, Image Encoder 1.06 seconds, VAE 0.00 seconds, KV Cache Creation 0.60 seconds, Diffusion 2.58 seconds, DIT Compute Steps 3 steps, Scheduler 0.03 seconds
[36m(RolloutGroup(rank=3) pid=97511)[0m language is None, reset current_start_frame to 0
[36m(RolloutGroup(rank=3) pid=97511)[0m videos shape torch.Size([8, 3, 4, 160, 320]) 33
[36m(RolloutGroup(rank=1) pid=97505)[0m Time taken: Total 5.68 seconds, Text Encoder 1.30 seconds, Image Encoder 1.16 seconds, VAE 0.00 seconds, KV Cache Creation 0.65 seconds, Diffusion 2.54 seconds, DIT Compute Steps 3 steps, Scheduler 0.03 seconds
[36m(RolloutGroup(rank=1) pid=97505)[0m language is None, reset current_start_frame to 0
[36m(RolloutGroup(rank=1) pid=97505)[0m videos shape torch.Size([8, 3, 4, 160, 320]) 33
[36m(RolloutGroup(rank=2) pid=97509)[0m Time taken: Total 5.66 seconds, Text Encoder 1.35 seconds, Image Encoder 1.13 seconds, VAE 0.00 seconds, KV Cache Creation 0.64 seconds, Diffusion 2.51 seconds, DIT Compute Steps 3 steps, Scheduler 0.03 seconds
[36m(RolloutGroup(rank=2) pid=97509)[0m language is None, reset current_start_frame to 0
[36m(RolloutGroup(rank=2) pid=97509)[0m videos shape torch.Size([8, 3, 4, 160, 320]) 33
[36m(ActorGroup(rank=2) pid=97486)[0m Time taken: Total 12.57 seconds, Text Encoder 0.49 seconds, Image Encoder 0.24 seconds, VAE 0.00 seconds, KV Cache Creation 2.52 seconds, Diffusion 9.28 seconds, DIT Compute Steps 3 steps, Scheduler 0.03 seconds
[36m(ActorGroup(rank=0) pid=97469)[0m Time taken: Total 12.56 seconds, Text Encoder 0.49 seconds, Image Encoder 0.23 seconds, VAE 0.00 seconds, KV Cache Creation 2.54 seconds, Diffusion 9.28 seconds, DIT Compute Steps 3 steps, Scheduler 0.04 seconds
[36m(ActorGroup(rank=0) pid=97469)[0m [INFO 15:22:51 ActorGroup-Rank-0][async_ppo_fsdp_worker.py:359] async actor training: model forward done 12/64 elapsed=13.48s
[36m(ActorGroup(rank=0) pid=97469)[0m [INFO 15:22:51 ActorGroup-Rank-0][async_ppo_fsdp_worker.py:386] async actor training: logprobs ready 12/64 shape=(1, 16, 7) dtype=torch.float32
[36m(ActorGroup(rank=0) pid=97469)[0m [INFO 15:22:51 ActorGroup-Rank-0][async_ppo_fsdp_worker.py:419] async actor training: dreamzero tensors aligned 12/64 logprobs=(1, 16, 7) old_logprobs=(1, 16, 7) proximal_logprobs=None versions=(1, 16, 7) loss_action_dim=7
[36m(ActorGroup(rank=0) pid=97469)[0m [INFO 15:22:51 ActorGroup-Rank-0][async_ppo_fsdp_worker.py:457] async actor training: loss kwargs build start 12/64
[36m(ActorGroup(rank=1) pid=97470)[0m Time taken: Total 12.57 seconds, Text Encoder 0.49 seconds, Image Encoder 0.26 seconds, VAE 0.00 seconds, KV Cache Creation 2.50 seconds, Diffusion 9.29 seconds, DIT Compute Steps 3 steps, Scheduler 0.03 seconds
[36m(ActorGroup(rank=3) pid=97488)[0m Time taken: Total 12.57 seconds, Text Encoder 0.49 seconds, Image Encoder 0.23 seconds, VAE 0.00 seconds, KV Cache Creation 2.54 seconds, Diffusion 9.27 seconds, DIT Compute Steps 3 steps, Scheduler 0.04 seconds
[36m(ActorGroup(rank=0) pid=97469)[0m [INFO 15:22:51 ActorGroup-Rank-0][async_ppo_fsdp_worker.py:501] async actor training: loss kwargs built 12/64
[36m(ActorGroup(rank=0) pid=97469)[0m [INFO 15:22:51 ActorGroup-Rank-0][async_ppo_fsdp_worker.py:505] async actor training: policy loss start 12/64
[36m(ActorGroup(rank=0) pid=97469)[0m [INFO 15:22:51 ActorGroup-Rank-0][async_ppo_fsdp_worker.py:515] async actor training: policy loss done 12/64
[36m(ActorGroup(rank=0) pid=97469)[0m [INFO 15:22:51 ActorGroup-Rank-0][async_ppo_fsdp_worker.py:542] async actor training: backward start 12/64
[36m(RolloutGroup(rank=0) pid=97489)[0m Time taken: Total 5.52 seconds, Text Encoder 1.31 seconds, Image Encoder 1.14 seconds, VAE 0.00 seconds, KV Cache Creation 0.62 seconds, Diffusion 2.42 seconds, DIT Compute Steps 3 steps, Scheduler 0.03 seconds
[36m(RolloutGroup(rank=0) pid=97489)[0m language is None, reset current_start_frame to 0
[36m(RolloutGroup(rank=0) pid=97489)[0m videos shape torch.Size([8, 3, 4, 160, 320]) 33
[36m(RolloutGroup(rank=3) pid=97511)[0m Time taken: Total 5.40 seconds, Text Encoder 1.29 seconds, Image Encoder 1.13 seconds, VAE 0.00 seconds, KV Cache Creation 0.61 seconds, Diffusion 2.34 seconds, DIT Compute Steps 3 steps, Scheduler 0.03 seconds
[36m(RolloutGroup(rank=3) pid=97511)[0m language is None, reset current_start_frame to 0
[36m(RolloutGroup(rank=3) pid=97511)[0m videos shape torch.Size([8, 3, 4, 160, 320]) 33
[36m(RolloutGroup(rank=1) pid=97505)[0m Time taken: Total 4.79 seconds, Text Encoder 1.27 seconds, Image Encoder 1.05 seconds, VAE 0.00 seconds, KV Cache Creation 0.58 seconds, Diffusion 1.86 seconds, DIT Compute Steps 3 steps, Scheduler 0.03 seconds
[36m(RolloutGroup(rank=1) pid=97505)[0m language is None, reset current_start_frame to 0
[36m(RolloutGroup(rank=1) pid=97505)[0m videos shape torch.Size([8, 3, 4, 160, 320]) 33
[36m(RolloutGroup(rank=2) pid=97509)[0m Time taken: Total 4.81 seconds, Text Encoder 1.30 seconds, Image Encoder 0.94 seconds, VAE 0.00 seconds, KV Cache Creation 0.69 seconds, Diffusion 1.85 seconds, DIT Compute Steps 3 steps, Scheduler 0.04 seconds
[36m(ActorGroup(rank=0) pid=97469)[0m [INFO 15:22:54 ActorGroup-Rank-0][async_ppo_fsdp_worker.py:553] async actor training: backward done 12/64 elapsed=2.81s
[36m(RolloutGroup(rank=2) pid=97509)[0m language is None, reset current_start_frame to 0
[36m(RolloutGroup(rank=2) pid=97509)[0m videos shape torch.Size([8, 3, 4, 160, 320]) 33
[36m(ActorGroup(rank=2) pid=97486)[0m language is None, reset current_start_frame to 0
[36m(ActorGroup(rank=2) pid=97486)[0m videos shape torch.Size([1, 3, 4, 160, 320]) 33
[36m(ActorGroup(rank=0) pid=97469)[0m language is None, reset current_start_frame to 0
[36m(ActorGroup(rank=0) pid=97469)[0m videos shape torch.Size([1, 3, 4, 160, 320]) 33
[36m(ActorGroup(rank=1) pid=97470)[0m language is None, reset current_start_frame to 0
[36m(ActorGroup(rank=1) pid=97470)[0m videos shape torch.Size([1, 3, 4, 160, 320]) 33
[36m(ActorGroup(rank=3) pid=97488)[0m language is None, reset current_start_frame to 0
[36m(ActorGroup(rank=3) pid=97488)[0m videos shape torch.Size([1, 3, 4, 160, 320]) 33
[36m(RolloutGroup(rank=3) pid=97511)[0m Time taken: Total 4.39 seconds, Text Encoder 1.28 seconds, Image Encoder 0.85 seconds, VAE 0.00 seconds, KV Cache Creation 0.55 seconds, Diffusion 1.68 seconds, DIT Compute Steps 3 steps, Scheduler 0.02 seconds
[36m(RolloutGroup(rank=3) pid=97511)[0m language is None, reset current_start_frame to 0
[36m(RolloutGroup(rank=3) pid=97511)[0m videos shape torch.Size([8, 3, 4, 160, 320]) 33
[36m(RolloutGroup(rank=0) pid=97489)[0m Time taken: Total 5.20 seconds, Text Encoder 1.24 seconds, Image Encoder 0.87 seconds, VAE 0.00 seconds, KV Cache Creation 0.44 seconds, Diffusion 2.62 seconds, DIT Compute Steps 3 steps, Scheduler 0.03 seconds
[36m(RolloutGroup(rank=0) pid=97489)[0m language is None, reset current_start_frame to 0
[36m(RolloutGroup(rank=0) pid=97489)[0m videos shape torch.Size([8, 3, 4, 160, 320]) 33
[36m(RolloutGroup(rank=1) pid=97505)[0m Time taken: Total 4.94 seconds, Text Encoder 0.86 seconds, Image Encoder 0.88 seconds, VAE 0.00 seconds, KV Cache Creation 0.67 seconds, Diffusion 2.50 seconds, DIT Compute Steps 3 steps, Scheduler 0.03 seconds
[36m(RolloutGroup(rank=1) pid=97505)[0m language is None, reset current_start_frame to 0
[36m(RolloutGroup(rank=1) pid=97505)[0m videos shape torch.Size([8, 3, 4, 160, 320]) 33
[36m(RolloutGroup(rank=2) pid=97509)[0m Time taken: Total 4.92 seconds, Text Encoder 0.69 seconds, Image Encoder 1.05 seconds, VAE 0.00 seconds, KV Cache Creation 0.64 seconds, Diffusion 2.51 seconds, DIT Compute Steps 3 steps, Scheduler 0.03 seconds
[36m(RolloutGroup(rank=2) pid=97509)[0m language is None, reset current_start_frame to 0
[36m(RolloutGroup(rank=2) pid=97509)[0m videos shape torch.Size([8, 3, 4, 160, 320]) 33
[36m(RolloutGroup(rank=3) pid=97511)[0m Time taken: Total 5.04 seconds, Text Encoder 1.28 seconds, Image Encoder 1.13 seconds, VAE 0.00 seconds, KV Cache Creation 0.62 seconds, Diffusion 1.98 seconds, DIT Compute Steps 3 steps, Scheduler 0.03 seconds
[36m(RolloutGroup(rank=3) pid=97511)[0m language is None, reset current_start_frame to 0
[36m(RolloutGroup(rank=3) pid=97511)[0m videos shape torch.Size([8, 3, 4, 160, 320]) 33
[36m(RolloutGroup(rank=0) pid=97489)[0m Time taken: Total 4.99 seconds, Text Encoder 1.32 seconds, Image Encoder 1.12 seconds, VAE 0.00 seconds, KV Cache Creation 0.63 seconds, Diffusion 1.90 seconds, DIT Compute Steps 3 steps, Scheduler 0.02 seconds
[36m(RolloutGroup(rank=0) pid=97489)[0m language is None, reset current_start_frame to 0
[36m(RolloutGroup(rank=0) pid=97489)[0m videos shape torch.Size([8, 3, 4, 160, 320]) 33
[36m(RolloutGroup(rank=1) pid=97505)[0m Time taken: Total 5.10 seconds, Text Encoder 1.15 seconds, Image Encoder 0.85 seconds, VAE 0.00 seconds, KV Cache Creation 0.61 seconds, Diffusion 2.47 seconds, DIT Compute Steps 3 steps, Scheduler 0.02 seconds
[36m(RolloutGroup(rank=1) pid=97505)[0m language is None, reset current_start_frame to 0
[36m(RolloutGroup(rank=1) pid=97505)[0m videos shape torch.Size([8, 3, 4, 160, 320]) 33
[36m(RolloutGroup(rank=2) pid=97509)[0m Time taken: Total 5.10 seconds, Text Encoder 1.00 seconds, Image Encoder 1.01 seconds, VAE 0.00 seconds, KV Cache Creation 0.62 seconds, Diffusion 2.43 seconds, DIT Compute Steps 3 steps, Scheduler 0.04 seconds
[36m(RolloutGroup(rank=2) pid=97509)[0m language is None, reset current_start_frame to 0
[36m(RolloutGroup(rank=2) pid=97509)[0m videos shape torch.Size([8, 3, 4, 160, 320]) 33
[36m(RolloutGroup(rank=3) pid=97511)[0m Time taken: Total 5.48 seconds, Text Encoder 1.25 seconds, Image Encoder 1.12 seconds, VAE 0.00 seconds, KV Cache Creation 0.56 seconds, Diffusion 2.52 seconds, DIT Compute Steps 3 steps, Scheduler 0.02 seconds
[36m(RolloutGroup(rank=3) pid=97511)[0m language is None, reset current_start_frame to 0
[36m(RolloutGroup(rank=3) pid=97511)[0m videos shape torch.Size([8, 3, 4, 160, 320]) 33
[36m(RolloutGroup(rank=0) pid=97489)[0m Time taken: Total 5.60 seconds, Text Encoder 1.30 seconds, Image Encoder 1.10 seconds, VAE 0.00 seconds, KV Cache Creation 0.64 seconds, Diffusion 2.53 seconds, DIT Compute Steps 3 steps, Scheduler 0.02 seconds
[36m(RolloutGroup(rank=0) pid=97489)[0m language is None, reset current_start_frame to 0
[36m(RolloutGroup(rank=0) pid=97489)[0m videos shape torch.Size([8, 3, 4, 160, 320]) 33
[36m(ActorGroup(rank=2) pid=97486)[0m Time taken: Total 12.12 seconds, Text Encoder 0.59 seconds, Image Encoder 0.25 seconds, VAE 0.00 seconds, KV Cache Creation 2.74 seconds, Diffusion 8.51 seconds, DIT Compute Steps 3 steps, Scheduler 0.03 seconds
[36m(ActorGroup(rank=0) pid=97469)[0m Time taken: Total 12.12 seconds, Text Encoder 0.59 seconds, Image Encoder 0.25 seconds, VAE 0.00 seconds, KV Cache Creation 2.74 seconds, Diffusion 8.50 seconds, DIT Compute Steps 3 steps, Scheduler 0.03 seconds
[36m(ActorGroup(rank=1) pid=97470)[0m Time taken: Total 12.11 seconds, Text Encoder 0.59 seconds, Image Encoder 0.24 seconds, VAE 0.00 seconds, KV Cache Creation 2.75 seconds, Diffusion 8.50 seconds, DIT Compute Steps 3 steps, Scheduler 0.03 seconds
[36m(ActorGroup(rank=3) pid=97488)[0m Time taken: Total 12.12 seconds, Text Encoder 0.60 seconds, Image Encoder 0.24 seconds, VAE 0.00 seconds, KV Cache Creation 2.75 seconds, Diffusion 8.51 seconds, DIT Compute Steps 3 steps, Scheduler 0.02 seconds
[36m(RolloutGroup(rank=1) pid=97505)[0m Time taken: Total 5.42 seconds, Text Encoder 1.27 seconds, Image Encoder 1.15 seconds, VAE 0.00 seconds, KV Cache Creation 0.63 seconds, Diffusion 2.34 seconds, DIT Compute Steps 3 steps, Scheduler 0.04 seconds
[36m(RolloutGroup(rank=1) pid=97505)[0m language is None, reset current_start_frame to 0
[36m(RolloutGroup(rank=1) pid=97505)[0m videos shape torch.Size([8, 3, 4, 160, 320]) 33
[36m(RolloutGroup(rank=2) pid=97509)[0m Time taken: Total 5.30 seconds, Text Encoder 1.27 seconds, Image Encoder 1.13 seconds, VAE 0.00 seconds, KV Cache Creation 0.62 seconds, Diffusion 2.26 seconds, DIT Compute Steps 3 steps, Scheduler 0.03 seconds
[36m(RolloutGroup(rank=2) pid=97509)[0m language is None, reset current_start_frame to 0
[36m(RolloutGroup(rank=2) pid=97509)[0m videos shape torch.Size([8, 3, 4, 160, 320]) 33
[36m(RolloutGroup(rank=3) pid=97511)[0m Time taken: Total 4.93 seconds, Text Encoder 1.15 seconds, Image Encoder 1.23 seconds, VAE 0.00 seconds, KV Cache Creation 0.51 seconds, Diffusion 2.03 seconds, DIT Compute Steps 3 steps, Scheduler 0.02 seconds
[36m(ActorGroup(rank=2) pid=97486)[0m language is None, reset current_start_frame to 0
[36m(ActorGroup(rank=2) pid=97486)[0m videos shape torch.Size([1, 3, 4, 160, 320]) 33
[36m(ActorGroup(rank=0) pid=97469)[0m language is None, reset current_start_frame to 0
[36m(ActorGroup(rank=0) pid=97469)[0m videos shape torch.Size([1, 3, 4, 160, 320]) 33
[36m(ActorGroup(rank=1) pid=97470)[0m language is None, reset current_start_frame to 0
[36m(ActorGroup(rank=1) pid=97470)[0m videos shape torch.Size([1, 3, 4, 160, 320]) 33
[36m(ActorGroup(rank=3) pid=97488)[0m language is None, reset current_start_frame to 0
[36m(ActorGroup(rank=3) pid=97488)[0m videos shape torch.Size([1, 3, 4, 160, 320]) 33
[36m(RolloutGroup(rank=3) pid=97511)[0m language is None, reset current_start_frame to 0
[36m(RolloutGroup(rank=3) pid=97511)[0m videos shape torch.Size([8, 3, 4, 160, 320]) 33
[36m(RolloutGroup(rank=0) pid=97489)[0m Time taken: Total 5.00 seconds, Text Encoder 1.21 seconds, Image Encoder 1.10 seconds, VAE 0.00 seconds, KV Cache Creation 0.44 seconds, Diffusion 2.24 seconds, DIT Compute Steps 3 steps, Scheduler 0.01 seconds
[36m(RolloutGroup(rank=0) pid=97489)[0m language is None, reset current_start_frame to 0
[36m(RolloutGroup(rank=0) pid=97489)[0m videos shape torch.Size([8, 3, 4, 160, 320]) 33
[36m(RolloutGroup(rank=1) pid=97505)[0m Time taken: Total 4.75 seconds, Text Encoder 0.99 seconds, Image Encoder 0.85 seconds, VAE 0.00 seconds, KV Cache Creation 0.38 seconds, Diffusion 2.52 seconds, DIT Compute Steps 3 steps, Scheduler 0.01 seconds
[36m(RolloutGroup(rank=1) pid=97505)[0m language is None, reset current_start_frame to 0
[36m(RolloutGroup(rank=1) pid=97505)[0m videos shape torch.Size([8, 3, 4, 160, 320]) 33
[36m(RolloutGroup(rank=2) pid=97509)[0m Time taken: Total 4.83 seconds, Text Encoder 1.04 seconds, Image Encoder 0.74 seconds, VAE 0.00 seconds, KV Cache Creation 0.52 seconds, Diffusion 2.51 seconds, DIT Compute Steps 3 steps, Scheduler 0.03 seconds
[36m(RolloutGroup(rank=2) pid=97509)[0m language is None, reset current_start_frame to 0
[36m(RolloutGroup(rank=2) pid=97509)[0m videos shape torch.Size([8, 3, 4, 160, 320]) 33
[36m(RolloutGroup(rank=3) pid=97511)[0m Time taken: Total 5.55 seconds, Text Encoder 1.29 seconds, Image Encoder 1.06 seconds, VAE 0.00 seconds, KV Cache Creation 0.65 seconds, Diffusion 2.52 seconds, DIT Compute Steps 3 steps, Scheduler 0.03 seconds
[36m(RolloutGroup(rank=3) pid=97511)[0m language is None, reset current_start_frame to 0
[36m(RolloutGroup(rank=3) pid=97511)[0m videos shape torch.Size([8, 3, 4, 160, 320]) 33
[36m(RolloutGroup(rank=0) pid=97489)[0m Time taken: Total 5.45 seconds, Text Encoder 1.23 seconds, Image Encoder 1.09 seconds, VAE 0.00 seconds, KV Cache Creation 0.62 seconds, Diffusion 2.47 seconds, DIT Compute Steps 3 steps, Scheduler 0.04 seconds
[36m(RolloutGroup(rank=0) pid=97489)[0m language is None, reset current_start_frame to 0
[36m(RolloutGroup(rank=0) pid=97489)[0m videos shape torch.Size([8, 3, 4, 160, 320]) 33
[36m(RolloutGroup(rank=1) pid=97505)[0m Time taken: Total 5.52 seconds, Text Encoder 1.28 seconds, Image Encoder 1.10 seconds, VAE 0.00 seconds, KV Cache Creation 0.61 seconds, Diffusion 2.50 seconds, DIT Compute Steps 3 steps, Scheduler 0.03 seconds
[36m(RolloutGroup(rank=2) pid=97509)[0m Time taken: Total 5.41 seconds, Text Encoder 1.27 seconds, Image Encoder 1.11 seconds, VAE 0.00 seconds, KV Cache Creation 0.61 seconds, Diffusion 2.38 seconds, DIT Compute Steps 3 steps, Scheduler 0.03 seconds
[36m(RolloutGroup(rank=1) pid=97505)[0m language is None, reset current_start_frame to 0
[36m(RolloutGroup(rank=1) pid=97505)[0m videos shape torch.Size([8, 3, 4, 160, 320]) 33
[36m(RolloutGroup(rank=2) pid=97509)[0m language is None, reset current_start_frame to 0
[36m(RolloutGroup(rank=2) pid=97509)[0m videos shape torch.Size([8, 3, 4, 160, 320]) 33
[36m(ActorGroup(rank=2) pid=97486)[0m Time taken: Total 10.54 seconds, Text Encoder 0.61 seconds, Image Encoder 0.21 seconds, VAE 0.00 seconds, KV Cache Creation 2.24 seconds, Diffusion 7.45 seconds, DIT Compute Steps 3 steps, Scheduler 0.03 seconds
[36m(ActorGroup(rank=0) pid=97469)[0m Time taken: Total 10.55 seconds, Text Encoder 0.60 seconds, Image Encoder 0.25 seconds, VAE 0.00 seconds, KV Cache Creation 2.21 seconds, Diffusion 7.46 seconds, DIT Compute Steps 3 steps, Scheduler 0.03 seconds
[36m(ActorGroup(rank=1) pid=97470)[0m Time taken: Total 10.55 seconds, Text Encoder 0.60 seconds, Image Encoder 0.22 seconds, VAE 0.00 seconds, KV Cache Creation 2.24 seconds, Diffusion 7.45 seconds, DIT Compute Steps 3 steps, Scheduler 0.04 seconds
[36m(ActorGroup(rank=3) pid=97488)[0m Time taken: Total 10.54 seconds, Text Encoder 0.60 seconds, Image Encoder 0.25 seconds, VAE 0.00 seconds, KV Cache Creation 2.20 seconds, Diffusion 7.46 seconds, DIT Compute Steps 3 steps, Scheduler 0.03 seconds
[36m(RolloutGroup(rank=3) pid=97511)[0m Time taken: Total 5.33 seconds, Text Encoder 1.31 seconds, Image Encoder 1.08 seconds, VAE 0.00 seconds, KV Cache Creation 0.63 seconds, Diffusion 2.28 seconds, DIT Compute Steps 3 steps, Scheduler 0.03 seconds
[36m(RolloutGroup(rank=0) pid=97489)[0m Time taken: Total 5.32 seconds, Text Encoder 1.32 seconds, Image Encoder 1.07 seconds, VAE 0.00 seconds, KV Cache Creation 0.54 seconds, Diffusion 2.38 seconds, DIT Compute Steps 3 steps, Scheduler 0.02 seconds
[36m(RolloutGroup(rank=3) pid=97511)[0m language is None, reset current_start_frame to 0
[36m(RolloutGroup(rank=3) pid=97511)[0m videos shape torch.Size([8, 3, 4, 160, 320]) 33
[36m(RolloutGroup(rank=0) pid=97489)[0m language is None, reset current_start_frame to 0
[36m(RolloutGroup(rank=0) pid=97489)[0m videos shape torch.Size([8, 3, 4, 160, 320]) 33
[36m(RolloutGroup(rank=1) pid=97505)[0m Time taken: Total 4.61 seconds, Text Encoder 1.32 seconds, Image Encoder 0.99 seconds, VAE 0.00 seconds, KV Cache Creation 0.54 seconds, Diffusion 1.73 seconds, DIT Compute Steps 3 steps, Scheduler 0.02 seconds
[36m(RolloutGroup(rank=1) pid=97505)[0m language is None, reset current_start_frame to 0
[36m(RolloutGroup(rank=1) pid=97505)[0m videos shape torch.Size([8, 3, 4, 160, 320]) 33
[36m(RolloutGroup(rank=2) pid=97509)[0m Time taken: Total 4.53 seconds, Text Encoder 1.31 seconds, Image Encoder 1.02 seconds, VAE 0.00 seconds, KV Cache Creation 0.49 seconds, Diffusion 1.69 seconds, DIT Compute Steps 3 steps, Scheduler 0.02 seconds
[36m(RolloutGroup(rank=2) pid=97509)[0m language is None, reset current_start_frame to 0
[36m(RolloutGroup(rank=2) pid=97509)[0m videos shape torch.Size([8, 3, 4, 160, 320]) 33
[36m(ActorGroup(rank=2) pid=97486)[0m language is None, reset current_start_frame to 0
[36m(ActorGroup(rank=2) pid=97486)[0m videos shape torch.Size([1, 3, 4, 160, 320]) 33
[36m(ActorGroup(rank=0) pid=97469)[0m language is None, reset current_start_frame to 0
[36m(ActorGroup(rank=0) pid=97469)[0m videos shape torch.Size([1, 3, 4, 160, 320]) 33
[36m(ActorGroup(rank=1) pid=97470)[0m language is None, reset current_start_frame to 0
[36m(ActorGroup(rank=1) pid=97470)[0m videos shape torch.Size([1, 3, 4, 160, 320]) 33
[36m(ActorGroup(rank=3) pid=97488)[0m language is None, reset current_start_frame to 0
[36m(ActorGroup(rank=3) pid=97488)[0m videos shape torch.Size([1, 3, 4, 160, 320]) 33
[36m(RolloutGroup(rank=0) pid=97489)[0m Time taken: Total 4.43 seconds, Text Encoder 1.12 seconds, Image Encoder 0.55 seconds, VAE 0.00 seconds, KV Cache Creation 0.28 seconds, Diffusion 2.48 seconds, DIT Compute Steps 3 steps, Scheduler 0.01 seconds
[36m(RolloutGroup(rank=0) pid=97489)[0m language is None, reset current_start_frame to 0
[36m(RolloutGroup(rank=0) pid=97489)[0m videos shape torch.Size([8, 3, 4, 160, 320]) 33
[36m(RolloutGroup(rank=3) pid=97511)[0m Time taken: Total 5.31 seconds, Text Encoder 0.99 seconds, Image Encoder 1.12 seconds, VAE 0.00 seconds, KV Cache Creation 0.67 seconds, Diffusion 2.53 seconds, DIT Compute Steps 3 steps, Scheduler 0.01 seconds
[36m(RolloutGroup(rank=3) pid=97511)[0m language is None, reset current_start_frame to 0
[36m(RolloutGroup(rank=3) pid=97511)[0m videos shape torch.Size([8, 3, 4, 160, 320]) 33
[36m(RolloutGroup(rank=1) pid=97505)[0m Time taken: Total 4.87 seconds, Text Encoder 0.63 seconds, Image Encoder 1.12 seconds, VAE 0.00 seconds, KV Cache Creation 0.64 seconds, Diffusion 2.46 seconds, DIT Compute Steps 3 steps, Scheduler 0.03 seconds
[36m(RolloutGroup(rank=1) pid=97505)[0m language is None, reset current_start_frame to 0
[36m(RolloutGroup(rank=1) pid=97505)[0m videos shape torch.Size([8, 3, 4, 160, 320]) 33
[36m(RolloutGroup(rank=2) pid=97509)[0m Time taken: Total 4.96 seconds, Text Encoder 0.66 seconds, Image Encoder 1.19 seconds, VAE 0.00 seconds, KV Cache Creation 0.61 seconds, Diffusion 2.47 seconds, DIT Compute Steps 3 steps, Scheduler 0.02 seconds
[36m(RolloutGroup(rank=2) pid=97509)[0m language is None, reset current_start_frame to 0
[36m(RolloutGroup(rank=2) pid=97509)[0m videos shape torch.Size([8, 3, 4, 160, 320]) 33
[36m(RolloutGroup(rank=0) pid=97489)[0m Time taken: Total 5.53 seconds, Text Encoder 1.24 seconds, Image Encoder 1.13 seconds, VAE 0.00 seconds, KV Cache Creation 0.65 seconds, Diffusion 2.47 seconds, DIT Compute Steps 3 steps, Scheduler 0.03 seconds
[36m(RolloutGroup(rank=0) pid=97489)[0m language is None, reset current_start_frame to 0
[36m(RolloutGroup(rank=0) pid=97489)[0m videos shape torch.Size([8, 3, 4, 160, 320]) 33
[36m(RolloutGroup(rank=3) pid=97511)[0m Time taken: Total 5.69 seconds, Text Encoder 1.31 seconds, Image Encoder 1.17 seconds, VAE 0.00 seconds, KV Cache Creation 0.65 seconds, Diffusion 2.52 seconds, DIT Compute Steps 3 steps, Scheduler 0.03 seconds
[36m(RolloutGroup(rank=3) pid=97511)[0m language is None, reset current_start_frame to 0
[36m(RolloutGroup(rank=3) pid=97511)[0m videos shape torch.Size([8, 3, 4, 160, 320]) 33
[36m(RolloutGroup(rank=1) pid=97505)[0m Time taken: Total 5.65 seconds, Text Encoder 1.33 seconds, Image Encoder 1.16 seconds, VAE 0.00 seconds, KV Cache Creation 0.62 seconds, Diffusion 2.52 seconds, DIT Compute Steps 3 steps, Scheduler 0.03 seconds
[36m(RolloutGroup(rank=1) pid=97505)[0m language is None, reset current_start_frame to 0
[36m(RolloutGroup(rank=1) pid=97505)[0m videos shape torch.Size([8, 3, 4, 160, 320]) 33
[36m(RolloutGroup(rank=2) pid=97509)[0m Time taken: Total 5.65 seconds, Text Encoder 1.33 seconds, Image Encoder 1.15 seconds, VAE 0.00 seconds, KV Cache Creation 0.61 seconds, Diffusion 2.52 seconds, DIT Compute Steps 3 steps, Scheduler 0.03 seconds
[36m(RolloutGroup(rank=2) pid=97509)[0m language is None, reset current_start_frame to 0
[36m(RolloutGroup(rank=2) pid=97509)[0m videos shape torch.Size([8, 3, 4, 160, 320]) 33
[36m(ActorGroup(rank=2) pid=97486)[0m Time taken: Total 12.70 seconds, Text Encoder 0.77 seconds, Image Encoder 0.29 seconds, VAE 0.00 seconds, KV Cache Creation 2.11 seconds, Diffusion 9.50 seconds, DIT Compute Steps 3 steps, Scheduler 0.03 seconds
[36m(ActorGroup(rank=0) pid=97469)[0m Time taken: Total 12.70 seconds, Text Encoder 0.77 seconds, Image Encoder 0.28 seconds, VAE 0.00 seconds, KV Cache Creation 2.13 seconds, Diffusion 9.49 seconds, DIT Compute Steps 3 steps, Scheduler 0.04 seconds
[36m(ActorGroup(rank=1) pid=97470)[0m Time taken: Total 12.70 seconds, Text Encoder 0.77 seconds, Image Encoder 0.28 seconds, VAE 0.00 seconds, KV Cache Creation 2.13 seconds, Diffusion 9.50 seconds, DIT Compute Steps 3 steps, Scheduler 0.03 seconds
[36m(ActorGroup(rank=3) pid=97488)[0m Time taken: Total 12.70 seconds, Text Encoder 0.77 seconds, Image Encoder 0.28 seconds, VAE 0.00 seconds, KV Cache Creation 2.13 seconds, Diffusion 9.50 seconds, DIT Compute Steps 3 steps, Scheduler 0.02 seconds
[36m(RolloutGroup(rank=0) pid=97489)[0m Time taken: Total 5.28 seconds, Text Encoder 1.28 seconds, Image Encoder 1.11 seconds, VAE 0.00 seconds, KV Cache Creation 0.66 seconds, Diffusion 2.20 seconds, DIT Compute Steps 3 steps, Scheduler 0.03 seconds
[36m(RolloutGroup(rank=0) pid=97489)[0m language is None, reset current_start_frame to 0
[36m(RolloutGroup(rank=0) pid=97489)[0m videos shape torch.Size([8, 3, 4, 160, 320]) 33
[36m(RolloutGroup(rank=3) pid=97511)[0m Time taken: Total 5.63 seconds, Text Encoder 1.36 seconds, Image Encoder 1.17 seconds, VAE 0.00 seconds, KV Cache Creation 0.64 seconds, Diffusion 2.43 seconds, DIT Compute Steps 3 steps, Scheduler 0.03 seconds
[36m(RolloutGroup(rank=3) pid=97511)[0m language is None, reset current_start_frame to 0
[36m(RolloutGroup(rank=3) pid=97511)[0m videos shape torch.Size([8, 3, 4, 160, 320]) 33
[36m(RolloutGroup(rank=1) pid=97505)[0m Time taken: Total 5.09 seconds, Text Encoder 1.34 seconds, Image Encoder 1.13 seconds, VAE 0.00 seconds, KV Cache Creation 0.61 seconds, Diffusion 1.98 seconds, DIT Compute Steps 3 steps, Scheduler 0.02 seconds
[36m(RolloutGroup(rank=1) pid=97505)[0m language is None, reset current_start_frame to 0
[36m(RolloutGroup(rank=1) pid=97505)[0m videos shape torch.Size([8, 3, 4, 160, 320]) 33
[36m(RolloutGroup(rank=2) pid=97509)[0m Time taken: Total 5.05 seconds, Text Encoder 1.34 seconds, Image Encoder 1.13 seconds, VAE 0.00 seconds, KV Cache Creation 0.53 seconds, Diffusion 2.03 seconds, DIT Compute Steps 3 steps, Scheduler 0.01 seconds
[36m(RolloutGroup(rank=2) pid=97509)[0m language is None, reset current_start_frame to 0
[36m(RolloutGroup(rank=2) pid=97509)[0m videos shape torch.Size([8, 3, 4, 160, 320]) 33
[36m(ActorGroup(rank=0) pid=97469)[0m [INFO 15:23:42 ActorGroup-Rank-0][async_ppo_fsdp_worker.py:261] async actor training: micro-batch start 16/64 epoch=1/1 global_batch=1/4 micro=16/16
[36m(ActorGroup(rank=0) pid=97469)[0m [INFO 15:23:42 ActorGroup-Rank-0][async_ppo_fsdp_worker.py:277] async actor training: batch to device done 16/64
[36m(ActorGroup(rank=0) pid=97469)[0m [INFO 15:23:42 ActorGroup-Rank-0][async_ppo_fsdp_worker.py:293] async actor training: before_micro_batch done 16/64 is_last_micro_batch=True
[36m(ActorGroup(rank=0) pid=97469)[0m [INFO 15:23:42 ActorGroup-Rank-0][async_ppo_fsdp_worker.py:341] async actor training: model forward start 16/64
[36m(ActorGroup(rank=2) pid=97486)[0m language is None, reset current_start_frame to 0
[36m(ActorGroup(rank=2) pid=97486)[0m videos shape torch.Size([1, 3, 4, 160, 320]) 33
[36m(ActorGroup(rank=0) pid=97469)[0m language is None, reset current_start_frame to 0
[36m(ActorGroup(rank=0) pid=97469)[0m videos shape torch.Size([1, 3, 4, 160, 320]) 33
[36m(ActorGroup(rank=1) pid=97470)[0m language is None, reset current_start_frame to 0
[36m(ActorGroup(rank=1) pid=97470)[0m videos shape torch.Size([1, 3, 4, 160, 320]) 33
[36m(ActorGroup(rank=3) pid=97488)[0m language is None, reset current_start_frame to 0
[36m(ActorGroup(rank=3) pid=97488)[0m videos shape torch.Size([1, 3, 4, 160, 320]) 33
[36m(RolloutGroup(rank=0) pid=97489)[0m Time taken: Total 4.24 seconds, Text Encoder 1.29 seconds, Image Encoder 0.83 seconds, VAE 0.00 seconds, KV Cache Creation 0.58 seconds, Diffusion 1.53 seconds, DIT Compute Steps 3 steps, Scheduler 0.02 seconds
[36m(RolloutGroup(rank=0) pid=97489)[0m language is None, reset current_start_frame to 0
[36m(RolloutGroup(rank=0) pid=97489)[0m videos shape torch.Size([8, 3, 4, 160, 320]) 33
[36m(RolloutGroup(rank=3) pid=97511)[0m Time taken: Total 4.28 seconds, Text Encoder 1.03 seconds, Image Encoder 0.91 seconds, VAE 0.00 seconds, KV Cache Creation 0.28 seconds, Diffusion 2.04 seconds, DIT Compute Steps 3 steps, Scheduler 0.02 seconds
[36m(RolloutGroup(rank=3) pid=97511)[0m language is None, reset current_start_frame to 0
[36m(RolloutGroup(rank=3) pid=97511)[0m videos shape torch.Size([8, 3, 4, 160, 320]) 33
[36m(RolloutGroup(rank=1) pid=97505)[0m Time taken: Total 4.61 seconds, Text Encoder 1.08 seconds, Image Encoder 0.55 seconds, VAE 0.00 seconds, KV Cache Creation 0.39 seconds, Diffusion 2.57 seconds, DIT Compute Steps 3 steps, Scheduler 0.03 seconds
[36m(RolloutGroup(rank=1) pid=97505)[0m language is None, reset current_start_frame to 0
[36m(RolloutGroup(rank=1) pid=97505)[0m videos shape torch.Size([8, 3, 4, 160, 320]) 33
[36m(RolloutGroup(rank=2) pid=97509)[0m Time taken: Total 4.69 seconds, Text Encoder 1.03 seconds, Image Encoder 0.55 seconds, VAE 0.00 seconds, KV Cache Creation 0.51 seconds, Diffusion 2.58 seconds, DIT Compute Steps 3 steps, Scheduler 0.03 seconds
[36m(RolloutGroup(rank=2) pid=97509)[0m language is None, reset current_start_frame to 0
[36m(RolloutGroup(rank=2) pid=97509)[0m videos shape torch.Size([8, 3, 4, 160, 320]) 33
[36m(RolloutGroup(rank=0) pid=97489)[0m Time taken: Total 5.43 seconds, Text Encoder 1.25 seconds, Image Encoder 1.10 seconds, VAE 0.00 seconds, KV Cache Creation 0.57 seconds, Diffusion 2.48 seconds, DIT Compute Steps 3 steps, Scheduler 0.02 seconds
[36m(RolloutGroup(rank=0) pid=97489)[0m language is None, reset current_start_frame to 0
[36m(RolloutGroup(rank=0) pid=97489)[0m videos shape torch.Size([8, 3, 4, 160, 320]) 33
[36m(RolloutGroup(rank=3) pid=97511)[0m Time taken: Total 5.51 seconds, Text Encoder 1.31 seconds, Image Encoder 1.05 seconds, VAE 0.00 seconds, KV Cache Creation 0.66 seconds, Diffusion 2.47 seconds, DIT Compute Steps 3 steps, Scheduler 0.03 seconds
[36m(RolloutGroup(rank=3) pid=97511)[0m language is None, reset current_start_frame to 0
[36m(RolloutGroup(rank=3) pid=97511)[0m videos shape torch.Size([8, 3, 4, 160, 320]) 33
[36m(RolloutGroup(rank=1) pid=97505)[0m Time taken: Total 5.57 seconds, Text Encoder 1.25 seconds, Image Encoder 1.16 seconds, VAE 0.00 seconds, KV Cache Creation 0.61 seconds, Diffusion 2.51 seconds, DIT Compute Steps 3 steps, Scheduler 0.03 seconds
[36m(RolloutGroup(rank=1) pid=97505)[0m language is None, reset current_start_frame to 0
[36m(RolloutGroup(rank=1) pid=97505)[0m videos shape torch.Size([8, 3, 4, 160, 320]) 33
[36m(RolloutGroup(rank=2) pid=97509)[0m Time taken: Total 5.53 seconds, Text Encoder 1.24 seconds, Image Encoder 1.14 seconds, VAE 0.00 seconds, KV Cache Creation 0.60 seconds, Diffusion 2.52 seconds, DIT Compute Steps 3 steps, Scheduler 0.03 seconds
[36m(RolloutGroup(rank=2) pid=97509)[0m language is None, reset current_start_frame to 0
[36m(RolloutGroup(rank=2) pid=97509)[0m videos shape torch.Size([8, 3, 4, 160, 320]) 33
[36m(ActorGroup(rank=2) pid=97486)[0m Time taken: Total 11.33 seconds, Text Encoder 0.58 seconds, Image Encoder 0.22 seconds, VAE 0.00 seconds, KV Cache Creation 2.46 seconds, Diffusion 8.04 seconds, DIT Compute Steps 3 steps, Scheduler 0.03 seconds
[36m(ActorGroup(rank=0) pid=97469)[0m Time taken: Total 11.33 seconds, Text Encoder 0.58 seconds, Image Encoder 0.23 seconds, VAE 0.00 seconds, KV Cache Creation 2.45 seconds, Diffusion 8.05 seconds, DIT Compute Steps 3 steps, Scheduler 0.02 seconds
[36m(ActorGroup(rank=1) pid=97470)[0m Time taken: Total 11.33 seconds, Text Encoder 0.58 seconds, Image Encoder 0.22 seconds, VAE 0.00 seconds, KV Cache Creation 2.46 seconds, Diffusion 8.05 seconds, DIT Compute Steps 3 steps, Scheduler 0.03 seconds
[36m(ActorGroup(rank=3) pid=97488)[0m Time taken: Total 11.33 seconds, Text Encoder 0.58 seconds, Image Encoder 0.22 seconds, VAE 0.00 seconds, KV Cache Creation 2.46 seconds, Diffusion 8.04 seconds, DIT Compute Steps 3 steps, Scheduler 0.03 seconds
[36m(ActorGroup(rank=0) pid=97469)[0m [INFO 15:23:54 ActorGroup-Rank-0][async_ppo_fsdp_worker.py:359] async actor training: model forward done 16/64 elapsed=11.53s
[36m(ActorGroup(rank=0) pid=97469)[0m [INFO 15:23:54 ActorGroup-Rank-0][async_ppo_fsdp_worker.py:386] async actor training: logprobs ready 16/64 shape=(1, 16, 7) dtype=torch.float32
[36m(ActorGroup(rank=0) pid=97469)[0m [INFO 15:23:54 ActorGroup-Rank-0][async_ppo_fsdp_worker.py:419] async actor training: dreamzero tensors aligned 16/64 logprobs=(1, 16, 7) old_logprobs=(1, 16, 7) proximal_logprobs=None versions=(1, 16, 7) loss_action_dim=7
[36m(ActorGroup(rank=0) pid=97469)[0m [INFO 15:23:54 ActorGroup-Rank-0][async_ppo_fsdp_worker.py:457] async actor training: loss kwargs build start 16/64
[36m(ActorGroup(rank=0) pid=97469)[0m [INFO 15:23:54 ActorGroup-Rank-0][async_ppo_fsdp_worker.py:501] async actor training: loss kwargs built 16/64
[36m(ActorGroup(rank=0) pid=97469)[0m [INFO 15:23:54 ActorGroup-Rank-0][async_ppo_fsdp_worker.py:505] async actor training: policy loss start 16/64
[36m(RolloutGroup(rank=0) pid=97489)[0m Time taken: Total 5.33 seconds, Text Encoder 1.16 seconds, Image Encoder 1.14 seconds, VAE 0.00 seconds, KV Cache Creation 0.63 seconds, Diffusion 2.36 seconds, DIT Compute Steps 3 steps, Scheduler 0.03 seconds
[36m(RolloutGroup(rank=0) pid=97489)[0m language is None, reset current_start_frame to 0
[36m(RolloutGroup(rank=0) pid=97489)[0m videos shape torch.Size([8, 3, 4, 160, 320]) 33
[36m(ActorGroup(rank=0) pid=97469)[0m [INFO 15:23:54 ActorGroup-Rank-0][async_ppo_fsdp_worker.py:515] async actor training: policy loss done 16/64
[36m(ActorGroup(rank=0) pid=97469)[0m [INFO 15:23:54 ActorGroup-Rank-0][async_ppo_fsdp_worker.py:542] async actor training: backward start 16/64
[36m(RolloutGroup(rank=3) pid=97511)[0m Time taken: Total 5.53 seconds, Text Encoder 1.35 seconds, Image Encoder 1.13 seconds, VAE 0.00 seconds, KV Cache Creation 0.64 seconds, Diffusion 2.38 seconds, DIT Compute Steps 3 steps, Scheduler 0.04 seconds
[36m(RolloutGroup(rank=3) pid=97511)[0m language is None, reset current_start_frame to 0
[36m(RolloutGroup(rank=3) pid=97511)[0m videos shape torch.Size([8, 3, 4, 160, 320]) 33
[36m(RolloutGroup(rank=1) pid=97505)[0m Time taken: Total 5.10 seconds, Text Encoder 1.34 seconds, Image Encoder 1.08 seconds, VAE 0.00 seconds, KV Cache Creation 0.60 seconds, Diffusion 2.06 seconds, DIT Compute Steps 3 steps, Scheduler 0.03 seconds
[36m(RolloutGroup(rank=1) pid=97505)[0m language is None, reset current_start_frame to 0
[36m(RolloutGroup(rank=1) pid=97505)[0m videos shape torch.Size([8, 3, 4, 160, 320]) 33
[36m(RolloutGroup(rank=2) pid=97509)[0m Time taken: Total 4.98 seconds, Text Encoder 1.31 seconds, Image Encoder 1.08 seconds, VAE 0.00 seconds, KV Cache Creation 0.56 seconds, Diffusion 2.02 seconds, DIT Compute Steps 3 steps, Scheduler 0.02 seconds
[36m(RolloutGroup(rank=2) pid=97509)[0m language is None, reset current_start_frame to 0
[36m(RolloutGroup(rank=2) pid=97509)[0m videos shape torch.Size([8, 3, 4, 160, 320]) 33
[36m(ActorGroup(rank=0) pid=97469)[0m [INFO 15:23:58 ActorGroup-Rank-0][async_ppo_fsdp_worker.py:553] async actor training: backward done 16/64 elapsed=4.08s
[36m(RolloutGroup(rank=0) pid=97489)[0m Time taken: Total 4.17 seconds, Text Encoder 1.23 seconds, Image Encoder 0.88 seconds, VAE 0.00 seconds, KV Cache Creation 0.56 seconds, Diffusion 1.47 seconds, DIT Compute Steps 3 steps, Scheduler 0.03 seconds
[36m(RolloutGroup(rank=0) pid=97489)[0m language is None, reset current_start_frame to 0
[36m(RolloutGroup(rank=0) pid=97489)[0m videos shape torch.Size([8, 3, 4, 160, 320]) 33
[36m(ActorGroup(rank=0) pid=97469)[0m [INFO 15:23:58 ActorGroup-Rank-0][async_ppo_fsdp_worker.py:581] async actor training: empty_cache done global_batch=1/4 elapsed=0.16s
[36m(ActorGroup(rank=0) pid=97469)[0m [INFO 15:23:58 ActorGroup-Rank-0][async_ppo_fsdp_worker.py:587] async actor training: global batch done 1/4 epoch=1/1 elapsed=256.39s
[36m(ActorGroup(rank=0) pid=97469)[0m [INFO 15:23:58 ActorGroup-Rank-0][async_ppo_fsdp_worker.py:598] async actor training: optimizer step start global_batch=1/4
[36m(ActorGroup(rank=0) pid=97469)[0m [INFO 15:23:59 ActorGroup-Rank-0][async_ppo_fsdp_worker.py:607] async actor training: optimizer step done global_batch=1/4 grad_norm=153.015 elapsed=0.08s
[36m(ActorGroup(rank=2) pid=97486)[0m language is None, reset current_start_frame to 0
[36m(ActorGroup(rank=2) pid=97486)[0m videos shape torch.Size([1, 3, 4, 160, 320]) 33
[36m(ActorGroup(rank=0) pid=97469)[0m language is None, reset current_start_frame to 0
[36m(ActorGroup(rank=0) pid=97469)[0m videos shape torch.Size([1, 3, 4, 160, 320]) 33
[36m(ActorGroup(rank=1) pid=97470)[0m language is None, reset current_start_frame to 0
[36m(ActorGroup(rank=1) pid=97470)[0m videos shape torch.Size([1, 3, 4, 160, 320]) 33
[36m(ActorGroup(rank=3) pid=97488)[0m language is None, reset current_start_frame to 0
[36m(ActorGroup(rank=3) pid=97488)[0m videos shape torch.Size([1, 3, 4, 160, 320]) 33
[36m(RolloutGroup(rank=3) pid=97511)[0m Time taken: Total 4.04 seconds, Text Encoder 1.19 seconds, Image Encoder 1.09 seconds, VAE 0.00 seconds, KV Cache Creation 0.28 seconds, Diffusion 1.48 seconds, DIT Compute Steps 3 steps, Scheduler 0.01 seconds
[36m(RolloutGroup(rank=3) pid=97511)[0m language is None, reset current_start_frame to 0
[36m(RolloutGroup(rank=3) pid=97511)[0m videos shape torch.Size([8, 3, 4, 160, 320]) 33
[36m(RolloutGroup(rank=1) pid=97505)[0m Time taken: Total 4.46 seconds, Text Encoder 1.41 seconds, Image Encoder 0.55 seconds, VAE 0.00 seconds, KV Cache Creation 0.39 seconds, Diffusion 2.10 seconds, DIT Compute Steps 3 steps, Scheduler 0.02 seconds
[36m(RolloutGroup(rank=1) pid=97505)[0m language is None, reset current_start_frame to 0
[36m(RolloutGroup(rank=1) pid=97505)[0m videos shape torch.Size([8, 3, 4, 160, 320]) 33
[36m(RolloutGroup(rank=2) pid=97509)[0m Time taken: Total 4.45 seconds, Text Encoder 1.38 seconds, Image Encoder 0.55 seconds, VAE 0.00 seconds, KV Cache Creation 0.40 seconds, Diffusion 2.11 seconds, DIT Compute Steps 3 steps, Scheduler 0.01 seconds
[36m(RolloutGroup(rank=2) pid=97509)[0m language is None, reset current_start_frame to 0
[36m(RolloutGroup(rank=2) pid=97509)[0m videos shape torch.Size([8, 3, 4, 160, 320]) 33
[36m(RolloutGroup(rank=0) pid=97489)[0m Time taken: Total 5.32 seconds, Text Encoder 0.96 seconds, Image Encoder 1.18 seconds, VAE 0.00 seconds, KV Cache Creation 0.64 seconds, Diffusion 2.50 seconds, DIT Compute Steps 3 steps, Scheduler 0.04 seconds
[36m(RolloutGroup(rank=0) pid=97489)[0m language is None, reset current_start_frame to 0
[36m(RolloutGroup(rank=0) pid=97489)[0m videos shape torch.Size([8, 3, 4, 160, 320]) 33
[36m(RolloutGroup(rank=3) pid=97511)[0m Time taken: Total 5.67 seconds, Text Encoder 1.38 seconds, Image Encoder 1.17 seconds, VAE 0.00 seconds, KV Cache Creation 0.62 seconds, Diffusion 2.46 seconds, DIT Compute Steps 3 steps, Scheduler 0.04 seconds
[36m(RolloutGroup(rank=3) pid=97511)[0m language is None, reset current_start_frame to 0
[36m(RolloutGroup(rank=3) pid=97511)[0m videos shape torch.Size([8, 3, 4, 160, 320]) 33
[36m(RolloutGroup(rank=1) pid=97505)[0m Time taken: Total 5.55 seconds, Text Encoder 1.37 seconds, Image Encoder 1.11 seconds, VAE 0.00 seconds, KV Cache Creation 0.60 seconds, Diffusion 2.44 seconds, DIT Compute Steps 3 steps, Scheduler 0.03 seconds
[36m(RolloutGroup(rank=1) pid=97505)[0m language is None, reset current_start_frame to 0
[36m(RolloutGroup(rank=1) pid=97505)[0m videos shape torch.Size([8, 3, 4, 160, 320]) 33
[36m(RolloutGroup(rank=2) pid=97509)[0m Time taken: Total 5.50 seconds, Text Encoder 1.37 seconds, Image Encoder 1.11 seconds, VAE 0.00 seconds, KV Cache Creation 0.59 seconds, Diffusion 2.42 seconds, DIT Compute Steps 3 steps, Scheduler 0.02 seconds
[36m(RolloutGroup(rank=2) pid=97509)[0m language is None, reset current_start_frame to 0
[36m(RolloutGroup(rank=2) pid=97509)[0m videos shape torch.Size([8, 3, 4, 160, 320]) 33
[36m(RolloutGroup(rank=0) pid=97489)[0m Time taken: Total 4.71 seconds, Text Encoder 1.23 seconds, Image Encoder 1.09 seconds, VAE 0.00 seconds, KV Cache Creation 0.29 seconds, Diffusion 2.07 seconds, DIT Compute Steps 3 steps, Scheduler 0.02 seconds
[36m(RolloutGroup(rank=0) pid=97489)[0m language is None, reset current_start_frame to 0
[36m(RolloutGroup(rank=0) pid=97489)[0m videos shape torch.Size([8, 3, 4, 160, 320]) 33
[36m(RolloutGroup(rank=3) pid=97511)[0m Time taken: Total 5.23 seconds, Text Encoder 1.14 seconds, Image Encoder 0.92 seconds, VAE 0.00 seconds, KV Cache Creation 0.66 seconds, Diffusion 2.48 seconds, DIT Compute Steps 3 steps, Scheduler 0.04 seconds
[36m(RolloutGroup(rank=3) pid=97511)[0m language is None, reset current_start_frame to 0
[36m(RolloutGroup(rank=3) pid=97511)[0m videos shape torch.Size([8, 3, 4, 160, 320]) 33
[36m(RolloutGroup(rank=1) pid=97505)[0m Time taken: Total 5.25 seconds, Text Encoder 1.00 seconds, Image Encoder 1.15 seconds, VAE 0.00 seconds, KV Cache Creation 0.61 seconds, Diffusion 2.48 seconds, DIT Compute Steps 3 steps, Scheduler 0.02 seconds
[36m(RolloutGroup(rank=2) pid=97509)[0m Time taken: Total 5.26 seconds, Text Encoder 0.98 seconds, Image Encoder 1.15 seconds, VAE 0.00 seconds, KV Cache Creation 0.61 seconds, Diffusion 2.50 seconds, DIT Compute Steps 3 steps, Scheduler 0.02 seconds
[36m(ActorGroup(rank=2) pid=97486)[0m Time taken: Total 12.56 seconds, Text Encoder 0.60 seconds, Image Encoder 0.36 seconds, VAE 0.00 seconds, KV Cache Creation 3.57 seconds, Diffusion 8.01 seconds, DIT Compute Steps 3 steps, Scheduler 0.03 seconds
[36m(ActorGroup(rank=0) pid=97469)[0m Time taken: Total 12.56 seconds, Text Encoder 0.59 seconds, Image Encoder 0.40 seconds, VAE 0.00 seconds, KV Cache Creation 3.53 seconds, Diffusion 8.01 seconds, DIT Compute Steps 3 steps, Scheduler 0.03 seconds
[36m(ActorGroup(rank=1) pid=97470)[0m Time taken: Total 12.55 seconds, Text Encoder 0.60 seconds, Image Encoder 0.36 seconds, VAE 0.00 seconds, KV Cache Creation 3.57 seconds, Diffusion 8.01 seconds, DIT Compute Steps 3 steps, Scheduler 0.02 seconds
[36m(ActorGroup(rank=3) pid=97488)[0m Time taken: Total 12.56 seconds, Text Encoder 0.60 seconds, Image Encoder 0.39 seconds, VAE 0.00 seconds, KV Cache Creation 3.53 seconds, Diffusion 8.01 seconds, DIT Compute Steps 3 steps, Scheduler 0.03 seconds
[36m(RolloutGroup(rank=1) pid=97505)[0m language is None, reset current_start_frame to 0
[36m(RolloutGroup(rank=1) pid=97505)[0m videos shape torch.Size([8, 3, 4, 160, 320]) 33
[36m(RolloutGroup(rank=2) pid=97509)[0m language is None, reset current_start_frame to 0
[36m(RolloutGroup(rank=2) pid=97509)[0m videos shape torch.Size([8, 3, 4, 160, 320]) 33
[36m(RolloutGroup(rank=0) pid=97489)[0m Time taken: Total 4.78 seconds, Text Encoder 1.22 seconds, Image Encoder 1.10 seconds, VAE 0.00 seconds, KV Cache Creation 0.62 seconds, Diffusion 1.82 seconds, DIT Compute Steps 3 steps, Scheduler 0.02 seconds
[36m(RolloutGroup(rank=0) pid=97489)[0m language is None, reset current_start_frame to 0
[36m(RolloutGroup(rank=0) pid=97489)[0m videos shape torch.Size([8, 3, 4, 160, 320]) 33
[36m(RolloutGroup(rank=3) pid=97511)[0m Time taken: Total 4.15 seconds, Text Encoder 1.25 seconds, Image Encoder 0.97 seconds, VAE 0.00 seconds, KV Cache Creation 0.45 seconds, Diffusion 1.47 seconds, DIT Compute Steps 3 steps, Scheduler 0.02 seconds
[36m(ActorGroup(rank=2) pid=97486)[0m language is None, reset current_start_frame to 0
[36m(ActorGroup(rank=2) pid=97486)[0m videos shape torch.Size([1, 3, 4, 160, 320]) 33
[36m(ActorGroup(rank=0) pid=97469)[0m language is None, reset current_start_frame to 0
[36m(ActorGroup(rank=0) pid=97469)[0m videos shape torch.Size([1, 3, 4, 160, 320]) 33
[36m(ActorGroup(rank=1) pid=97470)[0m language is None, reset current_start_frame to 0
[36m(ActorGroup(rank=1) pid=97470)[0m videos shape torch.Size([1, 3, 4, 160, 320]) 33
[36m(ActorGroup(rank=3) pid=97488)[0m language is None, reset current_start_frame to 0
[36m(ActorGroup(rank=3) pid=97488)[0m videos shape torch.Size([1, 3, 4, 160, 320]) 33
[36m(RolloutGroup(rank=3) pid=97511)[0m language is None, reset current_start_frame to 0
[36m(RolloutGroup(rank=3) pid=97511)[0m videos shape torch.Size([8, 3, 4, 160, 320]) 33
[36m(RolloutGroup(rank=1) pid=97505)[0m Time taken: Total 4.60 seconds, Text Encoder 1.03 seconds, Image Encoder 0.85 seconds, VAE 0.00 seconds, KV Cache Creation 0.28 seconds, Diffusion 2.43 seconds, DIT Compute Steps 3 steps, Scheduler 0.01 seconds
[36m(RolloutGroup(rank=1) pid=97505)[0m language is None, reset current_start_frame to 0
[36m(RolloutGroup(rank=1) pid=97505)[0m videos shape torch.Size([8, 3, 4, 160, 320]) 33
[36m(RolloutGroup(rank=2) pid=97509)[0m Time taken: Total 5.28 seconds, Text Encoder 1.03 seconds, Image Encoder 0.98 seconds, VAE 0.00 seconds, KV Cache Creation 0.66 seconds, Diffusion 2.57 seconds, DIT Compute Steps 3 steps, Scheduler 0.04 seconds
[36m(RolloutGroup(rank=2) pid=97509)[0m language is None, reset current_start_frame to 0
[36m(RolloutGroup(rank=2) pid=97509)[0m videos shape torch.Size([8, 3, 4, 160, 320]) 33
[36m(RolloutGroup(rank=0) pid=97489)[0m Time taken: Total 5.69 seconds, Text Encoder 1.40 seconds, Image Encoder 1.10 seconds, VAE 0.00 seconds, KV Cache Creation 0.64 seconds, Diffusion 2.51 seconds, DIT Compute Steps 3 steps, Scheduler 0.04 seconds
[36m(RolloutGroup(rank=0) pid=97489)[0m language is None, reset current_start_frame to 0
[36m(RolloutGroup(rank=0) pid=97489)[0m videos shape torch.Size([8, 3, 4, 160, 320]) 33
[36m(RolloutGroup(rank=3) pid=97511)[0m Time taken: Total 5.54 seconds, Text Encoder 1.31 seconds, Image Encoder 1.06 seconds, VAE 0.00 seconds, KV Cache Creation 0.65 seconds, Diffusion 2.49 seconds, DIT Compute Steps 3 steps, Scheduler 0.04 seconds
[36m(RolloutGroup(rank=3) pid=97511)[0m language is None, reset current_start_frame to 0
[36m(RolloutGroup(rank=3) pid=97511)[0m videos shape torch.Size([8, 3, 4, 160, 320]) 33
[36m(RolloutGroup(rank=1) pid=97505)[0m Time taken: Total 5.52 seconds, Text Encoder 1.25 seconds, Image Encoder 1.12 seconds, VAE 0.00 seconds, KV Cache Creation 0.62 seconds, Diffusion 2.49 seconds, DIT Compute Steps 3 steps, Scheduler 0.03 seconds
[36m(RolloutGroup(rank=1) pid=97505)[0m language is None, reset current_start_frame to 0
[36m(RolloutGroup(rank=1) pid=97505)[0m videos shape torch.Size([8, 3, 4, 160, 320]) 33
[36m(RolloutGroup(rank=2) pid=97509)[0m Time taken: Total 5.61 seconds, Text Encoder 1.30 seconds, Image Encoder 1.12 seconds, VAE 0.00 seconds, KV Cache Creation 0.63 seconds, Diffusion 2.54 seconds, DIT Compute Steps 3 steps, Scheduler 0.03 seconds
[36m(RolloutGroup(rank=2) pid=97509)[0m language is None, reset current_start_frame to 0
[36m(RolloutGroup(rank=2) pid=97509)[0m videos shape torch.Size([8, 3, 4, 160, 320]) 33
[36m(RolloutGroup(rank=0) pid=97489)[0m Time taken: Total 5.62 seconds, Text Encoder 1.28 seconds, Image Encoder 1.09 seconds, VAE 0.00 seconds, KV Cache Creation 0.65 seconds, Diffusion 2.56 seconds, DIT Compute Steps 3 steps, Scheduler 0.04 seconds
[36m(RolloutGroup(rank=0) pid=97489)[0m language is None, reset current_start_frame to 0
[36m(RolloutGroup(rank=0) pid=97489)[0m videos shape torch.Size([8, 3, 4, 160, 320]) 33
[36m(ActorGroup(rank=2) pid=97486)[0m Time taken: Total 11.22 seconds, Text Encoder 0.52 seconds, Image Encoder 0.24 seconds, VAE 0.00 seconds, KV Cache Creation 2.46 seconds, Diffusion 7.97 seconds, DIT Compute Steps 3 steps, Scheduler 0.03 seconds
[36m(ActorGroup(rank=0) pid=97469)[0m Time taken: Total 11.22 seconds, Text Encoder 0.52 seconds, Image Encoder 0.26 seconds, VAE 0.00 seconds, KV Cache Creation 2.44 seconds, Diffusion 7.98 seconds, DIT Compute Steps 3 steps, Scheduler 0.03 seconds
[36m(ActorGroup(rank=1) pid=97470)[0m Time taken: Total 11.23 seconds, Text Encoder 0.53 seconds, Image Encoder 0.24 seconds, VAE 0.00 seconds, KV Cache Creation 2.46 seconds, Diffusion 7.97 seconds, DIT Compute Steps 3 steps, Scheduler 0.03 seconds
[36m(ActorGroup(rank=3) pid=97488)[0m Time taken: Total 11.23 seconds, Text Encoder 0.53 seconds, Image Encoder 0.17 seconds, VAE 0.00 seconds, KV Cache Creation 2.53 seconds, Diffusion 7.98 seconds, DIT Compute Steps 3 steps, Scheduler 0.01 seconds
[36m(RolloutGroup(rank=3) pid=97511)[0m Time taken: Total 5.34 seconds, Text Encoder 1.28 seconds, Image Encoder 1.13 seconds, VAE 0.00 seconds, KV Cache Creation 0.62 seconds, Diffusion 2.29 seconds, DIT Compute Steps 3 steps, Scheduler 0.02 seconds
[36m(RolloutGroup(rank=3) pid=97511)[0m language is None, reset current_start_frame to 0
[36m(RolloutGroup(rank=3) pid=97511)[0m videos shape torch.Size([8, 3, 4, 160, 320]) 33
[36m(RolloutGroup(rank=1) pid=97505)[0m Time taken: Total 5.29 seconds, Text Encoder 1.32 seconds, Image Encoder 1.08 seconds, VAE 0.00 seconds, KV Cache Creation 0.61 seconds, Diffusion 2.25 seconds, DIT Compute Steps 3 steps, Scheduler 0.04 seconds
[36m(RolloutGroup(rank=1) pid=97505)[0m language is None, reset current_start_frame to 0
[36m(RolloutGroup(rank=1) pid=97505)[0m videos shape torch.Size([8, 3, 4, 160, 320]) 33
[36m(RolloutGroup(rank=2) pid=97509)[0m Time taken: Total 5.03 seconds, Text Encoder 1.34 seconds, Image Encoder 1.07 seconds, VAE 0.00 seconds, KV Cache Creation 0.46 seconds, Diffusion 2.13 seconds, DIT Compute Steps 3 steps, Scheduler 0.02 seconds
[36m(RolloutGroup(rank=2) pid=97509)[0m language is None, reset current_start_frame to 0
[36m(RolloutGroup(rank=2) pid=97509)[0m videos shape torch.Size([8, 3, 4, 160, 320]) 33
[36m(ActorGroup(rank=2) pid=97486)[0m language is None, reset current_start_frame to 0
[36m(ActorGroup(rank=2) pid=97486)[0m videos shape torch.Size([1, 3, 4, 160, 320]) 33
[36m(ActorGroup(rank=0) pid=97469)[0m language is None, reset current_start_frame to 0
[36m(ActorGroup(rank=0) pid=97469)[0m videos shape torch.Size([1, 3, 4, 160, 320]) 33
[36m(ActorGroup(rank=1) pid=97470)[0m language is None, reset current_start_frame to 0
[36m(ActorGroup(rank=1) pid=97470)[0m videos shape torch.Size([1, 3, 4, 160, 320]) 33
[36m(ActorGroup(rank=3) pid=97488)[0m language is None, reset current_start_frame to 0
[36m(ActorGroup(rank=3) pid=97488)[0m videos shape torch.Size([1, 3, 4, 160, 320]) 33
[36m(RolloutGroup(rank=0) pid=97489)[0m Time taken: Total 4.79 seconds, Text Encoder 1.10 seconds, Image Encoder 1.14 seconds, VAE 0.00 seconds, KV Cache Creation 0.44 seconds, Diffusion 2.08 seconds, DIT Compute Steps 3 steps, Scheduler 0.02 seconds
[36m(RolloutGroup(rank=0) pid=97489)[0m language is None, reset current_start_frame to 0
[36m(RolloutGroup(rank=0) pid=97489)[0m videos shape torch.Size([8, 3, 4, 160, 320]) 33
[36m(RolloutGroup(rank=3) pid=97511)[0m Time taken: Total 5.38 seconds, Text Encoder 1.35 seconds, Image Encoder 0.85 seconds, VAE 0.00 seconds, KV Cache Creation 0.60 seconds, Diffusion 2.54 seconds, DIT Compute Steps 3 steps, Scheduler 0.04 seconds
[36m(RolloutGroup(rank=3) pid=97511)[0m language is None, reset current_start_frame to 0
[36m(RolloutGroup(rank=3) pid=97511)[0m videos shape torch.Size([8, 3, 4, 160, 320]) 33
[36m(RolloutGroup(rank=1) pid=97505)[0m Time taken: Total 5.35 seconds, Text Encoder 0.98 seconds, Image Encoder 1.13 seconds, VAE 0.00 seconds, KV Cache Creation 0.68 seconds, Diffusion 2.53 seconds, DIT Compute Steps 3 steps, Scheduler 0.02 seconds
[36m(RolloutGroup(rank=1) pid=97505)[0m language is None, reset current_start_frame to 0
[36m(RolloutGroup(rank=1) pid=97505)[0m videos shape torch.Size([8, 3, 4, 160, 320]) 33
[36m(RolloutGroup(rank=2) pid=97509)[0m Time taken: Total 5.48 seconds, Text Encoder 1.09 seconds, Image Encoder 1.18 seconds, VAE 0.00 seconds, KV Cache Creation 0.63 seconds, Diffusion 2.56 seconds, DIT Compute Steps 3 steps, Scheduler 0.02 seconds
[36m(RolloutGroup(rank=2) pid=97509)[0m language is None, reset current_start_frame to 0
[36m(RolloutGroup(rank=2) pid=97509)[0m videos shape torch.Size([8, 3, 4, 160, 320]) 33
[36m(RolloutGroup(rank=0) pid=97489)[0m Time taken: Total 5.64 seconds, Text Encoder 1.27 seconds, Image Encoder 1.13 seconds, VAE 0.00 seconds, KV Cache Creation 0.62 seconds, Diffusion 2.59 seconds, DIT Compute Steps 3 steps, Scheduler 0.04 seconds
[36m(RolloutGroup(rank=0) pid=97489)[0m language is None, reset current_start_frame to 0
[36m(RolloutGroup(rank=0) pid=97489)[0m videos shape torch.Size([8, 3, 4, 160, 320]) 33
[36m(RolloutGroup(rank=3) pid=97511)[0m Time taken: Total 5.69 seconds, Text Encoder 1.33 seconds, Image Encoder 1.17 seconds, VAE 0.00 seconds, KV Cache Creation 0.66 seconds, Diffusion 2.51 seconds, DIT Compute Steps 3 steps, Scheduler 0.03 seconds
[36m(RolloutGroup(rank=3) pid=97511)[0m language is None, reset current_start_frame to 0
[36m(RolloutGroup(rank=3) pid=97511)[0m videos shape torch.Size([8, 3, 4, 160, 320]) 33
[36m(RolloutGroup(rank=1) pid=97505)[0m Time taken: Total 5.68 seconds, Text Encoder 1.36 seconds, Image Encoder 1.14 seconds, VAE 0.00 seconds, KV Cache Creation 0.63 seconds, Diffusion 2.54 seconds, DIT Compute Steps 3 steps, Scheduler 0.02 seconds
[36m(RolloutGroup(rank=1) pid=97505)[0m language is None, reset current_start_frame to 0
[36m(RolloutGroup(rank=1) pid=97505)[0m videos shape torch.Size([8, 3, 4, 160, 320]) 33
[36m(RolloutGroup(rank=2) pid=97509)[0m Time taken: Total 5.62 seconds, Text Encoder 1.37 seconds, Image Encoder 1.09 seconds, VAE 0.00 seconds, KV Cache Creation 0.62 seconds, Diffusion 2.50 seconds, DIT Compute Steps 3 steps, Scheduler 0.03 seconds
[36m(RolloutGroup(rank=2) pid=97509)[0m language is None, reset current_start_frame to 0
[36m(RolloutGroup(rank=2) pid=97509)[0m videos shape torch.Size([8, 3, 4, 160, 320]) 33
[36m(RolloutGroup(rank=0) pid=97489)[0m Time taken: Total 5.65 seconds, Text Encoder 1.27 seconds, Image Encoder 1.11 seconds, VAE 0.00 seconds, KV Cache Creation 0.63 seconds, Diffusion 2.61 seconds, DIT Compute Steps 3 steps, Scheduler 0.03 seconds
[36m(RolloutGroup(rank=0) pid=97489)[0m language is None, reset current_start_frame to 0
[36m(RolloutGroup(rank=0) pid=97489)[0m videos shape torch.Size([8, 3, 4, 160, 320]) 33
[36m(ActorGroup(rank=2) pid=97486)[0m Time taken: Total 12.80 seconds, Text Encoder 0.64 seconds, Image Encoder 0.28 seconds, VAE 0.00 seconds, KV Cache Creation 2.64 seconds, Diffusion 9.20 seconds, DIT Compute Steps 3 steps, Scheduler 0.03 seconds
[36m(ActorGroup(rank=0) pid=97469)[0m Time taken: Total 12.79 seconds, Text Encoder 0.64 seconds, Image Encoder 0.27 seconds, VAE 0.00 seconds, KV Cache Creation 2.66 seconds, Diffusion 9.20 seconds, DIT Compute Steps 3 steps, Scheduler 0.02 seconds
[36m(ActorGroup(rank=1) pid=97470)[0m Time taken: Total 12.80 seconds, Text Encoder 0.64 seconds, Image Encoder 0.25 seconds, VAE 0.00 seconds, KV Cache Creation 2.67 seconds, Diffusion 9.19 seconds, DIT Compute Steps 3 steps, Scheduler 0.04 seconds
[36m(ActorGroup(rank=3) pid=97488)[0m Time taken: Total 12.80 seconds, Text Encoder 0.64 seconds, Image Encoder 0.25 seconds, VAE 0.00 seconds, KV Cache Creation 2.68 seconds, Diffusion 9.20 seconds, DIT Compute Steps 3 steps, Scheduler 0.03 seconds
[36m(RolloutGroup(rank=3) pid=97511)[0m Time taken: Total 5.49 seconds, Text Encoder 1.32 seconds, Image Encoder 1.15 seconds, VAE 0.00 seconds, KV Cache Creation 0.65 seconds, Diffusion 2.34 seconds, DIT Compute Steps 3 steps, Scheduler 0.04 seconds
[36m(RolloutGroup(rank=3) pid=97511)[0m language is None, reset current_start_frame to 0
[36m(RolloutGroup(rank=3) pid=97511)[0m videos shape torch.Size([8, 3, 4, 160, 320]) 33
[36m(RolloutGroup(rank=1) pid=97505)[0m Time taken: Total 5.21 seconds, Text Encoder 1.34 seconds, Image Encoder 1.15 seconds, VAE 0.00 seconds, KV Cache Creation 0.64 seconds, Diffusion 2.05 seconds, DIT Compute Steps 3 steps, Scheduler 0.03 seconds
[36m(RolloutGroup(rank=1) pid=97505)[0m language is None, reset current_start_frame to 0
[36m(RolloutGroup(rank=1) pid=97505)[0m videos shape torch.Size([8, 3, 4, 160, 320]) 33
[36m(RolloutGroup(rank=2) pid=97509)[0m Time taken: Total 4.97 seconds, Text Encoder 1.31 seconds, Image Encoder 1.14 seconds, VAE 0.00 seconds, KV Cache Creation 0.56 seconds, Diffusion 1.95 seconds, DIT Compute Steps 3 steps, Scheduler 0.02 seconds
[36m(RolloutGroup(rank=2) pid=97509)[0m language is None, reset current_start_frame to 0
[36m(RolloutGroup(rank=2) pid=97509)[0m videos shape torch.Size([8, 3, 4, 160, 320]) 33
[36m(ActorGroup(rank=0) pid=97469)[0m [INFO 15:24:45 ActorGroup-Rank-0][async_ppo_fsdp_worker.py:261] async actor training: micro-batch start 20/64 epoch=1/1 global_batch=2/4 micro=4/16
[36m(ActorGroup(rank=0) pid=97469)[0m [INFO 15:24:45 ActorGroup-Rank-0][async_ppo_fsdp_worker.py:277] async actor training: batch to device done 20/64
[36m(ActorGroup(rank=0) pid=97469)[0m [INFO 15:24:45 ActorGroup-Rank-0][async_ppo_fsdp_worker.py:293] async actor training: before_micro_batch done 20/64 is_last_micro_batch=False
[36m(ActorGroup(rank=0) pid=97469)[0m [INFO 15:24:45 ActorGroup-Rank-0][async_ppo_fsdp_worker.py:341] async actor training: model forward start 20/64
[36m(ActorGroup(rank=2) pid=97486)[0m language is None, reset current_start_frame to 0
[36m(ActorGroup(rank=2) pid=97486)[0m videos shape torch.Size([1, 3, 4, 160, 320]) 33
[36m(ActorGroup(rank=0) pid=97469)[0m language is None, reset current_start_frame to 0
[36m(ActorGroup(rank=0) pid=97469)[0m videos shape torch.Size([1, 3, 4, 160, 320]) 33
[36m(ActorGroup(rank=1) pid=97470)[0m language is None, reset current_start_frame to 0
[36m(ActorGroup(rank=1) pid=97470)[0m videos shape torch.Size([1, 3, 4, 160, 320]) 33
[36m(ActorGroup(rank=3) pid=97488)[0m language is None, reset current_start_frame to 0
[36m(ActorGroup(rank=3) pid=97488)[0m videos shape torch.Size([1, 3, 4, 160, 320]) 33
[36m(RolloutGroup(rank=0) pid=97489)[0m Time taken: Total 4.87 seconds, Text Encoder 1.09 seconds, Image Encoder 1.10 seconds, VAE 0.00 seconds, KV Cache Creation 0.45 seconds, Diffusion 2.22 seconds, DIT Compute Steps 3 steps, Scheduler 0.02 seconds
[36m(RolloutGroup(rank=0) pid=97489)[0m language is None, reset current_start_frame to 0
[36m(RolloutGroup(rank=0) pid=97489)[0m videos shape torch.Size([8, 3, 4, 160, 320]) 33
[36m(RolloutGroup(rank=3) pid=97511)[0m Time taken: Total 5.37 seconds, Text Encoder 1.18 seconds, Image Encoder 0.94 seconds, VAE 0.00 seconds, KV Cache Creation 0.65 seconds, Diffusion 2.57 seconds, DIT Compute Steps 3 steps, Scheduler 0.04 seconds
[36m(RolloutGroup(rank=3) pid=97511)[0m language is None, reset current_start_frame to 0
[36m(RolloutGroup(rank=3) pid=97511)[0m videos shape torch.Size([8, 3, 4, 160, 320]) 33
[36m(RolloutGroup(rank=2) pid=97509)[0m Time taken: Total 5.04 seconds, Text Encoder 1.10 seconds, Image Encoder 0.73 seconds, VAE 0.00 seconds, KV Cache Creation 0.69 seconds, Diffusion 2.49 seconds, DIT Compute Steps 3 steps, Scheduler 0.03 seconds
[36m(RolloutGroup(rank=2) pid=97509)[0m language is None, reset current_start_frame to 0
[36m(RolloutGroup(rank=2) pid=97509)[0m videos shape torch.Size([8, 3, 4, 160, 320]) 33
[36m(RolloutGroup(rank=1) pid=97505)[0m Time taken: Total 5.41 seconds, Text Encoder 1.07 seconds, Image Encoder 1.14 seconds, VAE 0.00 seconds, KV Cache Creation 0.69 seconds, Diffusion 2.50 seconds, DIT Compute Steps 3 steps, Scheduler 0.02 seconds
[36m(RolloutGroup(rank=1) pid=97505)[0m language is None, reset current_start_frame to 0
[36m(RolloutGroup(rank=1) pid=97505)[0m videos shape torch.Size([8, 3, 4, 160, 320]) 33
[36m(RolloutGroup(rank=0) pid=97489)[0m Time taken: Total 5.66 seconds, Text Encoder 1.29 seconds, Image Encoder 1.09 seconds, VAE 0.00 seconds, KV Cache Creation 0.61 seconds, Diffusion 2.63 seconds, DIT Compute Steps 3 steps, Scheduler 0.03 seconds
[36m(RolloutGroup(rank=0) pid=97489)[0m language is None, reset current_start_frame to 0
[36m(RolloutGroup(rank=0) pid=97489)[0m videos shape torch.Size([8, 3, 4, 160, 320]) 33
[36m(RolloutGroup(rank=3) pid=97511)[0m Time taken: Total 5.61 seconds, Text Encoder 1.27 seconds, Image Encoder 1.17 seconds, VAE 0.00 seconds, KV Cache Creation 0.66 seconds, Diffusion 2.47 seconds, DIT Compute Steps 3 steps, Scheduler 0.04 seconds
[36m(RolloutGroup(rank=3) pid=97511)[0m language is None, reset current_start_frame to 0
[36m(RolloutGroup(rank=3) pid=97511)[0m videos shape torch.Size([8, 3, 4, 160, 320]) 33
[36m(RolloutGroup(rank=2) pid=97509)[0m Time taken: Total 5.60 seconds, Text Encoder 1.36 seconds, Image Encoder 1.15 seconds, VAE 0.00 seconds, KV Cache Creation 0.60 seconds, Diffusion 2.47 seconds, DIT Compute Steps 3 steps, Scheduler 0.03 seconds
[36m(RolloutGroup(rank=2) pid=97509)[0m language is None, reset current_start_frame to 0
[36m(RolloutGroup(rank=2) pid=97509)[0m videos shape torch.Size([8, 3, 4, 160, 320]) 33
[36m(RolloutGroup(rank=1) pid=97505)[0m Time taken: Total 5.69 seconds, Text Encoder 1.36 seconds, Image Encoder 1.15 seconds, VAE 0.00 seconds, KV Cache Creation 0.63 seconds, Diffusion 2.52 seconds, DIT Compute Steps 3 steps, Scheduler 0.04 seconds
[36m(RolloutGroup(rank=1) pid=97505)[0m language is None, reset current_start_frame to 0
[36m(RolloutGroup(rank=1) pid=97505)[0m videos shape torch.Size([8, 3, 4, 160, 320]) 33
[36m(RolloutGroup(rank=0) pid=97489)[0m Time taken: Total 5.62 seconds, Text Encoder 1.26 seconds, Image Encoder 1.09 seconds, VAE 0.00 seconds, KV Cache Creation 0.62 seconds, Diffusion 2.61 seconds, DIT Compute Steps 3 steps, Scheduler 0.03 seconds
[36m(RolloutGroup(rank=0) pid=97489)[0m language is None, reset current_start_frame to 0
[36m(RolloutGroup(rank=0) pid=97489)[0m videos shape torch.Size([8, 3, 4, 160, 320]) 33
[36m(ActorGroup(rank=2) pid=97486)[0m Time taken: Total 12.27 seconds, Text Encoder 0.57 seconds, Image Encoder 0.25 seconds, VAE 0.00 seconds, KV Cache Creation 2.44 seconds, Diffusion 8.97 seconds, DIT Compute Steps 3 steps, Scheduler 0.04 seconds
[36m(ActorGroup(rank=0) pid=97469)[0m Time taken: Total 12.27 seconds, Text Encoder 0.57 seconds, Image Encoder 0.29 seconds, VAE 0.00 seconds, KV Cache Creation 2.40 seconds, Diffusion 8.97 seconds, DIT Compute Steps 3 steps, Scheduler 0.02 seconds
[36m(ActorGroup(rank=1) pid=97470)[0m Time taken: Total 12.27 seconds, Text Encoder 0.57 seconds, Image Encoder 0.26 seconds, VAE 0.00 seconds, KV Cache Creation 2.44 seconds, Diffusion 8.97 seconds, DIT Compute Steps 3 steps, Scheduler 0.03 seconds
[36m(ActorGroup(rank=3) pid=97488)[0m Time taken: Total 12.27 seconds, Text Encoder 0.58 seconds, Image Encoder 0.26 seconds, VAE 0.00 seconds, KV Cache Creation 2.44 seconds, Diffusion 8.96 seconds, DIT Compute Steps 3 steps, Scheduler 0.03 seconds
[36m(ActorGroup(rank=0) pid=97469)[0m [INFO 15:24:58 ActorGroup-Rank-0][async_ppo_fsdp_worker.py:359] async actor training: model forward done 20/64 elapsed=12.99s
[36m(ActorGroup(rank=0) pid=97469)[0m [INFO 15:24:58 ActorGroup-Rank-0][async_ppo_fsdp_worker.py:386] async actor training: logprobs ready 20/64 shape=(1, 16, 7) dtype=torch.float32
[36m(ActorGroup(rank=0) pid=97469)[0m [INFO 15:24:58 ActorGroup-Rank-0][async_ppo_fsdp_worker.py:419] async actor training: dreamzero tensors aligned 20/64 logprobs=(1, 16, 7) old_logprobs=(1, 16, 7) proximal_logprobs=None versions=(1, 16, 7) loss_action_dim=7
[36m(ActorGroup(rank=0) pid=97469)[0m [INFO 15:24:58 ActorGroup-Rank-0][async_ppo_fsdp_worker.py:457] async actor training: loss kwargs build start 20/64
[36m(ActorGroup(rank=0) pid=97469)[0m [INFO 15:24:58 ActorGroup-Rank-0][async_ppo_fsdp_worker.py:501] async actor training: loss kwargs built 20/64
[36m(ActorGroup(rank=0) pid=97469)[0m [INFO 15:24:58 ActorGroup-Rank-0][async_ppo_fsdp_worker.py:505] async actor training: policy loss start 20/64
[36m(ActorGroup(rank=0) pid=97469)[0m [INFO 15:24:58 ActorGroup-Rank-0][async_ppo_fsdp_worker.py:515] async actor training: policy loss done 20/64
[36m(ActorGroup(rank=0) pid=97469)[0m [INFO 15:24:58 ActorGroup-Rank-0][async_ppo_fsdp_worker.py:542] async actor training: backward start 20/64
[36m(RolloutGroup(rank=3) pid=97511)[0m Time taken: Total 5.55 seconds, Text Encoder 1.33 seconds, Image Encoder 1.15 seconds, VAE 0.00 seconds, KV Cache Creation 0.67 seconds, Diffusion 2.38 seconds, DIT Compute Steps 3 steps, Scheduler 0.03 seconds
[36m(RolloutGroup(rank=3) pid=97511)[0m language is None, reset current_start_frame to 0
[36m(RolloutGroup(rank=3) pid=97511)[0m videos shape torch.Size([8, 3, 4, 160, 320]) 33
[36m(RolloutGroup(rank=2) pid=97509)[0m Time taken: Total 5.13 seconds, Text Encoder 1.29 seconds, Image Encoder 1.13 seconds, VAE 0.00 seconds, KV Cache Creation 0.61 seconds, Diffusion 2.06 seconds, DIT Compute Steps 3 steps, Scheduler 0.04 seconds
[36m(RolloutGroup(rank=2) pid=97509)[0m language is None, reset current_start_frame to 0
[36m(RolloutGroup(rank=2) pid=97509)[0m videos shape torch.Size([8, 3, 4, 160, 320]) 33
[36m(RolloutGroup(rank=1) pid=97505)[0m Time taken: Total 5.14 seconds, Text Encoder 1.36 seconds, Image Encoder 1.14 seconds, VAE 0.00 seconds, KV Cache Creation 0.63 seconds, Diffusion 1.97 seconds, DIT Compute Steps 3 steps, Scheduler 0.03 seconds
[36m(RolloutGroup(rank=1) pid=97505)[0m language is None, reset current_start_frame to 0
[36m(RolloutGroup(rank=1) pid=97505)[0m videos shape torch.Size([8, 3, 4, 160, 320]) 33
[36m(ActorGroup(rank=0) pid=97469)[0m [INFO 15:25:01 ActorGroup-Rank-0][async_ppo_fsdp_worker.py:553] async actor training: backward done 20/64 elapsed=2.73s
[36m(ActorGroup(rank=2) pid=97486)[0m language is None, reset current_start_frame to 0
[36m(ActorGroup(rank=2) pid=97486)[0m videos shape torch.Size([1, 3, 4, 160, 320]) 33
[36m(ActorGroup(rank=0) pid=97469)[0m language is None, reset current_start_frame to 0
[36m(ActorGroup(rank=0) pid=97469)[0m videos shape torch.Size([1, 3, 4, 160, 320]) 33
[36m(ActorGroup(rank=1) pid=97470)[0m language is None, reset current_start_frame to 0
[36m(ActorGroup(rank=1) pid=97470)[0m videos shape torch.Size([1, 3, 4, 160, 320]) 33
[36m(ActorGroup(rank=3) pid=97488)[0m language is None, reset current_start_frame to 0
[36m(ActorGroup(rank=3) pid=97488)[0m videos shape torch.Size([1, 3, 4, 160, 320]) 33
[36m(RolloutGroup(rank=0) pid=97489)[0m Time taken: Total 4.87 seconds, Text Encoder 1.08 seconds, Image Encoder 1.07 seconds, VAE 0.00 seconds, KV Cache Creation 0.44 seconds, Diffusion 2.26 seconds, DIT Compute Steps 3 steps, Scheduler 0.02 seconds
[36m(RolloutGroup(rank=0) pid=97489)[0m language is None, reset current_start_frame to 0
[36m(RolloutGroup(rank=0) pid=97489)[0m videos shape torch.Size([8, 3, 4, 160, 320]) 33
[36m(RolloutGroup(rank=3) pid=97511)[0m Time taken: Total 4.11 seconds, Text Encoder 1.02 seconds, Image Encoder 0.86 seconds, VAE 0.00 seconds, KV Cache Creation 0.28 seconds, Diffusion 1.94 seconds, DIT Compute Steps 3 steps, Scheduler 0.01 seconds
[36m(RolloutGroup(rank=3) pid=97511)[0m language is None, reset current_start_frame to 0
[36m(RolloutGroup(rank=3) pid=97511)[0m videos shape torch.Size([8, 3, 4, 160, 320]) 33
[36m(RolloutGroup(rank=2) pid=97509)[0m Time taken: Total 4.52 seconds, Text Encoder 1.03 seconds, Image Encoder 0.54 seconds, VAE 0.00 seconds, KV Cache Creation 0.36 seconds, Diffusion 2.58 seconds, DIT Compute Steps 3 steps, Scheduler 0.01 seconds
[36m(RolloutGroup(rank=2) pid=97509)[0m language is None, reset current_start_frame to 0
[36m(RolloutGroup(rank=2) pid=97509)[0m videos shape torch.Size([8, 3, 4, 160, 320]) 33
[36m(RolloutGroup(rank=1) pid=97505)[0m Time taken: Total 5.53 seconds, Text Encoder 1.07 seconds, Image Encoder 1.19 seconds, VAE 0.00 seconds, KV Cache Creation 0.68 seconds, Diffusion 2.56 seconds, DIT Compute Steps 3 steps, Scheduler 0.03 seconds
[36m(RolloutGroup(rank=1) pid=97505)[0m language is None, reset current_start_frame to 0
[36m(RolloutGroup(rank=1) pid=97505)[0m videos shape torch.Size([8, 3, 4, 160, 320]) 33
[36m(RolloutGroup(rank=0) pid=97489)[0m Time taken: Total 5.64 seconds, Text Encoder 1.32 seconds, Image Encoder 1.14 seconds, VAE 0.00 seconds, KV Cache Creation 0.63 seconds, Diffusion 2.54 seconds, DIT Compute Steps 3 steps, Scheduler 0.02 seconds
[36m(RolloutGroup(rank=3) pid=97511)[0m Time taken: Total 5.37 seconds, Text Encoder 1.34 seconds, Image Encoder 1.04 seconds, VAE 0.00 seconds, KV Cache Creation 0.58 seconds, Diffusion 2.39 seconds, DIT Compute Steps 3 steps, Scheduler 0.03 seconds
[36m(RolloutGroup(rank=0) pid=97489)[0m language is None, reset current_start_frame to 0
[36m(RolloutGroup(rank=0) pid=97489)[0m videos shape torch.Size([8, 3, 4, 160, 320]) 33
[36m(RolloutGroup(rank=3) pid=97511)[0m language is None, reset current_start_frame to 0
[36m(RolloutGroup(rank=3) pid=97511)[0m videos shape torch.Size([8, 3, 4, 160, 320]) 33
[36m(RolloutGroup(rank=2) pid=97509)[0m Time taken: Total 4.85 seconds, Text Encoder 1.18 seconds, Image Encoder 1.14 seconds, VAE 0.00 seconds, KV Cache Creation 0.58 seconds, Diffusion 1.91 seconds, DIT Compute Steps 3 steps, Scheduler 0.03 seconds
[36m(RolloutGroup(rank=2) pid=97509)[0m language is None, reset current_start_frame to 0
[36m(RolloutGroup(rank=2) pid=97509)[0m videos shape torch.Size([8, 3, 4, 160, 320]) 33
[36m(RolloutGroup(rank=1) pid=97505)[0m Time taken: Total 5.02 seconds, Text Encoder 1.34 seconds, Image Encoder 1.03 seconds, VAE 0.00 seconds, KV Cache Creation 0.62 seconds, Diffusion 1.99 seconds, DIT Compute Steps 3 steps, Scheduler 0.04 seconds
[36m(RolloutGroup(rank=1) pid=97505)[0m language is None, reset current_start_frame to 0
[36m(RolloutGroup(rank=1) pid=97505)[0m videos shape torch.Size([8, 3, 4, 160, 320]) 33
[36m(ActorGroup(rank=2) pid=97486)[0m Time taken: Total 11.57 seconds, Text Encoder 0.54 seconds, Image Encoder 0.23 seconds, VAE 0.00 seconds, KV Cache Creation 2.64 seconds, Diffusion 8.13 seconds, DIT Compute Steps 3 steps, Scheduler 0.03 seconds
[36m(ActorGroup(rank=0) pid=97469)[0m Time taken: Total 11.57 seconds, Text Encoder 0.54 seconds, Image Encoder 0.27 seconds, VAE 0.00 seconds, KV Cache Creation 2.60 seconds, Diffusion 8.14 seconds, DIT Compute Steps 3 steps, Scheduler 0.02 seconds
[36m(ActorGroup(rank=1) pid=97470)[0m Time taken: Total 11.57 seconds, Text Encoder 0.54 seconds, Image Encoder 0.24 seconds, VAE 0.00 seconds, KV Cache Creation 2.63 seconds, Diffusion 8.14 seconds, DIT Compute Steps 3 steps, Scheduler 0.03 seconds
[36m(ActorGroup(rank=3) pid=97488)[0m Time taken: Total 11.58 seconds, Text Encoder 0.54 seconds, Image Encoder 0.24 seconds, VAE 0.00 seconds, KV Cache Creation 2.63 seconds, Diffusion 8.13 seconds, DIT Compute Steps 3 steps, Scheduler 0.03 seconds
[36m(RolloutGroup(rank=0) pid=97489)[0m Time taken: Total 4.84 seconds, Text Encoder 0.95 seconds, Image Encoder 0.90 seconds, VAE 0.00 seconds, KV Cache Creation 0.62 seconds, Diffusion 2.33 seconds, DIT Compute Steps 3 steps, Scheduler 0.04 seconds
[36m(RolloutGroup(rank=0) pid=97489)[0m language is None, reset current_start_frame to 0
[36m(RolloutGroup(rank=0) pid=97489)[0m videos shape torch.Size([8, 3, 4, 160, 320]) 33
[36m(RolloutGroup(rank=3) pid=97511)[0m Time taken: Total 5.07 seconds, Text Encoder 1.02 seconds, Image Encoder 1.07 seconds, VAE 0.00 seconds, KV Cache Creation 0.65 seconds, Diffusion 2.31 seconds, DIT Compute Steps 3 steps, Scheduler 0.02 seconds
[36m(RolloutGroup(rank=3) pid=97511)[0m language is None, reset current_start_frame to 0
[36m(RolloutGroup(rank=3) pid=97511)[0m videos shape torch.Size([8, 3, 4, 160, 320]) 33
[36m(RolloutGroup(rank=2) pid=97509)[0m Time taken: Total 5.03 seconds, Text Encoder 1.28 seconds, Image Encoder 1.12 seconds, VAE 0.00 seconds, KV Cache Creation 0.52 seconds, Diffusion 2.07 seconds, DIT Compute Steps 3 steps, Scheduler 0.04 seconds
[36m(RolloutGroup(rank=2) pid=97509)[0m language is None, reset current_start_frame to 0
[36m(RolloutGroup(rank=2) pid=97509)[0m videos shape torch.Size([8, 3, 4, 160, 320]) 33
[36m(RolloutGroup(rank=1) pid=97505)[0m Time taken: Total 4.77 seconds, Text Encoder 1.36 seconds, Image Encoder 0.91 seconds, VAE 0.00 seconds, KV Cache Creation 0.65 seconds, Diffusion 1.80 seconds, DIT Compute Steps 3 steps, Scheduler 0.03 seconds
[36m(RolloutGroup(rank=1) pid=97505)[0m language is None, reset current_start_frame to 0
[36m(RolloutGroup(rank=1) pid=97505)[0m videos shape torch.Size([8, 3, 4, 160, 320]) 33
[36m(ActorGroup(rank=2) pid=97486)[0m language is None, reset current_start_frame to 0
[36m(ActorGroup(rank=2) pid=97486)[0m videos shape torch.Size([1, 3, 4, 160, 320]) 33
[36m(ActorGroup(rank=0) pid=97469)[0m language is None, reset current_start_frame to 0
[36m(ActorGroup(rank=0) pid=97469)[0m videos shape torch.Size([1, 3, 4, 160, 320]) 33
[36m(ActorGroup(rank=1) pid=97470)[0m language is None, reset current_start_frame to 0
[36m(ActorGroup(rank=1) pid=97470)[0m videos shape torch.Size([1, 3, 4, 160, 320]) 33
[36m(ActorGroup(rank=3) pid=97488)[0m language is None, reset current_start_frame to 0
[36m(ActorGroup(rank=3) pid=97488)[0m videos shape torch.Size([1, 3, 4, 160, 320]) 33
[36m(RolloutGroup(rank=0) pid=97489)[0m Time taken: Total 5.21 seconds, Text Encoder 1.25 seconds, Image Encoder 0.84 seconds, VAE 0.00 seconds, KV Cache Creation 0.53 seconds, Diffusion 2.57 seconds, DIT Compute Steps 3 steps, Scheduler 0.03 seconds
[36m(RolloutGroup(rank=0) pid=97489)[0m language is None, reset current_start_frame to 0
[36m(RolloutGroup(rank=0) pid=97489)[0m videos shape torch.Size([8, 3, 4, 160, 320]) 33
[36m(RolloutGroup(rank=3) pid=97511)[0m Time taken: Total 4.41 seconds, Text Encoder 1.00 seconds, Image Encoder 0.95 seconds, VAE 0.00 seconds, KV Cache Creation 0.28 seconds, Diffusion 2.17 seconds, DIT Compute Steps 3 steps, Scheduler 0.01 seconds
[36m(RolloutGroup(rank=3) pid=97511)[0m language is None, reset current_start_frame to 0
[36m(RolloutGroup(rank=3) pid=97511)[0m videos shape torch.Size([8, 3, 4, 160, 320]) 33
[36m(RolloutGroup(rank=2) pid=97509)[0m Time taken: Total 4.64 seconds, Text Encoder 1.08 seconds, Image Encoder 0.70 seconds, VAE 0.00 seconds, KV Cache Creation 0.30 seconds, Diffusion 2.55 seconds, DIT Compute Steps 3 steps, Scheduler 0.01 seconds
[36m(RolloutGroup(rank=2) pid=97509)[0m language is None, reset current_start_frame to 0
[36m(RolloutGroup(rank=2) pid=97509)[0m videos shape torch.Size([8, 3, 4, 160, 320]) 33
[36m(RolloutGroup(rank=1) pid=97505)[0m Time taken: Total 5.79 seconds, Text Encoder 1.36 seconds, Image Encoder 1.15 seconds, VAE 0.00 seconds, KV Cache Creation 0.64 seconds, Diffusion 2.61 seconds, DIT Compute Steps 3 steps, Scheduler 0.04 seconds
[36m(RolloutGroup(rank=1) pid=97505)[0m language is None, reset current_start_frame to 0
[36m(RolloutGroup(rank=1) pid=97505)[0m videos shape torch.Size([8, 3, 4, 160, 320]) 33
[36m(RolloutGroup(rank=0) pid=97489)[0m Time taken: Total 5.66 seconds, Text Encoder 1.33 seconds, Image Encoder 1.16 seconds, VAE 0.00 seconds, KV Cache Creation 0.63 seconds, Diffusion 2.51 seconds, DIT Compute Steps 3 steps, Scheduler 0.03 seconds
[36m(RolloutGroup(rank=0) pid=97489)[0m language is None, reset current_start_frame to 0
[36m(RolloutGroup(rank=0) pid=97489)[0m videos shape torch.Size([8, 3, 4, 160, 320]) 33
[36m(RolloutGroup(rank=3) pid=97511)[0m Time taken: Total 5.55 seconds, Text Encoder 1.36 seconds, Image Encoder 1.14 seconds, VAE 0.00 seconds, KV Cache Creation 0.63 seconds, Diffusion 2.40 seconds, DIT Compute Steps 3 steps, Scheduler 0.02 seconds
[36m(RolloutGroup(rank=3) pid=97511)[0m language is None, reset current_start_frame to 0
[36m(RolloutGroup(rank=3) pid=97511)[0m videos shape torch.Size([8, 3, 4, 160, 320]) 33
[36m(RolloutGroup(rank=2) pid=97509)[0m Time taken: Total 5.54 seconds, Text Encoder 1.35 seconds, Image Encoder 1.11 seconds, VAE 0.00 seconds, KV Cache Creation 0.55 seconds, Diffusion 2.50 seconds, DIT Compute Steps 3 steps, Scheduler 0.03 seconds
[36m(RolloutGroup(rank=2) pid=97509)[0m language is None, reset current_start_frame to 0
[36m(RolloutGroup(rank=2) pid=97509)[0m videos shape torch.Size([8, 3, 4, 160, 320]) 33
[36m(RolloutGroup(rank=1) pid=97505)[0m Time taken: Total 5.68 seconds, Text Encoder 1.30 seconds, Image Encoder 1.10 seconds, VAE 0.00 seconds, KV Cache Creation 0.64 seconds, Diffusion 2.60 seconds, DIT Compute Steps 3 steps, Scheduler 0.03 seconds
[36m(RolloutGroup(rank=1) pid=97505)[0m language is None, reset current_start_frame to 0
[36m(RolloutGroup(rank=1) pid=97505)[0m videos shape torch.Size([8, 3, 4, 160, 320]) 33
[36m(ActorGroup(rank=2) pid=97486)[0m Time taken: Total 12.17 seconds, Text Encoder 0.56 seconds, Image Encoder 0.24 seconds, VAE 0.00 seconds, KV Cache Creation 3.26 seconds, Diffusion 8.08 seconds, DIT Compute Steps 3 steps, Scheduler 0.03 seconds
[36m(ActorGroup(rank=0) pid=97469)[0m Time taken: Total 12.17 seconds, Text Encoder 0.56 seconds, Image Encoder 0.24 seconds, VAE 0.00 seconds, KV Cache Creation 3.26 seconds, Diffusion 8.09 seconds, DIT Compute Steps 3 steps, Scheduler 0.03 seconds
[36m(ActorGroup(rank=1) pid=97470)[0m Time taken: Total 12.18 seconds, Text Encoder 0.56 seconds, Image Encoder 0.27 seconds, VAE 0.00 seconds, KV Cache Creation 3.22 seconds, Diffusion 8.10 seconds, DIT Compute Steps 3 steps, Scheduler 0.03 seconds
[36m(ActorGroup(rank=3) pid=97488)[0m Time taken: Total 12.18 seconds, Text Encoder 0.56 seconds, Image Encoder 0.24 seconds, VAE 0.00 seconds, KV Cache Creation 3.26 seconds, Diffusion 8.08 seconds, DIT Compute Steps 3 steps, Scheduler 0.04 seconds
[36m(RolloutGroup(rank=3) pid=97511)[0m Time taken: Total 5.29 seconds, Text Encoder 1.33 seconds, Image Encoder 1.15 seconds, VAE 0.00 seconds, KV Cache Creation 0.56 seconds, Diffusion 2.21 seconds, DIT Compute Steps 3 steps, Scheduler 0.04 seconds
[36m(RolloutGroup(rank=3) pid=97511)[0m language is None, reset current_start_frame to 0
[36m(RolloutGroup(rank=3) pid=97511)[0m videos shape torch.Size([8, 3, 4, 160, 320]) 33
[36m(RolloutGroup(rank=0) pid=97489)[0m Time taken: Total 5.43 seconds, Text Encoder 1.35 seconds, Image Encoder 1.16 seconds, VAE 0.00 seconds, KV Cache Creation 0.65 seconds, Diffusion 2.25 seconds, DIT Compute Steps 3 steps, Scheduler 0.02 seconds
[36m(RolloutGroup(rank=0) pid=97489)[0m language is None, reset current_start_frame to 0
[36m(RolloutGroup(rank=0) pid=97489)[0m videos shape torch.Size([8, 3, 4, 160, 320]) 33
[36m(RolloutGroup(rank=2) pid=97509)[0m Time taken: Total 5.45 seconds, Text Encoder 1.36 seconds, Image Encoder 1.09 seconds, VAE 0.00 seconds, KV Cache Creation 0.62 seconds, Diffusion 2.35 seconds, DIT Compute Steps 3 steps, Scheduler 0.03 seconds
[36m(RolloutGroup(rank=2) pid=97509)[0m language is None, reset current_start_frame to 0
[36m(RolloutGroup(rank=2) pid=97509)[0m videos shape torch.Size([8, 3, 4, 160, 320]) 33
[36m(RolloutGroup(rank=1) pid=97505)[0m Time taken: Total 4.72 seconds, Text Encoder 1.28 seconds, Image Encoder 0.93 seconds, VAE 0.00 seconds, KV Cache Creation 0.69 seconds, Diffusion 1.78 seconds, DIT Compute Steps 3 steps, Scheduler 0.04 seconds
[36m(RolloutGroup(rank=1) pid=97505)[0m language is None, reset current_start_frame to 0
[36m(RolloutGroup(rank=1) pid=97505)[0m videos shape torch.Size([8, 3, 4, 160, 320]) 33
[36m(ActorGroup(rank=3) pid=97488)[0m language is None, reset current_start_frame to 0
[36m(ActorGroup(rank=3) pid=97488)[0m videos shape torch.Size([1, 3, 4, 160, 320]) 33
[36m(ActorGroup(rank=2) pid=97486)[0m language is None, reset current_start_frame to 0
[36m(ActorGroup(rank=2) pid=97486)[0m videos shape torch.Size([1, 3, 4, 160, 320]) 33
[36m(ActorGroup(rank=0) pid=97469)[0m language is None, reset current_start_frame to 0
[36m(ActorGroup(rank=0) pid=97469)[0m videos shape torch.Size([1, 3, 4, 160, 320]) 33
[36m(ActorGroup(rank=1) pid=97470)[0m language is None, reset current_start_frame to 0
[36m(ActorGroup(rank=1) pid=97470)[0m videos shape torch.Size([1, 3, 4, 160, 320]) 33
[36m(RolloutGroup(rank=3) pid=97511)[0m Time taken: Total 5.37 seconds, Text Encoder 1.26 seconds, Image Encoder 0.84 seconds, VAE 0.00 seconds, KV Cache Creation 0.65 seconds, Diffusion 2.59 seconds, DIT Compute Steps 3 steps, Scheduler 0.04 seconds
[36m(RolloutGroup(rank=2) pid=97509)[0m Time taken: Total 4.55 seconds, Text Encoder 1.02 seconds, Image Encoder 0.94 seconds, VAE 0.00 seconds, KV Cache Creation 0.28 seconds, Diffusion 2.31 seconds, DIT Compute Steps 3 steps, Scheduler 0.01 seconds
[36m(RolloutGroup(rank=2) pid=97509)[0m language is None, reset current_start_frame to 0
[36m(RolloutGroup(rank=2) pid=97509)[0m videos shape torch.Size([8, 3, 4, 160, 320]) 33
[36m(RolloutGroup(rank=0) pid=97489)[0m Time taken: Total 5.35 seconds, Text Encoder 1.23 seconds, Image Encoder 0.85 seconds, VAE 0.00 seconds, KV Cache Creation 0.64 seconds, Diffusion 2.60 seconds, DIT Compute Steps 3 steps, Scheduler 0.04 seconds
[36m(RolloutGroup(rank=0) pid=97489)[0m language is None, reset current_start_frame to 0
[36m(RolloutGroup(rank=0) pid=97489)[0m videos shape torch.Size([8, 3, 4, 160, 320]) 33
[36m(RolloutGroup(rank=3) pid=97511)[0m language is None, reset current_start_frame to 0
[36m(RolloutGroup(rank=3) pid=97511)[0m videos shape torch.Size([8, 3, 4, 160, 320]) 33
[36m(RolloutGroup(rank=1) pid=97505)[0m Time taken: Total 5.71 seconds, Text Encoder 1.35 seconds, Image Encoder 1.15 seconds, VAE 0.00 seconds, KV Cache Creation 0.62 seconds, Diffusion 2.55 seconds, DIT Compute Steps 3 steps, Scheduler 0.04 seconds
[36m(RolloutGroup(rank=1) pid=97505)[0m language is None, reset current_start_frame to 0
[36m(RolloutGroup(rank=1) pid=97505)[0m videos shape torch.Size([8, 3, 4, 160, 320]) 33
[36m(RolloutGroup(rank=2) pid=97509)[0m Time taken: Total 5.40 seconds, Text Encoder 1.30 seconds, Image Encoder 1.08 seconds, VAE 0.00 seconds, KV Cache Creation 0.59 seconds, Diffusion 2.41 seconds, DIT Compute Steps 3 steps, Scheduler 0.03 seconds
[36m(RolloutGroup(rank=2) pid=97509)[0m language is None, reset current_start_frame to 0
[36m(RolloutGroup(rank=2) pid=97509)[0m videos shape torch.Size([8, 3, 4, 160, 320]) 33
[36m(RolloutGroup(rank=3) pid=97511)[0m Time taken: Total 5.51 seconds, Text Encoder 1.31 seconds, Image Encoder 1.08 seconds, VAE 0.00 seconds, KV Cache Creation 0.62 seconds, Diffusion 2.47 seconds, DIT Compute Steps 3 steps, Scheduler 0.03 seconds
[36m(RolloutGroup(rank=0) pid=97489)[0m Time taken: Total 5.57 seconds, Text Encoder 1.31 seconds, Image Encoder 1.08 seconds, VAE 0.00 seconds, KV Cache Creation 0.63 seconds, Diffusion 2.51 seconds, DIT Compute Steps 3 steps, Scheduler 0.04 seconds
[36m(RolloutGroup(rank=0) pid=97489)[0m language is None, reset current_start_frame to 0
[36m(RolloutGroup(rank=0) pid=97489)[0m videos shape torch.Size([8, 3, 4, 160, 320]) 33
[36m(RolloutGroup(rank=3) pid=97511)[0m language is None, reset current_start_frame to 0
[36m(RolloutGroup(rank=3) pid=97511)[0m videos shape torch.Size([8, 3, 4, 160, 320]) 33
[36m(RolloutGroup(rank=1) pid=97505)[0m Time taken: Total 5.65 seconds, Text Encoder 1.30 seconds, Image Encoder 1.10 seconds, VAE 0.00 seconds, KV Cache Creation 0.63 seconds, Diffusion 2.59 seconds, DIT Compute Steps 3 steps, Scheduler 0.03 seconds
[36m(RolloutGroup(rank=1) pid=97505)[0m language is None, reset current_start_frame to 0
[36m(RolloutGroup(rank=1) pid=97505)[0m videos shape torch.Size([8, 3, 4, 160, 320]) 33
[36m(ActorGroup(rank=2) pid=97486)[0m Time taken: Total 11.28 seconds, Text Encoder 0.65 seconds, Image Encoder 0.26 seconds, VAE 0.00 seconds, KV Cache Creation 2.51 seconds, Diffusion 7.82 seconds, DIT Compute Steps 3 steps, Scheduler 0.04 seconds
[36m(ActorGroup(rank=0) pid=97469)[0m Time taken: Total 11.28 seconds, Text Encoder 0.65 seconds, Image Encoder 0.27 seconds, VAE 0.00 seconds, KV Cache Creation 2.51 seconds, Diffusion 7.82 seconds, DIT Compute Steps 3 steps, Scheduler 0.03 seconds
[36m(ActorGroup(rank=1) pid=97470)[0m Time taken: Total 11.28 seconds, Text Encoder 0.65 seconds, Image Encoder 0.30 seconds, VAE 0.00 seconds, KV Cache Creation 2.47 seconds, Diffusion 7.83 seconds, DIT Compute Steps 3 steps, Scheduler 0.03 seconds
[36m(ActorGroup(rank=3) pid=97488)[0m Time taken: Total 11.28 seconds, Text Encoder 0.65 seconds, Image Encoder 0.26 seconds, VAE 0.00 seconds, KV Cache Creation 2.51 seconds, Diffusion 7.82 seconds, DIT Compute Steps 3 steps, Scheduler 0.03 seconds
[36m(RolloutGroup(rank=2) pid=97509)[0m Time taken: Total 5.17 seconds, Text Encoder 1.33 seconds, Image Encoder 1.15 seconds, VAE 0.00 seconds, KV Cache Creation 0.51 seconds, Diffusion 2.16 seconds, DIT Compute Steps 3 steps, Scheduler 0.01 seconds
[36m(RolloutGroup(rank=2) pid=97509)[0m language is None, reset current_start_frame to 0
[36m(RolloutGroup(rank=2) pid=97509)[0m videos shape torch.Size([8, 3, 4, 160, 320]) 33
[36m(RolloutGroup(rank=0) pid=97489)[0m Time taken: Total 5.18 seconds, Text Encoder 1.35 seconds, Image Encoder 1.14 seconds, VAE 0.00 seconds, KV Cache Creation 0.64 seconds, Diffusion 2.03 seconds, DIT Compute Steps 3 steps, Scheduler 0.03 seconds
[36m(RolloutGroup(rank=0) pid=97489)[0m language is None, reset current_start_frame to 0
[36m(RolloutGroup(rank=0) pid=97489)[0m videos shape torch.Size([8, 3, 4, 160, 320]) 33
[36m(RolloutGroup(rank=3) pid=97511)[0m Time taken: Total 5.30 seconds, Text Encoder 1.35 seconds, Image Encoder 1.14 seconds, VAE 0.00 seconds, KV Cache Creation 0.64 seconds, Diffusion 2.15 seconds, DIT Compute Steps 3 steps, Scheduler 0.03 seconds
[36m(RolloutGroup(rank=3) pid=97511)[0m language is None, reset current_start_frame to 0
[36m(RolloutGroup(rank=3) pid=97511)[0m videos shape torch.Size([8, 3, 4, 160, 320]) 33
[36m(ActorGroup(rank=0) pid=97469)[0m [INFO 15:25:48 ActorGroup-Rank-0][async_ppo_fsdp_worker.py:261] async actor training: micro-batch start 24/64 epoch=1/1 global_batch=2/4 micro=8/16
[36m(ActorGroup(rank=0) pid=97469)[0m [INFO 15:25:48 ActorGroup-Rank-0][async_ppo_fsdp_worker.py:277] async actor training: batch to device done 24/64
[36m(ActorGroup(rank=0) pid=97469)[0m [INFO 15:25:48 ActorGroup-Rank-0][async_ppo_fsdp_worker.py:293] async actor training: before_micro_batch done 24/64 is_last_micro_batch=False
[36m(ActorGroup(rank=0) pid=97469)[0m [INFO 15:25:48 ActorGroup-Rank-0][async_ppo_fsdp_worker.py:341] async actor training: model forward start 24/64
[36m(ActorGroup(rank=2) pid=97486)[0m language is None, reset current_start_frame to 0
[36m(ActorGroup(rank=2) pid=97486)[0m videos shape torch.Size([1, 3, 4, 160, 320]) 33
[36m(ActorGroup(rank=0) pid=97469)[0m language is None, reset current_start_frame to 0
[36m(ActorGroup(rank=0) pid=97469)[0m videos shape torch.Size([1, 3, 4, 160, 320]) 33
[36m(ActorGroup(rank=1) pid=97470)[0m language is None, reset current_start_frame to 0
[36m(ActorGroup(rank=1) pid=97470)[0m videos shape torch.Size([1, 3, 4, 160, 320]) 33
[36m(ActorGroup(rank=3) pid=97488)[0m language is None, reset current_start_frame to 0
[36m(ActorGroup(rank=3) pid=97488)[0m videos shape torch.Size([1, 3, 4, 160, 320]) 33
[36m(RolloutGroup(rank=1) pid=97505)[0m Time taken: Total 4.97 seconds, Text Encoder 1.12 seconds, Image Encoder 1.12 seconds, VAE 0.00 seconds, KV Cache Creation 0.45 seconds, Diffusion 2.26 seconds, DIT Compute Steps 3 steps, Scheduler 0.02 seconds
[36m(RolloutGroup(rank=1) pid=97505)[0m language is None, reset current_start_frame to 0
[36m(RolloutGroup(rank=1) pid=97505)[0m videos shape torch.Size([8, 3, 4, 160, 320]) 33
[36m(RolloutGroup(rank=2) pid=97509)[0m Time taken: Total 4.78 seconds, Text Encoder 1.00 seconds, Image Encoder 0.86 seconds, VAE 0.00 seconds, KV Cache Creation 0.41 seconds, Diffusion 2.49 seconds, DIT Compute Steps 3 steps, Scheduler 0.03 seconds
[36m(RolloutGroup(rank=2) pid=97509)[0m language is None, reset current_start_frame to 0
[36m(RolloutGroup(rank=2) pid=97509)[0m videos shape torch.Size([8, 3, 4, 160, 320]) 33
[36m(RolloutGroup(rank=0) pid=97489)[0m Time taken: Total 5.29 seconds, Text Encoder 0.99 seconds, Image Encoder 1.11 seconds, VAE 0.00 seconds, KV Cache Creation 0.69 seconds, Diffusion 2.47 seconds, DIT Compute Steps 3 steps, Scheduler 0.03 seconds
[36m(RolloutGroup(rank=0) pid=97489)[0m language is None, reset current_start_frame to 0
[36m(RolloutGroup(rank=0) pid=97489)[0m videos shape torch.Size([8, 3, 4, 160, 320]) 33
[36m(RolloutGroup(rank=3) pid=97511)[0m Time taken: Total 5.36 seconds, Text Encoder 1.06 seconds, Image Encoder 1.14 seconds, VAE 0.00 seconds, KV Cache Creation 0.69 seconds, Diffusion 2.45 seconds, DIT Compute Steps 3 steps, Scheduler 0.02 seconds
[36m(RolloutGroup(rank=3) pid=97511)[0m language is None, reset current_start_frame to 0
[36m(RolloutGroup(rank=3) pid=97511)[0m videos shape torch.Size([8, 3, 4, 160, 320]) 33
[36m(RolloutGroup(rank=1) pid=97505)[0m Time taken: Total 5.60 seconds, Text Encoder 1.29 seconds, Image Encoder 1.06 seconds, VAE 0.00 seconds, KV Cache Creation 0.64 seconds, Diffusion 2.57 seconds, DIT Compute Steps 3 steps, Scheduler 0.04 seconds
[36m(RolloutGroup(rank=1) pid=97505)[0m language is None, reset current_start_frame to 0
[36m(RolloutGroup(rank=1) pid=97505)[0m videos shape torch.Size([8, 3, 4, 160, 320]) 33
[36m(RolloutGroup(rank=2) pid=97509)[0m Time taken: Total 5.39 seconds, Text Encoder 1.29 seconds, Image Encoder 1.15 seconds, VAE 0.00 seconds, KV Cache Creation 0.64 seconds, Diffusion 2.29 seconds, DIT Compute Steps 3 steps, Scheduler 0.03 seconds
[36m(RolloutGroup(rank=0) pid=97489)[0m Time taken: Total 5.58 seconds, Text Encoder 1.35 seconds, Image Encoder 1.10 seconds, VAE 0.00 seconds, KV Cache Creation 0.62 seconds, Diffusion 2.48 seconds, DIT Compute Steps 3 steps, Scheduler 0.03 seconds
[36m(RolloutGroup(rank=0) pid=97489)[0m language is None, reset current_start_frame to 0
[36m(RolloutGroup(rank=0) pid=97489)[0m videos shape torch.Size([8, 3, 4, 160, 320]) 33
[36m(RolloutGroup(rank=3) pid=97511)[0m Time taken: Total 5.55 seconds, Text Encoder 1.37 seconds, Image Encoder 1.10 seconds, VAE 0.00 seconds, KV Cache Creation 0.64 seconds, Diffusion 2.41 seconds, DIT Compute Steps 3 steps, Scheduler 0.04 seconds
[36m(RolloutGroup(rank=3) pid=97511)[0m language is None, reset current_start_frame to 0
[36m(RolloutGroup(rank=3) pid=97511)[0m videos shape torch.Size([8, 3, 4, 160, 320]) 33
[36m(RolloutGroup(rank=2) pid=97509)[0m language is None, reset current_start_frame to 0
[36m(RolloutGroup(rank=2) pid=97509)[0m videos shape torch.Size([8, 3, 4, 160, 320]) 33
[36m(ActorGroup(rank=2) pid=97486)[0m Time taken: Total 11.54 seconds, Text Encoder 0.52 seconds, Image Encoder 0.27 seconds, VAE 0.00 seconds, KV Cache Creation 2.08 seconds, Diffusion 8.63 seconds, DIT Compute Steps 3 steps, Scheduler 0.03 seconds
[36m(ActorGroup(rank=0) pid=97469)[0m Time taken: Total 11.53 seconds, Text Encoder 0.52 seconds, Image Encoder 0.26 seconds, VAE 0.00 seconds, KV Cache Creation 2.09 seconds, Diffusion 8.64 seconds, DIT Compute Steps 3 steps, Scheduler 0.02 seconds
[36m(ActorGroup(rank=1) pid=97470)[0m Time taken: Total 11.53 seconds, Text Encoder 0.53 seconds, Image Encoder 0.30 seconds, VAE 0.00 seconds, KV Cache Creation 2.05 seconds, Diffusion 8.63 seconds, DIT Compute Steps 3 steps, Scheduler 0.03 seconds
[36m(ActorGroup(rank=3) pid=97488)[0m Time taken: Total 11.54 seconds, Text Encoder 0.52 seconds, Image Encoder 0.27 seconds, VAE 0.00 seconds, KV Cache Creation 2.08 seconds, Diffusion 8.63 seconds, DIT Compute Steps 3 steps, Scheduler 0.03 seconds
[36m(ActorGroup(rank=0) pid=97469)[0m [INFO 15:26:00 ActorGroup-Rank-0][async_ppo_fsdp_worker.py:359] async actor training: model forward done 24/64 elapsed=12.15s
[36m(ActorGroup(rank=0) pid=97469)[0m [INFO 15:26:00 ActorGroup-Rank-0][async_ppo_fsdp_worker.py:386] async actor training: logprobs ready 24/64 shape=(1, 16, 7) dtype=torch.float32
[36m(ActorGroup(rank=0) pid=97469)[0m [INFO 15:26:00 ActorGroup-Rank-0][async_ppo_fsdp_worker.py:419] async actor training: dreamzero tensors aligned 24/64 logprobs=(1, 16, 7) old_logprobs=(1, 16, 7) proximal_logprobs=None versions=(1, 16, 7) loss_action_dim=7
[36m(ActorGroup(rank=0) pid=97469)[0m [INFO 15:26:00 ActorGroup-Rank-0][async_ppo_fsdp_worker.py:457] async actor training: loss kwargs build start 24/64
[36m(ActorGroup(rank=0) pid=97469)[0m [INFO 15:26:00 ActorGroup-Rank-0][async_ppo_fsdp_worker.py:501] async actor training: loss kwargs built 24/64
[36m(ActorGroup(rank=0) pid=97469)[0m [INFO 15:26:00 ActorGroup-Rank-0][async_ppo_fsdp_worker.py:505] async actor training: policy loss start 24/64
[36m(ActorGroup(rank=0) pid=97469)[0m [INFO 15:26:00 ActorGroup-Rank-0][async_ppo_fsdp_worker.py:515] async actor training: policy loss done 24/64
[36m(ActorGroup(rank=0) pid=97469)[0m [INFO 15:26:00 ActorGroup-Rank-0][async_ppo_fsdp_worker.py:542] async actor training: backward start 24/64
[36m(RolloutGroup(rank=1) pid=97505)[0m Time taken: Total 5.46 seconds, Text Encoder 1.29 seconds, Image Encoder 1.08 seconds, VAE 0.00 seconds, KV Cache Creation 0.63 seconds, Diffusion 2.42 seconds, DIT Compute Steps 3 steps, Scheduler 0.04 seconds
[36m(RolloutGroup(rank=1) pid=97505)[0m language is None, reset current_start_frame to 0
[36m(RolloutGroup(rank=1) pid=97505)[0m videos shape torch.Size([8, 3, 4, 160, 320]) 33
[36m(RolloutGroup(rank=0) pid=97489)[0m Time taken: Total 4.73 seconds, Text Encoder 1.37 seconds, Image Encoder 1.16 seconds, VAE 0.00 seconds, KV Cache Creation 0.38 seconds, Diffusion 1.80 seconds, DIT Compute Steps 3 steps, Scheduler 0.02 seconds
[36m(RolloutGroup(rank=2) pid=97509)[0m Time taken: Total 4.76 seconds, Text Encoder 1.35 seconds, Image Encoder 1.15 seconds, VAE 0.00 seconds, KV Cache Creation 0.38 seconds, Diffusion 1.83 seconds, DIT Compute Steps 3 steps, Scheduler 0.04 seconds
[36m(RolloutGroup(rank=2) pid=97509)[0m language is None, reset current_start_frame to 0
[36m(RolloutGroup(rank=2) pid=97509)[0m videos shape torch.Size([8, 3, 4, 160, 320]) 33
[36m(RolloutGroup(rank=3) pid=97511)[0m Time taken: Total 4.88 seconds, Text Encoder 1.37 seconds, Image Encoder 1.17 seconds, VAE 0.00 seconds, KV Cache Creation 0.45 seconds, Diffusion 1.86 seconds, DIT Compute Steps 3 steps, Scheduler 0.04 seconds
[36m(ActorGroup(rank=0) pid=97469)[0m [INFO 15:26:03 ActorGroup-Rank-0][async_ppo_fsdp_worker.py:553] async actor training: backward done 24/64 elapsed=2.25s
[36m(ActorGroup(rank=2) pid=97486)[0m language is None, reset current_start_frame to 0
[36m(ActorGroup(rank=2) pid=97486)[0m videos shape torch.Size([1, 3, 4, 160, 320]) 33
[36m(ActorGroup(rank=0) pid=97469)[0m language is None, reset current_start_frame to 0
[36m(ActorGroup(rank=0) pid=97469)[0m videos shape torch.Size([1, 3, 4, 160, 320]) 33
[36m(ActorGroup(rank=1) pid=97470)[0m language is None, reset current_start_frame to 0
[36m(ActorGroup(rank=1) pid=97470)[0m videos shape torch.Size([1, 3, 4, 160, 320]) 33
[36m(RolloutGroup(rank=0) pid=97489)[0m language is None, reset current_start_frame to 0
[36m(RolloutGroup(rank=0) pid=97489)[0m videos shape torch.Size([8, 3, 4, 160, 320]) 33
[36m(ActorGroup(rank=3) pid=97488)[0m language is None, reset current_start_frame to 0
[36m(ActorGroup(rank=3) pid=97488)[0m videos shape torch.Size([1, 3, 4, 160, 320]) 33
[36m(RolloutGroup(rank=3) pid=97511)[0m language is None, reset current_start_frame to 0
[36m(RolloutGroup(rank=3) pid=97511)[0m videos shape torch.Size([8, 3, 4, 160, 320]) 33
[36m(RolloutGroup(rank=1) pid=97505)[0m Time taken: Total 5.34 seconds, Text Encoder 1.00 seconds, Image Encoder 1.13 seconds, VAE 0.00 seconds, KV Cache Creation 0.68 seconds, Diffusion 2.50 seconds, DIT Compute Steps 3 steps, Scheduler 0.03 seconds
[36m(RolloutGroup(rank=1) pid=97505)[0m language is None, reset current_start_frame to 0
[36m(RolloutGroup(rank=1) pid=97505)[0m videos shape torch.Size([8, 3, 4, 160, 320]) 33
[36m(RolloutGroup(rank=2) pid=97509)[0m Time taken: Total 5.02 seconds, Text Encoder 0.89 seconds, Image Encoder 1.17 seconds, VAE 0.00 seconds, KV Cache Creation 0.64 seconds, Diffusion 2.28 seconds, DIT Compute Steps 3 steps, Scheduler 0.04 seconds
[36m(RolloutGroup(rank=2) pid=97509)[0m language is None, reset current_start_frame to 0
[36m(RolloutGroup(rank=2) pid=97509)[0m videos shape torch.Size([8, 3, 4, 160, 320]) 33
[36m(RolloutGroup(rank=0) pid=97489)[0m Time taken: Total 5.67 seconds, Text Encoder 1.37 seconds, Image Encoder 1.11 seconds, VAE 0.00 seconds, KV Cache Creation 0.62 seconds, Diffusion 2.54 seconds, DIT Compute Steps 3 steps, Scheduler 0.03 seconds
[36m(RolloutGroup(rank=0) pid=97489)[0m language is None, reset current_start_frame to 0
[36m(RolloutGroup(rank=0) pid=97489)[0m videos shape torch.Size([8, 3, 4, 160, 320]) 33
[36m(RolloutGroup(rank=3) pid=97511)[0m Time taken: Total 5.63 seconds, Text Encoder 1.36 seconds, Image Encoder 1.09 seconds, VAE 0.00 seconds, KV Cache Creation 0.58 seconds, Diffusion 2.57 seconds, DIT Compute Steps 3 steps, Scheduler 0.02 seconds
[36m(RolloutGroup(rank=3) pid=97511)[0m language is None, reset current_start_frame to 0
[36m(RolloutGroup(rank=3) pid=97511)[0m videos shape torch.Size([8, 3, 4, 160, 320]) 33
[36m(RolloutGroup(rank=1) pid=97505)[0m Time taken: Total 5.67 seconds, Text Encoder 1.29 seconds, Image Encoder 1.14 seconds, VAE 0.00 seconds, KV Cache Creation 0.66 seconds, Diffusion 2.56 seconds, DIT Compute Steps 3 steps, Scheduler 0.03 seconds
[36m(RolloutGroup(rank=1) pid=97505)[0m language is None, reset current_start_frame to 0
[36m(RolloutGroup(rank=1) pid=97505)[0m videos shape torch.Size([8, 3, 4, 160, 320]) 33
[36m(RolloutGroup(rank=2) pid=97509)[0m Time taken: Total 5.64 seconds, Text Encoder 1.30 seconds, Image Encoder 1.15 seconds, VAE 0.00 seconds, KV Cache Creation 0.64 seconds, Diffusion 2.51 seconds, DIT Compute Steps 3 steps, Scheduler 0.03 seconds
[36m(RolloutGroup(rank=2) pid=97509)[0m language is None, reset current_start_frame to 0
[36m(RolloutGroup(rank=2) pid=97509)[0m videos shape torch.Size([8, 3, 4, 160, 320]) 33
[36m(RolloutGroup(rank=0) pid=97489)[0m Time taken: Total 5.73 seconds, Text Encoder 1.35 seconds, Image Encoder 1.15 seconds, VAE 0.00 seconds, KV Cache Creation 0.62 seconds, Diffusion 2.58 seconds, DIT Compute Steps 3 steps, Scheduler 0.03 seconds
[36m(RolloutGroup(rank=0) pid=97489)[0m language is None, reset current_start_frame to 0
[36m(RolloutGroup(rank=0) pid=97489)[0m videos shape torch.Size([8, 3, 4, 160, 320]) 33
[36m(RolloutGroup(rank=3) pid=97511)[0m Time taken: Total 5.75 seconds, Text Encoder 1.35 seconds, Image Encoder 1.15 seconds, VAE 0.00 seconds, KV Cache Creation 0.61 seconds, Diffusion 2.61 seconds, DIT Compute Steps 3 steps, Scheduler 0.03 seconds
[36m(RolloutGroup(rank=3) pid=97511)[0m language is None, reset current_start_frame to 0
[36m(RolloutGroup(rank=3) pid=97511)[0m videos shape torch.Size([8, 3, 4, 160, 320]) 33
[36m(ActorGroup(rank=2) pid=97486)[0m Time taken: Total 13.55 seconds, Text Encoder 0.55 seconds, Image Encoder 0.42 seconds, VAE 0.00 seconds, KV Cache Creation 2.32 seconds, Diffusion 10.23 seconds, DIT Compute Steps 3 steps, Scheduler 0.03 seconds
[36m(ActorGroup(rank=0) pid=97469)[0m Time taken: Total 13.55 seconds, Text Encoder 0.56 seconds, Image Encoder 0.40 seconds, VAE 0.00 seconds, KV Cache Creation 2.33 seconds, Diffusion 10.24 seconds, DIT Compute Steps 3 steps, Scheduler 0.02 seconds
[36m(ActorGroup(rank=1) pid=97470)[0m Time taken: Total 13.55 seconds, Text Encoder 0.55 seconds, Image Encoder 0.37 seconds, VAE 0.00 seconds, KV Cache Creation 2.37 seconds, Diffusion 10.24 seconds, DIT Compute Steps 3 steps, Scheduler 0.03 seconds
[36m(ActorGroup(rank=3) pid=97488)[0m Time taken: Total 13.55 seconds, Text Encoder 0.56 seconds, Image Encoder 0.42 seconds, VAE 0.00 seconds, KV Cache Creation 2.32 seconds, Diffusion 10.24 seconds, DIT Compute Steps 3 steps, Scheduler 0.02 seconds
[36m(RolloutGroup(rank=1) pid=97505)[0m Time taken: Total 5.02 seconds, Text Encoder 1.32 seconds, Image Encoder 1.16 seconds, VAE 0.00 seconds, KV Cache Creation 0.67 seconds, Diffusion 1.83 seconds, DIT Compute Steps 3 steps, Scheduler 0.03 seconds
[36m(RolloutGroup(rank=1) pid=97505)[0m language is None, reset current_start_frame to 0
[36m(RolloutGroup(rank=1) pid=97505)[0m videos shape torch.Size([8, 3, 4, 160, 320]) 33
[36m(RolloutGroup(rank=2) pid=97509)[0m Time taken: Total 4.94 seconds, Text Encoder 1.35 seconds, Image Encoder 1.16 seconds, VAE 0.00 seconds, KV Cache Creation 0.36 seconds, Diffusion 2.05 seconds, DIT Compute Steps 3 steps, Scheduler 0.02 seconds
[36m(RolloutGroup(rank=2) pid=97509)[0m language is None, reset current_start_frame to 0
[36m(RolloutGroup(rank=2) pid=97509)[0m videos shape torch.Size([8, 3, 4, 160, 320]) 33
[36m(RolloutGroup(rank=0) pid=97489)[0m Time taken: Total 4.25 seconds, Text Encoder 1.12 seconds, Image Encoder 0.83 seconds, VAE 0.00 seconds, KV Cache Creation 0.33 seconds, Diffusion 1.93 seconds, DIT Compute Steps 3 steps, Scheduler 0.04 seconds
[36m(RolloutGroup(rank=0) pid=97489)[0m language is None, reset current_start_frame to 0
[36m(RolloutGroup(rank=0) pid=97489)[0m videos shape torch.Size([8, 3, 4, 160, 320]) 33
[36m(RolloutGroup(rank=3) pid=97511)[0m Time taken: Total 4.49 seconds, Text Encoder 0.97 seconds, Image Encoder 0.94 seconds, VAE 0.00 seconds, KV Cache Creation 0.68 seconds, Diffusion 1.86 seconds, DIT Compute Steps 3 steps, Scheduler 0.03 seconds
[36m(RolloutGroup(rank=3) pid=97511)[0m language is None, reset current_start_frame to 0
[36m(RolloutGroup(rank=3) pid=97511)[0m videos shape torch.Size([8, 3, 4, 160, 320]) 33
[36m(ActorGroup(rank=2) pid=97486)[0m language is None, reset current_start_frame to 0
[36m(ActorGroup(rank=2) pid=97486)[0m videos shape torch.Size([1, 3, 4, 160, 320]) 33
[36m(ActorGroup(rank=0) pid=97469)[0m language is None, reset current_start_frame to 0
[36m(ActorGroup(rank=0) pid=97469)[0m videos shape torch.Size([1, 3, 4, 160, 320]) 33
[36m(ActorGroup(rank=1) pid=97470)[0m language is None, reset current_start_frame to 0
[36m(ActorGroup(rank=1) pid=97470)[0m videos shape torch.Size([1, 3, 4, 160, 320]) 33
[36m(ActorGroup(rank=3) pid=97488)[0m language is None, reset current_start_frame to 0
[36m(ActorGroup(rank=3) pid=97488)[0m videos shape torch.Size([1, 3, 4, 160, 320]) 33
[36m(RolloutGroup(rank=2) pid=97509)[0m Time taken: Total 4.54 seconds, Text Encoder 1.00 seconds, Image Encoder 0.93 seconds, VAE 0.00 seconds, KV Cache Creation 0.28 seconds, Diffusion 2.32 seconds, DIT Compute Steps 3 steps, Scheduler 0.01 seconds
[36m(RolloutGroup(rank=2) pid=97509)[0m language is None, reset current_start_frame to 0
[36m(RolloutGroup(rank=2) pid=97509)[0m videos shape torch.Size([8, 3, 4, 160, 320]) 33
[36m(RolloutGroup(rank=1) pid=97505)[0m Time taken: Total 5.36 seconds, Text Encoder 1.17 seconds, Image Encoder 0.94 seconds, VAE 0.00 seconds, KV Cache Creation 0.65 seconds, Diffusion 2.57 seconds, DIT Compute Steps 3 steps, Scheduler 0.04 seconds
[36m(RolloutGroup(rank=1) pid=97505)[0m language is None, reset current_start_frame to 0
[36m(RolloutGroup(rank=1) pid=97505)[0m videos shape torch.Size([8, 3, 4, 160, 320]) 33
[36m(RolloutGroup(rank=3) pid=97511)[0m Time taken: Total 5.06 seconds, Text Encoder 0.75 seconds, Image Encoder 1.15 seconds, VAE 0.00 seconds, KV Cache Creation 0.58 seconds, Diffusion 2.54 seconds, DIT Compute Steps 3 steps, Scheduler 0.04 seconds
[36m(RolloutGroup(rank=3) pid=97511)[0m language is None, reset current_start_frame to 0
[36m(RolloutGroup(rank=3) pid=97511)[0m videos shape torch.Size([8, 3, 4, 160, 320]) 33
[36m(RolloutGroup(rank=0) pid=97489)[0m Time taken: Total 5.67 seconds, Text Encoder 1.27 seconds, Image Encoder 1.18 seconds, VAE 0.00 seconds, KV Cache Creation 0.62 seconds, Diffusion 2.58 seconds, DIT Compute Steps 3 steps, Scheduler 0.02 seconds
[36m(RolloutGroup(rank=0) pid=97489)[0m language is None, reset current_start_frame to 0
[36m(RolloutGroup(rank=0) pid=97489)[0m videos shape torch.Size([8, 3, 4, 160, 320]) 33
[36m(RolloutGroup(rank=2) pid=97509)[0m Time taken: Total 5.59 seconds, Text Encoder 1.33 seconds, Image Encoder 1.12 seconds, VAE 0.00 seconds, KV Cache Creation 0.65 seconds, Diffusion 2.47 seconds, DIT Compute Steps 3 steps, Scheduler 0.03 seconds
[36m(RolloutGroup(rank=2) pid=97509)[0m language is None, reset current_start_frame to 0
[36m(RolloutGroup(rank=2) pid=97509)[0m videos shape torch.Size([8, 3, 4, 160, 320]) 33
[36m(RolloutGroup(rank=1) pid=97505)[0m Time taken: Total 5.67 seconds, Text Encoder 1.36 seconds, Image Encoder 1.14 seconds, VAE 0.00 seconds, KV Cache Creation 0.64 seconds, Diffusion 2.50 seconds, DIT Compute Steps 3 steps, Scheduler 0.03 seconds
[36m(RolloutGroup(rank=1) pid=97505)[0m language is None, reset current_start_frame to 0
[36m(RolloutGroup(rank=1) pid=97505)[0m videos shape torch.Size([8, 3, 4, 160, 320]) 33
[36m(RolloutGroup(rank=3) pid=97511)[0m Time taken: Total 5.52 seconds, Text Encoder 1.34 seconds, Image Encoder 1.09 seconds, VAE 0.00 seconds, KV Cache Creation 0.56 seconds, Diffusion 2.51 seconds, DIT Compute Steps 3 steps, Scheduler 0.03 seconds
[36m(RolloutGroup(rank=3) pid=97511)[0m language is None, reset current_start_frame to 0
[36m(RolloutGroup(rank=3) pid=97511)[0m videos shape torch.Size([8, 3, 4, 160, 320]) 33
[36m(RolloutGroup(rank=0) pid=97489)[0m Time taken: Total 5.70 seconds, Text Encoder 1.33 seconds, Image Encoder 1.14 seconds, VAE 0.00 seconds, KV Cache Creation 0.63 seconds, Diffusion 2.56 seconds, DIT Compute Steps 3 steps, Scheduler 0.04 seconds
[36m(RolloutGroup(rank=0) pid=97489)[0m language is None, reset current_start_frame to 0
[36m(RolloutGroup(rank=0) pid=97489)[0m videos shape torch.Size([8, 3, 4, 160, 320]) 33
[36m(ActorGroup(rank=2) pid=97486)[0m Time taken: Total 12.93 seconds, Text Encoder 0.57 seconds, Image Encoder 0.27 seconds, VAE 0.00 seconds, KV Cache Creation 2.83 seconds, Diffusion 9.23 seconds, DIT Compute Steps 3 steps, Scheduler 0.03 seconds
[36m(ActorGroup(rank=0) pid=97469)[0m Time taken: Total 12.93 seconds, Text Encoder 0.56 seconds, Image Encoder 0.31 seconds, VAE 0.00 seconds, KV Cache Creation 2.79 seconds, Diffusion 9.24 seconds, DIT Compute Steps 3 steps, Scheduler 0.03 seconds
[36m(ActorGroup(rank=1) pid=97470)[0m Time taken: Total 12.93 seconds, Text Encoder 0.57 seconds, Image Encoder 0.27 seconds, VAE 0.00 seconds, KV Cache Creation 2.83 seconds, Diffusion 9.23 seconds, DIT Compute Steps 3 steps, Scheduler 0.04 seconds
[36m(ActorGroup(rank=3) pid=97488)[0m Time taken: Total 12.93 seconds, Text Encoder 0.56 seconds, Image Encoder 0.31 seconds, VAE 0.00 seconds, KV Cache Creation 2.79 seconds, Diffusion 9.25 seconds, DIT Compute Steps 3 steps, Scheduler 0.03 seconds
[36m(RolloutGroup(rank=2) pid=97509)[0m Time taken: Total 5.46 seconds, Text Encoder 1.29 seconds, Image Encoder 1.14 seconds, VAE 0.00 seconds, KV Cache Creation 0.65 seconds, Diffusion 2.34 seconds, DIT Compute Steps 3 steps, Scheduler 0.04 seconds
[36m(RolloutGroup(rank=2) pid=97509)[0m language is None, reset current_start_frame to 0
[36m(RolloutGroup(rank=2) pid=97509)[0m videos shape torch.Size([8, 3, 4, 160, 320]) 33
[36m(RolloutGroup(rank=1) pid=97505)[0m Time taken: Total 5.46 seconds, Text Encoder 1.34 seconds, Image Encoder 1.16 seconds, VAE 0.00 seconds, KV Cache Creation 0.66 seconds, Diffusion 2.28 seconds, DIT Compute Steps 3 steps, Scheduler 0.03 seconds
[36m(RolloutGroup(rank=1) pid=97505)[0m language is None, reset current_start_frame to 0
[36m(RolloutGroup(rank=1) pid=97505)[0m videos shape torch.Size([8, 3, 4, 160, 320]) 33
[36m(RolloutGroup(rank=3) pid=97511)[0m Time taken: Total 5.19 seconds, Text Encoder 1.36 seconds, Image Encoder 1.11 seconds, VAE 0.00 seconds, KV Cache Creation 0.60 seconds, Diffusion 2.10 seconds, DIT Compute Steps 3 steps, Scheduler 0.03 seconds
[36m(RolloutGroup(rank=3) pid=97511)[0m language is None, reset current_start_frame to 0
[36m(RolloutGroup(rank=3) pid=97511)[0m videos shape torch.Size([8, 3, 4, 160, 320]) 33
[36m(RolloutGroup(rank=0) pid=97489)[0m Time taken: Total 5.13 seconds, Text Encoder 1.36 seconds, Image Encoder 1.13 seconds, VAE 0.00 seconds, KV Cache Creation 0.59 seconds, Diffusion 2.03 seconds, DIT Compute Steps 3 steps, Scheduler 0.02 seconds
[36m(RolloutGroup(rank=0) pid=97489)[0m language is None, reset current_start_frame to 0
[36m(RolloutGroup(rank=0) pid=97489)[0m videos shape torch.Size([8, 3, 4, 160, 320]) 33
[36m(ActorGroup(rank=2) pid=97486)[0m language is None, reset current_start_frame to 0
[36m(ActorGroup(rank=2) pid=97486)[0m videos shape torch.Size([1, 3, 4, 160, 320]) 33
[36m(ActorGroup(rank=0) pid=97469)[0m language is None, reset current_start_frame to 0
[36m(ActorGroup(rank=0) pid=97469)[0m videos shape torch.Size([1, 3, 4, 160, 320]) 33
[36m(ActorGroup(rank=1) pid=97470)[0m language is None, reset current_start_frame to 0
[36m(ActorGroup(rank=1) pid=97470)[0m videos shape torch.Size([1, 3, 4, 160, 320]) 33
[36m(ActorGroup(rank=3) pid=97488)[0m language is None, reset current_start_frame to 0
[36m(ActorGroup(rank=3) pid=97488)[0m videos shape torch.Size([1, 3, 4, 160, 320]) 33
[36m(RolloutGroup(rank=2) pid=97509)[0m Time taken: Total 4.36 seconds, Text Encoder 1.27 seconds, Image Encoder 0.89 seconds, VAE 0.00 seconds, KV Cache Creation 0.43 seconds, Diffusion 1.75 seconds, DIT Compute Steps 3 steps, Scheduler 0.02 seconds
[36m(RolloutGroup(rank=2) pid=97509)[0m language is None, reset current_start_frame to 0
[36m(RolloutGroup(rank=2) pid=97509)[0m videos shape torch.Size([8, 3, 4, 160, 320]) 33
[36m(RolloutGroup(rank=1) pid=97505)[0m Time taken: Total 5.38 seconds, Text Encoder 1.28 seconds, Image Encoder 0.84 seconds, VAE 0.00 seconds, KV Cache Creation 0.65 seconds, Diffusion 2.57 seconds, DIT Compute Steps 3 steps, Scheduler 0.04 seconds
[36m(RolloutGroup(rank=1) pid=97505)[0m language is None, reset current_start_frame to 0
[36m(RolloutGroup(rank=1) pid=97505)[0m videos shape torch.Size([8, 3, 4, 160, 320]) 33
[36m(RolloutGroup(rank=3) pid=97511)[0m Time taken: Total 4.90 seconds, Text Encoder 1.11 seconds, Image Encoder 0.58 seconds, VAE 0.00 seconds, KV Cache Creation 0.61 seconds, Diffusion 2.57 seconds, DIT Compute Steps 3 steps, Scheduler 0.03 seconds
[36m(RolloutGroup(rank=3) pid=97511)[0m language is None, reset current_start_frame to 0
[36m(RolloutGroup(rank=3) pid=97511)[0m videos shape torch.Size([8, 3, 4, 160, 320]) 33
[36m(RolloutGroup(rank=0) pid=97489)[0m Time taken: Total 5.50 seconds, Text Encoder 1.08 seconds, Image Encoder 1.18 seconds, VAE 0.00 seconds, KV Cache Creation 0.64 seconds, Diffusion 2.58 seconds, DIT Compute Steps 3 steps, Scheduler 0.02 seconds
[36m(RolloutGroup(rank=0) pid=97489)[0m language is None, reset current_start_frame to 0
[36m(RolloutGroup(rank=0) pid=97489)[0m videos shape torch.Size([8, 3, 4, 160, 320]) 33
[36m(RolloutGroup(rank=2) pid=97509)[0m Time taken: Total 5.56 seconds, Text Encoder 1.27 seconds, Image Encoder 1.15 seconds, VAE 0.00 seconds, KV Cache Creation 0.62 seconds, Diffusion 2.48 seconds, DIT Compute Steps 3 steps, Scheduler 0.04 seconds
[36m(RolloutGroup(rank=2) pid=97509)[0m language is None, reset current_start_frame to 0
[36m(RolloutGroup(rank=2) pid=97509)[0m videos shape torch.Size([8, 3, 4, 160, 320]) 33
[36m(RolloutGroup(rank=1) pid=97505)[0m Time taken: Total 5.66 seconds, Text Encoder 1.36 seconds, Image Encoder 1.13 seconds, VAE 0.00 seconds, KV Cache Creation 0.65 seconds, Diffusion 2.48 seconds, DIT Compute Steps 3 steps, Scheduler 0.03 seconds
[36m(RolloutGroup(rank=1) pid=97505)[0m language is None, reset current_start_frame to 0
[36m(RolloutGroup(rank=1) pid=97505)[0m videos shape torch.Size([8, 3, 4, 160, 320]) 33
[36m(RolloutGroup(rank=3) pid=97511)[0m Time taken: Total 5.53 seconds, Text Encoder 1.34 seconds, Image Encoder 1.12 seconds, VAE 0.00 seconds, KV Cache Creation 0.56 seconds, Diffusion 2.48 seconds, DIT Compute Steps 3 steps, Scheduler 0.03 seconds
[36m(RolloutGroup(rank=3) pid=97511)[0m language is None, reset current_start_frame to 0
[36m(RolloutGroup(rank=3) pid=97511)[0m videos shape torch.Size([8, 3, 4, 160, 320]) 33
[36m(RolloutGroup(rank=0) pid=97489)[0m Time taken: Total 5.63 seconds, Text Encoder 1.36 seconds, Image Encoder 1.10 seconds, VAE 0.00 seconds, KV Cache Creation 0.62 seconds, Diffusion 2.52 seconds, DIT Compute Steps 3 steps, Scheduler 0.03 seconds
[36m(RolloutGroup(rank=0) pid=97489)[0m language is None, reset current_start_frame to 0
[36m(RolloutGroup(rank=0) pid=97489)[0m videos shape torch.Size([8, 3, 4, 160, 320]) 33
[36m(RolloutGroup(rank=2) pid=97509)[0m Time taken: Total 5.46 seconds, Text Encoder 1.27 seconds, Image Encoder 1.09 seconds, VAE 0.00 seconds, KV Cache Creation 0.63 seconds, Diffusion 2.43 seconds, DIT Compute Steps 3 steps, Scheduler 0.03 seconds
[36m(ActorGroup(rank=2) pid=97486)[0m Time taken: Total 11.92 seconds, Text Encoder 0.57 seconds, Image Encoder 0.24 seconds, VAE 0.00 seconds, KV Cache Creation 2.70 seconds, Diffusion 8.37 seconds, DIT Compute Steps 3 steps, Scheduler 0.03 seconds
[36m(ActorGroup(rank=0) pid=97469)[0m Time taken: Total 11.92 seconds, Text Encoder 0.57 seconds, Image Encoder 0.23 seconds, VAE 0.00 seconds, KV Cache Creation 2.71 seconds, Diffusion 8.38 seconds, DIT Compute Steps 3 steps, Scheduler 0.03 seconds
[36m(ActorGroup(rank=1) pid=97470)[0m Time taken: Total 11.91 seconds, Text Encoder 0.57 seconds, Image Encoder 0.23 seconds, VAE 0.00 seconds, KV Cache Creation 2.71 seconds, Diffusion 8.37 seconds, DIT Compute Steps 3 steps, Scheduler 0.03 seconds
[36m(ActorGroup(rank=3) pid=97488)[0m Time taken: Total 11.92 seconds, Text Encoder 0.58 seconds, Image Encoder 0.23 seconds, VAE 0.00 seconds, KV Cache Creation 2.71 seconds, Diffusion 8.37 seconds, DIT Compute Steps 3 steps, Scheduler 0.03 seconds
[36m(RolloutGroup(rank=2) pid=97509)[0m language is None, reset current_start_frame to 0
[36m(RolloutGroup(rank=2) pid=97509)[0m videos shape torch.Size([8, 3, 4, 160, 320]) 33
[36m(RolloutGroup(rank=1) pid=97505)[0m Time taken: Total 5.39 seconds, Text Encoder 1.32 seconds, Image Encoder 1.14 seconds, VAE 0.00 seconds, KV Cache Creation 0.66 seconds, Diffusion 2.24 seconds, DIT Compute Steps 3 steps, Scheduler 0.04 seconds
[36m(RolloutGroup(rank=1) pid=97505)[0m language is None, reset current_start_frame to 0
[36m(RolloutGroup(rank=1) pid=97505)[0m videos shape torch.Size([8, 3, 4, 160, 320]) 33
[36m(RolloutGroup(rank=3) pid=97511)[0m Time taken: Total 5.04 seconds, Text Encoder 1.31 seconds, Image Encoder 1.14 seconds, VAE 0.00 seconds, KV Cache Creation 0.55 seconds, Diffusion 2.01 seconds, DIT Compute Steps 3 steps, Scheduler 0.03 seconds
[36m(RolloutGroup(rank=3) pid=97511)[0m language is None, reset current_start_frame to 0
[36m(RolloutGroup(rank=3) pid=97511)[0m videos shape torch.Size([8, 3, 4, 160, 320]) 33
[36m(RolloutGroup(rank=0) pid=97489)[0m Time taken: Total 4.76 seconds, Text Encoder 1.36 seconds, Image Encoder 1.10 seconds, VAE 0.00 seconds, KV Cache Creation 0.45 seconds, Diffusion 1.81 seconds, DIT Compute Steps 3 steps, Scheduler 0.04 seconds
[36m(RolloutGroup(rank=0) pid=97489)[0m language is None, reset current_start_frame to 0
[36m(RolloutGroup(rank=0) pid=97489)[0m videos shape torch.Size([8, 3, 4, 160, 320]) 33
[36m(ActorGroup(rank=0) pid=97469)[0m [INFO 15:26:52 ActorGroup-Rank-0][async_ppo_fsdp_worker.py:261] async actor training: micro-batch start 28/64 epoch=1/1 global_batch=2/4 micro=12/16
[36m(ActorGroup(rank=0) pid=97469)[0m [INFO 15:26:52 ActorGroup-Rank-0][async_ppo_fsdp_worker.py:277] async actor training: batch to device done 28/64
[36m(ActorGroup(rank=0) pid=97469)[0m [INFO 15:26:52 ActorGroup-Rank-0][async_ppo_fsdp_worker.py:293] async actor training: before_micro_batch done 28/64 is_last_micro_batch=False
[36m(ActorGroup(rank=0) pid=97469)[0m [INFO 15:26:52 ActorGroup-Rank-0][async_ppo_fsdp_worker.py:341] async actor training: model forward start 28/64
[36m(ActorGroup(rank=2) pid=97486)[0m language is None, reset current_start_frame to 0
[36m(ActorGroup(rank=2) pid=97486)[0m videos shape torch.Size([1, 3, 4, 160, 320]) 33
[36m(ActorGroup(rank=0) pid=97469)[0m language is None, reset current_start_frame to 0
[36m(ActorGroup(rank=0) pid=97469)[0m videos shape torch.Size([1, 3, 4, 160, 320]) 33
[36m(ActorGroup(rank=1) pid=97470)[0m language is None, reset current_start_frame to 0
[36m(ActorGroup(rank=1) pid=97470)[0m videos shape torch.Size([1, 3, 4, 160, 320]) 33
[36m(ActorGroup(rank=3) pid=97488)[0m language is None, reset current_start_frame to 0
[36m(ActorGroup(rank=3) pid=97488)[0m videos shape torch.Size([1, 3, 4, 160, 320]) 33
[36m(RolloutGroup(rank=2) pid=97509)[0m Time taken: Total 4.72 seconds, Text Encoder 1.12 seconds, Image Encoder 0.98 seconds, VAE 0.00 seconds, KV Cache Creation 0.37 seconds, Diffusion 2.23 seconds, DIT Compute Steps 3 steps, Scheduler 0.02 seconds
[36m(RolloutGroup(rank=2) pid=97509)[0m language is None, reset current_start_frame to 0
[36m(RolloutGroup(rank=2) pid=97509)[0m videos shape torch.Size([8, 3, 4, 160, 320]) 33
[36m(RolloutGroup(rank=1) pid=97505)[0m Time taken: Total 5.31 seconds, Text Encoder 0.98 seconds, Image Encoder 1.12 seconds, VAE 0.00 seconds, KV Cache Creation 0.66 seconds, Diffusion 2.53 seconds, DIT Compute Steps 3 steps, Scheduler 0.03 seconds
[36m(RolloutGroup(rank=3) pid=97511)[0m Time taken: Total 5.44 seconds, Text Encoder 1.12 seconds, Image Encoder 1.14 seconds, VAE 0.00 seconds, KV Cache Creation 0.67 seconds, Diffusion 2.48 seconds, DIT Compute Steps 3 steps, Scheduler 0.03 seconds
[36m(RolloutGroup(rank=1) pid=97505)[0m language is None, reset current_start_frame to 0
[36m(RolloutGroup(rank=1) pid=97505)[0m videos shape torch.Size([8, 3, 4, 160, 320]) 33
[36m(RolloutGroup(rank=0) pid=97489)[0m Time taken: Total 5.59 seconds, Text Encoder 1.36 seconds, Image Encoder 1.17 seconds, VAE 0.00 seconds, KV Cache Creation 0.60 seconds, Diffusion 2.44 seconds, DIT Compute Steps 3 steps, Scheduler 0.02 seconds
[36m(RolloutGroup(rank=3) pid=97511)[0m language is None, reset current_start_frame to 0
[36m(RolloutGroup(rank=3) pid=97511)[0m videos shape torch.Size([8, 3, 4, 160, 320]) 33
[36m(RolloutGroup(rank=0) pid=97489)[0m language is None, reset current_start_frame to 0
[36m(RolloutGroup(rank=0) pid=97489)[0m videos shape torch.Size([8, 3, 4, 160, 320]) 33
[36m(RolloutGroup(rank=2) pid=97509)[0m Time taken: Total 5.32 seconds, Text Encoder 1.25 seconds, Image Encoder 0.98 seconds, VAE 0.00 seconds, KV Cache Creation 0.56 seconds, Diffusion 2.50 seconds, DIT Compute Steps 3 steps, Scheduler 0.03 seconds
[36m(RolloutGroup(rank=2) pid=97509)[0m language is None, reset current_start_frame to 0
[36m(RolloutGroup(rank=2) pid=97509)[0m videos shape torch.Size([8, 3, 4, 160, 320]) 33
[36m(RolloutGroup(rank=1) pid=97505)[0m Time taken: Total 5.60 seconds, Text Encoder 1.28 seconds, Image Encoder 1.16 seconds, VAE 0.00 seconds, KV Cache Creation 0.64 seconds, Diffusion 2.50 seconds, DIT Compute Steps 3 steps, Scheduler 0.03 seconds
[36m(RolloutGroup(rank=1) pid=97505)[0m language is None, reset current_start_frame to 0
[36m(RolloutGroup(rank=1) pid=97505)[0m videos shape torch.Size([8, 3, 4, 160, 320]) 33
[36m(ActorGroup(rank=2) pid=97486)[0m Time taken: Total 10.16 seconds, Text Encoder 0.56 seconds, Image Encoder 0.26 seconds, VAE 0.00 seconds, KV Cache Creation 2.09 seconds, Diffusion 7.21 seconds, DIT Compute Steps 3 steps, Scheduler 0.03 seconds
[36m(ActorGroup(rank=0) pid=97469)[0m Time taken: Total 10.16 seconds, Text Encoder 0.56 seconds, Image Encoder 0.29 seconds, VAE 0.00 seconds, KV Cache Creation 2.05 seconds, Diffusion 7.22 seconds, DIT Compute Steps 3 steps, Scheduler 0.03 seconds
[36m(ActorGroup(rank=1) pid=97470)[0m Time taken: Total 10.15 seconds, Text Encoder 0.56 seconds, Image Encoder 0.25 seconds, VAE 0.00 seconds, KV Cache Creation 2.09 seconds, Diffusion 7.23 seconds, DIT Compute Steps 3 steps, Scheduler 0.02 seconds
[36m(ActorGroup(rank=3) pid=97488)[0m Time taken: Total 10.16 seconds, Text Encoder 0.56 seconds, Image Encoder 0.26 seconds, VAE 0.00 seconds, KV Cache Creation 2.08 seconds, Diffusion 7.23 seconds, DIT Compute Steps 3 steps, Scheduler 0.02 seconds
[36m(RolloutGroup(rank=3) pid=97511)[0m Time taken: Total 5.65 seconds, Text Encoder 1.32 seconds, Image Encoder 1.14 seconds, VAE 0.00 seconds, KV Cache Creation 0.65 seconds, Diffusion 2.50 seconds, DIT Compute Steps 3 steps, Scheduler 0.04 seconds
[36m(RolloutGroup(rank=3) pid=97511)[0m language is None, reset current_start_frame to 0
[36m(RolloutGroup(rank=3) pid=97511)[0m videos shape torch.Size([8, 3, 4, 160, 320]) 33
[36m(ActorGroup(rank=0) pid=97469)[0m [INFO 15:27:03 ActorGroup-Rank-0][async_ppo_fsdp_worker.py:359] async actor training: model forward done 28/64 elapsed=10.69s
[36m(ActorGroup(rank=0) pid=97469)[0m [INFO 15:27:03 ActorGroup-Rank-0][async_ppo_fsdp_worker.py:386] async actor training: logprobs ready 28/64 shape=(1, 16, 7) dtype=torch.float32
[36m(ActorGroup(rank=0) pid=97469)[0m [INFO 15:27:03 ActorGroup-Rank-0][async_ppo_fsdp_worker.py:419] async actor training: dreamzero tensors aligned 28/64 logprobs=(1, 16, 7) old_logprobs=(1, 16, 7) proximal_logprobs=None versions=(1, 16, 7) loss_action_dim=7
[36m(ActorGroup(rank=0) pid=97469)[0m [INFO 15:27:03 ActorGroup-Rank-0][async_ppo_fsdp_worker.py:457] async actor training: loss kwargs build start 28/64
[36m(ActorGroup(rank=0) pid=97469)[0m [INFO 15:27:03 ActorGroup-Rank-0][async_ppo_fsdp_worker.py:501] async actor training: loss kwargs built 28/64
[36m(ActorGroup(rank=0) pid=97469)[0m [INFO 15:27:03 ActorGroup-Rank-0][async_ppo_fsdp_worker.py:505] async actor training: policy loss start 28/64
[36m(ActorGroup(rank=0) pid=97469)[0m [INFO 15:27:03 ActorGroup-Rank-0][async_ppo_fsdp_worker.py:515] async actor training: policy loss done 28/64
[36m(ActorGroup(rank=0) pid=97469)[0m [INFO 15:27:03 ActorGroup-Rank-0][async_ppo_fsdp_worker.py:542] async actor training: backward start 28/64
[36m(RolloutGroup(rank=0) pid=97489)[0m Time taken: Total 5.46 seconds, Text Encoder 1.37 seconds, Image Encoder 1.12 seconds, VAE 0.00 seconds, KV Cache Creation 0.63 seconds, Diffusion 2.32 seconds, DIT Compute Steps 3 steps, Scheduler 0.03 seconds
[36m(RolloutGroup(rank=0) pid=97489)[0m language is None, reset current_start_frame to 0
[36m(RolloutGroup(rank=0) pid=97489)[0m videos shape torch.Size([8, 3, 4, 160, 320]) 33
[36m(RolloutGroup(rank=2) pid=97509)[0m Time taken: Total 5.19 seconds, Text Encoder 1.29 seconds, Image Encoder 1.09 seconds, VAE 0.00 seconds, KV Cache Creation 0.59 seconds, Diffusion 2.22 seconds, DIT Compute Steps 3 steps, Scheduler 0.01 seconds
[36m(RolloutGroup(rank=2) pid=97509)[0m language is None, reset current_start_frame to 0
[36m(RolloutGroup(rank=2) pid=97509)[0m videos shape torch.Size([8, 3, 4, 160, 320]) 33
[36m(ActorGroup(rank=0) pid=97469)[0m [INFO 15:27:07 ActorGroup-Rank-0][async_ppo_fsdp_worker.py:553] async actor training: backward done 28/64 elapsed=3.48s
[36m(RolloutGroup(rank=1) pid=97505)[0m Time taken: Total 4.85 seconds, Text Encoder 1.10 seconds, Image Encoder 1.22 seconds, VAE 0.00 seconds, KV Cache Creation 0.48 seconds, Diffusion 2.03 seconds, DIT Compute Steps 3 steps, Scheduler 0.02 seconds
[36m(RolloutGroup(rank=1) pid=97505)[0m language is None, reset current_start_frame to 0
[36m(RolloutGroup(rank=1) pid=97505)[0m videos shape torch.Size([8, 3, 4, 160, 320]) 33
[36m(ActorGroup(rank=2) pid=97486)[0m language is None, reset current_start_frame to 0
[36m(ActorGroup(rank=2) pid=97486)[0m videos shape torch.Size([1, 3, 4, 160, 320]) 33
[36m(ActorGroup(rank=0) pid=97469)[0m language is None, reset current_start_frame to 0
[36m(ActorGroup(rank=0) pid=97469)[0m videos shape torch.Size([1, 3, 4, 160, 320]) 33
[36m(ActorGroup(rank=1) pid=97470)[0m language is None, reset current_start_frame to 0
[36m(ActorGroup(rank=1) pid=97470)[0m videos shape torch.Size([1, 3, 4, 160, 320]) 33
[36m(ActorGroup(rank=3) pid=97488)[0m language is None, reset current_start_frame to 0
[36m(ActorGroup(rank=3) pid=97488)[0m videos shape torch.Size([1, 3, 4, 160, 320]) 33
[36m(RolloutGroup(rank=3) pid=97511)[0m Time taken: Total 5.04 seconds, Text Encoder 1.23 seconds, Image Encoder 1.05 seconds, VAE 0.00 seconds, KV Cache Creation 0.44 seconds, Diffusion 2.31 seconds, DIT Compute Steps 3 steps, Scheduler 0.01 seconds
[36m(RolloutGroup(rank=3) pid=97511)[0m language is None, reset current_start_frame to 0
[36m(RolloutGroup(rank=3) pid=97511)[0m videos shape torch.Size([8, 3, 4, 160, 320]) 33
[36m(RolloutGroup(rank=0) pid=97489)[0m Time taken: Total 5.32 seconds, Text Encoder 1.36 seconds, Image Encoder 0.87 seconds, VAE 0.00 seconds, KV Cache Creation 0.43 seconds, Diffusion 2.62 seconds, DIT Compute Steps 3 steps, Scheduler 0.04 seconds
[36m(RolloutGroup(rank=0) pid=97489)[0m language is None, reset current_start_frame to 0
[36m(RolloutGroup(rank=0) pid=97489)[0m videos shape torch.Size([8, 3, 4, 160, 320]) 33
[36m(RolloutGroup(rank=2) pid=97509)[0m Time taken: Total 5.07 seconds, Text Encoder 1.06 seconds, Image Encoder 0.74 seconds, VAE 0.00 seconds, KV Cache Creation 0.62 seconds, Diffusion 2.62 seconds, DIT Compute Steps 3 steps, Scheduler 0.03 seconds
[36m(RolloutGroup(rank=2) pid=97509)[0m language is None, reset current_start_frame to 0
[36m(RolloutGroup(rank=2) pid=97509)[0m videos shape torch.Size([8, 3, 4, 160, 320]) 33
[36m(RolloutGroup(rank=1) pid=97505)[0m Time taken: Total 5.74 seconds, Text Encoder 1.38 seconds, Image Encoder 1.16 seconds, VAE 0.00 seconds, KV Cache Creation 0.65 seconds, Diffusion 2.53 seconds, DIT Compute Steps 3 steps, Scheduler 0.03 seconds
[36m(RolloutGroup(rank=1) pid=97505)[0m language is None, reset current_start_frame to 0
[36m(RolloutGroup(rank=1) pid=97505)[0m videos shape torch.Size([8, 3, 4, 160, 320]) 33
[36m(RolloutGroup(rank=3) pid=97511)[0m Time taken: Total 5.69 seconds, Text Encoder 1.36 seconds, Image Encoder 1.17 seconds, VAE 0.00 seconds, KV Cache Creation 0.65 seconds, Diffusion 2.49 seconds, DIT Compute Steps 3 steps, Scheduler 0.03 seconds
[36m(RolloutGroup(rank=3) pid=97511)[0m language is None, reset current_start_frame to 0
[36m(RolloutGroup(rank=3) pid=97511)[0m videos shape torch.Size([8, 3, 4, 160, 320]) 33
[36m(RolloutGroup(rank=0) pid=97489)[0m Time taken: Total 5.68 seconds, Text Encoder 1.38 seconds, Image Encoder 1.13 seconds, VAE 0.00 seconds, KV Cache Creation 0.62 seconds, Diffusion 2.53 seconds, DIT Compute Steps 3 steps, Scheduler 0.03 seconds
[36m(RolloutGroup(rank=0) pid=97489)[0m language is None, reset current_start_frame to 0
[36m(RolloutGroup(rank=0) pid=97489)[0m videos shape torch.Size([8, 3, 4, 160, 320]) 33
[36m(RolloutGroup(rank=2) pid=97509)[0m Time taken: Total 5.45 seconds, Text Encoder 1.33 seconds, Image Encoder 1.07 seconds, VAE 0.00 seconds, KV Cache Creation 0.61 seconds, Diffusion 2.41 seconds, DIT Compute Steps 3 steps, Scheduler 0.03 seconds
[36m(RolloutGroup(rank=2) pid=97509)[0m language is None, reset current_start_frame to 0
[36m(RolloutGroup(rank=2) pid=97509)[0m videos shape torch.Size([8, 3, 4, 160, 320]) 33
[36m(RolloutGroup(rank=2) pid=97509)[0m Time taken: Total 2.83 seconds, Text Encoder 0.94 seconds, Image Encoder 0.54 seconds, VAE 0.00 seconds, KV Cache Creation 0.29 seconds, Diffusion 1.04 seconds, DIT Compute Steps 3 steps, Scheduler 0.02 seconds
[36m(RolloutGroup(rank=2) pid=97509)[0m language is None, reset current_start_frame to 0
[36m(RolloutGroup(rank=2) pid=97509)[0m videos shape torch.Size([8, 3, 4, 160, 320]) 33
[36m(RolloutGroup(rank=1) pid=97505)[0m Time taken: Total 5.87 seconds, Text Encoder 1.32 seconds, Image Encoder 1.14 seconds, VAE 0.00 seconds, KV Cache Creation 0.65 seconds, Diffusion 2.74 seconds, DIT Compute Steps 3 steps, Scheduler 0.02 seconds
[36m(RolloutGroup(rank=1) pid=97505)[0m language is None, reset current_start_frame to 0
[36m(RolloutGroup(rank=1) pid=97505)[0m videos shape torch.Size([8, 3, 4, 160, 320]) 33
[36m(RolloutGroup(rank=3) pid=97511)[0m Time taken: Total 5.93 seconds, Text Encoder 1.34 seconds, Image Encoder 1.14 seconds, VAE 0.00 seconds, KV Cache Creation 0.68 seconds, Diffusion 2.72 seconds, DIT Compute Steps 3 steps, Scheduler 0.04 seconds
[36m(RolloutGroup(rank=3) pid=97511)[0m language is None, reset current_start_frame to 0
[36m(RolloutGroup(rank=3) pid=97511)[0m videos shape torch.Size([8, 3, 4, 160, 320]) 33
[36m(RolloutGroup(rank=0) pid=97489)[0m Time taken: Total 5.95 seconds, Text Encoder 1.35 seconds, Image Encoder 1.19 seconds, VAE 0.00 seconds, KV Cache Creation 0.69 seconds, Diffusion 2.68 seconds, DIT Compute Steps 3 steps, Scheduler 0.04 seconds
[36m(RolloutGroup(rank=0) pid=97489)[0m language is None, reset current_start_frame to 0
[36m(RolloutGroup(rank=0) pid=97489)[0m videos shape torch.Size([8, 3, 4, 160, 320]) 33
[36m(ActorGroup(rank=2) pid=97486)[0m Time taken: Total 16.03 seconds, Text Encoder 0.60 seconds, Image Encoder 0.26 seconds, VAE 0.00 seconds, KV Cache Creation 3.66 seconds, Diffusion 11.46 seconds, DIT Compute Steps 3 steps, Scheduler 0.03 seconds
[36m(ActorGroup(rank=0) pid=97469)[0m Time taken: Total 16.02 seconds, Text Encoder 0.60 seconds, Image Encoder 0.27 seconds, VAE 0.00 seconds, KV Cache Creation 3.66 seconds, Diffusion 11.47 seconds, DIT Compute Steps 3 steps, Scheduler 0.02 seconds
[36m(ActorGroup(rank=1) pid=97470)[0m Time taken: Total 16.02 seconds, Text Encoder 0.60 seconds, Image Encoder 0.30 seconds, VAE 0.00 seconds, KV Cache Creation 3.62 seconds, Diffusion 11.47 seconds, DIT Compute Steps 3 steps, Scheduler 0.03 seconds
[36m(ActorGroup(rank=3) pid=97488)[0m Time taken: Total 16.02 seconds, Text Encoder 0.60 seconds, Image Encoder 0.25 seconds, VAE 0.00 seconds, KV Cache Creation 3.67 seconds, Diffusion 11.47 seconds, DIT Compute Steps 3 steps, Scheduler 0.02 seconds
[36m(RolloutGroup(rank=2) pid=97509)[0m Time taken: Total 4.82 seconds, Text Encoder 0.75 seconds, Image Encoder 1.12 seconds, VAE 0.00 seconds, KV Cache Creation 0.63 seconds, Diffusion 2.29 seconds, DIT Compute Steps 3 steps, Scheduler 0.03 seconds
[36m(RolloutGroup(rank=2) pid=97509)[0m language is None, reset current_start_frame to 0
[36m(RolloutGroup(rank=2) pid=97509)[0m videos shape torch.Size([8, 3, 4, 160, 320]) 33
[36m(RolloutGroup(rank=1) pid=97505)[0m Time taken: Total 5.57 seconds, Text Encoder 1.36 seconds, Image Encoder 1.16 seconds, VAE 0.00 seconds, KV Cache Creation 0.64 seconds, Diffusion 2.36 seconds, DIT Compute Steps 3 steps, Scheduler 0.04 seconds
[36m(RolloutGroup(rank=1) pid=97505)[0m language is None, reset current_start_frame to 0
[36m(RolloutGroup(rank=1) pid=97505)[0m videos shape torch.Size([8, 3, 4, 160, 320]) 33
[36m(RolloutGroup(rank=3) pid=97511)[0m Time taken: Total 5.27 seconds, Text Encoder 1.37 seconds, Image Encoder 1.13 seconds, VAE 0.00 seconds, KV Cache Creation 0.62 seconds, Diffusion 2.12 seconds, DIT Compute Steps 3 steps, Scheduler 0.03 seconds
[36m(RolloutGroup(rank=3) pid=97511)[0m language is None, reset current_start_frame to 0
[36m(RolloutGroup(rank=3) pid=97511)[0m videos shape torch.Size([8, 3, 4, 160, 320]) 33
[36m(RolloutGroup(rank=0) pid=97489)[0m Time taken: Total 4.91 seconds, Text Encoder 1.35 seconds, Image Encoder 1.09 seconds, VAE 0.00 seconds, KV Cache Creation 0.41 seconds, Diffusion 2.02 seconds, DIT Compute Steps 3 steps, Scheduler 0.04 seconds
[36m(RolloutGroup(rank=0) pid=97489)[0m language is None, reset current_start_frame to 0
[36m(RolloutGroup(rank=0) pid=97489)[0m videos shape torch.Size([8, 3, 4, 160, 320]) 33
[36m(ActorGroup(rank=2) pid=97486)[0m language is None, reset current_start_frame to 0
[36m(ActorGroup(rank=2) pid=97486)[0m videos shape torch.Size([1, 3, 4, 160, 320]) 33
[36m(ActorGroup(rank=0) pid=97469)[0m language is None, reset current_start_frame to 0
[36m(ActorGroup(rank=0) pid=97469)[0m videos shape torch.Size([1, 3, 4, 160, 320]) 33
[36m(ActorGroup(rank=1) pid=97470)[0m language is None, reset current_start_frame to 0
[36m(ActorGroup(rank=1) pid=97470)[0m videos shape torch.Size([1, 3, 4, 160, 320]) 33
[36m(ActorGroup(rank=3) pid=97488)[0m language is None, reset current_start_frame to 0
[36m(ActorGroup(rank=3) pid=97488)[0m videos shape torch.Size([1, 3, 4, 160, 320]) 33
[36m(RolloutGroup(rank=2) pid=97509)[0m Time taken: Total 4.81 seconds, Text Encoder 1.32 seconds, Image Encoder 0.84 seconds, VAE 0.00 seconds, KV Cache Creation 0.63 seconds, Diffusion 1.99 seconds, DIT Compute Steps 3 steps, Scheduler 0.03 seconds
[36m(RolloutGroup(rank=2) pid=97509)[0m language is None, reset current_start_frame to 0
[36m(RolloutGroup(rank=2) pid=97509)[0m videos shape torch.Size([8, 3, 4, 160, 320]) 33
[36m(RolloutGroup(rank=1) pid=97505)[0m Time taken: Total 4.90 seconds, Text Encoder 1.02 seconds, Image Encoder 1.04 seconds, VAE 0.00 seconds, KV Cache Creation 0.66 seconds, Diffusion 2.15 seconds, DIT Compute Steps 3 steps, Scheduler 0.03 seconds
[36m(RolloutGroup(rank=1) pid=97505)[0m language is None, reset current_start_frame to 0
[36m(RolloutGroup(rank=1) pid=97505)[0m videos shape torch.Size([8, 3, 4, 160, 320]) 33
[36m(RolloutGroup(rank=3) pid=97511)[0m Time taken: Total 4.88 seconds, Text Encoder 1.07 seconds, Image Encoder 1.14 seconds, VAE 0.00 seconds, KV Cache Creation 0.68 seconds, Diffusion 1.97 seconds, DIT Compute Steps 3 steps, Scheduler 0.03 seconds
[36m(RolloutGroup(rank=3) pid=97511)[0m language is None, reset current_start_frame to 0
[36m(RolloutGroup(rank=3) pid=97511)[0m videos shape torch.Size([8, 3, 4, 160, 320]) 33
[36m(RolloutGroup(rank=0) pid=97489)[0m Time taken: Total 5.07 seconds, Text Encoder 1.26 seconds, Image Encoder 1.18 seconds, VAE 0.00 seconds, KV Cache Creation 0.62 seconds, Diffusion 1.98 seconds, DIT Compute Steps 3 steps, Scheduler 0.03 seconds
[36m(RolloutGroup(rank=0) pid=97489)[0m language is None, reset current_start_frame to 0
[36m(RolloutGroup(rank=0) pid=97489)[0m videos shape torch.Size([8, 3, 4, 160, 320]) 33
[36m(RolloutGroup(rank=2) pid=97509)[0m Time taken: Total 4.99 seconds, Text Encoder 1.03 seconds, Image Encoder 0.94 seconds, VAE 0.00 seconds, KV Cache Creation 0.63 seconds, Diffusion 2.36 seconds, DIT Compute Steps 3 steps, Scheduler 0.04 seconds
[36m(RolloutGroup(rank=2) pid=97509)[0m language is None, reset current_start_frame to 0
[36m(RolloutGroup(rank=2) pid=97509)[0m videos shape torch.Size([8, 3, 4, 160, 320]) 33
[36m(RolloutGroup(rank=1) pid=97505)[0m Time taken: Total 5.53 seconds, Text Encoder 1.22 seconds, Image Encoder 1.14 seconds, VAE 0.00 seconds, KV Cache Creation 0.65 seconds, Diffusion 2.50 seconds, DIT Compute Steps 3 steps, Scheduler 0.03 seconds
[36m(RolloutGroup(rank=1) pid=97505)[0m language is None, reset current_start_frame to 0
[36m(RolloutGroup(rank=1) pid=97505)[0m videos shape torch.Size([8, 3, 4, 160, 320]) 33
[36m(RolloutGroup(rank=3) pid=97511)[0m Time taken: Total 5.65 seconds, Text Encoder 1.34 seconds, Image Encoder 1.13 seconds, VAE 0.00 seconds, KV Cache Creation 0.63 seconds, Diffusion 2.53 seconds, DIT Compute Steps 3 steps, Scheduler 0.03 seconds
[36m(RolloutGroup(rank=3) pid=97511)[0m language is None, reset current_start_frame to 0
[36m(RolloutGroup(rank=3) pid=97511)[0m videos shape torch.Size([8, 3, 4, 160, 320]) 33
[36m(RolloutGroup(rank=0) pid=97489)[0m Time taken: Total 5.65 seconds, Text Encoder 1.34 seconds, Image Encoder 1.09 seconds, VAE 0.00 seconds, KV Cache Creation 0.61 seconds, Diffusion 2.56 seconds, DIT Compute Steps 3 steps, Scheduler 0.03 seconds
[36m(RolloutGroup(rank=0) pid=97489)[0m language is None, reset current_start_frame to 0
[36m(RolloutGroup(rank=0) pid=97489)[0m videos shape torch.Size([8, 3, 4, 160, 320]) 33
[36m(ActorGroup(rank=2) pid=97486)[0m Time taken: Total 12.01 seconds, Text Encoder 0.72 seconds, Image Encoder 0.26 seconds, VAE 0.00 seconds, KV Cache Creation 2.88 seconds, Diffusion 8.12 seconds, DIT Compute Steps 3 steps, Scheduler 0.03 seconds
[36m(ActorGroup(rank=0) pid=97469)[0m Time taken: Total 12.01 seconds, Text Encoder 0.72 seconds, Image Encoder 0.29 seconds, VAE 0.00 seconds, KV Cache Creation 2.84 seconds, Diffusion 8.12 seconds, DIT Compute Steps 3 steps, Scheduler 0.03 seconds
[36m(ActorGroup(rank=1) pid=97470)[0m Time taken: Total 12.01 seconds, Text Encoder 0.72 seconds, Image Encoder 0.26 seconds, VAE 0.00 seconds, KV Cache Creation 2.88 seconds, Diffusion 8.11 seconds, DIT Compute Steps 3 steps, Scheduler 0.03 seconds
[36m(ActorGroup(rank=3) pid=97488)[0m Time taken: Total 12.01 seconds, Text Encoder 0.72 seconds, Image Encoder 0.26 seconds, VAE 0.00 seconds, KV Cache Creation 2.87 seconds, Diffusion 8.11 seconds, DIT Compute Steps 3 steps, Scheduler 0.04 seconds
[36m(RolloutGroup(rank=2) pid=97509)[0m Time taken: Total 5.57 seconds, Text Encoder 1.27 seconds, Image Encoder 1.11 seconds, VAE 0.00 seconds, KV Cache Creation 0.65 seconds, Diffusion 2.51 seconds, DIT Compute Steps 3 steps, Scheduler 0.03 seconds
[36m(RolloutGroup(rank=1) pid=97505)[0m Time taken: Total 5.27 seconds, Text Encoder 1.33 seconds, Image Encoder 1.15 seconds, VAE 0.00 seconds, KV Cache Creation 0.63 seconds, Diffusion 2.12 seconds, DIT Compute Steps 3 steps, Scheduler 0.04 seconds
[36m(RolloutGroup(rank=1) pid=97505)[0m language is None, reset current_start_frame to 0
[36m(RolloutGroup(rank=1) pid=97505)[0m videos shape torch.Size([8, 3, 4, 160, 320]) 33
[36m(RolloutGroup(rank=3) pid=97511)[0m Time taken: Total 5.05 seconds, Text Encoder 1.34 seconds, Image Encoder 1.12 seconds, VAE 0.00 seconds, KV Cache Creation 0.64 seconds, Diffusion 1.93 seconds, DIT Compute Steps 3 steps, Scheduler 0.02 seconds
[36m(RolloutGroup(rank=3) pid=97511)[0m language is None, reset current_start_frame to 0
[36m(RolloutGroup(rank=3) pid=97511)[0m videos shape torch.Size([8, 3, 4, 160, 320]) 33
[36m(RolloutGroup(rank=0) pid=97489)[0m Time taken: Total 4.75 seconds, Text Encoder 1.35 seconds, Image Encoder 1.08 seconds, VAE 0.00 seconds, KV Cache Creation 0.42 seconds, Diffusion 1.87 seconds, DIT Compute Steps 3 steps, Scheduler 0.03 seconds
[36m(RolloutGroup(rank=0) pid=97489)[0m language is None, reset current_start_frame to 0
[36m(RolloutGroup(rank=0) pid=97489)[0m videos shape torch.Size([8, 3, 4, 160, 320]) 33
[36m(ActorGroup(rank=2) pid=97486)[0m language is None, reset current_start_frame to 0
[36m(ActorGroup(rank=2) pid=97486)[0m videos shape torch.Size([1, 3, 4, 160, 320]) 33
[36m(ActorGroup(rank=0) pid=97469)[0m language is None, reset current_start_frame to 0
[36m(ActorGroup(rank=0) pid=97469)[0m videos shape torch.Size([1, 3, 4, 160, 320]) 33
[36m(ActorGroup(rank=1) pid=97470)[0m language is None, reset current_start_frame to 0
[36m(ActorGroup(rank=1) pid=97470)[0m videos shape torch.Size([1, 3, 4, 160, 320]) 33
[36m(ActorGroup(rank=3) pid=97488)[0m language is None, reset current_start_frame to 0
[36m(ActorGroup(rank=3) pid=97488)[0m videos shape torch.Size([1, 3, 4, 160, 320]) 33
[36m(RolloutGroup(rank=1) pid=97505)[0m Time taken: Total 5.05 seconds, Text Encoder 1.02 seconds, Image Encoder 1.13 seconds, VAE 0.00 seconds, KV Cache Creation 0.67 seconds, Diffusion 2.22 seconds, DIT Compute Steps 3 steps, Scheduler 0.02 seconds
[36m(RolloutGroup(rank=1) pid=97505)[0m language is None, reset current_start_frame to 0
[36m(RolloutGroup(rank=1) pid=97505)[0m videos shape torch.Size([8, 3, 4, 160, 320]) 33
[36m(RolloutGroup(rank=3) pid=97511)[0m Time taken: Total 5.26 seconds, Text Encoder 1.14 seconds, Image Encoder 1.17 seconds, VAE 0.00 seconds, KV Cache Creation 0.61 seconds, Diffusion 2.32 seconds, DIT Compute Steps 3 steps, Scheduler 0.02 seconds
[36m(RolloutGroup(rank=3) pid=97511)[0m language is None, reset current_start_frame to 0
[36m(RolloutGroup(rank=3) pid=97511)[0m videos shape torch.Size([8, 3, 4, 160, 320]) 33
[36m(RolloutGroup(rank=0) pid=97489)[0m Time taken: Total 5.31 seconds, Text Encoder 1.33 seconds, Image Encoder 1.09 seconds, VAE 0.00 seconds, KV Cache Creation 0.56 seconds, Diffusion 2.30 seconds, DIT Compute Steps 3 steps, Scheduler 0.02 seconds
[36m(RolloutGroup(rank=0) pid=97489)[0m language is None, reset current_start_frame to 0
[36m(RolloutGroup(rank=0) pid=97489)[0m videos shape torch.Size([8, 3, 4, 160, 320]) 33
[36m(ActorGroup(rank=2) pid=97486)[0m Time taken: Total 8.51 seconds, Text Encoder 0.45 seconds, Image Encoder 0.22 seconds, VAE 0.00 seconds, KV Cache Creation 1.67 seconds, Diffusion 6.16 seconds, DIT Compute Steps 3 steps, Scheduler 0.01 seconds
[36m(ActorGroup(rank=0) pid=97469)[0m Time taken: Total 8.51 seconds, Text Encoder 0.45 seconds, Image Encoder 0.33 seconds, VAE 0.00 seconds, KV Cache Creation 1.55 seconds, Diffusion 6.15 seconds, DIT Compute Steps 3 steps, Scheduler 0.03 seconds
[36m(ActorGroup(rank=1) pid=97470)[0m Time taken: Total 8.51 seconds, Text Encoder 0.44 seconds, Image Encoder 0.29 seconds, VAE 0.00 seconds, KV Cache Creation 1.59 seconds, Diffusion 6.14 seconds, DIT Compute Steps 3 steps, Scheduler 0.03 seconds
[36m(ActorGroup(rank=3) pid=97488)[0m Time taken: Total 8.51 seconds, Text Encoder 0.45 seconds, Image Encoder 0.33 seconds, VAE 0.00 seconds, KV Cache Creation 1.56 seconds, Diffusion 6.15 seconds, DIT Compute Steps 3 steps, Scheduler 0.03 seconds
[36m(RolloutGroup(rank=1) pid=97505)[0m Time taken: Total 5.41 seconds, Text Encoder 1.22 seconds, Image Encoder 1.15 seconds, VAE 0.00 seconds, KV Cache Creation 0.66 seconds, Diffusion 2.34 seconds, DIT Compute Steps 3 steps, Scheduler 0.04 seconds
[36m(RolloutGroup(rank=3) pid=97511)[0m Time taken: Total 5.29 seconds, Text Encoder 1.30 seconds, Image Encoder 1.17 seconds, VAE 0.00 seconds, KV Cache Creation 0.62 seconds, Diffusion 2.18 seconds, DIT Compute Steps 3 steps, Scheduler 0.03 seconds
[36m(RolloutGroup(rank=0) pid=97489)[0m Time taken: Total 5.02 seconds, Text Encoder 1.35 seconds, Image Encoder 1.11 seconds, VAE 0.00 seconds, KV Cache Creation 0.56 seconds, Diffusion 1.98 seconds, DIT Compute Steps 3 steps, Scheduler 0.02 seconds
[36m(ActorGroup(rank=0) pid=97469)[0m [INFO 15:27:53 ActorGroup-Rank-0][async_ppo_fsdp_worker.py:261] async actor training: micro-batch start 32/64 epoch=1/1 global_batch=2/4 micro=16/16
[36m(ActorGroup(rank=0) pid=97469)[0m [INFO 15:27:53 ActorGroup-Rank-0][async_ppo_fsdp_worker.py:277] async actor training: batch to device done 32/64
[36m(ActorGroup(rank=0) pid=97469)[0m [INFO 15:27:53 ActorGroup-Rank-0][async_ppo_fsdp_worker.py:293] async actor training: before_micro_batch done 32/64 is_last_micro_batch=True
[36m(ActorGroup(rank=0) pid=97469)[0m [INFO 15:27:53 ActorGroup-Rank-0][async_ppo_fsdp_worker.py:341] async actor training: model forward start 32/64
[36m(ActorGroup(rank=2) pid=97486)[0m language is None, reset current_start_frame to 0
[36m(ActorGroup(rank=2) pid=97486)[0m videos shape torch.Size([1, 3, 4, 160, 320]) 33
[36m(ActorGroup(rank=0) pid=97469)[0m language is None, reset current_start_frame to 0
[36m(ActorGroup(rank=0) pid=97469)[0m videos shape torch.Size([1, 3, 4, 160, 320]) 33
[36m(ActorGroup(rank=1) pid=97470)[0m language is None, reset current_start_frame to 0
[36m(ActorGroup(rank=1) pid=97470)[0m videos shape torch.Size([1, 3, 4, 160, 320]) 33
[36m(ActorGroup(rank=3) pid=97488)[0m language is None, reset current_start_frame to 0
[36m(ActorGroup(rank=3) pid=97488)[0m videos shape torch.Size([1, 3, 4, 160, 320]) 33
[36m(ActorGroup(rank=2) pid=97486)[0m Time taken: Total 5.07 seconds, Text Encoder 0.25 seconds, Image Encoder 0.14 seconds, VAE 0.00 seconds, KV Cache Creation 1.09 seconds, Diffusion 3.59 seconds, DIT Compute Steps 3 steps, Scheduler 0.01 seconds
[36m(ActorGroup(rank=0) pid=97469)[0m Time taken: Total 5.07 seconds, Text Encoder 0.24 seconds, Image Encoder 0.14 seconds, VAE 0.00 seconds, KV Cache Creation 1.09 seconds, Diffusion 3.59 seconds, DIT Compute Steps 3 steps, Scheduler 0.01 seconds
[36m(ActorGroup(rank=0) pid=97469)[0m [INFO 15:27:59 ActorGroup-Rank-0][async_ppo_fsdp_worker.py:359] async actor training: model forward done 32/64 elapsed=5.66s
[36m(ActorGroup(rank=0) pid=97469)[0m [INFO 15:27:59 ActorGroup-Rank-0][async_ppo_fsdp_worker.py:386] async actor training: logprobs ready 32/64 shape=(1, 16, 7) dtype=torch.float32
[36m(ActorGroup(rank=0) pid=97469)[0m [INFO 15:27:59 ActorGroup-Rank-0][async_ppo_fsdp_worker.py:419] async actor training: dreamzero tensors aligned 32/64 logprobs=(1, 16, 7) old_logprobs=(1, 16, 7) proximal_logprobs=None versions=(1, 16, 7) loss_action_dim=7
[36m(ActorGroup(rank=0) pid=97469)[0m [INFO 15:27:59 ActorGroup-Rank-0][async_ppo_fsdp_worker.py:457] async actor training: loss kwargs build start 32/64
[36m(ActorGroup(rank=1) pid=97470)[0m Time taken: Total 5.07 seconds, Text Encoder 0.24 seconds, Image Encoder 0.14 seconds, VAE 0.00 seconds, KV Cache Creation 1.09 seconds, Diffusion 3.59 seconds, DIT Compute Steps 3 steps, Scheduler 0.01 seconds
[36m(ActorGroup(rank=3) pid=97488)[0m Time taken: Total 5.07 seconds, Text Encoder 0.25 seconds, Image Encoder 0.14 seconds, VAE 0.00 seconds, KV Cache Creation 1.09 seconds, Diffusion 3.59 seconds, DIT Compute Steps 3 steps, Scheduler 0.01 seconds
[36m(ActorGroup(rank=0) pid=97469)[0m [INFO 15:27:59 ActorGroup-Rank-0][async_ppo_fsdp_worker.py:501] async actor training: loss kwargs built 32/64
[36m(ActorGroup(rank=0) pid=97469)[0m [INFO 15:27:59 ActorGroup-Rank-0][async_ppo_fsdp_worker.py:505] async actor training: policy loss start 32/64
[36m(ActorGroup(rank=0) pid=97469)[0m [INFO 15:27:59 ActorGroup-Rank-0][async_ppo_fsdp_worker.py:515] async actor training: policy loss done 32/64
[36m(ActorGroup(rank=0) pid=97469)[0m [INFO 15:27:59 ActorGroup-Rank-0][async_ppo_fsdp_worker.py:542] async actor training: backward start 32/64
[36m(ActorGroup(rank=0) pid=97469)[0m [INFO 15:28:01 ActorGroup-Rank-0][async_ppo_fsdp_worker.py:553] async actor training: backward done 32/64 elapsed=2.08s
[36m(ActorGroup(rank=0) pid=97469)[0m [INFO 15:28:02 ActorGroup-Rank-0][async_ppo_fsdp_worker.py:581] async actor training: empty_cache done global_batch=2/4 elapsed=0.30s
[36m(ActorGroup(rank=0) pid=97469)[0m [INFO 15:28:02 ActorGroup-Rank-0][async_ppo_fsdp_worker.py:587] async actor training: global batch done 2/4 epoch=1/1 elapsed=243.20s
[36m(ActorGroup(rank=0) pid=97469)[0m [INFO 15:28:02 ActorGroup-Rank-0][async_ppo_fsdp_worker.py:598] async actor training: optimizer step start global_batch=2/4
[36m(ActorGroup(rank=0) pid=97469)[0m [INFO 15:28:02 ActorGroup-Rank-0][async_ppo_fsdp_worker.py:607] async actor training: optimizer step done global_batch=2/4 grad_norm=86.1112 elapsed=0.05s
[36m(ActorGroup(rank=2) pid=97486)[0m language is None, reset current_start_frame to 0
[36m(ActorGroup(rank=2) pid=97486)[0m videos shape torch.Size([1, 3, 4, 160, 320]) 33
[36m(ActorGroup(rank=0) pid=97469)[0m language is None, reset current_start_frame to 0
[36m(ActorGroup(rank=0) pid=97469)[0m videos shape torch.Size([1, 3, 4, 160, 320]) 33
[36m(ActorGroup(rank=1) pid=97470)[0m language is None, reset current_start_frame to 0
[36m(ActorGroup(rank=1) pid=97470)[0m videos shape torch.Size([1, 3, 4, 160, 320]) 33
[36m(ActorGroup(rank=3) pid=97488)[0m language is None, reset current_start_frame to 0
[36m(ActorGroup(rank=3) pid=97488)[0m videos shape torch.Size([1, 3, 4, 160, 320]) 33
[36m(ActorGroup(rank=2) pid=97486)[0m Time taken: Total 5.35 seconds, Text Encoder 0.47 seconds, Image Encoder 0.14 seconds, VAE 0.00 seconds, KV Cache Creation 1.19 seconds, Diffusion 3.55 seconds, DIT Compute Steps 3 steps, Scheduler 0.01 seconds
[36m(ActorGroup(rank=0) pid=97469)[0m Time taken: Total 5.35 seconds, Text Encoder 0.47 seconds, Image Encoder 0.14 seconds, VAE 0.00 seconds, KV Cache Creation 1.19 seconds, Diffusion 3.55 seconds, DIT Compute Steps 3 steps, Scheduler 0.01 seconds
[36m(ActorGroup(rank=1) pid=97470)[0m Time taken: Total 5.35 seconds, Text Encoder 0.47 seconds, Image Encoder 0.14 seconds, VAE 0.00 seconds, KV Cache Creation 1.19 seconds, Diffusion 3.55 seconds, DIT Compute Steps 3 steps, Scheduler 0.01 seconds
[36m(ActorGroup(rank=3) pid=97488)[0m Time taken: Total 5.35 seconds, Text Encoder 0.47 seconds, Image Encoder 0.14 seconds, VAE 0.00 seconds, KV Cache Creation 1.19 seconds, Diffusion 3.55 seconds, DIT Compute Steps 3 steps, Scheduler 0.01 seconds
[36m(ActorGroup(rank=2) pid=97486)[0m language is None, reset current_start_frame to 0
[36m(ActorGroup(rank=2) pid=97486)[0m videos shape torch.Size([1, 3, 4, 160, 320]) 33
[36m(ActorGroup(rank=0) pid=97469)[0m language is None, reset current_start_frame to 0
[36m(ActorGroup(rank=0) pid=97469)[0m videos shape torch.Size([1, 3, 4, 160, 320]) 33
[36m(ActorGroup(rank=1) pid=97470)[0m language is None, reset current_start_frame to 0
[36m(ActorGroup(rank=1) pid=97470)[0m videos shape torch.Size([1, 3, 4, 160, 320]) 33
[36m(ActorGroup(rank=3) pid=97488)[0m language is None, reset current_start_frame to 0
[36m(ActorGroup(rank=3) pid=97488)[0m videos shape torch.Size([1, 3, 4, 160, 320]) 33
[36m(ActorGroup(rank=2) pid=97486)[0m Time taken: Total 5.57 seconds, Text Encoder 0.35 seconds, Image Encoder 0.14 seconds, VAE 0.00 seconds, KV Cache Creation 1.12 seconds, Diffusion 3.96 seconds, DIT Compute Steps 3 steps, Scheduler 0.01 seconds
[36m(ActorGroup(rank=0) pid=97469)[0m Time taken: Total 5.57 seconds, Text Encoder 0.34 seconds, Image Encoder 0.14 seconds, VAE 0.00 seconds, KV Cache Creation 1.12 seconds, Diffusion 3.95 seconds, DIT Compute Steps 3 steps, Scheduler 0.01 seconds
[36m(ActorGroup(rank=1) pid=97470)[0m Time taken: Total 5.57 seconds, Text Encoder 0.35 seconds, Image Encoder 0.14 seconds, VAE 0.00 seconds, KV Cache Creation 1.12 seconds, Diffusion 3.95 seconds, DIT Compute Steps 3 steps, Scheduler 0.01 seconds
[36m(ActorGroup(rank=3) pid=97488)[0m Time taken: Total 5.57 seconds, Text Encoder 0.34 seconds, Image Encoder 0.14 seconds, VAE 0.00 seconds, KV Cache Creation 1.12 seconds, Diffusion 3.95 seconds, DIT Compute Steps 3 steps, Scheduler 0.01 seconds
[36m(ActorGroup(rank=2) pid=97486)[0m language is None, reset current_start_frame to 0
[36m(ActorGroup(rank=2) pid=97486)[0m videos shape torch.Size([1, 3, 4, 160, 320]) 33
[36m(ActorGroup(rank=0) pid=97469)[0m language is None, reset current_start_frame to 0
[36m(ActorGroup(rank=0) pid=97469)[0m videos shape torch.Size([1, 3, 4, 160, 320]) 33
[36m(ActorGroup(rank=1) pid=97470)[0m language is None, reset current_start_frame to 0
[36m(ActorGroup(rank=1) pid=97470)[0m videos shape torch.Size([1, 3, 4, 160, 320]) 33
[36m(ActorGroup(rank=3) pid=97488)[0m language is None, reset current_start_frame to 0
[36m(ActorGroup(rank=3) pid=97488)[0m videos shape torch.Size([1, 3, 4, 160, 320]) 33
[36m(ActorGroup(rank=2) pid=97486)[0m Time taken: Total 4.80 seconds, Text Encoder 0.17 seconds, Image Encoder 0.14 seconds, VAE 0.00 seconds, KV Cache Creation 1.11 seconds, Diffusion 3.38 seconds, DIT Compute Steps 3 steps, Scheduler 0.01 seconds
[36m(ActorGroup(rank=0) pid=97469)[0m Time taken: Total 4.80 seconds, Text Encoder 0.17 seconds, Image Encoder 0.14 seconds, VAE 0.00 seconds, KV Cache Creation 1.10 seconds, Diffusion 3.38 seconds, DIT Compute Steps 3 steps, Scheduler 0.01 seconds
[36m(ActorGroup(rank=1) pid=97470)[0m Time taken: Total 4.80 seconds, Text Encoder 0.17 seconds, Image Encoder 0.14 seconds, VAE 0.00 seconds, KV Cache Creation 1.11 seconds, Diffusion 3.38 seconds, DIT Compute Steps 3 steps, Scheduler 0.01 seconds
[36m(ActorGroup(rank=3) pid=97488)[0m Time taken: Total 4.80 seconds, Text Encoder 0.17 seconds, Image Encoder 0.14 seconds, VAE 0.00 seconds, KV Cache Creation 1.10 seconds, Diffusion 3.38 seconds, DIT Compute Steps 3 steps, Scheduler 0.01 seconds
[36m(ActorGroup(rank=0) pid=97469)[0m [INFO 15:28:25 ActorGroup-Rank-0][async_ppo_fsdp_worker.py:261] async actor training: micro-batch start 36/64 epoch=1/1 global_batch=3/4 micro=4/16
[36m(ActorGroup(rank=0) pid=97469)[0m [INFO 15:28:25 ActorGroup-Rank-0][async_ppo_fsdp_worker.py:277] async actor training: batch to device done 36/64
[36m(ActorGroup(rank=0) pid=97469)[0m [INFO 15:28:25 ActorGroup-Rank-0][async_ppo_fsdp_worker.py:293] async actor training: before_micro_batch done 36/64 is_last_micro_batch=False
[36m(ActorGroup(rank=0) pid=97469)[0m [INFO 15:28:25 ActorGroup-Rank-0][async_ppo_fsdp_worker.py:341] async actor training: model forward start 36/64
[36m(ActorGroup(rank=2) pid=97486)[0m language is None, reset current_start_frame to 0
[36m(ActorGroup(rank=2) pid=97486)[0m videos shape torch.Size([1, 3, 4, 160, 320]) 33
[36m(ActorGroup(rank=0) pid=97469)[0m language is None, reset current_start_frame to 0
[36m(ActorGroup(rank=0) pid=97469)[0m videos shape torch.Size([1, 3, 4, 160, 320]) 33
[36m(ActorGroup(rank=1) pid=97470)[0m language is None, reset current_start_frame to 0
[36m(ActorGroup(rank=1) pid=97470)[0m videos shape torch.Size([1, 3, 4, 160, 320]) 33
[36m(ActorGroup(rank=3) pid=97488)[0m language is None, reset current_start_frame to 0
[36m(ActorGroup(rank=3) pid=97488)[0m videos shape torch.Size([1, 3, 4, 160, 320]) 33
[36m(ActorGroup(rank=2) pid=97486)[0m Time taken: Total 4.70 seconds, Text Encoder 0.17 seconds, Image Encoder 0.14 seconds, VAE 0.00 seconds, KV Cache Creation 1.11 seconds, Diffusion 3.27 seconds, DIT Compute Steps 3 steps, Scheduler 0.01 seconds
[36m(ActorGroup(rank=0) pid=97469)[0m Time taken: Total 4.71 seconds, Text Encoder 0.17 seconds, Image Encoder 0.14 seconds, VAE 0.00 seconds, KV Cache Creation 1.12 seconds, Diffusion 3.27 seconds, DIT Compute Steps 3 steps, Scheduler 0.01 seconds
[36m(ActorGroup(rank=1) pid=97470)[0m Time taken: Total 4.70 seconds, Text Encoder 0.17 seconds, Image Encoder 0.14 seconds, VAE 0.00 seconds, KV Cache Creation 1.12 seconds, Diffusion 3.27 seconds, DIT Compute Steps 3 steps, Scheduler 0.01 seconds
[36m(ActorGroup(rank=3) pid=97488)[0m Time taken: Total 4.70 seconds, Text Encoder 0.17 seconds, Image Encoder 0.14 seconds, VAE 0.00 seconds, KV Cache Creation 1.11 seconds, Diffusion 3.27 seconds, DIT Compute Steps 3 steps, Scheduler 0.01 seconds
[36m(ActorGroup(rank=0) pid=97469)[0m [INFO 15:28:30 ActorGroup-Rank-0][async_ppo_fsdp_worker.py:359] async actor training: model forward done 36/64 elapsed=4.80s
[36m(ActorGroup(rank=0) pid=97469)[0m [INFO 15:28:30 ActorGroup-Rank-0][async_ppo_fsdp_worker.py:386] async actor training: logprobs ready 36/64 shape=(1, 16, 7) dtype=torch.float32
[36m(ActorGroup(rank=0) pid=97469)[0m [INFO 15:28:30 ActorGroup-Rank-0][async_ppo_fsdp_worker.py:419] async actor training: dreamzero tensors aligned 36/64 logprobs=(1, 16, 7) old_logprobs=(1, 16, 7) proximal_logprobs=None versions=(1, 16, 7) loss_action_dim=7
[36m(ActorGroup(rank=0) pid=97469)[0m [INFO 15:28:30 ActorGroup-Rank-0][async_ppo_fsdp_worker.py:457] async actor training: loss kwargs build start 36/64
[36m(ActorGroup(rank=0) pid=97469)[0m [INFO 15:28:30 ActorGroup-Rank-0][async_ppo_fsdp_worker.py:501] async actor training: loss kwargs built 36/64
[36m(ActorGroup(rank=0) pid=97469)[0m [INFO 15:28:30 ActorGroup-Rank-0][async_ppo_fsdp_worker.py:505] async actor training: policy loss start 36/64
[36m(ActorGroup(rank=0) pid=97469)[0m [INFO 15:28:30 ActorGroup-Rank-0][async_ppo_fsdp_worker.py:515] async actor training: policy loss done 36/64
[36m(ActorGroup(rank=0) pid=97469)[0m [INFO 15:28:30 ActorGroup-Rank-0][async_ppo_fsdp_worker.py:542] async actor training: backward start 36/64
[36m(ActorGroup(rank=0) pid=97469)[0m [INFO 15:28:32 ActorGroup-Rank-0][async_ppo_fsdp_worker.py:553] async actor training: backward done 36/64 elapsed=1.98s
[36m(ActorGroup(rank=2) pid=97486)[0m language is None, reset current_start_frame to 0
[36m(ActorGroup(rank=2) pid=97486)[0m videos shape torch.Size([1, 3, 4, 160, 320]) 33
[36m(ActorGroup(rank=0) pid=97469)[0m language is None, reset current_start_frame to 0
[36m(ActorGroup(rank=0) pid=97469)[0m videos shape torch.Size([1, 3, 4, 160, 320]) 33
[36m(ActorGroup(rank=1) pid=97470)[0m language is None, reset current_start_frame to 0
[36m(ActorGroup(rank=1) pid=97470)[0m videos shape torch.Size([1, 3, 4, 160, 320]) 33
[36m(ActorGroup(rank=3) pid=97488)[0m language is None, reset current_start_frame to 0
[36m(ActorGroup(rank=3) pid=97488)[0m videos shape torch.Size([1, 3, 4, 160, 320]) 33
[36m(ActorGroup(rank=2) pid=97486)[0m Time taken: Total 5.19 seconds, Text Encoder 0.31 seconds, Image Encoder 0.14 seconds, VAE 0.00 seconds, KV Cache Creation 1.11 seconds, Diffusion 3.61 seconds, DIT Compute Steps 3 steps, Scheduler 0.01 seconds
[36m(ActorGroup(rank=0) pid=97469)[0m Time taken: Total 5.19 seconds, Text Encoder 0.31 seconds, Image Encoder 0.14 seconds, VAE 0.00 seconds, KV Cache Creation 1.12 seconds, Diffusion 3.61 seconds, DIT Compute Steps 3 steps, Scheduler 0.01 seconds
[36m(ActorGroup(rank=1) pid=97470)[0m Time taken: Total 5.19 seconds, Text Encoder 0.31 seconds, Image Encoder 0.14 seconds, VAE 0.00 seconds, KV Cache Creation 1.12 seconds, Diffusion 3.61 seconds, DIT Compute Steps 3 steps, Scheduler 0.01 seconds
[36m(ActorGroup(rank=3) pid=97488)[0m Time taken: Total 5.19 seconds, Text Encoder 0.31 seconds, Image Encoder 0.14 seconds, VAE 0.00 seconds, KV Cache Creation 1.12 seconds, Diffusion 3.61 seconds, DIT Compute Steps 3 steps, Scheduler 0.01 seconds
[36m(ActorGroup(rank=2) pid=97486)[0m language is None, reset current_start_frame to 0
[36m(ActorGroup(rank=2) pid=97486)[0m videos shape torch.Size([1, 3, 4, 160, 320]) 33
[36m(ActorGroup(rank=0) pid=97469)[0m language is None, reset current_start_frame to 0
[36m(ActorGroup(rank=0) pid=97469)[0m videos shape torch.Size([1, 3, 4, 160, 320]) 33
[36m(ActorGroup(rank=1) pid=97470)[0m language is None, reset current_start_frame to 0
[36m(ActorGroup(rank=1) pid=97470)[0m videos shape torch.Size([1, 3, 4, 160, 320]) 33
[36m(ActorGroup(rank=3) pid=97488)[0m language is None, reset current_start_frame to 0
[36m(ActorGroup(rank=3) pid=97488)[0m videos shape torch.Size([1, 3, 4, 160, 320]) 33
[36m(ActorGroup(rank=2) pid=97486)[0m Time taken: Total 5.53 seconds, Text Encoder 0.32 seconds, Image Encoder 0.14 seconds, VAE 0.00 seconds, KV Cache Creation 1.26 seconds, Diffusion 3.81 seconds, DIT Compute Steps 3 steps, Scheduler 0.01 seconds
[36m(ActorGroup(rank=0) pid=97469)[0m Time taken: Total 5.53 seconds, Text Encoder 0.31 seconds, Image Encoder 0.14 seconds, VAE 0.00 seconds, KV Cache Creation 1.26 seconds, Diffusion 3.81 seconds, DIT Compute Steps 3 steps, Scheduler 0.01 seconds
[36m(ActorGroup(rank=1) pid=97470)[0m Time taken: Total 5.53 seconds, Text Encoder 0.32 seconds, Image Encoder 0.14 seconds, VAE 0.00 seconds, KV Cache Creation 1.26 seconds, Diffusion 3.81 seconds, DIT Compute Steps 3 steps, Scheduler 0.01 seconds
[36m(ActorGroup(rank=3) pid=97488)[0m Time taken: Total 5.54 seconds, Text Encoder 0.32 seconds, Image Encoder 0.14 seconds, VAE 0.00 seconds, KV Cache Creation 1.26 seconds, Diffusion 3.81 seconds, DIT Compute Steps 3 steps, Scheduler 0.01 seconds
[36m(ActorGroup(rank=2) pid=97486)[0m language is None, reset current_start_frame to 0
[36m(ActorGroup(rank=2) pid=97486)[0m videos shape torch.Size([1, 3, 4, 160, 320]) 33
[36m(ActorGroup(rank=0) pid=97469)[0m language is None, reset current_start_frame to 0
[36m(ActorGroup(rank=0) pid=97469)[0m videos shape torch.Size([1, 3, 4, 160, 320]) 33
[36m(ActorGroup(rank=1) pid=97470)[0m language is None, reset current_start_frame to 0
[36m(ActorGroup(rank=1) pid=97470)[0m videos shape torch.Size([1, 3, 4, 160, 320]) 33
[36m(ActorGroup(rank=3) pid=97488)[0m language is None, reset current_start_frame to 0
[36m(ActorGroup(rank=3) pid=97488)[0m videos shape torch.Size([1, 3, 4, 160, 320]) 33
[36m(ActorGroup(rank=2) pid=97486)[0m Time taken: Total 5.40 seconds, Text Encoder 0.34 seconds, Image Encoder 0.15 seconds, VAE 0.00 seconds, KV Cache Creation 1.16 seconds, Diffusion 3.75 seconds, DIT Compute Steps 3 steps, Scheduler 0.01 seconds
[36m(ActorGroup(rank=0) pid=97469)[0m Time taken: Total 5.40 seconds, Text Encoder 0.34 seconds, Image Encoder 0.15 seconds, VAE 0.00 seconds, KV Cache Creation 1.16 seconds, Diffusion 3.75 seconds, DIT Compute Steps 3 steps, Scheduler 0.01 seconds
[36m(ActorGroup(rank=1) pid=97470)[0m Time taken: Total 5.40 seconds, Text Encoder 0.34 seconds, Image Encoder 0.15 seconds, VAE 0.00 seconds, KV Cache Creation 1.16 seconds, Diffusion 3.75 seconds, DIT Compute Steps 3 steps, Scheduler 0.01 seconds
[36m(ActorGroup(rank=3) pid=97488)[0m Time taken: Total 5.40 seconds, Text Encoder 0.34 seconds, Image Encoder 0.15 seconds, VAE 0.00 seconds, KV Cache Creation 1.15 seconds, Diffusion 3.75 seconds, DIT Compute Steps 3 steps, Scheduler 0.01 seconds
[36m(ActorGroup(rank=0) pid=97469)[0m [INFO 15:28:56 ActorGroup-Rank-0][async_ppo_fsdp_worker.py:261] async actor training: micro-batch start 40/64 epoch=1/1 global_batch=3/4 micro=8/16
[36m(ActorGroup(rank=0) pid=97469)[0m [INFO 15:28:56 ActorGroup-Rank-0][async_ppo_fsdp_worker.py:277] async actor training: batch to device done 40/64
[36m(ActorGroup(rank=0) pid=97469)[0m [INFO 15:28:56 ActorGroup-Rank-0][async_ppo_fsdp_worker.py:293] async actor training: before_micro_batch done 40/64 is_last_micro_batch=False
[36m(ActorGroup(rank=0) pid=97469)[0m [INFO 15:28:56 ActorGroup-Rank-0][async_ppo_fsdp_worker.py:341] async actor training: model forward start 40/64
[36m(ActorGroup(rank=2) pid=97486)[0m language is None, reset current_start_frame to 0
[36m(ActorGroup(rank=2) pid=97486)[0m videos shape torch.Size([1, 3, 4, 160, 320]) 33
[36m(ActorGroup(rank=0) pid=97469)[0m language is None, reset current_start_frame to 0
[36m(ActorGroup(rank=0) pid=97469)[0m videos shape torch.Size([1, 3, 4, 160, 320]) 33
[36m(ActorGroup(rank=1) pid=97470)[0m language is None, reset current_start_frame to 0
[36m(ActorGroup(rank=1) pid=97470)[0m videos shape torch.Size([1, 3, 4, 160, 320]) 33
[36m(ActorGroup(rank=3) pid=97488)[0m language is None, reset current_start_frame to 0
[36m(ActorGroup(rank=3) pid=97488)[0m videos shape torch.Size([1, 3, 4, 160, 320]) 33
[36m(ActorGroup(rank=2) pid=97486)[0m Time taken: Total 5.30 seconds, Text Encoder 0.24 seconds, Image Encoder 0.14 seconds, VAE 0.00 seconds, KV Cache Creation 1.34 seconds, Diffusion 3.59 seconds, DIT Compute Steps 3 steps, Scheduler 0.01 seconds
[36m(ActorGroup(rank=0) pid=97469)[0m Time taken: Total 5.31 seconds, Text Encoder 0.24 seconds, Image Encoder 0.14 seconds, VAE 0.00 seconds, KV Cache Creation 1.34 seconds, Diffusion 3.58 seconds, DIT Compute Steps 3 steps, Scheduler 0.01 seconds
[36m(ActorGroup(rank=0) pid=97469)[0m [INFO 15:29:01 ActorGroup-Rank-0][async_ppo_fsdp_worker.py:359] async actor training: model forward done 40/64 elapsed=5.40s
[36m(ActorGroup(rank=0) pid=97469)[0m [INFO 15:29:01 ActorGroup-Rank-0][async_ppo_fsdp_worker.py:386] async actor training: logprobs ready 40/64 shape=(1, 16, 7) dtype=torch.float32
[36m(ActorGroup(rank=0) pid=97469)[0m [INFO 15:29:01 ActorGroup-Rank-0][async_ppo_fsdp_worker.py:419] async actor training: dreamzero tensors aligned 40/64 logprobs=(1, 16, 7) old_logprobs=(1, 16, 7) proximal_logprobs=None versions=(1, 16, 7) loss_action_dim=7
[36m(ActorGroup(rank=0) pid=97469)[0m [INFO 15:29:01 ActorGroup-Rank-0][async_ppo_fsdp_worker.py:457] async actor training: loss kwargs build start 40/64
[36m(ActorGroup(rank=1) pid=97470)[0m Time taken: Total 5.30 seconds, Text Encoder 0.23 seconds, Image Encoder 0.14 seconds, VAE 0.00 seconds, KV Cache Creation 1.34 seconds, Diffusion 3.59 seconds, DIT Compute Steps 3 steps, Scheduler 0.01 seconds
[36m(ActorGroup(rank=3) pid=97488)[0m Time taken: Total 5.30 seconds, Text Encoder 0.23 seconds, Image Encoder 0.14 seconds, VAE 0.00 seconds, KV Cache Creation 1.34 seconds, Diffusion 3.58 seconds, DIT Compute Steps 3 steps, Scheduler 0.01 seconds
[36m(ActorGroup(rank=0) pid=97469)[0m [INFO 15:29:01 ActorGroup-Rank-0][async_ppo_fsdp_worker.py:501] async actor training: loss kwargs built 40/64
[36m(ActorGroup(rank=0) pid=97469)[0m [INFO 15:29:01 ActorGroup-Rank-0][async_ppo_fsdp_worker.py:505] async actor training: policy loss start 40/64
[36m(ActorGroup(rank=0) pid=97469)[0m [INFO 15:29:01 ActorGroup-Rank-0][async_ppo_fsdp_worker.py:515] async actor training: policy loss done 40/64
[36m(ActorGroup(rank=0) pid=97469)[0m [INFO 15:29:01 ActorGroup-Rank-0][async_ppo_fsdp_worker.py:542] async actor training: backward start 40/64
[36m(ActorGroup(rank=0) pid=97469)[0m [INFO 15:29:04 ActorGroup-Rank-0][async_ppo_fsdp_worker.py:553] async actor training: backward done 40/64 elapsed=2.62s
[36m(ActorGroup(rank=2) pid=97486)[0m language is None, reset current_start_frame to 0
[36m(ActorGroup(rank=2) pid=97486)[0m videos shape torch.Size([1, 3, 4, 160, 320]) 33
[36m(ActorGroup(rank=0) pid=97469)[0m language is None, reset current_start_frame to 0
[36m(ActorGroup(rank=0) pid=97469)[0m videos shape torch.Size([1, 3, 4, 160, 320]) 33
[36m(ActorGroup(rank=1) pid=97470)[0m language is None, reset current_start_frame to 0
[36m(ActorGroup(rank=1) pid=97470)[0m videos shape torch.Size([1, 3, 4, 160, 320]) 33
[36m(ActorGroup(rank=3) pid=97488)[0m language is None, reset current_start_frame to 0
[36m(ActorGroup(rank=3) pid=97488)[0m videos shape torch.Size([1, 3, 4, 160, 320]) 33
[36m(ActorGroup(rank=2) pid=97486)[0m Time taken: Total 5.24 seconds, Text Encoder 0.22 seconds, Image Encoder 0.13 seconds, VAE 0.00 seconds, KV Cache Creation 1.16 seconds, Diffusion 3.71 seconds, DIT Compute Steps 3 steps, Scheduler 0.01 seconds
[36m(ActorGroup(rank=0) pid=97469)[0m Time taken: Total 5.25 seconds, Text Encoder 0.22 seconds, Image Encoder 0.14 seconds, VAE 0.00 seconds, KV Cache Creation 1.16 seconds, Diffusion 3.71 seconds, DIT Compute Steps 3 steps, Scheduler 0.01 seconds
[36m(ActorGroup(rank=1) pid=97470)[0m Time taken: Total 5.24 seconds, Text Encoder 0.22 seconds, Image Encoder 0.13 seconds, VAE 0.00 seconds, KV Cache Creation 1.16 seconds, Diffusion 3.72 seconds, DIT Compute Steps 3 steps, Scheduler 0.01 seconds
[36m(ActorGroup(rank=3) pid=97488)[0m Time taken: Total 5.25 seconds, Text Encoder 0.22 seconds, Image Encoder 0.14 seconds, VAE 0.00 seconds, KV Cache Creation 1.16 seconds, Diffusion 3.71 seconds, DIT Compute Steps 3 steps, Scheduler 0.01 seconds
[36m(ActorGroup(rank=2) pid=97486)[0m language is None, reset current_start_frame to 0
[36m(ActorGroup(rank=2) pid=97486)[0m videos shape torch.Size([1, 3, 4, 160, 320]) 33
[36m(ActorGroup(rank=0) pid=97469)[0m language is None, reset current_start_frame to 0
[36m(ActorGroup(rank=0) pid=97469)[0m videos shape torch.Size([1, 3, 4, 160, 320]) 33
[36m(ActorGroup(rank=1) pid=97470)[0m language is None, reset current_start_frame to 0
[36m(ActorGroup(rank=1) pid=97470)[0m videos shape torch.Size([1, 3, 4, 160, 320]) 33
[36m(ActorGroup(rank=3) pid=97488)[0m language is None, reset current_start_frame to 0
[36m(ActorGroup(rank=3) pid=97488)[0m videos shape torch.Size([1, 3, 4, 160, 320]) 33
[36m(ActorGroup(rank=2) pid=97486)[0m Time taken: Total 5.65 seconds, Text Encoder 0.32 seconds, Image Encoder 0.13 seconds, VAE 0.00 seconds, KV Cache Creation 1.28 seconds, Diffusion 3.90 seconds, DIT Compute Steps 3 steps, Scheduler 0.01 seconds
[36m(ActorGroup(rank=0) pid=97469)[0m Time taken: Total 5.65 seconds, Text Encoder 0.32 seconds, Image Encoder 0.13 seconds, VAE 0.00 seconds, KV Cache Creation 1.28 seconds, Diffusion 3.90 seconds, DIT Compute Steps 3 steps, Scheduler 0.01 seconds
[36m(ActorGroup(rank=1) pid=97470)[0m Time taken: Total 5.65 seconds, Text Encoder 0.32 seconds, Image Encoder 0.13 seconds, VAE 0.00 seconds, KV Cache Creation 1.28 seconds, Diffusion 3.90 seconds, DIT Compute Steps 3 steps, Scheduler 0.01 seconds
[36m(ActorGroup(rank=3) pid=97488)[0m Time taken: Total 5.65 seconds, Text Encoder 0.32 seconds, Image Encoder 0.14 seconds, VAE 0.00 seconds, KV Cache Creation 1.28 seconds, Diffusion 3.90 seconds, DIT Compute Steps 3 steps, Scheduler 0.01 seconds
[36m(ActorGroup(rank=2) pid=97486)[0m language is None, reset current_start_frame to 0
[36m(ActorGroup(rank=2) pid=97486)[0m videos shape torch.Size([1, 3, 4, 160, 320]) 33
[36m(ActorGroup(rank=0) pid=97469)[0m language is None, reset current_start_frame to 0
[36m(ActorGroup(rank=0) pid=97469)[0m videos shape torch.Size([1, 3, 4, 160, 320]) 33
[36m(ActorGroup(rank=1) pid=97470)[0m language is None, reset current_start_frame to 0
[36m(ActorGroup(rank=1) pid=97470)[0m videos shape torch.Size([1, 3, 4, 160, 320]) 33
[36m(ActorGroup(rank=3) pid=97488)[0m language is None, reset current_start_frame to 0
[36m(ActorGroup(rank=3) pid=97488)[0m videos shape torch.Size([1, 3, 4, 160, 320]) 33
[36m(ActorGroup(rank=2) pid=97486)[0m Time taken: Total 5.23 seconds, Text Encoder 0.33 seconds, Image Encoder 0.14 seconds, VAE 0.00 seconds, KV Cache Creation 1.12 seconds, Diffusion 3.63 seconds, DIT Compute Steps 3 steps, Scheduler 0.01 seconds
[36m(ActorGroup(rank=0) pid=97469)[0m Time taken: Total 5.23 seconds, Text Encoder 0.33 seconds, Image Encoder 0.15 seconds, VAE 0.00 seconds, KV Cache Creation 1.12 seconds, Diffusion 3.63 seconds, DIT Compute Steps 3 steps, Scheduler 0.01 seconds
[36m(ActorGroup(rank=1) pid=97470)[0m Time taken: Total 5.23 seconds, Text Encoder 0.33 seconds, Image Encoder 0.14 seconds, VAE 0.00 seconds, KV Cache Creation 1.12 seconds, Diffusion 3.63 seconds, DIT Compute Steps 3 steps, Scheduler 0.01 seconds
[36m(ActorGroup(rank=3) pid=97488)[0m Time taken: Total 5.23 seconds, Text Encoder 0.33 seconds, Image Encoder 0.14 seconds, VAE 0.00 seconds, KV Cache Creation 1.12 seconds, Diffusion 3.63 seconds, DIT Compute Steps 3 steps, Scheduler 0.01 seconds
[36m(ActorGroup(rank=0) pid=97469)[0m [INFO 15:29:28 ActorGroup-Rank-0][async_ppo_fsdp_worker.py:261] async actor training: micro-batch start 44/64 epoch=1/1 global_batch=3/4 micro=12/16
[36m(ActorGroup(rank=0) pid=97469)[0m [INFO 15:29:28 ActorGroup-Rank-0][async_ppo_fsdp_worker.py:277] async actor training: batch to device done 44/64
[36m(ActorGroup(rank=0) pid=97469)[0m [INFO 15:29:28 ActorGroup-Rank-0][async_ppo_fsdp_worker.py:293] async actor training: before_micro_batch done 44/64 is_last_micro_batch=False
[36m(ActorGroup(rank=0) pid=97469)[0m [INFO 15:29:28 ActorGroup-Rank-0][async_ppo_fsdp_worker.py:341] async actor training: model forward start 44/64
[36m(ActorGroup(rank=2) pid=97486)[0m language is None, reset current_start_frame to 0
[36m(ActorGroup(rank=2) pid=97486)[0m videos shape torch.Size([1, 3, 4, 160, 320]) 33
[36m(ActorGroup(rank=0) pid=97469)[0m language is None, reset current_start_frame to 0
[36m(ActorGroup(rank=0) pid=97469)[0m videos shape torch.Size([1, 3, 4, 160, 320]) 33
[36m(ActorGroup(rank=1) pid=97470)[0m language is None, reset current_start_frame to 0
[36m(ActorGroup(rank=1) pid=97470)[0m videos shape torch.Size([1, 3, 4, 160, 320]) 33
[36m(ActorGroup(rank=3) pid=97488)[0m language is None, reset current_start_frame to 0
[36m(ActorGroup(rank=3) pid=97488)[0m videos shape torch.Size([1, 3, 4, 160, 320]) 33
[36m(ActorGroup(rank=2) pid=97486)[0m Time taken: Total 5.15 seconds, Text Encoder 0.19 seconds, Image Encoder 0.14 seconds, VAE 0.00 seconds, KV Cache Creation 1.27 seconds, Diffusion 3.53 seconds, DIT Compute Steps 3 steps, Scheduler 0.01 seconds
[36m(ActorGroup(rank=0) pid=97469)[0m Time taken: Total 5.15 seconds, Text Encoder 0.19 seconds, Image Encoder 0.15 seconds, VAE 0.00 seconds, KV Cache Creation 1.27 seconds, Diffusion 3.53 seconds, DIT Compute Steps 3 steps, Scheduler 0.01 seconds
[36m(ActorGroup(rank=0) pid=97469)[0m [INFO 15:29:33 ActorGroup-Rank-0][async_ppo_fsdp_worker.py:359] async actor training: model forward done 44/64 elapsed=5.35s
[36m(ActorGroup(rank=0) pid=97469)[0m [INFO 15:29:33 ActorGroup-Rank-0][async_ppo_fsdp_worker.py:386] async actor training: logprobs ready 44/64 shape=(1, 16, 7) dtype=torch.float32
[36m(ActorGroup(rank=0) pid=97469)[0m [INFO 15:29:33 ActorGroup-Rank-0][async_ppo_fsdp_worker.py:419] async actor training: dreamzero tensors aligned 44/64 logprobs=(1, 16, 7) old_logprobs=(1, 16, 7) proximal_logprobs=None versions=(1, 16, 7) loss_action_dim=7
[36m(ActorGroup(rank=0) pid=97469)[0m [INFO 15:29:33 ActorGroup-Rank-0][async_ppo_fsdp_worker.py:457] async actor training: loss kwargs build start 44/64
[36m(ActorGroup(rank=1) pid=97470)[0m Time taken: Total 5.15 seconds, Text Encoder 0.19 seconds, Image Encoder 0.14 seconds, VAE 0.00 seconds, KV Cache Creation 1.27 seconds, Diffusion 3.53 seconds, DIT Compute Steps 3 steps, Scheduler 0.01 seconds
[36m(ActorGroup(rank=3) pid=97488)[0m Time taken: Total 5.15 seconds, Text Encoder 0.19 seconds, Image Encoder 0.15 seconds, VAE 0.00 seconds, KV Cache Creation 1.27 seconds, Diffusion 3.53 seconds, DIT Compute Steps 3 steps, Scheduler 0.01 seconds
[36m(ActorGroup(rank=0) pid=97469)[0m [INFO 15:29:33 ActorGroup-Rank-0][async_ppo_fsdp_worker.py:501] async actor training: loss kwargs built 44/64
[36m(ActorGroup(rank=0) pid=97469)[0m [INFO 15:29:33 ActorGroup-Rank-0][async_ppo_fsdp_worker.py:505] async actor training: policy loss start 44/64
[36m(ActorGroup(rank=0) pid=97469)[0m [INFO 15:29:33 ActorGroup-Rank-0][async_ppo_fsdp_worker.py:515] async actor training: policy loss done 44/64
[36m(ActorGroup(rank=0) pid=97469)[0m [INFO 15:29:33 ActorGroup-Rank-0][async_ppo_fsdp_worker.py:542] async actor training: backward start 44/64
[36m(ActorGroup(rank=0) pid=97469)[0m [INFO 15:29:35 ActorGroup-Rank-0][async_ppo_fsdp_worker.py:553] async actor training: backward done 44/64 elapsed=2.01s
[36m(ActorGroup(rank=2) pid=97486)[0m language is None, reset current_start_frame to 0
[36m(ActorGroup(rank=2) pid=97486)[0m videos shape torch.Size([1, 3, 4, 160, 320]) 33
[36m(ActorGroup(rank=0) pid=97469)[0m language is None, reset current_start_frame to 0
[36m(ActorGroup(rank=0) pid=97469)[0m videos shape torch.Size([1, 3, 4, 160, 320]) 33
[36m(ActorGroup(rank=1) pid=97470)[0m language is None, reset current_start_frame to 0
[36m(ActorGroup(rank=1) pid=97470)[0m videos shape torch.Size([1, 3, 4, 160, 320]) 33
[36m(ActorGroup(rank=3) pid=97488)[0m language is None, reset current_start_frame to 0
[36m(ActorGroup(rank=3) pid=97488)[0m videos shape torch.Size([1, 3, 4, 160, 320]) 33
[36m(ActorGroup(rank=2) pid=97486)[0m Time taken: Total 5.18 seconds, Text Encoder 0.22 seconds, Image Encoder 0.14 seconds, VAE 0.00 seconds, KV Cache Creation 1.14 seconds, Diffusion 3.67 seconds, DIT Compute Steps 3 steps, Scheduler 0.01 seconds
[36m(ActorGroup(rank=0) pid=97469)[0m Time taken: Total 5.18 seconds, Text Encoder 0.22 seconds, Image Encoder 0.14 seconds, VAE 0.00 seconds, KV Cache Creation 1.14 seconds, Diffusion 3.67 seconds, DIT Compute Steps 3 steps, Scheduler 0.01 seconds
[36m(ActorGroup(rank=1) pid=97470)[0m Time taken: Total 5.18 seconds, Text Encoder 0.22 seconds, Image Encoder 0.14 seconds, VAE 0.00 seconds, KV Cache Creation 1.14 seconds, Diffusion 3.67 seconds, DIT Compute Steps 3 steps, Scheduler 0.01 seconds
[36m(ActorGroup(rank=3) pid=97488)[0m Time taken: Total 5.18 seconds, Text Encoder 0.22 seconds, Image Encoder 0.14 seconds, VAE 0.00 seconds, KV Cache Creation 1.14 seconds, Diffusion 3.67 seconds, DIT Compute Steps 3 steps, Scheduler 0.01 seconds
[36m(ActorGroup(rank=2) pid=97486)[0m language is None, reset current_start_frame to 0
[36m(ActorGroup(rank=2) pid=97486)[0m videos shape torch.Size([1, 3, 4, 160, 320]) 33
[36m(ActorGroup(rank=0) pid=97469)[0m language is None, reset current_start_frame to 0
[36m(ActorGroup(rank=0) pid=97469)[0m videos shape torch.Size([1, 3, 4, 160, 320]) 33
[36m(ActorGroup(rank=1) pid=97470)[0m language is None, reset current_start_frame to 0
[36m(ActorGroup(rank=1) pid=97470)[0m videos shape torch.Size([1, 3, 4, 160, 320]) 33
[36m(ActorGroup(rank=3) pid=97488)[0m language is None, reset current_start_frame to 0
[36m(ActorGroup(rank=3) pid=97488)[0m videos shape torch.Size([1, 3, 4, 160, 320]) 33
[36m(ActorGroup(rank=2) pid=97486)[0m Time taken: Total 5.18 seconds, Text Encoder 0.28 seconds, Image Encoder 0.14 seconds, VAE 0.00 seconds, KV Cache Creation 1.21 seconds, Diffusion 3.54 seconds, DIT Compute Steps 3 steps, Scheduler 0.01 seconds
[36m(ActorGroup(rank=0) pid=97469)[0m Time taken: Total 5.18 seconds, Text Encoder 0.28 seconds, Image Encoder 0.14 seconds, VAE 0.00 seconds, KV Cache Creation 1.22 seconds, Diffusion 3.53 seconds, DIT Compute Steps 3 steps, Scheduler 0.01 seconds
[36m(ActorGroup(rank=1) pid=97470)[0m Time taken: Total 5.18 seconds, Text Encoder 0.28 seconds, Image Encoder 0.14 seconds, VAE 0.00 seconds, KV Cache Creation 1.22 seconds, Diffusion 3.54 seconds, DIT Compute Steps 3 steps, Scheduler 0.01 seconds
[36m(ActorGroup(rank=3) pid=97488)[0m Time taken: Total 5.18 seconds, Text Encoder 0.28 seconds, Image Encoder 0.14 seconds, VAE 0.00 seconds, KV Cache Creation 1.21 seconds, Diffusion 3.54 seconds, DIT Compute Steps 3 steps, Scheduler 0.01 seconds
[36m(ActorGroup(rank=2) pid=97486)[0m language is None, reset current_start_frame to 0
[36m(ActorGroup(rank=2) pid=97486)[0m videos shape torch.Size([1, 3, 4, 160, 320]) 33
[36m(ActorGroup(rank=0) pid=97469)[0m language is None, reset current_start_frame to 0
[36m(ActorGroup(rank=0) pid=97469)[0m videos shape torch.Size([1, 3, 4, 160, 320]) 33
[36m(ActorGroup(rank=1) pid=97470)[0m language is None, reset current_start_frame to 0
[36m(ActorGroup(rank=1) pid=97470)[0m videos shape torch.Size([1, 3, 4, 160, 320]) 33
[36m(ActorGroup(rank=3) pid=97488)[0m language is None, reset current_start_frame to 0
[36m(ActorGroup(rank=3) pid=97488)[0m videos shape torch.Size([1, 3, 4, 160, 320]) 33
[36m(ActorGroup(rank=2) pid=97486)[0m Time taken: Total 8.18 seconds, Text Encoder 0.27 seconds, Image Encoder 0.14 seconds, VAE 0.00 seconds, KV Cache Creation 1.48 seconds, Diffusion 6.28 seconds, DIT Compute Steps 3 steps, Scheduler 0.01 seconds
[36m(ActorGroup(rank=0) pid=97469)[0m Time taken: Total 8.18 seconds, Text Encoder 0.27 seconds, Image Encoder 0.14 seconds, VAE 0.00 seconds, KV Cache Creation 1.49 seconds, Diffusion 6.28 seconds, DIT Compute Steps 3 steps, Scheduler 0.01 seconds
[36m(ActorGroup(rank=1) pid=97470)[0m Time taken: Total 8.18 seconds, Text Encoder 0.27 seconds, Image Encoder 0.14 seconds, VAE 0.00 seconds, KV Cache Creation 1.48 seconds, Diffusion 6.28 seconds, DIT Compute Steps 3 steps, Scheduler 0.01 seconds
[36m(ActorGroup(rank=3) pid=97488)[0m Time taken: Total 8.18 seconds, Text Encoder 0.27 seconds, Image Encoder 0.14 seconds, VAE 0.00 seconds, KV Cache Creation 1.48 seconds, Diffusion 6.28 seconds, DIT Compute Steps 3 steps, Scheduler 0.01 seconds
[36m(ActorGroup(rank=2) pid=97486)[0m language is None, reset current_start_frame to 0
[36m(ActorGroup(rank=2) pid=97486)[0m videos shape torch.Size([1, 3, 4, 160, 320]) 33
[36m(ActorGroup(rank=0) pid=97469)[0m [INFO 15:30:03 ActorGroup-Rank-0][async_ppo_fsdp_worker.py:261] async actor training: micro-batch start 48/64 epoch=1/1 global_batch=3/4 micro=16/16
[36m(ActorGroup(rank=0) pid=97469)[0m [INFO 15:30:03 ActorGroup-Rank-0][async_ppo_fsdp_worker.py:277] async actor training: batch to device done 48/64
[36m(ActorGroup(rank=0) pid=97469)[0m [INFO 15:30:03 ActorGroup-Rank-0][async_ppo_fsdp_worker.py:293] async actor training: before_micro_batch done 48/64 is_last_micro_batch=True
[36m(ActorGroup(rank=0) pid=97469)[0m [INFO 15:30:03 ActorGroup-Rank-0][async_ppo_fsdp_worker.py:341] async actor training: model forward start 48/64
[36m(ActorGroup(rank=0) pid=97469)[0m language is None, reset current_start_frame to 0
[36m(ActorGroup(rank=0) pid=97469)[0m videos shape torch.Size([1, 3, 4, 160, 320]) 33
[36m(ActorGroup(rank=1) pid=97470)[0m language is None, reset current_start_frame to 0
[36m(ActorGroup(rank=1) pid=97470)[0m videos shape torch.Size([1, 3, 4, 160, 320]) 33
[36m(ActorGroup(rank=3) pid=97488)[0m language is None, reset current_start_frame to 0
[36m(ActorGroup(rank=3) pid=97488)[0m videos shape torch.Size([1, 3, 4, 160, 320]) 33
[36m(ActorGroup(rank=2) pid=97486)[0m Time taken: Total 5.16 seconds, Text Encoder 0.21 seconds, Image Encoder 0.14 seconds, VAE 0.00 seconds, KV Cache Creation 1.25 seconds, Diffusion 3.55 seconds, DIT Compute Steps 3 steps, Scheduler 0.01 seconds
[36m(ActorGroup(rank=0) pid=97469)[0m Time taken: Total 5.16 seconds, Text Encoder 0.21 seconds, Image Encoder 0.14 seconds, VAE 0.00 seconds, KV Cache Creation 1.26 seconds, Diffusion 3.54 seconds, DIT Compute Steps 3 steps, Scheduler 0.01 seconds
[36m(ActorGroup(rank=1) pid=97470)[0m Time taken: Total 5.16 seconds, Text Encoder 0.21 seconds, Image Encoder 0.14 seconds, VAE 0.00 seconds, KV Cache Creation 1.26 seconds, Diffusion 3.55 seconds, DIT Compute Steps 3 steps, Scheduler 0.01 seconds
[36m(ActorGroup(rank=3) pid=97488)[0m Time taken: Total 5.16 seconds, Text Encoder 0.21 seconds, Image Encoder 0.14 seconds, VAE 0.00 seconds, KV Cache Creation 1.26 seconds, Diffusion 3.54 seconds, DIT Compute Steps 3 steps, Scheduler 0.01 seconds
[36m(ActorGroup(rank=0) pid=97469)[0m [INFO 15:30:08 ActorGroup-Rank-0][async_ppo_fsdp_worker.py:359] async actor training: model forward done 48/64 elapsed=5.26s
[36m(ActorGroup(rank=0) pid=97469)[0m [INFO 15:30:08 ActorGroup-Rank-0][async_ppo_fsdp_worker.py:386] async actor training: logprobs ready 48/64 shape=(1, 16, 7) dtype=torch.float32
[36m(ActorGroup(rank=0) pid=97469)[0m [INFO 15:30:08 ActorGroup-Rank-0][async_ppo_fsdp_worker.py:419] async actor training: dreamzero tensors aligned 48/64 logprobs=(1, 16, 7) old_logprobs=(1, 16, 7) proximal_logprobs=None versions=(1, 16, 7) loss_action_dim=7
[36m(ActorGroup(rank=0) pid=97469)[0m [INFO 15:30:08 ActorGroup-Rank-0][async_ppo_fsdp_worker.py:457] async actor training: loss kwargs build start 48/64
[36m(ActorGroup(rank=0) pid=97469)[0m [INFO 15:30:08 ActorGroup-Rank-0][async_ppo_fsdp_worker.py:501] async actor training: loss kwargs built 48/64
[36m(ActorGroup(rank=0) pid=97469)[0m [INFO 15:30:08 ActorGroup-Rank-0][async_ppo_fsdp_worker.py:505] async actor training: policy loss start 48/64
[36m(ActorGroup(rank=0) pid=97469)[0m [INFO 15:30:08 ActorGroup-Rank-0][async_ppo_fsdp_worker.py:515] async actor training: policy loss done 48/64
[36m(ActorGroup(rank=0) pid=97469)[0m [INFO 15:30:08 ActorGroup-Rank-0][async_ppo_fsdp_worker.py:542] async actor training: backward start 48/64
[36m(ActorGroup(rank=0) pid=97469)[0m [INFO 15:30:10 ActorGroup-Rank-0][async_ppo_fsdp_worker.py:553] async actor training: backward done 48/64 elapsed=2.15s
[36m(ActorGroup(rank=0) pid=97469)[0m [INFO 15:30:11 ActorGroup-Rank-0][async_ppo_fsdp_worker.py:581] async actor training: empty_cache done global_batch=3/4 elapsed=0.31s
[36m(ActorGroup(rank=0) pid=97469)[0m [INFO 15:30:11 ActorGroup-Rank-0][async_ppo_fsdp_worker.py:587] async actor training: global batch done 3/4 epoch=1/1 elapsed=129.31s
[36m(ActorGroup(rank=0) pid=97469)[0m [INFO 15:30:11 ActorGroup-Rank-0][async_ppo_fsdp_worker.py:598] async actor training: optimizer step start global_batch=3/4
[36m(ActorGroup(rank=0) pid=97469)[0m [INFO 15:30:11 ActorGroup-Rank-0][async_ppo_fsdp_worker.py:607] async actor training: optimizer step done global_batch=3/4 grad_norm=148.693 elapsed=0.05s
[36m(ActorGroup(rank=2) pid=97486)[0m language is None, reset current_start_frame to 0
[36m(ActorGroup(rank=2) pid=97486)[0m videos shape torch.Size([1, 3, 4, 160, 320]) 33
[36m(ActorGroup(rank=0) pid=97469)[0m language is None, reset current_start_frame to 0
[36m(ActorGroup(rank=0) pid=97469)[0m videos shape torch.Size([1, 3, 4, 160, 320]) 33
[36m(ActorGroup(rank=1) pid=97470)[0m language is None, reset current_start_frame to 0
[36m(ActorGroup(rank=1) pid=97470)[0m videos shape torch.Size([1, 3, 4, 160, 320]) 33
[36m(ActorGroup(rank=3) pid=97488)[0m language is None, reset current_start_frame to 0
[36m(ActorGroup(rank=3) pid=97488)[0m videos shape torch.Size([1, 3, 4, 160, 320]) 33
[36m(ActorGroup(rank=2) pid=97486)[0m Time taken: Total 5.43 seconds, Text Encoder 0.46 seconds, Image Encoder 0.14 seconds, VAE 0.00 seconds, KV Cache Creation 1.13 seconds, Diffusion 3.69 seconds, DIT Compute Steps 3 steps, Scheduler 0.01 seconds
[36m(ActorGroup(rank=0) pid=97469)[0m Time taken: Total 5.42 seconds, Text Encoder 0.46 seconds, Image Encoder 0.14 seconds, VAE 0.00 seconds, KV Cache Creation 1.13 seconds, Diffusion 3.69 seconds, DIT Compute Steps 3 steps, Scheduler 0.01 seconds
[36m(ActorGroup(rank=1) pid=97470)[0m Time taken: Total 5.42 seconds, Text Encoder 0.46 seconds, Image Encoder 0.14 seconds, VAE 0.00 seconds, KV Cache Creation 1.13 seconds, Diffusion 3.69 seconds, DIT Compute Steps 3 steps, Scheduler 0.01 seconds
[36m(ActorGroup(rank=3) pid=97488)[0m Time taken: Total 5.43 seconds, Text Encoder 0.46 seconds, Image Encoder 0.14 seconds, VAE 0.00 seconds, KV Cache Creation 1.13 seconds, Diffusion 3.69 seconds, DIT Compute Steps 3 steps, Scheduler 0.01 seconds
[36m(ActorGroup(rank=2) pid=97486)[0m language is None, reset current_start_frame to 0
[36m(ActorGroup(rank=2) pid=97486)[0m videos shape torch.Size([1, 3, 4, 160, 320]) 33
[36m(ActorGroup(rank=0) pid=97469)[0m language is None, reset current_start_frame to 0
[36m(ActorGroup(rank=0) pid=97469)[0m videos shape torch.Size([1, 3, 4, 160, 320]) 33
[36m(ActorGroup(rank=1) pid=97470)[0m language is None, reset current_start_frame to 0
[36m(ActorGroup(rank=1) pid=97470)[0m videos shape torch.Size([1, 3, 4, 160, 320]) 33
[36m(ActorGroup(rank=3) pid=97488)[0m language is None, reset current_start_frame to 0
[36m(ActorGroup(rank=3) pid=97488)[0m videos shape torch.Size([1, 3, 4, 160, 320]) 33
[36m(ActorGroup(rank=2) pid=97486)[0m Time taken: Total 5.10 seconds, Text Encoder 0.20 seconds, Image Encoder 0.14 seconds, VAE 0.00 seconds, KV Cache Creation 1.11 seconds, Diffusion 3.64 seconds, DIT Compute Steps 3 steps, Scheduler 0.01 seconds
[36m(ActorGroup(rank=0) pid=97469)[0m Time taken: Total 5.10 seconds, Text Encoder 0.20 seconds, Image Encoder 0.14 seconds, VAE 0.00 seconds, KV Cache Creation 1.11 seconds, Diffusion 3.64 seconds, DIT Compute Steps 3 steps, Scheduler 0.01 seconds
[36m(ActorGroup(rank=1) pid=97470)[0m Time taken: Total 5.10 seconds, Text Encoder 0.20 seconds, Image Encoder 0.14 seconds, VAE 0.00 seconds, KV Cache Creation 1.11 seconds, Diffusion 3.64 seconds, DIT Compute Steps 3 steps, Scheduler 0.01 seconds
[36m(ActorGroup(rank=3) pid=97488)[0m Time taken: Total 5.10 seconds, Text Encoder 0.20 seconds, Image Encoder 0.14 seconds, VAE 0.00 seconds, KV Cache Creation 1.11 seconds, Diffusion 3.64 seconds, DIT Compute Steps 3 steps, Scheduler 0.01 seconds
[36m(ActorGroup(rank=2) pid=97486)[0m language is None, reset current_start_frame to 0
[36m(ActorGroup(rank=2) pid=97486)[0m videos shape torch.Size([1, 3, 4, 160, 320]) 33
[36m(ActorGroup(rank=0) pid=97469)[0m language is None, reset current_start_frame to 0
[36m(ActorGroup(rank=0) pid=97469)[0m videos shape torch.Size([1, 3, 4, 160, 320]) 33
[36m(ActorGroup(rank=1) pid=97470)[0m language is None, reset current_start_frame to 0
[36m(ActorGroup(rank=1) pid=97470)[0m videos shape torch.Size([1, 3, 4, 160, 320]) 33
[36m(ActorGroup(rank=3) pid=97488)[0m language is None, reset current_start_frame to 0
[36m(ActorGroup(rank=3) pid=97488)[0m videos shape torch.Size([1, 3, 4, 160, 320]) 33
[36m(ActorGroup(rank=2) pid=97486)[0m Time taken: Total 5.58 seconds, Text Encoder 0.35 seconds, Image Encoder 0.14 seconds, VAE 0.00 seconds, KV Cache Creation 1.50 seconds, Diffusion 3.58 seconds, DIT Compute Steps 3 steps, Scheduler 0.01 seconds
[36m(ActorGroup(rank=0) pid=97469)[0m Time taken: Total 5.58 seconds, Text Encoder 0.35 seconds, Image Encoder 0.14 seconds, VAE 0.00 seconds, KV Cache Creation 1.50 seconds, Diffusion 3.58 seconds, DIT Compute Steps 3 steps, Scheduler 0.01 seconds
[36m(ActorGroup(rank=1) pid=97470)[0m Time taken: Total 5.58 seconds, Text Encoder 0.35 seconds, Image Encoder 0.14 seconds, VAE 0.00 seconds, KV Cache Creation 1.50 seconds, Diffusion 3.59 seconds, DIT Compute Steps 3 steps, Scheduler 0.01 seconds
[36m(ActorGroup(rank=3) pid=97488)[0m Time taken: Total 5.58 seconds, Text Encoder 0.35 seconds, Image Encoder 0.14 seconds, VAE 0.00 seconds, KV Cache Creation 1.50 seconds, Diffusion 3.59 seconds, DIT Compute Steps 3 steps, Scheduler 0.01 seconds
[36m(ActorGroup(rank=2) pid=97486)[0m language is None, reset current_start_frame to 0
[36m(ActorGroup(rank=2) pid=97486)[0m videos shape torch.Size([1, 3, 4, 160, 320]) 33
[36m(ActorGroup(rank=0) pid=97469)[0m [INFO 15:30:36 ActorGroup-Rank-0][async_ppo_fsdp_worker.py:261] async actor training: micro-batch start 52/64 epoch=1/1 global_batch=4/4 micro=4/16
[36m(ActorGroup(rank=0) pid=97469)[0m [INFO 15:30:36 ActorGroup-Rank-0][async_ppo_fsdp_worker.py:277] async actor training: batch to device done 52/64
[36m(ActorGroup(rank=0) pid=97469)[0m [INFO 15:30:36 ActorGroup-Rank-0][async_ppo_fsdp_worker.py:293] async actor training: before_micro_batch done 52/64 is_last_micro_batch=False
[36m(ActorGroup(rank=0) pid=97469)[0m [INFO 15:30:36 ActorGroup-Rank-0][async_ppo_fsdp_worker.py:341] async actor training: model forward start 52/64
[36m(ActorGroup(rank=0) pid=97469)[0m language is None, reset current_start_frame to 0
[36m(ActorGroup(rank=0) pid=97469)[0m videos shape torch.Size([1, 3, 4, 160, 320]) 33
[36m(ActorGroup(rank=1) pid=97470)[0m language is None, reset current_start_frame to 0
[36m(ActorGroup(rank=1) pid=97470)[0m videos shape torch.Size([1, 3, 4, 160, 320]) 33
[36m(ActorGroup(rank=3) pid=97488)[0m language is None, reset current_start_frame to 0
[36m(ActorGroup(rank=3) pid=97488)[0m videos shape torch.Size([1, 3, 4, 160, 320]) 33
[36m(ActorGroup(rank=2) pid=97486)[0m Time taken: Total 4.95 seconds, Text Encoder 0.17 seconds, Image Encoder 0.14 seconds, VAE 0.00 seconds, KV Cache Creation 1.09 seconds, Diffusion 3.53 seconds, DIT Compute Steps 3 steps, Scheduler 0.01 seconds
[36m(ActorGroup(rank=0) pid=97469)[0m Time taken: Total 4.95 seconds, Text Encoder 0.17 seconds, Image Encoder 0.14 seconds, VAE 0.00 seconds, KV Cache Creation 1.10 seconds, Diffusion 3.53 seconds, DIT Compute Steps 3 steps, Scheduler 0.01 seconds
[36m(ActorGroup(rank=1) pid=97470)[0m Time taken: Total 4.94 seconds, Text Encoder 0.17 seconds, Image Encoder 0.14 seconds, VAE 0.00 seconds, KV Cache Creation 1.10 seconds, Diffusion 3.53 seconds, DIT Compute Steps 3 steps, Scheduler 0.01 seconds
[36m(ActorGroup(rank=3) pid=97488)[0m Time taken: Total 4.94 seconds, Text Encoder 0.17 seconds, Image Encoder 0.14 seconds, VAE 0.00 seconds, KV Cache Creation 1.10 seconds, Diffusion 3.53 seconds, DIT Compute Steps 3 steps, Scheduler 0.01 seconds
[36m(ActorGroup(rank=0) pid=97469)[0m [INFO 15:30:41 ActorGroup-Rank-0][async_ppo_fsdp_worker.py:359] async actor training: model forward done 52/64 elapsed=5.04s
[36m(ActorGroup(rank=0) pid=97469)[0m [INFO 15:30:41 ActorGroup-Rank-0][async_ppo_fsdp_worker.py:386] async actor training: logprobs ready 52/64 shape=(1, 16, 7) dtype=torch.float32
[36m(ActorGroup(rank=0) pid=97469)[0m [INFO 15:30:41 ActorGroup-Rank-0][async_ppo_fsdp_worker.py:419] async actor training: dreamzero tensors aligned 52/64 logprobs=(1, 16, 7) old_logprobs=(1, 16, 7) proximal_logprobs=None versions=(1, 16, 7) loss_action_dim=7
[36m(ActorGroup(rank=0) pid=97469)[0m [INFO 15:30:41 ActorGroup-Rank-0][async_ppo_fsdp_worker.py:457] async actor training: loss kwargs build start 52/64
[36m(ActorGroup(rank=0) pid=97469)[0m [INFO 15:30:41 ActorGroup-Rank-0][async_ppo_fsdp_worker.py:501] async actor training: loss kwargs built 52/64
[36m(ActorGroup(rank=0) pid=97469)[0m [INFO 15:30:41 ActorGroup-Rank-0][async_ppo_fsdp_worker.py:505] async actor training: policy loss start 52/64
[36m(ActorGroup(rank=0) pid=97469)[0m [INFO 15:30:41 ActorGroup-Rank-0][async_ppo_fsdp_worker.py:515] async actor training: policy loss done 52/64
[36m(ActorGroup(rank=0) pid=97469)[0m [INFO 15:30:41 ActorGroup-Rank-0][async_ppo_fsdp_worker.py:542] async actor training: backward start 52/64
[36m(ActorGroup(rank=0) pid=97469)[0m [INFO 15:30:43 ActorGroup-Rank-0][async_ppo_fsdp_worker.py:553] async actor training: backward done 52/64 elapsed=2.56s
[36m(ActorGroup(rank=2) pid=97486)[0m language is None, reset current_start_frame to 0
[36m(ActorGroup(rank=2) pid=97486)[0m videos shape torch.Size([1, 3, 4, 160, 320]) 33
[36m(ActorGroup(rank=0) pid=97469)[0m language is None, reset current_start_frame to 0
[36m(ActorGroup(rank=0) pid=97469)[0m videos shape torch.Size([1, 3, 4, 160, 320]) 33
[36m(ActorGroup(rank=1) pid=97470)[0m language is None, reset current_start_frame to 0
[36m(ActorGroup(rank=1) pid=97470)[0m videos shape torch.Size([1, 3, 4, 160, 320]) 33
[36m(ActorGroup(rank=3) pid=97488)[0m language is None, reset current_start_frame to 0
[36m(ActorGroup(rank=3) pid=97488)[0m videos shape torch.Size([1, 3, 4, 160, 320]) 33
[36m(ActorGroup(rank=2) pid=97486)[0m Time taken: Total 5.14 seconds, Text Encoder 0.22 seconds, Image Encoder 0.14 seconds, VAE 0.00 seconds, KV Cache Creation 1.12 seconds, Diffusion 3.65 seconds, DIT Compute Steps 3 steps, Scheduler 0.01 seconds
[36m(ActorGroup(rank=0) pid=97469)[0m Time taken: Total 5.14 seconds, Text Encoder 0.22 seconds, Image Encoder 0.14 seconds, VAE 0.00 seconds, KV Cache Creation 1.12 seconds, Diffusion 3.65 seconds, DIT Compute Steps 3 steps, Scheduler 0.01 seconds
[36m(ActorGroup(rank=1) pid=97470)[0m Time taken: Total 5.14 seconds, Text Encoder 0.22 seconds, Image Encoder 0.14 seconds, VAE 0.00 seconds, KV Cache Creation 1.12 seconds, Diffusion 3.65 seconds, DIT Compute Steps 3 steps, Scheduler 0.01 seconds
[36m(ActorGroup(rank=3) pid=97488)[0m Time taken: Total 5.15 seconds, Text Encoder 0.22 seconds, Image Encoder 0.14 seconds, VAE 0.00 seconds, KV Cache Creation 1.12 seconds, Diffusion 3.65 seconds, DIT Compute Steps 3 steps, Scheduler 0.01 seconds
[36m(ActorGroup(rank=2) pid=97486)[0m language is None, reset current_start_frame to 0
[36m(ActorGroup(rank=2) pid=97486)[0m videos shape torch.Size([1, 3, 4, 160, 320]) 33
[36m(ActorGroup(rank=0) pid=97469)[0m language is None, reset current_start_frame to 0
[36m(ActorGroup(rank=0) pid=97469)[0m videos shape torch.Size([1, 3, 4, 160, 320]) 33
[36m(ActorGroup(rank=1) pid=97470)[0m language is None, reset current_start_frame to 0
[36m(ActorGroup(rank=1) pid=97470)[0m videos shape torch.Size([1, 3, 4, 160, 320]) 33
[36m(ActorGroup(rank=3) pid=97488)[0m language is None, reset current_start_frame to 0
[36m(ActorGroup(rank=3) pid=97488)[0m videos shape torch.Size([1, 3, 4, 160, 320]) 33
[36m(ActorGroup(rank=2) pid=97486)[0m Time taken: Total 5.07 seconds, Text Encoder 0.38 seconds, Image Encoder 0.14 seconds, VAE 0.00 seconds, KV Cache Creation 1.12 seconds, Diffusion 3.42 seconds, DIT Compute Steps 3 steps, Scheduler 0.01 seconds
[36m(ActorGroup(rank=0) pid=97469)[0m Time taken: Total 5.07 seconds, Text Encoder 0.38 seconds, Image Encoder 0.14 seconds, VAE 0.00 seconds, KV Cache Creation 1.12 seconds, Diffusion 3.42 seconds, DIT Compute Steps 3 steps, Scheduler 0.01 seconds
[36m(ActorGroup(rank=1) pid=97470)[0m Time taken: Total 5.07 seconds, Text Encoder 0.38 seconds, Image Encoder 0.15 seconds, VAE 0.00 seconds, KV Cache Creation 1.11 seconds, Diffusion 3.42 seconds, DIT Compute Steps 3 steps, Scheduler 0.01 seconds
[36m(ActorGroup(rank=3) pid=97488)[0m Time taken: Total 5.08 seconds, Text Encoder 0.38 seconds, Image Encoder 0.14 seconds, VAE 0.00 seconds, KV Cache Creation 1.12 seconds, Diffusion 3.42 seconds, DIT Compute Steps 3 steps, Scheduler 0.01 seconds
[36m(ActorGroup(rank=2) pid=97486)[0m language is None, reset current_start_frame to 0
[36m(ActorGroup(rank=2) pid=97486)[0m videos shape torch.Size([1, 3, 4, 160, 320]) 33
[36m(ActorGroup(rank=0) pid=97469)[0m language is None, reset current_start_frame to 0
[36m(ActorGroup(rank=0) pid=97469)[0m videos shape torch.Size([1, 3, 4, 160, 320]) 33
[36m(ActorGroup(rank=1) pid=97470)[0m language is None, reset current_start_frame to 0
[36m(ActorGroup(rank=1) pid=97470)[0m videos shape torch.Size([1, 3, 4, 160, 320]) 33
[36m(ActorGroup(rank=3) pid=97488)[0m language is None, reset current_start_frame to 0
[36m(ActorGroup(rank=3) pid=97488)[0m videos shape torch.Size([1, 3, 4, 160, 320]) 33
[36m(ActorGroup(rank=2) pid=97486)[0m Time taken: Total 5.45 seconds, Text Encoder 0.21 seconds, Image Encoder 0.14 seconds, VAE 0.00 seconds, KV Cache Creation 1.12 seconds, Diffusion 3.97 seconds, DIT Compute Steps 3 steps, Scheduler 0.01 seconds
[36m(ActorGroup(rank=0) pid=97469)[0m Time taken: Total 5.45 seconds, Text Encoder 0.21 seconds, Image Encoder 0.14 seconds, VAE 0.00 seconds, KV Cache Creation 1.12 seconds, Diffusion 3.97 seconds, DIT Compute Steps 3 steps, Scheduler 0.01 seconds
[36m(ActorGroup(rank=1) pid=97470)[0m Time taken: Total 5.45 seconds, Text Encoder 0.21 seconds, Image Encoder 0.14 seconds, VAE 0.00 seconds, KV Cache Creation 1.12 seconds, Diffusion 3.97 seconds, DIT Compute Steps 3 steps, Scheduler 0.01 seconds
[36m(ActorGroup(rank=3) pid=97488)[0m Time taken: Total 5.45 seconds, Text Encoder 0.22 seconds, Image Encoder 0.14 seconds, VAE 0.00 seconds, KV Cache Creation 1.12 seconds, Diffusion 3.97 seconds, DIT Compute Steps 3 steps, Scheduler 0.01 seconds
[36m(ActorGroup(rank=2) pid=97486)[0m language is None, reset current_start_frame to 0
[36m(ActorGroup(rank=2) pid=97486)[0m videos shape torch.Size([1, 3, 4, 160, 320]) 33
[36m(ActorGroup(rank=0) pid=97469)[0m [INFO 15:31:07 ActorGroup-Rank-0][async_ppo_fsdp_worker.py:261] async actor training: micro-batch start 56/64 epoch=1/1 global_batch=4/4 micro=8/16
[36m(ActorGroup(rank=0) pid=97469)[0m [INFO 15:31:07 ActorGroup-Rank-0][async_ppo_fsdp_worker.py:277] async actor training: batch to device done 56/64
[36m(ActorGroup(rank=0) pid=97469)[0m [INFO 15:31:07 ActorGroup-Rank-0][async_ppo_fsdp_worker.py:293] async actor training: before_micro_batch done 56/64 is_last_micro_batch=False
[36m(ActorGroup(rank=0) pid=97469)[0m [INFO 15:31:07 ActorGroup-Rank-0][async_ppo_fsdp_worker.py:341] async actor training: model forward start 56/64
[36m(ActorGroup(rank=0) pid=97469)[0m language is None, reset current_start_frame to 0
[36m(ActorGroup(rank=0) pid=97469)[0m videos shape torch.Size([1, 3, 4, 160, 320]) 33
[36m(ActorGroup(rank=1) pid=97470)[0m language is None, reset current_start_frame to 0
[36m(ActorGroup(rank=1) pid=97470)[0m videos shape torch.Size([1, 3, 4, 160, 320]) 33
[36m(ActorGroup(rank=3) pid=97488)[0m language is None, reset current_start_frame to 0
[36m(ActorGroup(rank=3) pid=97488)[0m videos shape torch.Size([1, 3, 4, 160, 320]) 33
[36m(ActorGroup(rank=2) pid=97486)[0m Time taken: Total 4.81 seconds, Text Encoder 0.17 seconds, Image Encoder 0.14 seconds, VAE 0.00 seconds, KV Cache Creation 1.15 seconds, Diffusion 3.34 seconds, DIT Compute Steps 3 steps, Scheduler 0.01 seconds
[36m(ActorGroup(rank=0) pid=97469)[0m Time taken: Total 4.81 seconds, Text Encoder 0.17 seconds, Image Encoder 0.18 seconds, VAE 0.00 seconds, KV Cache Creation 1.11 seconds, Diffusion 3.34 seconds, DIT Compute Steps 3 steps, Scheduler 0.01 seconds
[36m(ActorGroup(rank=0) pid=97469)[0m [INFO 15:31:12 ActorGroup-Rank-0][async_ppo_fsdp_worker.py:359] async actor training: model forward done 56/64 elapsed=4.90s
[36m(ActorGroup(rank=0) pid=97469)[0m [INFO 15:31:12 ActorGroup-Rank-0][async_ppo_fsdp_worker.py:386] async actor training: logprobs ready 56/64 shape=(1, 16, 7) dtype=torch.float32
[36m(ActorGroup(rank=0) pid=97469)[0m [INFO 15:31:12 ActorGroup-Rank-0][async_ppo_fsdp_worker.py:419] async actor training: dreamzero tensors aligned 56/64 logprobs=(1, 16, 7) old_logprobs=(1, 16, 7) proximal_logprobs=None versions=(1, 16, 7) loss_action_dim=7
[36m(ActorGroup(rank=0) pid=97469)[0m [INFO 15:31:12 ActorGroup-Rank-0][async_ppo_fsdp_worker.py:457] async actor training: loss kwargs build start 56/64
[36m(ActorGroup(rank=1) pid=97470)[0m Time taken: Total 4.80 seconds, Text Encoder 0.17 seconds, Image Encoder 0.14 seconds, VAE 0.00 seconds, KV Cache Creation 1.15 seconds, Diffusion 3.34 seconds, DIT Compute Steps 3 steps, Scheduler 0.01 seconds
[36m(ActorGroup(rank=3) pid=97488)[0m Time taken: Total 4.80 seconds, Text Encoder 0.17 seconds, Image Encoder 0.14 seconds, VAE 0.00 seconds, KV Cache Creation 1.15 seconds, Diffusion 3.34 seconds, DIT Compute Steps 3 steps, Scheduler 0.01 seconds
[36m(ActorGroup(rank=0) pid=97469)[0m [INFO 15:31:12 ActorGroup-Rank-0][async_ppo_fsdp_worker.py:501] async actor training: loss kwargs built 56/64
[36m(ActorGroup(rank=0) pid=97469)[0m [INFO 15:31:12 ActorGroup-Rank-0][async_ppo_fsdp_worker.py:505] async actor training: policy loss start 56/64
[36m(ActorGroup(rank=0) pid=97469)[0m [INFO 15:31:12 ActorGroup-Rank-0][async_ppo_fsdp_worker.py:515] async actor training: policy loss done 56/64
[36m(ActorGroup(rank=0) pid=97469)[0m [INFO 15:31:12 ActorGroup-Rank-0][async_ppo_fsdp_worker.py:542] async actor training: backward start 56/64
[36m(ActorGroup(rank=0) pid=97469)[0m [INFO 15:31:15 ActorGroup-Rank-0][async_ppo_fsdp_worker.py:553] async actor training: backward done 56/64 elapsed=2.62s
[36m(ActorGroup(rank=2) pid=97486)[0m language is None, reset current_start_frame to 0
[36m(ActorGroup(rank=2) pid=97486)[0m videos shape torch.Size([1, 3, 4, 160, 320]) 33
[36m(ActorGroup(rank=0) pid=97469)[0m language is None, reset current_start_frame to 0
[36m(ActorGroup(rank=0) pid=97469)[0m videos shape torch.Size([1, 3, 4, 160, 320]) 33
[36m(ActorGroup(rank=1) pid=97470)[0m language is None, reset current_start_frame to 0
[36m(ActorGroup(rank=1) pid=97470)[0m videos shape torch.Size([1, 3, 4, 160, 320]) 33
[36m(ActorGroup(rank=3) pid=97488)[0m language is None, reset current_start_frame to 0
[36m(ActorGroup(rank=3) pid=97488)[0m videos shape torch.Size([1, 3, 4, 160, 320]) 33
[36m(ActorGroup(rank=2) pid=97486)[0m Time taken: Total 5.08 seconds, Text Encoder 0.21 seconds, Image Encoder 0.14 seconds, VAE 0.00 seconds, KV Cache Creation 1.12 seconds, Diffusion 3.61 seconds, DIT Compute Steps 3 steps, Scheduler 0.01 seconds
[36m(ActorGroup(rank=0) pid=97469)[0m Time taken: Total 5.09 seconds, Text Encoder 0.21 seconds, Image Encoder 0.14 seconds, VAE 0.00 seconds, KV Cache Creation 1.12 seconds, Diffusion 3.61 seconds, DIT Compute Steps 3 steps, Scheduler 0.01 seconds
[36m(ActorGroup(rank=1) pid=97470)[0m Time taken: Total 5.08 seconds, Text Encoder 0.21 seconds, Image Encoder 0.14 seconds, VAE 0.00 seconds, KV Cache Creation 1.12 seconds, Diffusion 3.61 seconds, DIT Compute Steps 3 steps, Scheduler 0.01 seconds
[36m(ActorGroup(rank=3) pid=97488)[0m Time taken: Total 5.09 seconds, Text Encoder 0.21 seconds, Image Encoder 0.14 seconds, VAE 0.00 seconds, KV Cache Creation 1.11 seconds, Diffusion 3.61 seconds, DIT Compute Steps 3 steps, Scheduler 0.01 seconds
[36m(ActorGroup(rank=2) pid=97486)[0m language is None, reset current_start_frame to 0
[36m(ActorGroup(rank=2) pid=97486)[0m videos shape torch.Size([1, 3, 4, 160, 320]) 33
[36m(ActorGroup(rank=0) pid=97469)[0m language is None, reset current_start_frame to 0
[36m(ActorGroup(rank=0) pid=97469)[0m videos shape torch.Size([1, 3, 4, 160, 320]) 33
[36m(ActorGroup(rank=1) pid=97470)[0m language is None, reset current_start_frame to 0
[36m(ActorGroup(rank=1) pid=97470)[0m videos shape torch.Size([1, 3, 4, 160, 320]) 33
[36m(ActorGroup(rank=3) pid=97488)[0m language is None, reset current_start_frame to 0
[36m(ActorGroup(rank=3) pid=97488)[0m videos shape torch.Size([1, 3, 4, 160, 320]) 33
[36m(ActorGroup(rank=2) pid=97486)[0m Time taken: Total 5.04 seconds, Text Encoder 0.21 seconds, Image Encoder 0.14 seconds, VAE 0.00 seconds, KV Cache Creation 1.25 seconds, Diffusion 3.43 seconds, DIT Compute Steps 3 steps, Scheduler 0.01 seconds
[36m(ActorGroup(rank=0) pid=97469)[0m Time taken: Total 5.04 seconds, Text Encoder 0.22 seconds, Image Encoder 0.13 seconds, VAE 0.00 seconds, KV Cache Creation 1.25 seconds, Diffusion 3.43 seconds, DIT Compute Steps 3 steps, Scheduler 0.01 seconds
[36m(ActorGroup(rank=1) pid=97470)[0m Time taken: Total 5.04 seconds, Text Encoder 0.21 seconds, Image Encoder 0.14 seconds, VAE 0.00 seconds, KV Cache Creation 1.25 seconds, Diffusion 3.43 seconds, DIT Compute Steps 3 steps, Scheduler 0.01 seconds
[36m(ActorGroup(rank=3) pid=97488)[0m Time taken: Total 5.04 seconds, Text Encoder 0.22 seconds, Image Encoder 0.14 seconds, VAE 0.00 seconds, KV Cache Creation 1.25 seconds, Diffusion 3.43 seconds, DIT Compute Steps 3 steps, Scheduler 0.01 seconds
[36m(ActorGroup(rank=2) pid=97486)[0m language is None, reset current_start_frame to 0
[36m(ActorGroup(rank=2) pid=97486)[0m videos shape torch.Size([1, 3, 4, 160, 320]) 33
[36m(ActorGroup(rank=0) pid=97469)[0m language is None, reset current_start_frame to 0
[36m(ActorGroup(rank=0) pid=97469)[0m videos shape torch.Size([1, 3, 4, 160, 320]) 33
[36m(ActorGroup(rank=1) pid=97470)[0m language is None, reset current_start_frame to 0
[36m(ActorGroup(rank=1) pid=97470)[0m videos shape torch.Size([1, 3, 4, 160, 320]) 33
[36m(ActorGroup(rank=3) pid=97488)[0m language is None, reset current_start_frame to 0
[36m(ActorGroup(rank=3) pid=97488)[0m videos shape torch.Size([1, 3, 4, 160, 320]) 33
[36m(ActorGroup(rank=2) pid=97486)[0m Time taken: Total 5.49 seconds, Text Encoder 0.34 seconds, Image Encoder 0.14 seconds, VAE 0.00 seconds, KV Cache Creation 1.09 seconds, Diffusion 3.91 seconds, DIT Compute Steps 3 steps, Scheduler 0.01 seconds
[36m(ActorGroup(rank=0) pid=97469)[0m Time taken: Total 5.50 seconds, Text Encoder 0.34 seconds, Image Encoder 0.14 seconds, VAE 0.00 seconds, KV Cache Creation 1.09 seconds, Diffusion 3.91 seconds, DIT Compute Steps 3 steps, Scheduler 0.01 seconds
[36m(ActorGroup(rank=1) pid=97470)[0m Time taken: Total 5.49 seconds, Text Encoder 0.34 seconds, Image Encoder 0.14 seconds, VAE 0.00 seconds, KV Cache Creation 1.09 seconds, Diffusion 3.91 seconds, DIT Compute Steps 3 steps, Scheduler 0.01 seconds
[36m(ActorGroup(rank=3) pid=97488)[0m Time taken: Total 5.49 seconds, Text Encoder 0.34 seconds, Image Encoder 0.14 seconds, VAE 0.00 seconds, KV Cache Creation 1.09 seconds, Diffusion 3.91 seconds, DIT Compute Steps 3 steps, Scheduler 0.01 seconds
[36m(ActorGroup(rank=0) pid=97469)[0m [INFO 15:31:38 ActorGroup-Rank-0][async_ppo_fsdp_worker.py:261] async actor training: micro-batch start 60/64 epoch=1/1 global_batch=4/4 micro=12/16
[36m(ActorGroup(rank=0) pid=97469)[0m [INFO 15:31:38 ActorGroup-Rank-0][async_ppo_fsdp_worker.py:277] async actor training: batch to device done 60/64
[36m(ActorGroup(rank=0) pid=97469)[0m [INFO 15:31:38 ActorGroup-Rank-0][async_ppo_fsdp_worker.py:293] async actor training: before_micro_batch done 60/64 is_last_micro_batch=False
[36m(ActorGroup(rank=0) pid=97469)[0m [INFO 15:31:38 ActorGroup-Rank-0][async_ppo_fsdp_worker.py:341] async actor training: model forward start 60/64
[36m(ActorGroup(rank=2) pid=97486)[0m language is None, reset current_start_frame to 0
[36m(ActorGroup(rank=2) pid=97486)[0m videos shape torch.Size([1, 3, 4, 160, 320]) 33
[36m(ActorGroup(rank=0) pid=97469)[0m language is None, reset current_start_frame to 0
[36m(ActorGroup(rank=0) pid=97469)[0m videos shape torch.Size([1, 3, 4, 160, 320]) 33
[36m(ActorGroup(rank=1) pid=97470)[0m language is None, reset current_start_frame to 0
[36m(ActorGroup(rank=1) pid=97470)[0m videos shape torch.Size([1, 3, 4, 160, 320]) 33
[36m(ActorGroup(rank=3) pid=97488)[0m language is None, reset current_start_frame to 0
[36m(ActorGroup(rank=3) pid=97488)[0m videos shape torch.Size([1, 3, 4, 160, 320]) 33
[36m(ActorGroup(rank=2) pid=97486)[0m Time taken: Total 5.08 seconds, Text Encoder 0.21 seconds, Image Encoder 0.14 seconds, VAE 0.00 seconds, KV Cache Creation 1.24 seconds, Diffusion 3.47 seconds, DIT Compute Steps 3 steps, Scheduler 0.01 seconds
[36m(ActorGroup(rank=0) pid=97469)[0m Time taken: Total 5.08 seconds, Text Encoder 0.21 seconds, Image Encoder 0.14 seconds, VAE 0.00 seconds, KV Cache Creation 1.24 seconds, Diffusion 3.47 seconds, DIT Compute Steps 3 steps, Scheduler 0.01 seconds
[36m(ActorGroup(rank=0) pid=97469)[0m [INFO 15:31:44 ActorGroup-Rank-0][async_ppo_fsdp_worker.py:359] async actor training: model forward done 60/64 elapsed=5.17s
[36m(ActorGroup(rank=0) pid=97469)[0m [INFO 15:31:44 ActorGroup-Rank-0][async_ppo_fsdp_worker.py:386] async actor training: logprobs ready 60/64 shape=(1, 16, 7) dtype=torch.float32
[36m(ActorGroup(rank=0) pid=97469)[0m [INFO 15:31:44 ActorGroup-Rank-0][async_ppo_fsdp_worker.py:419] async actor training: dreamzero tensors aligned 60/64 logprobs=(1, 16, 7) old_logprobs=(1, 16, 7) proximal_logprobs=None versions=(1, 16, 7) loss_action_dim=7
[36m(ActorGroup(rank=0) pid=97469)[0m [INFO 15:31:44 ActorGroup-Rank-0][async_ppo_fsdp_worker.py:457] async actor training: loss kwargs build start 60/64
[36m(ActorGroup(rank=1) pid=97470)[0m Time taken: Total 5.07 seconds, Text Encoder 0.21 seconds, Image Encoder 0.14 seconds, VAE 0.00 seconds, KV Cache Creation 1.24 seconds, Diffusion 3.47 seconds, DIT Compute Steps 3 steps, Scheduler 0.01 seconds
[36m(ActorGroup(rank=3) pid=97488)[0m Time taken: Total 5.08 seconds, Text Encoder 0.21 seconds, Image Encoder 0.14 seconds, VAE 0.00 seconds, KV Cache Creation 1.24 seconds, Diffusion 3.47 seconds, DIT Compute Steps 3 steps, Scheduler 0.01 seconds
[36m(ActorGroup(rank=0) pid=97469)[0m [INFO 15:31:44 ActorGroup-Rank-0][async_ppo_fsdp_worker.py:501] async actor training: loss kwargs built 60/64
[36m(ActorGroup(rank=0) pid=97469)[0m [INFO 15:31:44 ActorGroup-Rank-0][async_ppo_fsdp_worker.py:505] async actor training: policy loss start 60/64
[36m(ActorGroup(rank=0) pid=97469)[0m [INFO 15:31:44 ActorGroup-Rank-0][async_ppo_fsdp_worker.py:515] async actor training: policy loss done 60/64
[36m(ActorGroup(rank=0) pid=97469)[0m [INFO 15:31:44 ActorGroup-Rank-0][async_ppo_fsdp_worker.py:542] async actor training: backward start 60/64
[36m(ActorGroup(rank=2) pid=97486)[0m language is None, reset current_start_frame to 0
[36m(ActorGroup(rank=2) pid=97486)[0m videos shape torch.Size([1, 3, 4, 160, 320]) 33
[36m(ActorGroup(rank=0) pid=97469)[0m [INFO 15:31:46 ActorGroup-Rank-0][async_ppo_fsdp_worker.py:553] async actor training: backward done 60/64 elapsed=2.56s
[36m(ActorGroup(rank=0) pid=97469)[0m language is None, reset current_start_frame to 0
[36m(ActorGroup(rank=0) pid=97469)[0m videos shape torch.Size([1, 3, 4, 160, 320]) 33
[36m(ActorGroup(rank=1) pid=97470)[0m language is None, reset current_start_frame to 0
[36m(ActorGroup(rank=1) pid=97470)[0m videos shape torch.Size([1, 3, 4, 160, 320]) 33
[36m(ActorGroup(rank=3) pid=97488)[0m language is None, reset current_start_frame to 0
[36m(ActorGroup(rank=3) pid=97488)[0m videos shape torch.Size([1, 3, 4, 160, 320]) 33
[36m(ActorGroup(rank=2) pid=97486)[0m Time taken: Total 5.05 seconds, Text Encoder 0.22 seconds, Image Encoder 0.14 seconds, VAE 0.00 seconds, KV Cache Creation 1.11 seconds, Diffusion 3.58 seconds, DIT Compute Steps 3 steps, Scheduler 0.01 seconds
[36m(ActorGroup(rank=0) pid=97469)[0m Time taken: Total 5.06 seconds, Text Encoder 0.22 seconds, Image Encoder 0.14 seconds, VAE 0.00 seconds, KV Cache Creation 1.11 seconds, Diffusion 3.58 seconds, DIT Compute Steps 3 steps, Scheduler 0.01 seconds
[36m(ActorGroup(rank=1) pid=97470)[0m Time taken: Total 5.05 seconds, Text Encoder 0.22 seconds, Image Encoder 0.14 seconds, VAE 0.00 seconds, KV Cache Creation 1.11 seconds, Diffusion 3.58 seconds, DIT Compute Steps 3 steps, Scheduler 0.01 seconds
[36m(ActorGroup(rank=3) pid=97488)[0m Time taken: Total 5.06 seconds, Text Encoder 0.22 seconds, Image Encoder 0.14 seconds, VAE 0.00 seconds, KV Cache Creation 1.11 seconds, Diffusion 3.58 seconds, DIT Compute Steps 3 steps, Scheduler 0.01 seconds
[36m(ActorGroup(rank=2) pid=97486)[0m language is None, reset current_start_frame to 0
[36m(ActorGroup(rank=2) pid=97486)[0m videos shape torch.Size([1, 3, 4, 160, 320]) 33
[36m(ActorGroup(rank=0) pid=97469)[0m language is None, reset current_start_frame to 0
[36m(ActorGroup(rank=0) pid=97469)[0m videos shape torch.Size([1, 3, 4, 160, 320]) 33
[36m(ActorGroup(rank=1) pid=97470)[0m language is None, reset current_start_frame to 0
[36m(ActorGroup(rank=1) pid=97470)[0m videos shape torch.Size([1, 3, 4, 160, 320]) 33
[36m(ActorGroup(rank=3) pid=97488)[0m language is None, reset current_start_frame to 0
[36m(ActorGroup(rank=3) pid=97488)[0m videos shape torch.Size([1, 3, 4, 160, 320]) 33
[36m(ActorGroup(rank=2) pid=97486)[0m Time taken: Total 5.16 seconds, Text Encoder 0.22 seconds, Image Encoder 0.14 seconds, VAE 0.00 seconds, KV Cache Creation 1.17 seconds, Diffusion 3.63 seconds, DIT Compute Steps 3 steps, Scheduler 0.01 seconds
[36m(ActorGroup(rank=0) pid=97469)[0m Time taken: Total 5.17 seconds, Text Encoder 0.22 seconds, Image Encoder 0.14 seconds, VAE 0.00 seconds, KV Cache Creation 1.18 seconds, Diffusion 3.63 seconds, DIT Compute Steps 3 steps, Scheduler 0.01 seconds
[36m(ActorGroup(rank=1) pid=97470)[0m Time taken: Total 5.16 seconds, Text Encoder 0.22 seconds, Image Encoder 0.14 seconds, VAE 0.00 seconds, KV Cache Creation 1.17 seconds, Diffusion 3.63 seconds, DIT Compute Steps 3 steps, Scheduler 0.01 seconds
[36m(ActorGroup(rank=3) pid=97488)[0m Time taken: Total 5.17 seconds, Text Encoder 0.22 seconds, Image Encoder 0.14 seconds, VAE 0.00 seconds, KV Cache Creation 1.18 seconds, Diffusion 3.62 seconds, DIT Compute Steps 3 steps, Scheduler 0.01 seconds
[36m(ActorGroup(rank=2) pid=97486)[0m language is None, reset current_start_frame to 0
[36m(ActorGroup(rank=2) pid=97486)[0m videos shape torch.Size([1, 3, 4, 160, 320]) 33
[36m(ActorGroup(rank=0) pid=97469)[0m language is None, reset current_start_frame to 0
[36m(ActorGroup(rank=0) pid=97469)[0m videos shape torch.Size([1, 3, 4, 160, 320]) 33
[36m(ActorGroup(rank=1) pid=97470)[0m language is None, reset current_start_frame to 0
[36m(ActorGroup(rank=1) pid=97470)[0m videos shape torch.Size([1, 3, 4, 160, 320]) 33
[36m(ActorGroup(rank=3) pid=97488)[0m language is None, reset current_start_frame to 0
[36m(ActorGroup(rank=3) pid=97488)[0m videos shape torch.Size([1, 3, 4, 160, 320]) 33
[36m(ActorGroup(rank=2) pid=97486)[0m Time taken: Total 5.46 seconds, Text Encoder 0.33 seconds, Image Encoder 0.14 seconds, VAE 0.00 seconds, KV Cache Creation 1.10 seconds, Diffusion 3.88 seconds, DIT Compute Steps 3 steps, Scheduler 0.01 seconds
[36m(ActorGroup(rank=0) pid=97469)[0m Time taken: Total 5.47 seconds, Text Encoder 0.33 seconds, Image Encoder 0.14 seconds, VAE 0.00 seconds, KV Cache Creation 1.10 seconds, Diffusion 3.88 seconds, DIT Compute Steps 3 steps, Scheduler 0.01 seconds
[36m(ActorGroup(rank=1) pid=97470)[0m Time taken: Total 5.47 seconds, Text Encoder 0.33 seconds, Image Encoder 0.14 seconds, VAE 0.00 seconds, KV Cache Creation 1.10 seconds, Diffusion 3.88 seconds, DIT Compute Steps 3 steps, Scheduler 0.01 seconds
[36m(ActorGroup(rank=3) pid=97488)[0m Time taken: Total 5.47 seconds, Text Encoder 0.33 seconds, Image Encoder 0.14 seconds, VAE 0.00 seconds, KV Cache Creation 1.10 seconds, Diffusion 3.88 seconds, DIT Compute Steps 3 steps, Scheduler 0.01 seconds
[36m(ActorGroup(rank=0) pid=97469)[0m [INFO 15:32:10 ActorGroup-Rank-0][async_ppo_fsdp_worker.py:261] async actor training: micro-batch start 64/64 epoch=1/1 global_batch=4/4 micro=16/16
[36m(ActorGroup(rank=0) pid=97469)[0m [INFO 15:32:10 ActorGroup-Rank-0][async_ppo_fsdp_worker.py:277] async actor training: batch to device done 64/64
[36m(ActorGroup(rank=0) pid=97469)[0m [INFO 15:32:10 ActorGroup-Rank-0][async_ppo_fsdp_worker.py:293] async actor training: before_micro_batch done 64/64 is_last_micro_batch=True
[36m(ActorGroup(rank=0) pid=97469)[0m [INFO 15:32:10 ActorGroup-Rank-0][async_ppo_fsdp_worker.py:341] async actor training: model forward start 64/64
[36m(ActorGroup(rank=2) pid=97486)[0m language is None, reset current_start_frame to 0
[36m(ActorGroup(rank=2) pid=97486)[0m videos shape torch.Size([1, 3, 4, 160, 320]) 33
[36m(ActorGroup(rank=0) pid=97469)[0m language is None, reset current_start_frame to 0
[36m(ActorGroup(rank=0) pid=97469)[0m videos shape torch.Size([1, 3, 4, 160, 320]) 33
[36m(ActorGroup(rank=1) pid=97470)[0m language is None, reset current_start_frame to 0
[36m(ActorGroup(rank=1) pid=97470)[0m videos shape torch.Size([1, 3, 4, 160, 320]) 33
[36m(ActorGroup(rank=3) pid=97488)[0m language is None, reset current_start_frame to 0
[36m(ActorGroup(rank=3) pid=97488)[0m videos shape torch.Size([1, 3, 4, 160, 320]) 33
[36m(ActorGroup(rank=2) pid=97486)[0m Time taken: Total 5.02 seconds, Text Encoder 0.21 seconds, Image Encoder 0.14 seconds, VAE 0.00 seconds, KV Cache Creation 1.11 seconds, Diffusion 3.56 seconds, DIT Compute Steps 3 steps, Scheduler 0.01 seconds
[36m(ActorGroup(rank=0) pid=97469)[0m Time taken: Total 5.03 seconds, Text Encoder 0.21 seconds, Image Encoder 0.14 seconds, VAE 0.00 seconds, KV Cache Creation 1.11 seconds, Diffusion 3.56 seconds, DIT Compute Steps 3 steps, Scheduler 0.01 seconds
[36m(ActorGroup(rank=0) pid=97469)[0m [INFO 15:32:15 ActorGroup-Rank-0][async_ppo_fsdp_worker.py:359] async actor training: model forward done 64/64 elapsed=5.12s
[36m(ActorGroup(rank=0) pid=97469)[0m [INFO 15:32:15 ActorGroup-Rank-0][async_ppo_fsdp_worker.py:386] async actor training: logprobs ready 64/64 shape=(1, 16, 7) dtype=torch.float32
[36m(ActorGroup(rank=0) pid=97469)[0m [INFO 15:32:15 ActorGroup-Rank-0][async_ppo_fsdp_worker.py:419] async actor training: dreamzero tensors aligned 64/64 logprobs=(1, 16, 7) old_logprobs=(1, 16, 7) proximal_logprobs=None versions=(1, 16, 7) loss_action_dim=7
[36m(ActorGroup(rank=0) pid=97469)[0m [INFO 15:32:15 ActorGroup-Rank-0][async_ppo_fsdp_worker.py:457] async actor training: loss kwargs build start 64/64
[36m(ActorGroup(rank=1) pid=97470)[0m Time taken: Total 5.02 seconds, Text Encoder 0.21 seconds, Image Encoder 0.14 seconds, VAE 0.00 seconds, KV Cache Creation 1.11 seconds, Diffusion 3.56 seconds, DIT Compute Steps 3 steps, Scheduler 0.01 seconds
[36m(ActorGroup(rank=3) pid=97488)[0m Time taken: Total 5.03 seconds, Text Encoder 0.21 seconds, Image Encoder 0.14 seconds, VAE 0.00 seconds, KV Cache Creation 1.10 seconds, Diffusion 3.56 seconds, DIT Compute Steps 3 steps, Scheduler 0.01 seconds
[36m(ActorGroup(rank=0) pid=97469)[0m [INFO 15:32:15 ActorGroup-Rank-0][async_ppo_fsdp_worker.py:501] async actor training: loss kwargs built 64/64
[36m(ActorGroup(rank=0) pid=97469)[0m [INFO 15:32:15 ActorGroup-Rank-0][async_ppo_fsdp_worker.py:505] async actor training: policy loss start 64/64
[36m(ActorGroup(rank=0) pid=97469)[0m [INFO 15:32:15 ActorGroup-Rank-0][async_ppo_fsdp_worker.py:515] async actor training: policy loss done 64/64
[36m(ActorGroup(rank=0) pid=97469)[0m [INFO 15:32:15 ActorGroup-Rank-0][async_ppo_fsdp_worker.py:542] async actor training: backward start 64/64
[36m(ActorGroup(rank=0) pid=97469)[0m [INFO 15:32:18 ActorGroup-Rank-0][async_ppo_fsdp_worker.py:553] async actor training: backward done 64/64 elapsed=2.96s
[36m(ActorGroup(rank=0) pid=97469)[0m [INFO 15:32:18 ActorGroup-Rank-0][async_ppo_fsdp_worker.py:581] async actor training: empty_cache done global_batch=4/4 elapsed=0.13s
[36m(ActorGroup(rank=0) pid=97469)[0m [INFO 15:32:18 ActorGroup-Rank-0][async_ppo_fsdp_worker.py:587] async actor training: global batch done 4/4 epoch=1/1 elapsed=127.07s
[36m(ActorGroup(rank=0) pid=97469)[0m [INFO 15:32:18 ActorGroup-Rank-0][async_ppo_fsdp_worker.py:598] async actor training: optimizer step start global_batch=4/4
[36m(ActorGroup(rank=0) pid=97469)[0m [INFO 15:32:18 ActorGroup-Rank-0][async_ppo_fsdp_worker.py:607] async actor training: optimizer step done global_batch=4/4 grad_norm=34.1227 elapsed=0.07s
[36m(ActorGroup(rank=0) pid=97469)[0m [INFO 15:32:19 ActorGroup-Rank-0][async_ppo_fsdp_worker.py:626] async actor training: reducing metrics
[36m(ActorGroup(rank=0) pid=97469)[0m [INFO 15:32:19 ActorGroup-Rank-0][async_ppo_fsdp_worker.py:631] async actor training: done
[36m(ActorGroup(rank=2) pid=97486)[0m [INFO 15:32:19 ActorGroup-Rank-2][fsdp_actor_worker.py:1351] sync_model_to_rollout: collecting rollout state_dict
[36m(ActorGroup(rank=0) pid=97469)[0m [INFO 15:32:19 ActorGroup-Rank-0][fsdp_actor_worker.py:1351] sync_model_to_rollout: collecting rollout state_dict
[36m(ActorGroup(rank=1) pid=97470)[0m [INFO 15:32:19 ActorGroup-Rank-1][fsdp_actor_worker.py:1351] sync_model_to_rollout: collecting rollout state_dict
[36m(ActorGroup(rank=3) pid=97488)[0m [INFO 15:32:19 ActorGroup-Rank-3][fsdp_actor_worker.py:1351] sync_model_to_rollout: collecting rollout state_dict
[36m(ActorGroup(rank=2) pid=97486)[0m [INFO 15:32:20 ActorGroup-Rank-2][fsdp_actor_worker.py:1360] sync_model_to_rollout: state_dict_keys=614 sync_names=614 version=1
[36m(ActorGroup(rank=2) pid=97486)[0m [INFO 15:32:20 ActorGroup-Rank-2][fsdp_actor_worker.py:1414] sync_model_to_rollout: syncing weights
[36m(ActorGroup(rank=0) pid=97469)[0m [INFO 15:32:20 ActorGroup-Rank-0][fsdp_actor_worker.py:1360] sync_model_to_rollout: state_dict_keys=614 sync_names=614 version=1
[36m(ActorGroup(rank=0) pid=97469)[0m [INFO 15:32:20 ActorGroup-Rank-0][fsdp_actor_worker.py:1414] sync_model_to_rollout: syncing weights
[36m(ActorGroup(rank=1) pid=97470)[0m [INFO 15:32:20 ActorGroup-Rank-1][fsdp_actor_worker.py:1360] sync_model_to_rollout: state_dict_keys=614 sync_names=614 version=1
[36m(ActorGroup(rank=1) pid=97470)[0m [INFO 15:32:20 ActorGroup-Rank-1][fsdp_actor_worker.py:1414] sync_model_to_rollout: syncing weights
[36m(ActorGroup(rank=3) pid=97488)[0m [INFO 15:32:20 ActorGroup-Rank-3][fsdp_actor_worker.py:1360] sync_model_to_rollout: state_dict_keys=614 sync_names=614 version=1
[36m(ActorGroup(rank=3) pid=97488)[0m [INFO 15:32:20 ActorGroup-Rank-3][fsdp_actor_worker.py:1414] sync_model_to_rollout: syncing weights
[36m(ActorGroup(rank=2) pid=97486)[0m [INFO 15:32:20 ActorGroup-Rank-2][fsdp_actor_worker.py:1416] sync_model_to_rollout: weights synced
[36m(ActorGroup(rank=1) pid=97470)[0m [INFO 15:32:20 ActorGroup-Rank-1][fsdp_actor_worker.py:1416] sync_model_to_rollout: weights synced
[36m(ActorGroup(rank=3) pid=97488)[0m [INFO 15:32:20 ActorGroup-Rank-3][fsdp_actor_worker.py:1416] sync_model_to_rollout: weights synced
[36m(ActorGroup(rank=0) pid=97469)[0m [INFO 15:32:20 ActorGroup-Rank-0][fsdp_actor_worker.py:1416] sync_model_to_rollout: weights synced

╭──────────────────────────────────────────────────────────────────────────────────────────────────────────────────────╮
├──────────────────────────────────────────────────── Metric Table ────────────────────────────────────────────────────┤
│ Global Step:    1/2 │ Progress: ████████████████████░░░░░░░░░░░░░░░░░░░░ │  50.0%                                    │
│ Elapsed: 16:47 │ ETA: 16:47 │ Step Time: 1007.866s                                                                   │
├──────────────────────────────────────────────────────── Time ────────────────────────────────────────────────────────┤
│                                                                                                                      │
│actor_training=756.8                   │cal_adv_and_returns=0.0045             │env/compute_bootstrap_rewards=2.65e-04│
│env/env_interact_step=5.385            │env/recv_rollout_results=348.3         │env/run_interact_once=365.6           │
│recv_rollout_trajectories=244.5        │step=1003.6                            │update_rollout_weights=2.233          │
│                                                                                                                      │
├──────────────────────────────────────────────────── Environment ─────────────────────────────────────────────────────┤
│                                                                                                                      │
│episode_len=128.0                      │return=0.8125                          │reward=0.00859534                     │
│success_once=0.8125                    │                                       │                                      │
│                                                                                                                      │
├────────────────────────────────────────────────────── Rollout ───────────────────────────────────────────────────────┤
│                                                                                                                      │
│advantages_max=1.128                   │advantages_mean=-0.327                 │advantages_min=-5.337                 │
│returns_max=1.000                      │returns_mean=0.539                     │returns_min=-1.000                    │
│rewards=0.0059                         │                                       │                                      │
│                                                                                                                      │
├─────────────────────────────────────────────────── Training/Actor ───────────────────────────────────────────────────┤
│                                                                                                                      │
│actor/average_version=0.0000           │actor/behav_approx_kl=0.0000           │actor/behav_clip_fraction=0.0000      │
│actor/clip_fraction=0.188              │actor/clipped_proximal_ratio=0.737     │actor/current_version=1.000           │
│actor/dual_clip_fraction=0.0078        │actor/entropy_loss=0.0000              │actor/grad_norm=105.5                 │
│actor/lr=1.00e-05                      │actor/policy_loss=0.214                │actor/proximal_approx_kl=42.285       │
│actor/proximal_ratio=0.822             │actor/total_loss=0.031                 │                                      │
│                                                                                                                      │
├────────────────────────────────────────────────── Training/Critic ───────────────────────────────────────────────────┤
│                                                                                                                      │
│critic/explained_variance=0.0000       │critic/lr=1.00e-04                     │critic/value_clip_ratio=0.0000        │
│critic/value_loss=0.287                │                                       │                                      │
│                                                                                                                      │
╰──────────────────────────────────────────────────────────────────────────────────────────────────────────────────────╯

[36m(ActorGroup(rank=0) pid=97469)[0m [INFO 15:32:22 ActorGroup-Rank-0][async_ppo_fsdp_worker.py:215] async actor training: start rollout_size_per_rank=64 global_batch_size=64 per_rank_batch_size=16 micro_batch_size=1 micro_per_rank=16 update_epoch=1 global_batches_per_rank=4 total_micro_batches_per_rank=64 sync_every_micro_batch=False
[36m(ActorGroup(rank=0) pid=97469)[0m [INFO 15:32:22 ActorGroup-Rank-0][async_ppo_fsdp_worker.py:261] async actor training: micro-batch start 1/64 epoch=1/1 global_batch=1/4 micro=1/16
[36m(ActorGroup(rank=0) pid=97469)[0m [INFO 15:32:22 ActorGroup-Rank-0][async_ppo_fsdp_worker.py:277] async actor training: batch to device done 1/64
[36m(ActorGroup(rank=0) pid=97469)[0m [INFO 15:32:22 ActorGroup-Rank-0][async_ppo_fsdp_worker.py:293] async actor training: before_micro_batch done 1/64 is_last_micro_batch=False
[36m(ActorGroup(rank=0) pid=97469)[0m [INFO 15:32:22 ActorGroup-Rank-0][async_ppo_fsdp_worker.py:341] async actor training: model forward start 1/64
[36m(ActorGroup(rank=2) pid=97486)[0m language is None, reset current_start_frame to 0
[36m(ActorGroup(rank=2) pid=97486)[0m videos shape torch.Size([1, 3, 4, 160, 320]) 33
[36m(ActorGroup(rank=0) pid=97469)[0m language is None, reset current_start_frame to 0
[36m(ActorGroup(rank=0) pid=97469)[0m videos shape torch.Size([1, 3, 4, 160, 320]) 33
[36m(ActorGroup(rank=1) pid=97470)[0m language is None, reset current_start_frame to 0
[36m(ActorGroup(rank=1) pid=97470)[0m videos shape torch.Size([1, 3, 4, 160, 320]) 33
[36m(ActorGroup(rank=3) pid=97488)[0m language is None, reset current_start_frame to 0
[36m(ActorGroup(rank=3) pid=97488)[0m videos shape torch.Size([1, 3, 4, 160, 320]) 33
[36m(ActorGroup(rank=2) pid=97486)[0m Time taken: Total 4.88 seconds, Text Encoder 0.20 seconds, Image Encoder 0.14 seconds, VAE 0.00 seconds, KV Cache Creation 1.10 seconds, Diffusion 3.43 seconds, DIT Compute Steps 3 steps, Scheduler 0.01 seconds
[36m(ActorGroup(rank=0) pid=97469)[0m Time taken: Total 4.87 seconds, Text Encoder 0.19 seconds, Image Encoder 0.14 seconds, VAE 0.00 seconds, KV Cache Creation 1.10 seconds, Diffusion 3.43 seconds, DIT Compute Steps 3 steps, Scheduler 0.01 seconds
[36m(ActorGroup(rank=1) pid=97470)[0m Time taken: Total 4.87 seconds, Text Encoder 0.20 seconds, Image Encoder 0.14 seconds, VAE 0.00 seconds, KV Cache Creation 1.09 seconds, Diffusion 3.43 seconds, DIT Compute Steps 3 steps, Scheduler 0.01 seconds
[36m(ActorGroup(rank=3) pid=97488)[0m Time taken: Total 4.88 seconds, Text Encoder 0.20 seconds, Image Encoder 0.14 seconds, VAE 0.00 seconds, KV Cache Creation 1.10 seconds, Diffusion 3.43 seconds, DIT Compute Steps 3 steps, Scheduler 0.01 seconds
[36m(ActorGroup(rank=0) pid=97469)[0m [INFO 15:32:28 ActorGroup-Rank-0][async_ppo_fsdp_worker.py:359] async actor training: model forward done 1/64 elapsed=5.14s
[36m(ActorGroup(rank=0) pid=97469)[0m [INFO 15:32:28 ActorGroup-Rank-0][async_ppo_fsdp_worker.py:386] async actor training: logprobs ready 1/64 shape=(1, 16, 7) dtype=torch.float32
[36m(ActorGroup(rank=0) pid=97469)[0m [INFO 15:32:28 ActorGroup-Rank-0][async_ppo_fsdp_worker.py:419] async actor training: dreamzero tensors aligned 1/64 logprobs=(1, 16, 7) old_logprobs=(1, 16, 7) proximal_logprobs=None versions=(1, 16, 7) loss_action_dim=7
[36m(ActorGroup(rank=0) pid=97469)[0m [INFO 15:32:28 ActorGroup-Rank-0][async_ppo_fsdp_worker.py:457] async actor training: loss kwargs build start 1/64
[36m(ActorGroup(rank=0) pid=97469)[0m [INFO 15:32:28 ActorGroup-Rank-0][async_ppo_fsdp_worker.py:501] async actor training: loss kwargs built 1/64
[36m(ActorGroup(rank=0) pid=97469)[0m [INFO 15:32:28 ActorGroup-Rank-0][async_ppo_fsdp_worker.py:505] async actor training: policy loss start 1/64
[36m(ActorGroup(rank=0) pid=97469)[0m [INFO 15:32:28 ActorGroup-Rank-0][async_ppo_fsdp_worker.py:515] async actor training: policy loss done 1/64
[36m(ActorGroup(rank=0) pid=97469)[0m [INFO 15:32:28 ActorGroup-Rank-0][async_ppo_fsdp_worker.py:542] async actor training: backward start 1/64
[36m(ActorGroup(rank=0) pid=97469)[0m [INFO 15:32:30 ActorGroup-Rank-0][async_ppo_fsdp_worker.py:553] async actor training: backward done 1/64 elapsed=2.18s
[36m(ActorGroup(rank=2) pid=97486)[0m language is None, reset current_start_frame to 0
[36m(ActorGroup(rank=2) pid=97486)[0m videos shape torch.Size([1, 3, 4, 160, 320]) 33
[36m(ActorGroup(rank=0) pid=97469)[0m language is None, reset current_start_frame to 0
[36m(ActorGroup(rank=0) pid=97469)[0m videos shape torch.Size([1, 3, 4, 160, 320]) 33
[36m(ActorGroup(rank=1) pid=97470)[0m language is None, reset current_start_frame to 0
[36m(ActorGroup(rank=1) pid=97470)[0m videos shape torch.Size([1, 3, 4, 160, 320]) 33
[36m(ActorGroup(rank=3) pid=97488)[0m language is None, reset current_start_frame to 0
[36m(ActorGroup(rank=3) pid=97488)[0m videos shape torch.Size([1, 3, 4, 160, 320]) 33
[36m(ActorGroup(rank=2) pid=97486)[0m Time taken: Total 4.56 seconds, Text Encoder 0.17 seconds, Image Encoder 0.13 seconds, VAE 0.00 seconds, KV Cache Creation 1.07 seconds, Diffusion 3.18 seconds, DIT Compute Steps 3 steps, Scheduler 0.01 seconds
[36m(ActorGroup(rank=0) pid=97469)[0m Time taken: Total 4.56 seconds, Text Encoder 0.17 seconds, Image Encoder 0.13 seconds, VAE 0.00 seconds, KV Cache Creation 1.07 seconds, Diffusion 3.18 seconds, DIT Compute Steps 3 steps, Scheduler 0.01 seconds
[36m(ActorGroup(rank=1) pid=97470)[0m Time taken: Total 4.56 seconds, Text Encoder 0.17 seconds, Image Encoder 0.13 seconds, VAE 0.00 seconds, KV Cache Creation 1.07 seconds, Diffusion 3.18 seconds, DIT Compute Steps 3 steps, Scheduler 0.01 seconds
[36m(ActorGroup(rank=3) pid=97488)[0m Time taken: Total 4.56 seconds, Text Encoder 0.17 seconds, Image Encoder 0.13 seconds, VAE 0.00 seconds, KV Cache Creation 1.07 seconds, Diffusion 3.18 seconds, DIT Compute Steps 3 steps, Scheduler 0.01 seconds
[36m(ActorGroup(rank=2) pid=97486)[0m language is None, reset current_start_frame to 0
[36m(ActorGroup(rank=2) pid=97486)[0m videos shape torch.Size([1, 3, 4, 160, 320]) 33
[36m(ActorGroup(rank=0) pid=97469)[0m language is None, reset current_start_frame to 0
[36m(ActorGroup(rank=0) pid=97469)[0m videos shape torch.Size([1, 3, 4, 160, 320]) 33
[36m(ActorGroup(rank=1) pid=97470)[0m language is None, reset current_start_frame to 0
[36m(ActorGroup(rank=1) pid=97470)[0m videos shape torch.Size([1, 3, 4, 160, 320]) 33
[36m(ActorGroup(rank=3) pid=97488)[0m language is None, reset current_start_frame to 0
[36m(ActorGroup(rank=3) pid=97488)[0m videos shape torch.Size([1, 3, 4, 160, 320]) 33
[36m(ActorGroup(rank=2) pid=97486)[0m Time taken: Total 5.07 seconds, Text Encoder 0.18 seconds, Image Encoder 0.14 seconds, VAE 0.00 seconds, KV Cache Creation 1.25 seconds, Diffusion 3.49 seconds, DIT Compute Steps 3 steps, Scheduler 0.01 seconds
[36m(ActorGroup(rank=0) pid=97469)[0m Time taken: Total 5.06 seconds, Text Encoder 0.18 seconds, Image Encoder 0.13 seconds, VAE 0.00 seconds, KV Cache Creation 1.25 seconds, Diffusion 3.49 seconds, DIT Compute Steps 3 steps, Scheduler 0.01 seconds
[36m(ActorGroup(rank=1) pid=97470)[0m Time taken: Total 5.06 seconds, Text Encoder 0.18 seconds, Image Encoder 0.14 seconds, VAE 0.00 seconds, KV Cache Creation 1.25 seconds, Diffusion 3.49 seconds, DIT Compute Steps 3 steps, Scheduler 0.01 seconds
[36m(ActorGroup(rank=3) pid=97488)[0m Time taken: Total 5.07 seconds, Text Encoder 0.18 seconds, Image Encoder 0.14 seconds, VAE 0.00 seconds, KV Cache Creation 1.25 seconds, Diffusion 3.49 seconds, DIT Compute Steps 3 steps, Scheduler 0.01 seconds
[36m(ActorGroup(rank=0) pid=97469)[0m [INFO 15:32:44 ActorGroup-Rank-0][async_ppo_fsdp_worker.py:261] async actor training: micro-batch start 4/64 epoch=1/1 global_batch=1/4 micro=4/16
[36m(ActorGroup(rank=0) pid=97469)[0m [INFO 15:32:44 ActorGroup-Rank-0][async_ppo_fsdp_worker.py:277] async actor training: batch to device done 4/64
[36m(ActorGroup(rank=0) pid=97469)[0m [INFO 15:32:44 ActorGroup-Rank-0][async_ppo_fsdp_worker.py:293] async actor training: before_micro_batch done 4/64 is_last_micro_batch=False
[36m(ActorGroup(rank=0) pid=97469)[0m [INFO 15:32:44 ActorGroup-Rank-0][async_ppo_fsdp_worker.py:341] async actor training: model forward start 4/64
[36m(ActorGroup(rank=2) pid=97486)[0m language is None, reset current_start_frame to 0
[36m(ActorGroup(rank=2) pid=97486)[0m videos shape torch.Size([1, 3, 4, 160, 320]) 33
[36m(ActorGroup(rank=0) pid=97469)[0m language is None, reset current_start_frame to 0
[36m(ActorGroup(rank=0) pid=97469)[0m videos shape torch.Size([1, 3, 4, 160, 320]) 33
[36m(ActorGroup(rank=1) pid=97470)[0m language is None, reset current_start_frame to 0
[36m(ActorGroup(rank=1) pid=97470)[0m videos shape torch.Size([1, 3, 4, 160, 320]) 33
[36m(ActorGroup(rank=3) pid=97488)[0m language is None, reset current_start_frame to 0
[36m(ActorGroup(rank=3) pid=97488)[0m videos shape torch.Size([1, 3, 4, 160, 320]) 33
[36m(ActorGroup(rank=2) pid=97486)[0m Time taken: Total 5.54 seconds, Text Encoder 0.18 seconds, Image Encoder 0.14 seconds, VAE 0.00 seconds, KV Cache Creation 1.14 seconds, Diffusion 4.08 seconds, DIT Compute Steps 3 steps, Scheduler 0.01 seconds
[36m(ActorGroup(rank=0) pid=97469)[0m Time taken: Total 5.54 seconds, Text Encoder 0.17 seconds, Image Encoder 0.13 seconds, VAE 0.00 seconds, KV Cache Creation 1.14 seconds, Diffusion 4.08 seconds, DIT Compute Steps 3 steps, Scheduler 0.01 seconds
[36m(ActorGroup(rank=1) pid=97470)[0m Time taken: Total 5.54 seconds, Text Encoder 0.18 seconds, Image Encoder 0.14 seconds, VAE 0.00 seconds, KV Cache Creation 1.14 seconds, Diffusion 4.08 seconds, DIT Compute Steps 3 steps, Scheduler 0.01 seconds
[36m(ActorGroup(rank=3) pid=97488)[0m Time taken: Total 5.54 seconds, Text Encoder 0.17 seconds, Image Encoder 0.14 seconds, VAE 0.00 seconds, KV Cache Creation 1.14 seconds, Diffusion 4.08 seconds, DIT Compute Steps 3 steps, Scheduler 0.01 seconds
[36m(ActorGroup(rank=0) pid=97469)[0m [INFO 15:32:51 ActorGroup-Rank-0][async_ppo_fsdp_worker.py:359] async actor training: model forward done 4/64 elapsed=6.30s
[36m(ActorGroup(rank=0) pid=97469)[0m [INFO 15:32:51 ActorGroup-Rank-0][async_ppo_fsdp_worker.py:386] async actor training: logprobs ready 4/64 shape=(1, 16, 7) dtype=torch.float32
[36m(ActorGroup(rank=0) pid=97469)[0m [INFO 15:32:51 ActorGroup-Rank-0][async_ppo_fsdp_worker.py:419] async actor training: dreamzero tensors aligned 4/64 logprobs=(1, 16, 7) old_logprobs=(1, 16, 7) proximal_logprobs=None versions=(1, 16, 7) loss_action_dim=7
[36m(ActorGroup(rank=0) pid=97469)[0m [INFO 15:32:51 ActorGroup-Rank-0][async_ppo_fsdp_worker.py:457] async actor training: loss kwargs build start 4/64
[36m(ActorGroup(rank=0) pid=97469)[0m [INFO 15:32:51 ActorGroup-Rank-0][async_ppo_fsdp_worker.py:501] async actor training: loss kwargs built 4/64
[36m(ActorGroup(rank=0) pid=97469)[0m [INFO 15:32:51 ActorGroup-Rank-0][async_ppo_fsdp_worker.py:505] async actor training: policy loss start 4/64
[36m(ActorGroup(rank=0) pid=97469)[0m [INFO 15:32:51 ActorGroup-Rank-0][async_ppo_fsdp_worker.py:515] async actor training: policy loss done 4/64
[36m(ActorGroup(rank=0) pid=97469)[0m [INFO 15:32:51 ActorGroup-Rank-0][async_ppo_fsdp_worker.py:542] async actor training: backward start 4/64
[36m(ActorGroup(rank=0) pid=97469)[0m [INFO 15:32:53 ActorGroup-Rank-0][async_ppo_fsdp_worker.py:553] async actor training: backward done 4/64 elapsed=2.04s
[36m(ActorGroup(rank=2) pid=97486)[0m language is None, reset current_start_frame to 0
[36m(ActorGroup(rank=2) pid=97486)[0m videos shape torch.Size([1, 3, 4, 160, 320]) 33
[36m(ActorGroup(rank=0) pid=97469)[0m language is None, reset current_start_frame to 0
[36m(ActorGroup(rank=0) pid=97469)[0m videos shape torch.Size([1, 3, 4, 160, 320]) 33
[36m(ActorGroup(rank=1) pid=97470)[0m language is None, reset current_start_frame to 0
[36m(ActorGroup(rank=1) pid=97470)[0m videos shape torch.Size([1, 3, 4, 160, 320]) 33
[36m(ActorGroup(rank=3) pid=97488)[0m language is None, reset current_start_frame to 0
[36m(ActorGroup(rank=3) pid=97488)[0m videos shape torch.Size([1, 3, 4, 160, 320]) 33
[36m(ActorGroup(rank=2) pid=97486)[0m Time taken: Total 5.07 seconds, Text Encoder 0.18 seconds, Image Encoder 0.13 seconds, VAE 0.00 seconds, KV Cache Creation 1.26 seconds, Diffusion 3.49 seconds, DIT Compute Steps 3 steps, Scheduler 0.01 seconds
[36m(ActorGroup(rank=0) pid=97469)[0m Time taken: Total 5.07 seconds, Text Encoder 0.18 seconds, Image Encoder 0.14 seconds, VAE 0.00 seconds, KV Cache Creation 1.26 seconds, Diffusion 3.50 seconds, DIT Compute Steps 3 steps, Scheduler 0.01 seconds
[36m(ActorGroup(rank=1) pid=97470)[0m Time taken: Total 5.07 seconds, Text Encoder 0.18 seconds, Image Encoder 0.14 seconds, VAE 0.00 seconds, KV Cache Creation 1.26 seconds, Diffusion 3.50 seconds, DIT Compute Steps 3 steps, Scheduler 0.01 seconds
[36m(ActorGroup(rank=3) pid=97488)[0m Time taken: Total 5.08 seconds, Text Encoder 0.18 seconds, Image Encoder 0.14 seconds, VAE 0.00 seconds, KV Cache Creation 1.26 seconds, Diffusion 3.50 seconds, DIT Compute Steps 3 steps, Scheduler 0.01 seconds
[36m(ActorGroup(rank=2) pid=97486)[0m language is None, reset current_start_frame to 0
[36m(ActorGroup(rank=2) pid=97486)[0m videos shape torch.Size([1, 3, 4, 160, 320]) 33
[36m(ActorGroup(rank=0) pid=97469)[0m language is None, reset current_start_frame to 0
[36m(ActorGroup(rank=0) pid=97469)[0m videos shape torch.Size([1, 3, 4, 160, 320]) 33
[36m(ActorGroup(rank=1) pid=97470)[0m language is None, reset current_start_frame to 0
[36m(ActorGroup(rank=1) pid=97470)[0m videos shape torch.Size([1, 3, 4, 160, 320]) 33
[36m(ActorGroup(rank=3) pid=97488)[0m language is None, reset current_start_frame to 0
[36m(ActorGroup(rank=3) pid=97488)[0m videos shape torch.Size([1, 3, 4, 160, 320]) 33
[36m(ActorGroup(rank=2) pid=97486)[0m Time taken: Total 5.28 seconds, Text Encoder 0.34 seconds, Image Encoder 0.14 seconds, VAE 0.00 seconds, KV Cache Creation 1.14 seconds, Diffusion 3.66 seconds, DIT Compute Steps 3 steps, Scheduler 0.01 seconds
[36m(ActorGroup(rank=0) pid=97469)[0m Time taken: Total 5.28 seconds, Text Encoder 0.34 seconds, Image Encoder 0.14 seconds, VAE 0.00 seconds, KV Cache Creation 1.14 seconds, Diffusion 3.66 seconds, DIT Compute Steps 3 steps, Scheduler 0.01 seconds
[36m(ActorGroup(rank=1) pid=97470)[0m Time taken: Total 5.28 seconds, Text Encoder 0.34 seconds, Image Encoder 0.13 seconds, VAE 0.00 seconds, KV Cache Creation 1.14 seconds, Diffusion 3.66 seconds, DIT Compute Steps 3 steps, Scheduler 0.01 seconds
[36m(ActorGroup(rank=3) pid=97488)[0m Time taken: Total 5.28 seconds, Text Encoder 0.34 seconds, Image Encoder 0.14 seconds, VAE 0.00 seconds, KV Cache Creation 1.14 seconds, Diffusion 3.66 seconds, DIT Compute Steps 3 steps, Scheduler 0.01 seconds
[36m(ActorGroup(rank=2) pid=97486)[0m language is None, reset current_start_frame to 0
[36m(ActorGroup(rank=2) pid=97486)[0m videos shape torch.Size([1, 3, 4, 160, 320]) 33
[36m(ActorGroup(rank=0) pid=97469)[0m language is None, reset current_start_frame to 0
[36m(ActorGroup(rank=0) pid=97469)[0m videos shape torch.Size([1, 3, 4, 160, 320]) 33
[36m(ActorGroup(rank=1) pid=97470)[0m language is None, reset current_start_frame to 0
[36m(ActorGroup(rank=1) pid=97470)[0m videos shape torch.Size([1, 3, 4, 160, 320]) 33
[36m(ActorGroup(rank=3) pid=97488)[0m language is None, reset current_start_frame to 0
[36m(ActorGroup(rank=3) pid=97488)[0m videos shape torch.Size([1, 3, 4, 160, 320]) 33
[36m(ActorGroup(rank=2) pid=97486)[0m Time taken: Total 5.10 seconds, Text Encoder 0.17 seconds, Image Encoder 0.14 seconds, VAE 0.00 seconds, KV Cache Creation 1.13 seconds, Diffusion 3.65 seconds, DIT Compute Steps 3 steps, Scheduler 0.01 seconds
[36m(ActorGroup(rank=0) pid=97469)[0m Time taken: Total 5.10 seconds, Text Encoder 0.17 seconds, Image Encoder 0.14 seconds, VAE 0.00 seconds, KV Cache Creation 1.13 seconds, Diffusion 3.65 seconds, DIT Compute Steps 3 steps, Scheduler 0.01 seconds
[36m(ActorGroup(rank=1) pid=97470)[0m Time taken: Total 5.10 seconds, Text Encoder 0.17 seconds, Image Encoder 0.14 seconds, VAE 0.00 seconds, KV Cache Creation 1.13 seconds, Diffusion 3.65 seconds, DIT Compute Steps 3 steps, Scheduler 0.01 seconds
[36m(ActorGroup(rank=3) pid=97488)[0m Time taken: Total 5.10 seconds, Text Encoder 0.17 seconds, Image Encoder 0.14 seconds, VAE 0.00 seconds, KV Cache Creation 1.13 seconds, Diffusion 3.65 seconds, DIT Compute Steps 3 steps, Scheduler 0.01 seconds
[36m(ActorGroup(rank=0) pid=97469)[0m [INFO 15:33:16 ActorGroup-Rank-0][async_ppo_fsdp_worker.py:261] async actor training: micro-batch start 8/64 epoch=1/1 global_batch=1/4 micro=8/16
[36m(ActorGroup(rank=0) pid=97469)[0m [INFO 15:33:16 ActorGroup-Rank-0][async_ppo_fsdp_worker.py:277] async actor training: batch to device done 8/64
[36m(ActorGroup(rank=0) pid=97469)[0m [INFO 15:33:16 ActorGroup-Rank-0][async_ppo_fsdp_worker.py:293] async actor training: before_micro_batch done 8/64 is_last_micro_batch=False
[36m(ActorGroup(rank=0) pid=97469)[0m [INFO 15:33:16 ActorGroup-Rank-0][async_ppo_fsdp_worker.py:341] async actor training: model forward start 8/64
[36m(ActorGroup(rank=2) pid=97486)[0m language is None, reset current_start_frame to 0
[36m(ActorGroup(rank=2) pid=97486)[0m videos shape torch.Size([1, 3, 4, 160, 320]) 33
[36m(ActorGroup(rank=0) pid=97469)[0m language is None, reset current_start_frame to 0
[36m(ActorGroup(rank=0) pid=97469)[0m videos shape torch.Size([1, 3, 4, 160, 320]) 33
[36m(ActorGroup(rank=1) pid=97470)[0m language is None, reset current_start_frame to 0
[36m(ActorGroup(rank=1) pid=97470)[0m videos shape torch.Size([1, 3, 4, 160, 320]) 33
[36m(ActorGroup(rank=3) pid=97488)[0m language is None, reset current_start_frame to 0
[36m(ActorGroup(rank=3) pid=97488)[0m videos shape torch.Size([1, 3, 4, 160, 320]) 33
[36m(ActorGroup(rank=2) pid=97486)[0m Time taken: Total 5.25 seconds, Text Encoder 0.31 seconds, Image Encoder 0.13 seconds, VAE 0.00 seconds, KV Cache Creation 1.13 seconds, Diffusion 3.66 seconds, DIT Compute Steps 3 steps, Scheduler 0.01 seconds
[36m(ActorGroup(rank=0) pid=97469)[0m Time taken: Total 5.25 seconds, Text Encoder 0.31 seconds, Image Encoder 0.14 seconds, VAE 0.00 seconds, KV Cache Creation 1.13 seconds, Diffusion 3.66 seconds, DIT Compute Steps 3 steps, Scheduler 0.01 seconds
[36m(ActorGroup(rank=1) pid=97470)[0m Time taken: Total 5.25 seconds, Text Encoder 0.31 seconds, Image Encoder 0.14 seconds, VAE 0.00 seconds, KV Cache Creation 1.13 seconds, Diffusion 3.66 seconds, DIT Compute Steps 3 steps, Scheduler 0.01 seconds
[36m(ActorGroup(rank=3) pid=97488)[0m Time taken: Total 5.26 seconds, Text Encoder 0.31 seconds, Image Encoder 0.14 seconds, VAE 0.00 seconds, KV Cache Creation 1.13 seconds, Diffusion 3.66 seconds, DIT Compute Steps 3 steps, Scheduler 0.01 seconds
[36m(ActorGroup(rank=0) pid=97469)[0m [INFO 15:33:22 ActorGroup-Rank-0][async_ppo_fsdp_worker.py:359] async actor training: model forward done 8/64 elapsed=5.82s
[36m(ActorGroup(rank=0) pid=97469)[0m [INFO 15:33:22 ActorGroup-Rank-0][async_ppo_fsdp_worker.py:386] async actor training: logprobs ready 8/64 shape=(1, 16, 7) dtype=torch.float32
[36m(ActorGroup(rank=0) pid=97469)[0m [INFO 15:33:22 ActorGroup-Rank-0][async_ppo_fsdp_worker.py:419] async actor training: dreamzero tensors aligned 8/64 logprobs=(1, 16, 7) old_logprobs=(1, 16, 7) proximal_logprobs=None versions=(1, 16, 7) loss_action_dim=7
[36m(ActorGroup(rank=0) pid=97469)[0m [INFO 15:33:22 ActorGroup-Rank-0][async_ppo_fsdp_worker.py:457] async actor training: loss kwargs build start 8/64
[36m(ActorGroup(rank=0) pid=97469)[0m [INFO 15:33:22 ActorGroup-Rank-0][async_ppo_fsdp_worker.py:501] async actor training: loss kwargs built 8/64
[36m(ActorGroup(rank=0) pid=97469)[0m [INFO 15:33:22 ActorGroup-Rank-0][async_ppo_fsdp_worker.py:505] async actor training: policy loss start 8/64
[36m(ActorGroup(rank=0) pid=97469)[0m [INFO 15:33:22 ActorGroup-Rank-0][async_ppo_fsdp_worker.py:515] async actor training: policy loss done 8/64
[36m(ActorGroup(rank=0) pid=97469)[0m [INFO 15:33:22 ActorGroup-Rank-0][async_ppo_fsdp_worker.py:542] async actor training: backward start 8/64
[36m(ActorGroup(rank=0) pid=97469)[0m [INFO 15:33:24 ActorGroup-Rank-0][async_ppo_fsdp_worker.py:553] async actor training: backward done 8/64 elapsed=2.02s
[36m(ActorGroup(rank=2) pid=97486)[0m language is None, reset current_start_frame to 0
[36m(ActorGroup(rank=2) pid=97486)[0m videos shape torch.Size([1, 3, 4, 160, 320]) 33
[36m(ActorGroup(rank=0) pid=97469)[0m language is None, reset current_start_frame to 0
[36m(ActorGroup(rank=0) pid=97469)[0m videos shape torch.Size([1, 3, 4, 160, 320]) 33
[36m(ActorGroup(rank=1) pid=97470)[0m language is None, reset current_start_frame to 0
[36m(ActorGroup(rank=1) pid=97470)[0m videos shape torch.Size([1, 3, 4, 160, 320]) 33
[36m(ActorGroup(rank=3) pid=97488)[0m language is None, reset current_start_frame to 0
[36m(ActorGroup(rank=3) pid=97488)[0m videos shape torch.Size([1, 3, 4, 160, 320]) 33
[36m(ActorGroup(rank=2) pid=97486)[0m Time taken: Total 6.02 seconds, Text Encoder 0.35 seconds, Image Encoder 0.14 seconds, VAE 0.00 seconds, KV Cache Creation 1.51 seconds, Diffusion 4.02 seconds, DIT Compute Steps 3 steps, Scheduler 0.01 seconds
[36m(ActorGroup(rank=0) pid=97469)[0m Time taken: Total 6.02 seconds, Text Encoder 0.34 seconds, Image Encoder 0.14 seconds, VAE 0.00 seconds, KV Cache Creation 1.51 seconds, Diffusion 4.02 seconds, DIT Compute Steps 3 steps, Scheduler 0.01 seconds
[36m(ActorGroup(rank=1) pid=97470)[0m Time taken: Total 6.03 seconds, Text Encoder 0.35 seconds, Image Encoder 0.14 seconds, VAE 0.00 seconds, KV Cache Creation 1.51 seconds, Diffusion 4.02 seconds, DIT Compute Steps 3 steps, Scheduler 0.01 seconds
[36m(ActorGroup(rank=3) pid=97488)[0m Time taken: Total 6.03 seconds, Text Encoder 0.35 seconds, Image Encoder 0.14 seconds, VAE 0.00 seconds, KV Cache Creation 1.52 seconds, Diffusion 4.02 seconds, DIT Compute Steps 3 steps, Scheduler 0.01 seconds
[36m(ActorGroup(rank=2) pid=97486)[0m language is None, reset current_start_frame to 0
[36m(ActorGroup(rank=2) pid=97486)[0m videos shape torch.Size([1, 3, 4, 160, 320]) 33
[36m(ActorGroup(rank=0) pid=97469)[0m language is None, reset current_start_frame to 0
[36m(ActorGroup(rank=0) pid=97469)[0m videos shape torch.Size([1, 3, 4, 160, 320]) 33
[36m(ActorGroup(rank=1) pid=97470)[0m language is None, reset current_start_frame to 0
[36m(ActorGroup(rank=1) pid=97470)[0m videos shape torch.Size([1, 3, 4, 160, 320]) 33
[36m(ActorGroup(rank=3) pid=97488)[0m language is None, reset current_start_frame to 0
[36m(ActorGroup(rank=3) pid=97488)[0m videos shape torch.Size([1, 3, 4, 160, 320]) 33
[36m(ActorGroup(rank=2) pid=97486)[0m Time taken: Total 5.40 seconds, Text Encoder 0.33 seconds, Image Encoder 0.14 seconds, VAE 0.00 seconds, KV Cache Creation 1.17 seconds, Diffusion 3.75 seconds, DIT Compute Steps 3 steps, Scheduler 0.01 seconds
[36m(ActorGroup(rank=0) pid=97469)[0m Time taken: Total 5.40 seconds, Text Encoder 0.33 seconds, Image Encoder 0.14 seconds, VAE 0.00 seconds, KV Cache Creation 1.17 seconds, Diffusion 3.75 seconds, DIT Compute Steps 3 steps, Scheduler 0.01 seconds
[36m(ActorGroup(rank=1) pid=97470)[0m Time taken: Total 5.40 seconds, Text Encoder 0.33 seconds, Image Encoder 0.14 seconds, VAE 0.00 seconds, KV Cache Creation 1.17 seconds, Diffusion 3.75 seconds, DIT Compute Steps 3 steps, Scheduler 0.01 seconds
[36m(ActorGroup(rank=3) pid=97488)[0m Time taken: Total 5.40 seconds, Text Encoder 0.33 seconds, Image Encoder 0.14 seconds, VAE 0.00 seconds, KV Cache Creation 1.17 seconds, Diffusion 3.75 seconds, DIT Compute Steps 3 steps, Scheduler 0.01 seconds
[36m(ActorGroup(rank=2) pid=97486)[0m language is None, reset current_start_frame to 0
[36m(ActorGroup(rank=2) pid=97486)[0m videos shape torch.Size([1, 3, 4, 160, 320]) 33
[36m(ActorGroup(rank=0) pid=97469)[0m language is None, reset current_start_frame to 0
[36m(ActorGroup(rank=0) pid=97469)[0m videos shape torch.Size([1, 3, 4, 160, 320]) 33
[36m(ActorGroup(rank=1) pid=97470)[0m language is None, reset current_start_frame to 0
[36m(ActorGroup(rank=1) pid=97470)[0m videos shape torch.Size([1, 3, 4, 160, 320]) 33
[36m(ActorGroup(rank=3) pid=97488)[0m language is None, reset current_start_frame to 0
[36m(ActorGroup(rank=3) pid=97488)[0m videos shape torch.Size([1, 3, 4, 160, 320]) 33
[36m(ActorGroup(rank=2) pid=97486)[0m Time taken: Total 5.41 seconds, Text Encoder 0.34 seconds, Image Encoder 0.14 seconds, VAE 0.00 seconds, KV Cache Creation 1.24 seconds, Diffusion 3.68 seconds, DIT Compute Steps 3 steps, Scheduler 0.01 seconds
[36m(ActorGroup(rank=0) pid=97469)[0m Time taken: Total 5.41 seconds, Text Encoder 0.34 seconds, Image Encoder 0.14 seconds, VAE 0.00 seconds, KV Cache Creation 1.24 seconds, Diffusion 3.68 seconds, DIT Compute Steps 3 steps, Scheduler 0.01 seconds
[36m(ActorGroup(rank=1) pid=97470)[0m Time taken: Total 5.41 seconds, Text Encoder 0.34 seconds, Image Encoder 0.14 seconds, VAE 0.00 seconds, KV Cache Creation 1.23 seconds, Diffusion 3.68 seconds, DIT Compute Steps 3 steps, Scheduler 0.01 seconds
[36m(ActorGroup(rank=3) pid=97488)[0m Time taken: Total 5.41 seconds, Text Encoder 0.34 seconds, Image Encoder 0.14 seconds, VAE 0.00 seconds, KV Cache Creation 1.24 seconds, Diffusion 3.67 seconds, DIT Compute Steps 3 steps, Scheduler 0.01 seconds
[36m(ActorGroup(rank=0) pid=97469)[0m [INFO 15:33:49 ActorGroup-Rank-0][async_ppo_fsdp_worker.py:261] async actor training: micro-batch start 12/64 epoch=1/1 global_batch=1/4 micro=12/16
[36m(ActorGroup(rank=0) pid=97469)[0m [INFO 15:33:49 ActorGroup-Rank-0][async_ppo_fsdp_worker.py:277] async actor training: batch to device done 12/64
[36m(ActorGroup(rank=0) pid=97469)[0m [INFO 15:33:49 ActorGroup-Rank-0][async_ppo_fsdp_worker.py:293] async actor training: before_micro_batch done 12/64 is_last_micro_batch=False
[36m(ActorGroup(rank=0) pid=97469)[0m [INFO 15:33:49 ActorGroup-Rank-0][async_ppo_fsdp_worker.py:341] async actor training: model forward start 12/64
[36m(ActorGroup(rank=2) pid=97486)[0m language is None, reset current_start_frame to 0
[36m(ActorGroup(rank=2) pid=97486)[0m videos shape torch.Size([1, 3, 4, 160, 320]) 33
[36m(ActorGroup(rank=0) pid=97469)[0m language is None, reset current_start_frame to 0
[36m(ActorGroup(rank=0) pid=97469)[0m videos shape torch.Size([1, 3, 4, 160, 320]) 33
[36m(ActorGroup(rank=1) pid=97470)[0m language is None, reset current_start_frame to 0
[36m(ActorGroup(rank=1) pid=97470)[0m videos shape torch.Size([1, 3, 4, 160, 320]) 33
[36m(ActorGroup(rank=3) pid=97488)[0m language is None, reset current_start_frame to 0
[36m(ActorGroup(rank=3) pid=97488)[0m videos shape torch.Size([1, 3, 4, 160, 320]) 33
[36m(ActorGroup(rank=2) pid=97486)[0m Time taken: Total 5.37 seconds, Text Encoder 0.34 seconds, Image Encoder 0.14 seconds, VAE 0.00 seconds, KV Cache Creation 1.17 seconds, Diffusion 3.72 seconds, DIT Compute Steps 3 steps, Scheduler 0.01 seconds
[36m(ActorGroup(rank=0) pid=97469)[0m Time taken: Total 5.38 seconds, Text Encoder 0.34 seconds, Image Encoder 0.14 seconds, VAE 0.00 seconds, KV Cache Creation 1.17 seconds, Diffusion 3.72 seconds, DIT Compute Steps 3 steps, Scheduler 0.01 seconds
[36m(ActorGroup(rank=0) pid=97469)[0m [INFO 15:33:55 ActorGroup-Rank-0][async_ppo_fsdp_worker.py:359] async actor training: model forward done 12/64 elapsed=5.86s
[36m(ActorGroup(rank=0) pid=97469)[0m [INFO 15:33:55 ActorGroup-Rank-0][async_ppo_fsdp_worker.py:386] async actor training: logprobs ready 12/64 shape=(1, 16, 7) dtype=torch.float32
[36m(ActorGroup(rank=0) pid=97469)[0m [INFO 15:33:55 ActorGroup-Rank-0][async_ppo_fsdp_worker.py:419] async actor training: dreamzero tensors aligned 12/64 logprobs=(1, 16, 7) old_logprobs=(1, 16, 7) proximal_logprobs=None versions=(1, 16, 7) loss_action_dim=7
[36m(ActorGroup(rank=0) pid=97469)[0m [INFO 15:33:55 ActorGroup-Rank-0][async_ppo_fsdp_worker.py:457] async actor training: loss kwargs build start 12/64
[36m(ActorGroup(rank=1) pid=97470)[0m Time taken: Total 5.37 seconds, Text Encoder 0.34 seconds, Image Encoder 0.14 seconds, VAE 0.00 seconds, KV Cache Creation 1.17 seconds, Diffusion 3.72 seconds, DIT Compute Steps 3 steps, Scheduler 0.01 seconds
[36m(ActorGroup(rank=3) pid=97488)[0m Time taken: Total 5.38 seconds, Text Encoder 0.34 seconds, Image Encoder 0.14 seconds, VAE 0.00 seconds, KV Cache Creation 1.17 seconds, Diffusion 3.72 seconds, DIT Compute Steps 3 steps, Scheduler 0.01 seconds
[36m(ActorGroup(rank=0) pid=97469)[0m [INFO 15:33:55 ActorGroup-Rank-0][async_ppo_fsdp_worker.py:501] async actor training: loss kwargs built 12/64
[36m(ActorGroup(rank=0) pid=97469)[0m [INFO 15:33:55 ActorGroup-Rank-0][async_ppo_fsdp_worker.py:505] async actor training: policy loss start 12/64
[36m(ActorGroup(rank=0) pid=97469)[0m [INFO 15:33:55 ActorGroup-Rank-0][async_ppo_fsdp_worker.py:515] async actor training: policy loss done 12/64
[36m(ActorGroup(rank=0) pid=97469)[0m [INFO 15:33:55 ActorGroup-Rank-0][async_ppo_fsdp_worker.py:542] async actor training: backward start 12/64
[36m(ActorGroup(rank=0) pid=97469)[0m [INFO 15:33:57 ActorGroup-Rank-0][async_ppo_fsdp_worker.py:553] async actor training: backward done 12/64 elapsed=2.02s
[36m(ActorGroup(rank=2) pid=97486)[0m language is None, reset current_start_frame to 0
[36m(ActorGroup(rank=2) pid=97486)[0m videos shape torch.Size([1, 3, 4, 160, 320]) 33
[36m(ActorGroup(rank=0) pid=97469)[0m language is None, reset current_start_frame to 0
[36m(ActorGroup(rank=0) pid=97469)[0m videos shape torch.Size([1, 3, 4, 160, 320]) 33
[36m(ActorGroup(rank=1) pid=97470)[0m language is None, reset current_start_frame to 0
[36m(ActorGroup(rank=1) pid=97470)[0m videos shape torch.Size([1, 3, 4, 160, 320]) 33
[36m(ActorGroup(rank=3) pid=97488)[0m language is None, reset current_start_frame to 0
[36m(ActorGroup(rank=3) pid=97488)[0m videos shape torch.Size([1, 3, 4, 160, 320]) 33
[36m(ActorGroup(rank=2) pid=97486)[0m Time taken: Total 5.76 seconds, Text Encoder 0.28 seconds, Image Encoder 0.14 seconds, VAE 0.00 seconds, KV Cache Creation 1.13 seconds, Diffusion 4.21 seconds, DIT Compute Steps 3 steps, Scheduler 0.01 seconds
[36m(ActorGroup(rank=0) pid=97469)[0m Time taken: Total 5.76 seconds, Text Encoder 0.28 seconds, Image Encoder 0.14 seconds, VAE 0.00 seconds, KV Cache Creation 1.12 seconds, Diffusion 4.21 seconds, DIT Compute Steps 3 steps, Scheduler 0.01 seconds
[36m(ActorGroup(rank=1) pid=97470)[0m Time taken: Total 5.76 seconds, Text Encoder 0.28 seconds, Image Encoder 0.14 seconds, VAE 0.00 seconds, KV Cache Creation 1.12 seconds, Diffusion 4.21 seconds, DIT Compute Steps 3 steps, Scheduler 0.01 seconds
[36m(ActorGroup(rank=3) pid=97488)[0m Time taken: Total 5.76 seconds, Text Encoder 0.28 seconds, Image Encoder 0.14 seconds, VAE 0.00 seconds, KV Cache Creation 1.13 seconds, Diffusion 4.21 seconds, DIT Compute Steps 3 steps, Scheduler 0.01 seconds
[36m(ActorGroup(rank=2) pid=97486)[0m language is None, reset current_start_frame to 0
[36m(ActorGroup(rank=2) pid=97486)[0m videos shape torch.Size([1, 3, 4, 160, 320]) 33
[36m(ActorGroup(rank=0) pid=97469)[0m language is None, reset current_start_frame to 0
[36m(ActorGroup(rank=0) pid=97469)[0m videos shape torch.Size([1, 3, 4, 160, 320]) 33
[36m(ActorGroup(rank=1) pid=97470)[0m language is None, reset current_start_frame to 0
[36m(ActorGroup(rank=1) pid=97470)[0m videos shape torch.Size([1, 3, 4, 160, 320]) 33
[36m(ActorGroup(rank=3) pid=97488)[0m language is None, reset current_start_frame to 0
[36m(ActorGroup(rank=3) pid=97488)[0m videos shape torch.Size([1, 3, 4, 160, 320]) 33
[36m(ActorGroup(rank=2) pid=97486)[0m Time taken: Total 5.32 seconds, Text Encoder 0.29 seconds, Image Encoder 0.14 seconds, VAE 0.00 seconds, KV Cache Creation 1.14 seconds, Diffusion 3.74 seconds, DIT Compute Steps 3 steps, Scheduler 0.01 seconds
[36m(ActorGroup(rank=0) pid=97469)[0m Time taken: Total 5.31 seconds, Text Encoder 0.29 seconds, Image Encoder 0.14 seconds, VAE 0.00 seconds, KV Cache Creation 1.13 seconds, Diffusion 3.74 seconds, DIT Compute Steps 3 steps, Scheduler 0.01 seconds
[36m(ActorGroup(rank=1) pid=97470)[0m Time taken: Total 5.32 seconds, Text Encoder 0.29 seconds, Image Encoder 0.14 seconds, VAE 0.00 seconds, KV Cache Creation 1.14 seconds, Diffusion 3.74 seconds, DIT Compute Steps 3 steps, Scheduler 0.01 seconds
[36m(ActorGroup(rank=3) pid=97488)[0m Time taken: Total 5.32 seconds, Text Encoder 0.29 seconds, Image Encoder 0.14 seconds, VAE 0.00 seconds, KV Cache Creation 1.14 seconds, Diffusion 3.74 seconds, DIT Compute Steps 3 steps, Scheduler 0.01 seconds
[36m(ActorGroup(rank=2) pid=97486)[0m language is None, reset current_start_frame to 0
[36m(ActorGroup(rank=2) pid=97486)[0m videos shape torch.Size([1, 3, 4, 160, 320]) 33
[36m(ActorGroup(rank=0) pid=97469)[0m language is None, reset current_start_frame to 0
[36m(ActorGroup(rank=0) pid=97469)[0m videos shape torch.Size([1, 3, 4, 160, 320]) 33
[36m(ActorGroup(rank=1) pid=97470)[0m language is None, reset current_start_frame to 0
[36m(ActorGroup(rank=1) pid=97470)[0m videos shape torch.Size([1, 3, 4, 160, 320]) 33
[36m(ActorGroup(rank=3) pid=97488)[0m language is None, reset current_start_frame to 0
[36m(ActorGroup(rank=3) pid=97488)[0m videos shape torch.Size([1, 3, 4, 160, 320]) 33
[36m(ActorGroup(rank=2) pid=97486)[0m Time taken: Total 5.36 seconds, Text Encoder 0.34 seconds, Image Encoder 0.13 seconds, VAE 0.00 seconds, KV Cache Creation 1.22 seconds, Diffusion 3.65 seconds, DIT Compute Steps 3 steps, Scheduler 0.01 seconds
[36m(ActorGroup(rank=0) pid=97469)[0m Time taken: Total 5.36 seconds, Text Encoder 0.34 seconds, Image Encoder 0.13 seconds, VAE 0.00 seconds, KV Cache Creation 1.22 seconds, Diffusion 3.65 seconds, DIT Compute Steps 3 steps, Scheduler 0.01 seconds
[36m(ActorGroup(rank=1) pid=97470)[0m Time taken: Total 5.36 seconds, Text Encoder 0.34 seconds, Image Encoder 0.13 seconds, VAE 0.00 seconds, KV Cache Creation 1.22 seconds, Diffusion 3.65 seconds, DIT Compute Steps 3 steps, Scheduler 0.01 seconds
[36m(ActorGroup(rank=3) pid=97488)[0m Time taken: Total 5.36 seconds, Text Encoder 0.34 seconds, Image Encoder 0.14 seconds, VAE 0.00 seconds, KV Cache Creation 1.22 seconds, Diffusion 3.65 seconds, DIT Compute Steps 3 steps, Scheduler 0.01 seconds
[36m(ActorGroup(rank=0) pid=97469)[0m [INFO 15:34:21 ActorGroup-Rank-0][async_ppo_fsdp_worker.py:261] async actor training: micro-batch start 16/64 epoch=1/1 global_batch=1/4 micro=16/16
[36m(ActorGroup(rank=0) pid=97469)[0m [INFO 15:34:21 ActorGroup-Rank-0][async_ppo_fsdp_worker.py:277] async actor training: batch to device done 16/64
[36m(ActorGroup(rank=0) pid=97469)[0m [INFO 15:34:21 ActorGroup-Rank-0][async_ppo_fsdp_worker.py:293] async actor training: before_micro_batch done 16/64 is_last_micro_batch=True
[36m(ActorGroup(rank=0) pid=97469)[0m [INFO 15:34:21 ActorGroup-Rank-0][async_ppo_fsdp_worker.py:341] async actor training: model forward start 16/64
[36m(ActorGroup(rank=2) pid=97486)[0m language is None, reset current_start_frame to 0
[36m(ActorGroup(rank=2) pid=97486)[0m videos shape torch.Size([1, 3, 4, 160, 320]) 33
[36m(ActorGroup(rank=0) pid=97469)[0m language is None, reset current_start_frame to 0
[36m(ActorGroup(rank=0) pid=97469)[0m videos shape torch.Size([1, 3, 4, 160, 320]) 33
[36m(ActorGroup(rank=1) pid=97470)[0m language is None, reset current_start_frame to 0
[36m(ActorGroup(rank=1) pid=97470)[0m videos shape torch.Size([1, 3, 4, 160, 320]) 33
[36m(ActorGroup(rank=3) pid=97488)[0m language is None, reset current_start_frame to 0
[36m(ActorGroup(rank=3) pid=97488)[0m videos shape torch.Size([1, 3, 4, 160, 320]) 33
[36m(ActorGroup(rank=2) pid=97486)[0m Time taken: Total 5.47 seconds, Text Encoder 0.34 seconds, Image Encoder 0.14 seconds, VAE 0.00 seconds, KV Cache Creation 1.17 seconds, Diffusion 3.81 seconds, DIT Compute Steps 3 steps, Scheduler 0.01 seconds
[36m(ActorGroup(rank=0) pid=97469)[0m Time taken: Total 5.47 seconds, Text Encoder 0.34 seconds, Image Encoder 0.14 seconds, VAE 0.00 seconds, KV Cache Creation 1.17 seconds, Diffusion 3.81 seconds, DIT Compute Steps 3 steps, Scheduler 0.01 seconds
[36m(ActorGroup(rank=1) pid=97470)[0m Time taken: Total 5.47 seconds, Text Encoder 0.34 seconds, Image Encoder 0.14 seconds, VAE 0.00 seconds, KV Cache Creation 1.17 seconds, Diffusion 3.81 seconds, DIT Compute Steps 3 steps, Scheduler 0.01 seconds
[36m(ActorGroup(rank=3) pid=97488)[0m Time taken: Total 5.47 seconds, Text Encoder 0.35 seconds, Image Encoder 0.18 seconds, VAE 0.00 seconds, KV Cache Creation 1.13 seconds, Diffusion 3.81 seconds, DIT Compute Steps 3 steps, Scheduler 0.01 seconds
[36m(ActorGroup(rank=0) pid=97469)[0m [INFO 15:34:27 ActorGroup-Rank-0][async_ppo_fsdp_worker.py:359] async actor training: model forward done 16/64 elapsed=5.95s
[36m(ActorGroup(rank=0) pid=97469)[0m [INFO 15:34:27 ActorGroup-Rank-0][async_ppo_fsdp_worker.py:386] async actor training: logprobs ready 16/64 shape=(1, 16, 7) dtype=torch.float32
[36m(ActorGroup(rank=0) pid=97469)[0m [INFO 15:34:27 ActorGroup-Rank-0][async_ppo_fsdp_worker.py:419] async actor training: dreamzero tensors aligned 16/64 logprobs=(1, 16, 7) old_logprobs=(1, 16, 7) proximal_logprobs=None versions=(1, 16, 7) loss_action_dim=7
[36m(ActorGroup(rank=0) pid=97469)[0m [INFO 15:34:27 ActorGroup-Rank-0][async_ppo_fsdp_worker.py:457] async actor training: loss kwargs build start 16/64
[36m(ActorGroup(rank=0) pid=97469)[0m [INFO 15:34:27 ActorGroup-Rank-0][async_ppo_fsdp_worker.py:501] async actor training: loss kwargs built 16/64
[36m(ActorGroup(rank=0) pid=97469)[0m [INFO 15:34:27 ActorGroup-Rank-0][async_ppo_fsdp_worker.py:505] async actor training: policy loss start 16/64
[36m(ActorGroup(rank=0) pid=97469)[0m [INFO 15:34:27 ActorGroup-Rank-0][async_ppo_fsdp_worker.py:515] async actor training: policy loss done 16/64
[36m(ActorGroup(rank=0) pid=97469)[0m [INFO 15:34:27 ActorGroup-Rank-0][async_ppo_fsdp_worker.py:542] async actor training: backward start 16/64
[36m(ActorGroup(rank=0) pid=97469)[0m [INFO 15:34:29 ActorGroup-Rank-0][async_ppo_fsdp_worker.py:553] async actor training: backward done 16/64 elapsed=2.24s
[36m(ActorGroup(rank=0) pid=97469)[0m [INFO 15:34:31 ActorGroup-Rank-0][async_ppo_fsdp_worker.py:581] async actor training: empty_cache done global_batch=1/4 elapsed=0.62s
[36m(ActorGroup(rank=0) pid=97469)[0m [INFO 15:34:31 ActorGroup-Rank-0][async_ppo_fsdp_worker.py:587] async actor training: global batch done 1/4 epoch=1/1 elapsed=128.13s
[36m(ActorGroup(rank=0) pid=97469)[0m [INFO 15:34:31 ActorGroup-Rank-0][async_ppo_fsdp_worker.py:598] async actor training: optimizer step start global_batch=1/4
[36m(ActorGroup(rank=0) pid=97469)[0m [INFO 15:34:31 ActorGroup-Rank-0][async_ppo_fsdp_worker.py:607] async actor training: optimizer step done global_batch=1/4 grad_norm=54.5769 elapsed=0.05s
[36m(ActorGroup(rank=2) pid=97486)[0m language is None, reset current_start_frame to 0
[36m(ActorGroup(rank=2) pid=97486)[0m videos shape torch.Size([1, 3, 4, 160, 320]) 33
[36m(ActorGroup(rank=0) pid=97469)[0m language is None, reset current_start_frame to 0
[36m(ActorGroup(rank=0) pid=97469)[0m videos shape torch.Size([1, 3, 4, 160, 320]) 33
[36m(ActorGroup(rank=1) pid=97470)[0m language is None, reset current_start_frame to 0
[36m(ActorGroup(rank=1) pid=97470)[0m videos shape torch.Size([1, 3, 4, 160, 320]) 33
[36m(ActorGroup(rank=3) pid=97488)[0m language is None, reset current_start_frame to 0
[36m(ActorGroup(rank=3) pid=97488)[0m videos shape torch.Size([1, 3, 4, 160, 320]) 33
[36m(ActorGroup(rank=2) pid=97486)[0m Time taken: Total 5.52 seconds, Text Encoder 0.26 seconds, Image Encoder 0.13 seconds, VAE 0.00 seconds, KV Cache Creation 1.23 seconds, Diffusion 3.89 seconds, DIT Compute Steps 3 steps, Scheduler 0.01 seconds
[36m(ActorGroup(rank=0) pid=97469)[0m Time taken: Total 5.52 seconds, Text Encoder 0.26 seconds, Image Encoder 0.14 seconds, VAE 0.00 seconds, KV Cache Creation 1.23 seconds, Diffusion 3.89 seconds, DIT Compute Steps 3 steps, Scheduler 0.01 seconds
[36m(ActorGroup(rank=1) pid=97470)[0m Time taken: Total 5.52 seconds, Text Encoder 0.26 seconds, Image Encoder 0.14 seconds, VAE 0.00 seconds, KV Cache Creation 1.23 seconds, Diffusion 3.89 seconds, DIT Compute Steps 3 steps, Scheduler 0.01 seconds
[36m(ActorGroup(rank=3) pid=97488)[0m Time taken: Total 5.52 seconds, Text Encoder 0.26 seconds, Image Encoder 0.14 seconds, VAE 0.00 seconds, KV Cache Creation 1.23 seconds, Diffusion 3.89 seconds, DIT Compute Steps 3 steps, Scheduler 0.01 seconds
[36m(ActorGroup(rank=2) pid=97486)[0m language is None, reset current_start_frame to 0
[36m(ActorGroup(rank=2) pid=97486)[0m videos shape torch.Size([1, 3, 4, 160, 320]) 33
[36m(ActorGroup(rank=0) pid=97469)[0m language is None, reset current_start_frame to 0
[36m(ActorGroup(rank=0) pid=97469)[0m videos shape torch.Size([1, 3, 4, 160, 320]) 33
[36m(ActorGroup(rank=1) pid=97470)[0m language is None, reset current_start_frame to 0
[36m(ActorGroup(rank=1) pid=97470)[0m videos shape torch.Size([1, 3, 4, 160, 320]) 33
[36m(ActorGroup(rank=3) pid=97488)[0m language is None, reset current_start_frame to 0
[36m(ActorGroup(rank=3) pid=97488)[0m videos shape torch.Size([1, 3, 4, 160, 320]) 33
[36m(ActorGroup(rank=2) pid=97486)[0m Time taken: Total 4.60 seconds, Text Encoder 0.17 seconds, Image Encoder 0.14 seconds, VAE 0.00 seconds, KV Cache Creation 1.09 seconds, Diffusion 3.20 seconds, DIT Compute Steps 3 steps, Scheduler 0.01 seconds
[36m(ActorGroup(rank=0) pid=97469)[0m Time taken: Total 4.61 seconds, Text Encoder 0.17 seconds, Image Encoder 0.14 seconds, VAE 0.00 seconds, KV Cache Creation 1.09 seconds, Diffusion 3.20 seconds, DIT Compute Steps 3 steps, Scheduler 0.01 seconds
[36m(ActorGroup(rank=1) pid=97470)[0m Time taken: Total 4.61 seconds, Text Encoder 0.17 seconds, Image Encoder 0.14 seconds, VAE 0.00 seconds, KV Cache Creation 1.09 seconds, Diffusion 3.20 seconds, DIT Compute Steps 3 steps, Scheduler 0.01 seconds
[36m(ActorGroup(rank=3) pid=97488)[0m Time taken: Total 4.61 seconds, Text Encoder 0.17 seconds, Image Encoder 0.14 seconds, VAE 0.00 seconds, KV Cache Creation 1.08 seconds, Diffusion 3.20 seconds, DIT Compute Steps 3 steps, Scheduler 0.01 seconds
[36m(ActorGroup(rank=2) pid=97486)[0m language is None, reset current_start_frame to 0
[36m(ActorGroup(rank=2) pid=97486)[0m videos shape torch.Size([1, 3, 4, 160, 320]) 33
[36m(ActorGroup(rank=0) pid=97469)[0m language is None, reset current_start_frame to 0
[36m(ActorGroup(rank=0) pid=97469)[0m videos shape torch.Size([1, 3, 4, 160, 320]) 33
[36m(ActorGroup(rank=1) pid=97470)[0m language is None, reset current_start_frame to 0
[36m(ActorGroup(rank=1) pid=97470)[0m videos shape torch.Size([1, 3, 4, 160, 320]) 33
[36m(ActorGroup(rank=3) pid=97488)[0m language is None, reset current_start_frame to 0
[36m(ActorGroup(rank=3) pid=97488)[0m videos shape torch.Size([1, 3, 4, 160, 320]) 33
[36m(ActorGroup(rank=2) pid=97486)[0m Time taken: Total 5.22 seconds, Text Encoder 0.18 seconds, Image Encoder 0.14 seconds, VAE 0.00 seconds, KV Cache Creation 1.29 seconds, Diffusion 3.60 seconds, DIT Compute Steps 3 steps, Scheduler 0.01 seconds
[36m(ActorGroup(rank=0) pid=97469)[0m Time taken: Total 5.22 seconds, Text Encoder 0.18 seconds, Image Encoder 0.14 seconds, VAE 0.00 seconds, KV Cache Creation 1.29 seconds, Diffusion 3.60 seconds, DIT Compute Steps 3 steps, Scheduler 0.01 seconds
[36m(ActorGroup(rank=1) pid=97470)[0m Time taken: Total 5.22 seconds, Text Encoder 0.18 seconds, Image Encoder 0.15 seconds, VAE 0.00 seconds, KV Cache Creation 1.29 seconds, Diffusion 3.60 seconds, DIT Compute Steps 3 steps, Scheduler 0.01 seconds
[36m(ActorGroup(rank=3) pid=97488)[0m Time taken: Total 5.22 seconds, Text Encoder 0.18 seconds, Image Encoder 0.14 seconds, VAE 0.00 seconds, KV Cache Creation 1.29 seconds, Diffusion 3.60 seconds, DIT Compute Steps 3 steps, Scheduler 0.01 seconds
[36m(ActorGroup(rank=0) pid=97469)[0m [INFO 15:34:54 ActorGroup-Rank-0][async_ppo_fsdp_worker.py:261] async actor training: micro-batch start 20/64 epoch=1/1 global_batch=2/4 micro=4/16
[36m(ActorGroup(rank=0) pid=97469)[0m [INFO 15:34:54 ActorGroup-Rank-0][async_ppo_fsdp_worker.py:277] async actor training: batch to device done 20/64
[36m(ActorGroup(rank=0) pid=97469)[0m [INFO 15:34:54 ActorGroup-Rank-0][async_ppo_fsdp_worker.py:293] async actor training: before_micro_batch done 20/64 is_last_micro_batch=False
[36m(ActorGroup(rank=0) pid=97469)[0m [INFO 15:34:54 ActorGroup-Rank-0][async_ppo_fsdp_worker.py:341] async actor training: model forward start 20/64
[36m(ActorGroup(rank=2) pid=97486)[0m language is None, reset current_start_frame to 0
[36m(ActorGroup(rank=2) pid=97486)[0m videos shape torch.Size([1, 3, 4, 160, 320]) 33
[36m(ActorGroup(rank=0) pid=97469)[0m language is None, reset current_start_frame to 0
[36m(ActorGroup(rank=0) pid=97469)[0m videos shape torch.Size([1, 3, 4, 160, 320]) 33
[36m(ActorGroup(rank=1) pid=97470)[0m language is None, reset current_start_frame to 0
[36m(ActorGroup(rank=1) pid=97470)[0m videos shape torch.Size([1, 3, 4, 160, 320]) 33
[36m(ActorGroup(rank=3) pid=97488)[0m language is None, reset current_start_frame to 0
[36m(ActorGroup(rank=3) pid=97488)[0m videos shape torch.Size([1, 3, 4, 160, 320]) 33
[36m(ActorGroup(rank=2) pid=97486)[0m Time taken: Total 5.36 seconds, Text Encoder 0.19 seconds, Image Encoder 0.13 seconds, VAE 0.00 seconds, KV Cache Creation 1.16 seconds, Diffusion 3.87 seconds, DIT Compute Steps 3 steps, Scheduler 0.01 seconds
[36m(ActorGroup(rank=0) pid=97469)[0m Time taken: Total 5.35 seconds, Text Encoder 0.18 seconds, Image Encoder 0.13 seconds, VAE 0.00 seconds, KV Cache Creation 1.16 seconds, Diffusion 3.87 seconds, DIT Compute Steps 3 steps, Scheduler 0.01 seconds
[36m(ActorGroup(rank=0) pid=97469)[0m [INFO 15:35:00 ActorGroup-Rank-0][async_ppo_fsdp_worker.py:359] async actor training: model forward done 20/64 elapsed=6.12s
[36m(ActorGroup(rank=0) pid=97469)[0m [INFO 15:35:00 ActorGroup-Rank-0][async_ppo_fsdp_worker.py:386] async actor training: logprobs ready 20/64 shape=(1, 16, 7) dtype=torch.float32
[36m(ActorGroup(rank=0) pid=97469)[0m [INFO 15:35:00 ActorGroup-Rank-0][async_ppo_fsdp_worker.py:419] async actor training: dreamzero tensors aligned 20/64 logprobs=(1, 16, 7) old_logprobs=(1, 16, 7) proximal_logprobs=None versions=(1, 16, 7) loss_action_dim=7
[36m(ActorGroup(rank=0) pid=97469)[0m [INFO 15:35:00 ActorGroup-Rank-0][async_ppo_fsdp_worker.py:457] async actor training: loss kwargs build start 20/64
[36m(ActorGroup(rank=1) pid=97470)[0m Time taken: Total 5.36 seconds, Text Encoder 0.19 seconds, Image Encoder 0.14 seconds, VAE 0.00 seconds, KV Cache Creation 1.16 seconds, Diffusion 3.87 seconds, DIT Compute Steps 3 steps, Scheduler 0.01 seconds
[36m(ActorGroup(rank=3) pid=97488)[0m Time taken: Total 5.36 seconds, Text Encoder 0.19 seconds, Image Encoder 0.14 seconds, VAE 0.00 seconds, KV Cache Creation 1.16 seconds, Diffusion 3.87 seconds, DIT Compute Steps 3 steps, Scheduler 0.01 seconds
[36m(ActorGroup(rank=0) pid=97469)[0m [INFO 15:35:00 ActorGroup-Rank-0][async_ppo_fsdp_worker.py:501] async actor training: loss kwargs built 20/64
[36m(ActorGroup(rank=0) pid=97469)[0m [INFO 15:35:00 ActorGroup-Rank-0][async_ppo_fsdp_worker.py:505] async actor training: policy loss start 20/64
[36m(ActorGroup(rank=0) pid=97469)[0m [INFO 15:35:00 ActorGroup-Rank-0][async_ppo_fsdp_worker.py:515] async actor training: policy loss done 20/64
[36m(ActorGroup(rank=0) pid=97469)[0m [INFO 15:35:00 ActorGroup-Rank-0][async_ppo_fsdp_worker.py:542] async actor training: backward start 20/64
[36m(ActorGroup(rank=2) pid=97486)[0m language is None, reset current_start_frame to 0
[36m(ActorGroup(rank=2) pid=97486)[0m videos shape torch.Size([1, 3, 4, 160, 320]) 33
[36m(ActorGroup(rank=0) pid=97469)[0m [INFO 15:35:02 ActorGroup-Rank-0][async_ppo_fsdp_worker.py:553] async actor training: backward done 20/64 elapsed=2.03s
[36m(ActorGroup(rank=0) pid=97469)[0m language is None, reset current_start_frame to 0
[36m(ActorGroup(rank=0) pid=97469)[0m videos shape torch.Size([1, 3, 4, 160, 320]) 33
[36m(ActorGroup(rank=1) pid=97470)[0m language is None, reset current_start_frame to 0
[36m(ActorGroup(rank=1) pid=97470)[0m videos shape torch.Size([1, 3, 4, 160, 320]) 33
[36m(ActorGroup(rank=3) pid=97488)[0m language is None, reset current_start_frame to 0
[36m(ActorGroup(rank=3) pid=97488)[0m videos shape torch.Size([1, 3, 4, 160, 320]) 33
[36m(ActorGroup(rank=2) pid=97486)[0m Time taken: Total 4.94 seconds, Text Encoder 0.17 seconds, Image Encoder 0.14 seconds, VAE 0.00 seconds, KV Cache Creation 1.07 seconds, Diffusion 3.55 seconds, DIT Compute Steps 3 steps, Scheduler 0.01 seconds
[36m(ActorGroup(rank=0) pid=97469)[0m Time taken: Total 4.94 seconds, Text Encoder 0.17 seconds, Image Encoder 0.14 seconds, VAE 0.00 seconds, KV Cache Creation 1.07 seconds, Diffusion 3.55 seconds, DIT Compute Steps 3 steps, Scheduler 0.01 seconds
[36m(ActorGroup(rank=1) pid=97470)[0m Time taken: Total 4.94 seconds, Text Encoder 0.17 seconds, Image Encoder 0.14 seconds, VAE 0.00 seconds, KV Cache Creation 1.07 seconds, Diffusion 3.55 seconds, DIT Compute Steps 3 steps, Scheduler 0.01 seconds
[36m(ActorGroup(rank=3) pid=97488)[0m Time taken: Total 4.94 seconds, Text Encoder 0.17 seconds, Image Encoder 0.14 seconds, VAE 0.00 seconds, KV Cache Creation 1.07 seconds, Diffusion 3.55 seconds, DIT Compute Steps 3 steps, Scheduler 0.01 seconds
[36m(ActorGroup(rank=2) pid=97486)[0m language is None, reset current_start_frame to 0
[36m(ActorGroup(rank=2) pid=97486)[0m videos shape torch.Size([1, 3, 4, 160, 320]) 33
[36m(ActorGroup(rank=0) pid=97469)[0m language is None, reset current_start_frame to 0
[36m(ActorGroup(rank=0) pid=97469)[0m videos shape torch.Size([1, 3, 4, 160, 320]) 33
[36m(ActorGroup(rank=1) pid=97470)[0m language is None, reset current_start_frame to 0
[36m(ActorGroup(rank=1) pid=97470)[0m videos shape torch.Size([1, 3, 4, 160, 320]) 33
[36m(ActorGroup(rank=3) pid=97488)[0m language is None, reset current_start_frame to 0
[36m(ActorGroup(rank=3) pid=97488)[0m videos shape torch.Size([1, 3, 4, 160, 320]) 33
[36m(ActorGroup(rank=2) pid=97486)[0m Time taken: Total 5.26 seconds, Text Encoder 0.22 seconds, Image Encoder 0.14 seconds, VAE 0.00 seconds, KV Cache Creation 1.13 seconds, Diffusion 3.75 seconds, DIT Compute Steps 3 steps, Scheduler 0.01 seconds
[36m(ActorGroup(rank=0) pid=97469)[0m Time taken: Total 5.25 seconds, Text Encoder 0.21 seconds, Image Encoder 0.14 seconds, VAE 0.00 seconds, KV Cache Creation 1.13 seconds, Diffusion 3.76 seconds, DIT Compute Steps 3 steps, Scheduler 0.01 seconds
[36m(ActorGroup(rank=1) pid=97470)[0m Time taken: Total 5.26 seconds, Text Encoder 0.22 seconds, Image Encoder 0.15 seconds, VAE 0.00 seconds, KV Cache Creation 1.13 seconds, Diffusion 3.76 seconds, DIT Compute Steps 3 steps, Scheduler 0.01 seconds
[36m(ActorGroup(rank=3) pid=97488)[0m Time taken: Total 5.26 seconds, Text Encoder 0.22 seconds, Image Encoder 0.15 seconds, VAE 0.00 seconds, KV Cache Creation 1.13 seconds, Diffusion 3.75 seconds, DIT Compute Steps 3 steps, Scheduler 0.01 seconds
[36m(ActorGroup(rank=2) pid=97486)[0m language is None, reset current_start_frame to 0
[36m(ActorGroup(rank=2) pid=97486)[0m videos shape torch.Size([1, 3, 4, 160, 320]) 33
[36m(ActorGroup(rank=0) pid=97469)[0m language is None, reset current_start_frame to 0
[36m(ActorGroup(rank=0) pid=97469)[0m videos shape torch.Size([1, 3, 4, 160, 320]) 33
[36m(ActorGroup(rank=1) pid=97470)[0m language is None, reset current_start_frame to 0
[36m(ActorGroup(rank=1) pid=97470)[0m videos shape torch.Size([1, 3, 4, 160, 320]) 33
[36m(ActorGroup(rank=3) pid=97488)[0m language is None, reset current_start_frame to 0
[36m(ActorGroup(rank=3) pid=97488)[0m videos shape torch.Size([1, 3, 4, 160, 320]) 33
[36m(ActorGroup(rank=2) pid=97486)[0m Time taken: Total 5.28 seconds, Text Encoder 0.18 seconds, Image Encoder 0.17 seconds, VAE 0.00 seconds, KV Cache Creation 1.14 seconds, Diffusion 3.78 seconds, DIT Compute Steps 3 steps, Scheduler 0.01 seconds
[36m(ActorGroup(rank=0) pid=97469)[0m Time taken: Total 5.28 seconds, Text Encoder 0.18 seconds, Image Encoder 0.14 seconds, VAE 0.00 seconds, KV Cache Creation 1.17 seconds, Diffusion 3.78 seconds, DIT Compute Steps 3 steps, Scheduler 0.01 seconds
[36m(ActorGroup(rank=1) pid=97470)[0m Time taken: Total 5.28 seconds, Text Encoder 0.18 seconds, Image Encoder 0.17 seconds, VAE 0.00 seconds, KV Cache Creation 1.14 seconds, Diffusion 3.78 seconds, DIT Compute Steps 3 steps, Scheduler 0.01 seconds
[36m(ActorGroup(rank=3) pid=97488)[0m Time taken: Total 5.28 seconds, Text Encoder 0.18 seconds, Image Encoder 0.17 seconds, VAE 0.00 seconds, KV Cache Creation 1.14 seconds, Diffusion 3.78 seconds, DIT Compute Steps 3 steps, Scheduler 0.01 seconds
[36m(ActorGroup(rank=0) pid=97469)[0m [INFO 15:35:26 ActorGroup-Rank-0][async_ppo_fsdp_worker.py:261] async actor training: micro-batch start 24/64 epoch=1/1 global_batch=2/4 micro=8/16
[36m(ActorGroup(rank=0) pid=97469)[0m [INFO 15:35:26 ActorGroup-Rank-0][async_ppo_fsdp_worker.py:277] async actor training: batch to device done 24/64
[36m(ActorGroup(rank=0) pid=97469)[0m [INFO 15:35:26 ActorGroup-Rank-0][async_ppo_fsdp_worker.py:293] async actor training: before_micro_batch done 24/64 is_last_micro_batch=False
[36m(ActorGroup(rank=0) pid=97469)[0m [INFO 15:35:26 ActorGroup-Rank-0][async_ppo_fsdp_worker.py:341] async actor training: model forward start 24/64
[36m(ActorGroup(rank=2) pid=97486)[0m language is None, reset current_start_frame to 0
[36m(ActorGroup(rank=2) pid=97486)[0m videos shape torch.Size([1, 3, 4, 160, 320]) 33
[36m(ActorGroup(rank=0) pid=97469)[0m language is None, reset current_start_frame to 0
[36m(ActorGroup(rank=0) pid=97469)[0m videos shape torch.Size([1, 3, 4, 160, 320]) 33
[36m(ActorGroup(rank=1) pid=97470)[0m language is None, reset current_start_frame to 0
[36m(ActorGroup(rank=1) pid=97470)[0m videos shape torch.Size([1, 3, 4, 160, 320]) 33
[36m(ActorGroup(rank=3) pid=97488)[0m language is None, reset current_start_frame to 0
[36m(ActorGroup(rank=3) pid=97488)[0m videos shape torch.Size([1, 3, 4, 160, 320]) 33
[36m(ActorGroup(rank=2) pid=97486)[0m Time taken: Total 4.62 seconds, Text Encoder 0.17 seconds, Image Encoder 0.14 seconds, VAE 0.00 seconds, KV Cache Creation 1.08 seconds, Diffusion 3.22 seconds, DIT Compute Steps 3 steps, Scheduler 0.01 seconds
[36m(ActorGroup(rank=0) pid=97469)[0m Time taken: Total 4.62 seconds, Text Encoder 0.17 seconds, Image Encoder 0.14 seconds, VAE 0.00 seconds, KV Cache Creation 1.09 seconds, Diffusion 3.22 seconds, DIT Compute Steps 3 steps, Scheduler 0.01 seconds
[36m(ActorGroup(rank=0) pid=97469)[0m [INFO 15:35:30 ActorGroup-Rank-0][async_ppo_fsdp_worker.py:359] async actor training: model forward done 24/64 elapsed=4.71s
[36m(ActorGroup(rank=0) pid=97469)[0m [INFO 15:35:30 ActorGroup-Rank-0][async_ppo_fsdp_worker.py:386] async actor training: logprobs ready 24/64 shape=(1, 16, 7) dtype=torch.float32
[36m(ActorGroup(rank=0) pid=97469)[0m [INFO 15:35:30 ActorGroup-Rank-0][async_ppo_fsdp_worker.py:419] async actor training: dreamzero tensors aligned 24/64 logprobs=(1, 16, 7) old_logprobs=(1, 16, 7) proximal_logprobs=None versions=(1, 16, 7) loss_action_dim=7
[36m(ActorGroup(rank=0) pid=97469)[0m [INFO 15:35:30 ActorGroup-Rank-0][async_ppo_fsdp_worker.py:457] async actor training: loss kwargs build start 24/64
[36m(ActorGroup(rank=0) pid=97469)[0m [INFO 15:35:30 ActorGroup-Rank-0][async_ppo_fsdp_worker.py:501] async actor training: loss kwargs built 24/64
[36m(ActorGroup(rank=0) pid=97469)[0m [INFO 15:35:30 ActorGroup-Rank-0][async_ppo_fsdp_worker.py:505] async actor training: policy loss start 24/64
[36m(ActorGroup(rank=1) pid=97470)[0m Time taken: Total 4.62 seconds, Text Encoder 0.17 seconds, Image Encoder 0.14 seconds, VAE 0.00 seconds, KV Cache Creation 1.09 seconds, Diffusion 3.22 seconds, DIT Compute Steps 3 steps, Scheduler 0.01 seconds
[36m(ActorGroup(rank=3) pid=97488)[0m Time taken: Total 4.62 seconds, Text Encoder 0.17 seconds, Image Encoder 0.14 seconds, VAE 0.00 seconds, KV Cache Creation 1.09 seconds, Diffusion 3.22 seconds, DIT Compute Steps 3 steps, Scheduler 0.01 seconds
[36m(ActorGroup(rank=0) pid=97469)[0m [INFO 15:35:30 ActorGroup-Rank-0][async_ppo_fsdp_worker.py:515] async actor training: policy loss done 24/64
[36m(ActorGroup(rank=0) pid=97469)[0m [INFO 15:35:30 ActorGroup-Rank-0][async_ppo_fsdp_worker.py:542] async actor training: backward start 24/64
[36m(ActorGroup(rank=0) pid=97469)[0m [INFO 15:35:32 ActorGroup-Rank-0][async_ppo_fsdp_worker.py:553] async actor training: backward done 24/64 elapsed=2.03s
[36m(ActorGroup(rank=2) pid=97486)[0m language is None, reset current_start_frame to 0
[36m(ActorGroup(rank=2) pid=97486)[0m videos shape torch.Size([1, 3, 4, 160, 320]) 33
[36m(ActorGroup(rank=0) pid=97469)[0m language is None, reset current_start_frame to 0
[36m(ActorGroup(rank=0) pid=97469)[0m videos shape torch.Size([1, 3, 4, 160, 320]) 33
[36m(ActorGroup(rank=1) pid=97470)[0m language is None, reset current_start_frame to 0
[36m(ActorGroup(rank=1) pid=97470)[0m videos shape torch.Size([1, 3, 4, 160, 320]) 33
[36m(ActorGroup(rank=3) pid=97488)[0m language is None, reset current_start_frame to 0
[36m(ActorGroup(rank=3) pid=97488)[0m videos shape torch.Size([1, 3, 4, 160, 320]) 33
[36m(ActorGroup(rank=2) pid=97486)[0m Time taken: Total 5.17 seconds, Text Encoder 0.17 seconds, Image Encoder 0.14 seconds, VAE 0.00 seconds, KV Cache Creation 1.13 seconds, Diffusion 3.72 seconds, DIT Compute Steps 3 steps, Scheduler 0.01 seconds
[36m(ActorGroup(rank=0) pid=97469)[0m Time taken: Total 5.16 seconds, Text Encoder 0.17 seconds, Image Encoder 0.14 seconds, VAE 0.00 seconds, KV Cache Creation 1.13 seconds, Diffusion 3.72 seconds, DIT Compute Steps 3 steps, Scheduler 0.01 seconds
[36m(ActorGroup(rank=1) pid=97470)[0m Time taken: Total 5.17 seconds, Text Encoder 0.17 seconds, Image Encoder 0.15 seconds, VAE 0.00 seconds, KV Cache Creation 1.12 seconds, Diffusion 3.72 seconds, DIT Compute Steps 3 steps, Scheduler 0.01 seconds
[36m(ActorGroup(rank=3) pid=97488)[0m Time taken: Total 5.17 seconds, Text Encoder 0.17 seconds, Image Encoder 0.14 seconds, VAE 0.00 seconds, KV Cache Creation 1.13 seconds, Diffusion 3.72 seconds, DIT Compute Steps 3 steps, Scheduler 0.01 seconds
[36m(ActorGroup(rank=2) pid=97486)[0m language is None, reset current_start_frame to 0
[36m(ActorGroup(rank=2) pid=97486)[0m videos shape torch.Size([1, 3, 4, 160, 320]) 33
[36m(ActorGroup(rank=0) pid=97469)[0m language is None, reset current_start_frame to 0
[36m(ActorGroup(rank=0) pid=97469)[0m videos shape torch.Size([1, 3, 4, 160, 320]) 33
[36m(ActorGroup(rank=1) pid=97470)[0m language is None, reset current_start_frame to 0
[36m(ActorGroup(rank=1) pid=97470)[0m videos shape torch.Size([1, 3, 4, 160, 320]) 33
[36m(ActorGroup(rank=3) pid=97488)[0m language is None, reset current_start_frame to 0
[36m(ActorGroup(rank=3) pid=97488)[0m videos shape torch.Size([1, 3, 4, 160, 320]) 33
[36m(ActorGroup(rank=2) pid=97486)[0m Time taken: Total 5.74 seconds, Text Encoder 0.40 seconds, Image Encoder 0.14 seconds, VAE 0.00 seconds, KV Cache Creation 1.48 seconds, Diffusion 3.72 seconds, DIT Compute Steps 3 steps, Scheduler 0.01 seconds
[36m(ActorGroup(rank=0) pid=97469)[0m Time taken: Total 5.73 seconds, Text Encoder 0.39 seconds, Image Encoder 0.14 seconds, VAE 0.00 seconds, KV Cache Creation 1.47 seconds, Diffusion 3.72 seconds, DIT Compute Steps 3 steps, Scheduler 0.01 seconds
[36m(ActorGroup(rank=1) pid=97470)[0m Time taken: Total 5.74 seconds, Text Encoder 0.40 seconds, Image Encoder 0.14 seconds, VAE 0.00 seconds, KV Cache Creation 1.47 seconds, Diffusion 3.72 seconds, DIT Compute Steps 3 steps, Scheduler 0.01 seconds
[36m(ActorGroup(rank=3) pid=97488)[0m Time taken: Total 5.74 seconds, Text Encoder 0.40 seconds, Image Encoder 0.14 seconds, VAE 0.00 seconds, KV Cache Creation 1.48 seconds, Diffusion 3.72 seconds, DIT Compute Steps 3 steps, Scheduler 0.01 seconds
[36m(ActorGroup(rank=2) pid=97486)[0m language is None, reset current_start_frame to 0
[36m(ActorGroup(rank=2) pid=97486)[0m videos shape torch.Size([1, 3, 4, 160, 320]) 33
[36m(ActorGroup(rank=0) pid=97469)[0m language is None, reset current_start_frame to 0
[36m(ActorGroup(rank=0) pid=97469)[0m videos shape torch.Size([1, 3, 4, 160, 320]) 33
[36m(ActorGroup(rank=1) pid=97470)[0m language is None, reset current_start_frame to 0
[36m(ActorGroup(rank=1) pid=97470)[0m videos shape torch.Size([1, 3, 4, 160, 320]) 33
[36m(ActorGroup(rank=3) pid=97488)[0m language is None, reset current_start_frame to 0
[36m(ActorGroup(rank=3) pid=97488)[0m videos shape torch.Size([1, 3, 4, 160, 320]) 33
[36m(ActorGroup(rank=2) pid=97486)[0m Time taken: Total 5.23 seconds, Text Encoder 0.34 seconds, Image Encoder 0.14 seconds, VAE 0.00 seconds, KV Cache Creation 1.10 seconds, Diffusion 3.64 seconds, DIT Compute Steps 3 steps, Scheduler 0.01 seconds
[36m(ActorGroup(rank=0) pid=97469)[0m Time taken: Total 5.23 seconds, Text Encoder 0.34 seconds, Image Encoder 0.14 seconds, VAE 0.00 seconds, KV Cache Creation 1.10 seconds, Diffusion 3.64 seconds, DIT Compute Steps 3 steps, Scheduler 0.01 seconds
[36m(ActorGroup(rank=1) pid=97470)[0m Time taken: Total 5.23 seconds, Text Encoder 0.34 seconds, Image Encoder 0.14 seconds, VAE 0.00 seconds, KV Cache Creation 1.10 seconds, Diffusion 3.64 seconds, DIT Compute Steps 3 steps, Scheduler 0.01 seconds
[36m(ActorGroup(rank=3) pid=97488)[0m Time taken: Total 5.23 seconds, Text Encoder 0.34 seconds, Image Encoder 0.14 seconds, VAE 0.00 seconds, KV Cache Creation 1.10 seconds, Diffusion 3.64 seconds, DIT Compute Steps 3 steps, Scheduler 0.01 seconds
[36m(ActorGroup(rank=0) pid=97469)[0m [INFO 15:35:57 ActorGroup-Rank-0][async_ppo_fsdp_worker.py:261] async actor training: micro-batch start 28/64 epoch=1/1 global_batch=2/4 micro=12/16
[36m(ActorGroup(rank=0) pid=97469)[0m [INFO 15:35:57 ActorGroup-Rank-0][async_ppo_fsdp_worker.py:277] async actor training: batch to device done 28/64
[36m(ActorGroup(rank=0) pid=97469)[0m [INFO 15:35:57 ActorGroup-Rank-0][async_ppo_fsdp_worker.py:293] async actor training: before_micro_batch done 28/64 is_last_micro_batch=False
[36m(ActorGroup(rank=0) pid=97469)[0m [INFO 15:35:57 ActorGroup-Rank-0][async_ppo_fsdp_worker.py:341] async actor training: model forward start 28/64
[36m(ActorGroup(rank=2) pid=97486)[0m language is None, reset current_start_frame to 0
[36m(ActorGroup(rank=2) pid=97486)[0m videos shape torch.Size([1, 3, 4, 160, 320]) 33
[36m(ActorGroup(rank=0) pid=97469)[0m language is None, reset current_start_frame to 0
[36m(ActorGroup(rank=0) pid=97469)[0m videos shape torch.Size([1, 3, 4, 160, 320]) 33
[36m(ActorGroup(rank=1) pid=97470)[0m language is None, reset current_start_frame to 0
[36m(ActorGroup(rank=1) pid=97470)[0m videos shape torch.Size([1, 3, 4, 160, 320]) 33
[36m(ActorGroup(rank=3) pid=97488)[0m language is None, reset current_start_frame to 0
[36m(ActorGroup(rank=3) pid=97488)[0m videos shape torch.Size([1, 3, 4, 160, 320]) 33
[36m(ActorGroup(rank=2) pid=97486)[0m Time taken: Total 5.29 seconds, Text Encoder 0.18 seconds, Image Encoder 0.15 seconds, VAE 0.00 seconds, KV Cache Creation 1.11 seconds, Diffusion 3.85 seconds, DIT Compute Steps 3 steps, Scheduler 0.01 seconds
[36m(ActorGroup(rank=0) pid=97469)[0m Time taken: Total 5.29 seconds, Text Encoder 0.17 seconds, Image Encoder 0.15 seconds, VAE 0.00 seconds, KV Cache Creation 1.12 seconds, Diffusion 3.85 seconds, DIT Compute Steps 3 steps, Scheduler 0.01 seconds
[36m(ActorGroup(rank=0) pid=97469)[0m [INFO 15:36:03 ActorGroup-Rank-0][async_ppo_fsdp_worker.py:359] async actor training: model forward done 28/64 elapsed=6.15s
[36m(ActorGroup(rank=0) pid=97469)[0m [INFO 15:36:03 ActorGroup-Rank-0][async_ppo_fsdp_worker.py:386] async actor training: logprobs ready 28/64 shape=(1, 16, 7) dtype=torch.float32
[36m(ActorGroup(rank=0) pid=97469)[0m [INFO 15:36:03 ActorGroup-Rank-0][async_ppo_fsdp_worker.py:419] async actor training: dreamzero tensors aligned 28/64 logprobs=(1, 16, 7) old_logprobs=(1, 16, 7) proximal_logprobs=None versions=(1, 16, 7) loss_action_dim=7
[36m(ActorGroup(rank=0) pid=97469)[0m [INFO 15:36:03 ActorGroup-Rank-0][async_ppo_fsdp_worker.py:457] async actor training: loss kwargs build start 28/64
[36m(ActorGroup(rank=0) pid=97469)[0m [INFO 15:36:03 ActorGroup-Rank-0][async_ppo_fsdp_worker.py:501] async actor training: loss kwargs built 28/64
[36m(ActorGroup(rank=0) pid=97469)[0m [INFO 15:36:03 ActorGroup-Rank-0][async_ppo_fsdp_worker.py:505] async actor training: policy loss start 28/64
[36m(ActorGroup(rank=0) pid=97469)[0m [INFO 15:36:03 ActorGroup-Rank-0][async_ppo_fsdp_worker.py:515] async actor training: policy loss done 28/64
[36m(ActorGroup(rank=0) pid=97469)[0m [INFO 15:36:03 ActorGroup-Rank-0][async_ppo_fsdp_worker.py:542] async actor training: backward start 28/64
[36m(ActorGroup(rank=1) pid=97470)[0m Time taken: Total 5.29 seconds, Text Encoder 0.18 seconds, Image Encoder 0.15 seconds, VAE 0.00 seconds, KV Cache Creation 1.11 seconds, Diffusion 3.85 seconds, DIT Compute Steps 3 steps, Scheduler 0.01 seconds
[36m(ActorGroup(rank=3) pid=97488)[0m Time taken: Total 5.29 seconds, Text Encoder 0.19 seconds, Image Encoder 0.14 seconds, VAE 0.00 seconds, KV Cache Creation 1.11 seconds, Diffusion 3.84 seconds, DIT Compute Steps 3 steps, Scheduler 0.01 seconds
[36m(ActorGroup(rank=0) pid=97469)[0m [INFO 15:36:05 ActorGroup-Rank-0][async_ppo_fsdp_worker.py:553] async actor training: backward done 28/64 elapsed=2.04s
[36m(ActorGroup(rank=2) pid=97486)[0m language is None, reset current_start_frame to 0
[36m(ActorGroup(rank=2) pid=97486)[0m videos shape torch.Size([1, 3, 4, 160, 320]) 33
[36m(ActorGroup(rank=0) pid=97469)[0m language is None, reset current_start_frame to 0
[36m(ActorGroup(rank=0) pid=97469)[0m videos shape torch.Size([1, 3, 4, 160, 320]) 33
[36m(ActorGroup(rank=1) pid=97470)[0m language is None, reset current_start_frame to 0
[36m(ActorGroup(rank=1) pid=97470)[0m videos shape torch.Size([1, 3, 4, 160, 320]) 33
[36m(ActorGroup(rank=3) pid=97488)[0m language is None, reset current_start_frame to 0
[36m(ActorGroup(rank=3) pid=97488)[0m videos shape torch.Size([1, 3, 4, 160, 320]) 33
[36m(ActorGroup(rank=2) pid=97486)[0m Time taken: Total 5.22 seconds, Text Encoder 0.18 seconds, Image Encoder 0.14 seconds, VAE 0.00 seconds, KV Cache Creation 1.13 seconds, Diffusion 3.76 seconds, DIT Compute Steps 3 steps, Scheduler 0.01 seconds
[36m(ActorGroup(rank=0) pid=97469)[0m Time taken: Total 5.22 seconds, Text Encoder 0.18 seconds, Image Encoder 0.14 seconds, VAE 0.00 seconds, KV Cache Creation 1.13 seconds, Diffusion 3.76 seconds, DIT Compute Steps 3 steps, Scheduler 0.01 seconds
[36m(ActorGroup(rank=1) pid=97470)[0m Time taken: Total 5.22 seconds, Text Encoder 0.18 seconds, Image Encoder 0.14 seconds, VAE 0.00 seconds, KV Cache Creation 1.13 seconds, Diffusion 3.76 seconds, DIT Compute Steps 3 steps, Scheduler 0.01 seconds
[36m(ActorGroup(rank=3) pid=97488)[0m Time taken: Total 5.22 seconds, Text Encoder 0.18 seconds, Image Encoder 0.14 seconds, VAE 0.00 seconds, KV Cache Creation 1.13 seconds, Diffusion 3.76 seconds, DIT Compute Steps 3 steps, Scheduler 0.01 seconds
[36m(ActorGroup(rank=2) pid=97486)[0m language is None, reset current_start_frame to 0
[36m(ActorGroup(rank=2) pid=97486)[0m videos shape torch.Size([1, 3, 4, 160, 320]) 33
[36m(ActorGroup(rank=0) pid=97469)[0m language is None, reset current_start_frame to 0
[36m(ActorGroup(rank=0) pid=97469)[0m videos shape torch.Size([1, 3, 4, 160, 320]) 33
[36m(ActorGroup(rank=1) pid=97470)[0m language is None, reset current_start_frame to 0
[36m(ActorGroup(rank=1) pid=97470)[0m videos shape torch.Size([1, 3, 4, 160, 320]) 33
[36m(ActorGroup(rank=3) pid=97488)[0m language is None, reset current_start_frame to 0
[36m(ActorGroup(rank=3) pid=97488)[0m videos shape torch.Size([1, 3, 4, 160, 320]) 33
[36m(ActorGroup(rank=2) pid=97486)[0m Time taken: Total 4.91 seconds, Text Encoder 0.17 seconds, Image Encoder 0.14 seconds, VAE 0.00 seconds, KV Cache Creation 1.43 seconds, Diffusion 3.15 seconds, DIT Compute Steps 3 steps, Scheduler 0.01 seconds
[36m(ActorGroup(rank=0) pid=97469)[0m Time taken: Total 4.91 seconds, Text Encoder 0.17 seconds, Image Encoder 0.14 seconds, VAE 0.00 seconds, KV Cache Creation 1.43 seconds, Diffusion 3.15 seconds, DIT Compute Steps 3 steps, Scheduler 0.01 seconds
[36m(ActorGroup(rank=1) pid=97470)[0m Time taken: Total 4.90 seconds, Text Encoder 0.17 seconds, Image Encoder 0.14 seconds, VAE 0.00 seconds, KV Cache Creation 1.44 seconds, Diffusion 3.15 seconds, DIT Compute Steps 3 steps, Scheduler 0.01 seconds
[36m(ActorGroup(rank=3) pid=97488)[0m Time taken: Total 4.91 seconds, Text Encoder 0.17 seconds, Image Encoder 0.14 seconds, VAE 0.00 seconds, KV Cache Creation 1.43 seconds, Diffusion 3.15 seconds, DIT Compute Steps 3 steps, Scheduler 0.01 seconds
[36m(ActorGroup(rank=2) pid=97486)[0m language is None, reset current_start_frame to 0
[36m(ActorGroup(rank=2) pid=97486)[0m videos shape torch.Size([1, 3, 4, 160, 320]) 33
[36m(ActorGroup(rank=0) pid=97469)[0m language is None, reset current_start_frame to 0
[36m(ActorGroup(rank=0) pid=97469)[0m videos shape torch.Size([1, 3, 4, 160, 320]) 33
[36m(ActorGroup(rank=1) pid=97470)[0m language is None, reset current_start_frame to 0
[36m(ActorGroup(rank=1) pid=97470)[0m videos shape torch.Size([1, 3, 4, 160, 320]) 33
[36m(ActorGroup(rank=3) pid=97488)[0m language is None, reset current_start_frame to 0
[36m(ActorGroup(rank=3) pid=97488)[0m videos shape torch.Size([1, 3, 4, 160, 320]) 33
[36m(ActorGroup(rank=2) pid=97486)[0m Time taken: Total 5.26 seconds, Text Encoder 0.28 seconds, Image Encoder 0.14 seconds, VAE 0.00 seconds, KV Cache Creation 1.12 seconds, Diffusion 3.71 seconds, DIT Compute Steps 3 steps, Scheduler 0.01 seconds
[36m(ActorGroup(rank=0) pid=97469)[0m Time taken: Total 5.26 seconds, Text Encoder 0.28 seconds, Image Encoder 0.14 seconds, VAE 0.00 seconds, KV Cache Creation 1.12 seconds, Diffusion 3.71 seconds, DIT Compute Steps 3 steps, Scheduler 0.01 seconds
[36m(ActorGroup(rank=1) pid=97470)[0m Time taken: Total 5.26 seconds, Text Encoder 0.28 seconds, Image Encoder 0.14 seconds, VAE 0.00 seconds, KV Cache Creation 1.12 seconds, Diffusion 3.71 seconds, DIT Compute Steps 3 steps, Scheduler 0.01 seconds
[36m(ActorGroup(rank=3) pid=97488)[0m Time taken: Total 5.26 seconds, Text Encoder 0.28 seconds, Image Encoder 0.14 seconds, VAE 0.00 seconds, KV Cache Creation 1.12 seconds, Diffusion 3.71 seconds, DIT Compute Steps 3 steps, Scheduler 0.01 seconds
[36m(ActorGroup(rank=0) pid=97469)[0m [INFO 15:36:28 ActorGroup-Rank-0][async_ppo_fsdp_worker.py:261] async actor training: micro-batch start 32/64 epoch=1/1 global_batch=2/4 micro=16/16
[36m(ActorGroup(rank=0) pid=97469)[0m [INFO 15:36:28 ActorGroup-Rank-0][async_ppo_fsdp_worker.py:277] async actor training: batch to device done 32/64
[36m(ActorGroup(rank=0) pid=97469)[0m [INFO 15:36:28 ActorGroup-Rank-0][async_ppo_fsdp_worker.py:293] async actor training: before_micro_batch done 32/64 is_last_micro_batch=True
[36m(ActorGroup(rank=0) pid=97469)[0m [INFO 15:36:28 ActorGroup-Rank-0][async_ppo_fsdp_worker.py:341] async actor training: model forward start 32/64
[36m(ActorGroup(rank=2) pid=97486)[0m language is None, reset current_start_frame to 0
[36m(ActorGroup(rank=2) pid=97486)[0m videos shape torch.Size([1, 3, 4, 160, 320]) 33
[36m(ActorGroup(rank=0) pid=97469)[0m language is None, reset current_start_frame to 0
[36m(ActorGroup(rank=0) pid=97469)[0m videos shape torch.Size([1, 3, 4, 160, 320]) 33
[36m(ActorGroup(rank=1) pid=97470)[0m language is None, reset current_start_frame to 0
[36m(ActorGroup(rank=1) pid=97470)[0m videos shape torch.Size([1, 3, 4, 160, 320]) 33
[36m(ActorGroup(rank=3) pid=97488)[0m language is None, reset current_start_frame to 0
[36m(ActorGroup(rank=3) pid=97488)[0m videos shape torch.Size([1, 3, 4, 160, 320]) 33
[36m(ActorGroup(rank=2) pid=97486)[0m Time taken: Total 5.25 seconds, Text Encoder 0.28 seconds, Image Encoder 0.14 seconds, VAE 0.00 seconds, KV Cache Creation 1.31 seconds, Diffusion 3.51 seconds, DIT Compute Steps 3 steps, Scheduler 0.01 seconds
[36m(ActorGroup(rank=0) pid=97469)[0m Time taken: Total 5.25 seconds, Text Encoder 0.28 seconds, Image Encoder 0.14 seconds, VAE 0.00 seconds, KV Cache Creation 1.31 seconds, Diffusion 3.51 seconds, DIT Compute Steps 3 steps, Scheduler 0.01 seconds
[36m(ActorGroup(rank=0) pid=97469)[0m [INFO 15:36:34 ActorGroup-Rank-0][async_ppo_fsdp_worker.py:359] async actor training: model forward done 32/64 elapsed=5.80s
[36m(ActorGroup(rank=0) pid=97469)[0m [INFO 15:36:34 ActorGroup-Rank-0][async_ppo_fsdp_worker.py:386] async actor training: logprobs ready 32/64 shape=(1, 16, 7) dtype=torch.float32
[36m(ActorGroup(rank=0) pid=97469)[0m [INFO 15:36:34 ActorGroup-Rank-0][async_ppo_fsdp_worker.py:419] async actor training: dreamzero tensors aligned 32/64 logprobs=(1, 16, 7) old_logprobs=(1, 16, 7) proximal_logprobs=None versions=(1, 16, 7) loss_action_dim=7
[36m(ActorGroup(rank=0) pid=97469)[0m [INFO 15:36:34 ActorGroup-Rank-0][async_ppo_fsdp_worker.py:457] async actor training: loss kwargs build start 32/64
[36m(ActorGroup(rank=0) pid=97469)[0m [INFO 15:36:34 ActorGroup-Rank-0][async_ppo_fsdp_worker.py:501] async actor training: loss kwargs built 32/64
[36m(ActorGroup(rank=0) pid=97469)[0m [INFO 15:36:34 ActorGroup-Rank-0][async_ppo_fsdp_worker.py:505] async actor training: policy loss start 32/64
[36m(ActorGroup(rank=0) pid=97469)[0m [INFO 15:36:34 ActorGroup-Rank-0][async_ppo_fsdp_worker.py:515] async actor training: policy loss done 32/64
[36m(ActorGroup(rank=0) pid=97469)[0m [INFO 15:36:34 ActorGroup-Rank-0][async_ppo_fsdp_worker.py:542] async actor training: backward start 32/64
[36m(ActorGroup(rank=1) pid=97470)[0m Time taken: Total 5.25 seconds, Text Encoder 0.28 seconds, Image Encoder 0.14 seconds, VAE 0.00 seconds, KV Cache Creation 1.31 seconds, Diffusion 3.51 seconds, DIT Compute Steps 3 steps, Scheduler 0.01 seconds
[36m(ActorGroup(rank=3) pid=97488)[0m Time taken: Total 5.25 seconds, Text Encoder 0.28 seconds, Image Encoder 0.14 seconds, VAE 0.00 seconds, KV Cache Creation 1.30 seconds, Diffusion 3.51 seconds, DIT Compute Steps 3 steps, Scheduler 0.01 seconds
[36m(ActorGroup(rank=0) pid=97469)[0m [INFO 15:36:37 ActorGroup-Rank-0][async_ppo_fsdp_worker.py:553] async actor training: backward done 32/64 elapsed=2.18s
[36m(ActorGroup(rank=0) pid=97469)[0m [INFO 15:36:37 ActorGroup-Rank-0][async_ppo_fsdp_worker.py:581] async actor training: empty_cache done global_batch=2/4 elapsed=0.70s
[36m(ActorGroup(rank=0) pid=97469)[0m [INFO 15:36:37 ActorGroup-Rank-0][async_ppo_fsdp_worker.py:587] async actor training: global batch done 2/4 epoch=1/1 elapsed=126.71s
[36m(ActorGroup(rank=0) pid=97469)[0m [INFO 15:36:37 ActorGroup-Rank-0][async_ppo_fsdp_worker.py:598] async actor training: optimizer step start global_batch=2/4
[36m(ActorGroup(rank=0) pid=97469)[0m [INFO 15:36:37 ActorGroup-Rank-0][async_ppo_fsdp_worker.py:607] async actor training: optimizer step done global_batch=2/4 grad_norm=88.7505 elapsed=0.13s
[36m(ActorGroup(rank=2) pid=97486)[0m language is None, reset current_start_frame to 0
[36m(ActorGroup(rank=2) pid=97486)[0m videos shape torch.Size([1, 3, 4, 160, 320]) 33
[36m(ActorGroup(rank=0) pid=97469)[0m language is None, reset current_start_frame to 0
[36m(ActorGroup(rank=0) pid=97469)[0m videos shape torch.Size([1, 3, 4, 160, 320]) 33
[36m(ActorGroup(rank=1) pid=97470)[0m language is None, reset current_start_frame to 0
[36m(ActorGroup(rank=1) pid=97470)[0m videos shape torch.Size([1, 3, 4, 160, 320]) 33
[36m(ActorGroup(rank=3) pid=97488)[0m language is None, reset current_start_frame to 0
[36m(ActorGroup(rank=3) pid=97488)[0m videos shape torch.Size([1, 3, 4, 160, 320]) 33
[36m(ActorGroup(rank=2) pid=97486)[0m Time taken: Total 5.04 seconds, Text Encoder 0.22 seconds, Image Encoder 0.14 seconds, VAE 0.00 seconds, KV Cache Creation 1.07 seconds, Diffusion 3.60 seconds, DIT Compute Steps 3 steps, Scheduler 0.01 seconds
[36m(ActorGroup(rank=0) pid=97469)[0m Time taken: Total 5.04 seconds, Text Encoder 0.22 seconds, Image Encoder 0.14 seconds, VAE 0.00 seconds, KV Cache Creation 1.07 seconds, Diffusion 3.60 seconds, DIT Compute Steps 3 steps, Scheduler 0.01 seconds
[36m(ActorGroup(rank=1) pid=97470)[0m Time taken: Total 5.04 seconds, Text Encoder 0.22 seconds, Image Encoder 0.13 seconds, VAE 0.00 seconds, KV Cache Creation 1.07 seconds, Diffusion 3.60 seconds, DIT Compute Steps 3 steps, Scheduler 0.01 seconds
[36m(ActorGroup(rank=3) pid=97488)[0m Time taken: Total 5.05 seconds, Text Encoder 0.22 seconds, Image Encoder 0.14 seconds, VAE 0.00 seconds, KV Cache Creation 1.07 seconds, Diffusion 3.60 seconds, DIT Compute Steps 3 steps, Scheduler 0.01 seconds
[36m(ActorGroup(rank=2) pid=97486)[0m language is None, reset current_start_frame to 0
[36m(ActorGroup(rank=2) pid=97486)[0m videos shape torch.Size([1, 3, 4, 160, 320]) 33
[36m(ActorGroup(rank=0) pid=97469)[0m language is None, reset current_start_frame to 0
[36m(ActorGroup(rank=0) pid=97469)[0m videos shape torch.Size([1, 3, 4, 160, 320]) 33
[36m(ActorGroup(rank=1) pid=97470)[0m language is None, reset current_start_frame to 0
[36m(ActorGroup(rank=1) pid=97470)[0m videos shape torch.Size([1, 3, 4, 160, 320]) 33
[36m(ActorGroup(rank=3) pid=97488)[0m language is None, reset current_start_frame to 0
[36m(ActorGroup(rank=3) pid=97488)[0m videos shape torch.Size([1, 3, 4, 160, 320]) 33
[36m(ActorGroup(rank=2) pid=97486)[0m Time taken: Total 4.89 seconds, Text Encoder 0.16 seconds, Image Encoder 0.14 seconds, VAE 0.00 seconds, KV Cache Creation 1.06 seconds, Diffusion 3.51 seconds, DIT Compute Steps 3 steps, Scheduler 0.01 seconds
[36m(ActorGroup(rank=0) pid=97469)[0m Time taken: Total 4.89 seconds, Text Encoder 0.16 seconds, Image Encoder 0.14 seconds, VAE 0.00 seconds, KV Cache Creation 1.06 seconds, Diffusion 3.51 seconds, DIT Compute Steps 3 steps, Scheduler 0.01 seconds
[36m(ActorGroup(rank=1) pid=97470)[0m Time taken: Total 4.89 seconds, Text Encoder 0.16 seconds, Image Encoder 0.14 seconds, VAE 0.00 seconds, KV Cache Creation 1.06 seconds, Diffusion 3.51 seconds, DIT Compute Steps 3 steps, Scheduler 0.01 seconds
[36m(ActorGroup(rank=3) pid=97488)[0m Time taken: Total 4.89 seconds, Text Encoder 0.16 seconds, Image Encoder 0.14 seconds, VAE 0.00 seconds, KV Cache Creation 1.06 seconds, Diffusion 3.51 seconds, DIT Compute Steps 3 steps, Scheduler 0.01 seconds
[36m(ActorGroup(rank=2) pid=97486)[0m language is None, reset current_start_frame to 0
[36m(ActorGroup(rank=2) pid=97486)[0m videos shape torch.Size([1, 3, 4, 160, 320]) 33
[36m(ActorGroup(rank=0) pid=97469)[0m language is None, reset current_start_frame to 0
[36m(ActorGroup(rank=0) pid=97469)[0m videos shape torch.Size([1, 3, 4, 160, 320]) 33
[36m(ActorGroup(rank=1) pid=97470)[0m language is None, reset current_start_frame to 0
[36m(ActorGroup(rank=1) pid=97470)[0m videos shape torch.Size([1, 3, 4, 160, 320]) 33
[36m(ActorGroup(rank=3) pid=97488)[0m language is None, reset current_start_frame to 0
[36m(ActorGroup(rank=3) pid=97488)[0m videos shape torch.Size([1, 3, 4, 160, 320]) 33
[36m(ActorGroup(rank=2) pid=97486)[0m Time taken: Total 5.13 seconds, Text Encoder 0.17 seconds, Image Encoder 0.14 seconds, VAE 0.00 seconds, KV Cache Creation 1.11 seconds, Diffusion 3.70 seconds, DIT Compute Steps 3 steps, Scheduler 0.01 seconds
[36m(ActorGroup(rank=0) pid=97469)[0m Time taken: Total 5.13 seconds, Text Encoder 0.17 seconds, Image Encoder 0.14 seconds, VAE 0.00 seconds, KV Cache Creation 1.11 seconds, Diffusion 3.70 seconds, DIT Compute Steps 3 steps, Scheduler 0.01 seconds
[36m(ActorGroup(rank=1) pid=97470)[0m Time taken: Total 5.13 seconds, Text Encoder 0.17 seconds, Image Encoder 0.14 seconds, VAE 0.00 seconds, KV Cache Creation 1.11 seconds, Diffusion 3.70 seconds, DIT Compute Steps 3 steps, Scheduler 0.01 seconds
[36m(ActorGroup(rank=3) pid=97488)[0m Time taken: Total 5.13 seconds, Text Encoder 0.17 seconds, Image Encoder 0.15 seconds, VAE 0.00 seconds, KV Cache Creation 1.11 seconds, Diffusion 3.70 seconds, DIT Compute Steps 3 steps, Scheduler 0.01 seconds
[36m(ActorGroup(rank=0) pid=97469)[0m [INFO 15:37:00 ActorGroup-Rank-0][async_ppo_fsdp_worker.py:261] async actor training: micro-batch start 36/64 epoch=1/1 global_batch=3/4 micro=4/16
[36m(ActorGroup(rank=0) pid=97469)[0m [INFO 15:37:00 ActorGroup-Rank-0][async_ppo_fsdp_worker.py:277] async actor training: batch to device done 36/64
[36m(ActorGroup(rank=0) pid=97469)[0m [INFO 15:37:00 ActorGroup-Rank-0][async_ppo_fsdp_worker.py:293] async actor training: before_micro_batch done 36/64 is_last_micro_batch=False
[36m(ActorGroup(rank=0) pid=97469)[0m [INFO 15:37:00 ActorGroup-Rank-0][async_ppo_fsdp_worker.py:341] async actor training: model forward start 36/64
[36m(ActorGroup(rank=2) pid=97486)[0m language is None, reset current_start_frame to 0
[36m(ActorGroup(rank=2) pid=97486)[0m videos shape torch.Size([1, 3, 4, 160, 320]) 33
[36m(ActorGroup(rank=0) pid=97469)[0m language is None, reset current_start_frame to 0
[36m(ActorGroup(rank=0) pid=97469)[0m videos shape torch.Size([1, 3, 4, 160, 320]) 33
[36m(ActorGroup(rank=1) pid=97470)[0m language is None, reset current_start_frame to 0
[36m(ActorGroup(rank=1) pid=97470)[0m videos shape torch.Size([1, 3, 4, 160, 320]) 33
[36m(ActorGroup(rank=3) pid=97488)[0m language is None, reset current_start_frame to 0
[36m(ActorGroup(rank=3) pid=97488)[0m videos shape torch.Size([1, 3, 4, 160, 320]) 33
[36m(ActorGroup(rank=2) pid=97486)[0m Time taken: Total 5.15 seconds, Text Encoder 0.18 seconds, Image Encoder 0.14 seconds, VAE 0.00 seconds, KV Cache Creation 1.26 seconds, Diffusion 3.56 seconds, DIT Compute Steps 3 steps, Scheduler 0.01 seconds
[36m(ActorGroup(rank=0) pid=97469)[0m Time taken: Total 5.14 seconds, Text Encoder 0.17 seconds, Image Encoder 0.14 seconds, VAE 0.00 seconds, KV Cache Creation 1.26 seconds, Diffusion 3.56 seconds, DIT Compute Steps 3 steps, Scheduler 0.01 seconds
[36m(ActorGroup(rank=0) pid=97469)[0m [INFO 15:37:06 ActorGroup-Rank-0][async_ppo_fsdp_worker.py:359] async actor training: model forward done 36/64 elapsed=6.01s
[36m(ActorGroup(rank=0) pid=97469)[0m [INFO 15:37:06 ActorGroup-Rank-0][async_ppo_fsdp_worker.py:386] async actor training: logprobs ready 36/64 shape=(1, 16, 7) dtype=torch.float32
[36m(ActorGroup(rank=0) pid=97469)[0m [INFO 15:37:06 ActorGroup-Rank-0][async_ppo_fsdp_worker.py:419] async actor training: dreamzero tensors aligned 36/64 logprobs=(1, 16, 7) old_logprobs=(1, 16, 7) proximal_logprobs=None versions=(1, 16, 7) loss_action_dim=7
[36m(ActorGroup(rank=0) pid=97469)[0m [INFO 15:37:06 ActorGroup-Rank-0][async_ppo_fsdp_worker.py:457] async actor training: loss kwargs build start 36/64
[36m(ActorGroup(rank=1) pid=97470)[0m Time taken: Total 5.14 seconds, Text Encoder 0.18 seconds, Image Encoder 0.13 seconds, VAE 0.00 seconds, KV Cache Creation 1.26 seconds, Diffusion 3.56 seconds, DIT Compute Steps 3 steps, Scheduler 0.01 seconds
[36m(ActorGroup(rank=3) pid=97488)[0m Time taken: Total 5.15 seconds, Text Encoder 0.18 seconds, Image Encoder 0.14 seconds, VAE 0.00 seconds, KV Cache Creation 1.26 seconds, Diffusion 3.56 seconds, DIT Compute Steps 3 steps, Scheduler 0.01 seconds
[36m(ActorGroup(rank=0) pid=97469)[0m [INFO 15:37:06 ActorGroup-Rank-0][async_ppo_fsdp_worker.py:501] async actor training: loss kwargs built 36/64
[36m(ActorGroup(rank=0) pid=97469)[0m [INFO 15:37:06 ActorGroup-Rank-0][async_ppo_fsdp_worker.py:505] async actor training: policy loss start 36/64
[36m(ActorGroup(rank=0) pid=97469)[0m [INFO 15:37:06 ActorGroup-Rank-0][async_ppo_fsdp_worker.py:515] async actor training: policy loss done 36/64
[36m(ActorGroup(rank=0) pid=97469)[0m [INFO 15:37:06 ActorGroup-Rank-0][async_ppo_fsdp_worker.py:542] async actor training: backward start 36/64
[36m(ActorGroup(rank=0) pid=97469)[0m [INFO 15:37:08 ActorGroup-Rank-0][async_ppo_fsdp_worker.py:553] async actor training: backward done 36/64 elapsed=2.03s
[36m(ActorGroup(rank=2) pid=97486)[0m language is None, reset current_start_frame to 0
[36m(ActorGroup(rank=2) pid=97486)[0m videos shape torch.Size([1, 3, 4, 160, 320]) 33
[36m(ActorGroup(rank=0) pid=97469)[0m language is None, reset current_start_frame to 0
[36m(ActorGroup(rank=0) pid=97469)[0m videos shape torch.Size([1, 3, 4, 160, 320]) 33
[36m(ActorGroup(rank=1) pid=97470)[0m language is None, reset current_start_frame to 0
[36m(ActorGroup(rank=1) pid=97470)[0m videos shape torch.Size([1, 3, 4, 160, 320]) 33
[36m(ActorGroup(rank=3) pid=97488)[0m language is None, reset current_start_frame to 0
[36m(ActorGroup(rank=3) pid=97488)[0m videos shape torch.Size([1, 3, 4, 160, 320]) 33
[36m(ActorGroup(rank=2) pid=97486)[0m Time taken: Total 5.14 seconds, Text Encoder 0.18 seconds, Image Encoder 0.14 seconds, VAE 0.00 seconds, KV Cache Creation 1.12 seconds, Diffusion 3.70 seconds, DIT Compute Steps 3 steps, Scheduler 0.01 seconds
[36m(ActorGroup(rank=0) pid=97469)[0m Time taken: Total 5.14 seconds, Text Encoder 0.18 seconds, Image Encoder 0.14 seconds, VAE 0.00 seconds, KV Cache Creation 1.11 seconds, Diffusion 3.70 seconds, DIT Compute Steps 3 steps, Scheduler 0.01 seconds
[36m(ActorGroup(rank=1) pid=97470)[0m Time taken: Total 5.14 seconds, Text Encoder 0.18 seconds, Image Encoder 0.14 seconds, VAE 0.00 seconds, KV Cache Creation 1.12 seconds, Diffusion 3.70 seconds, DIT Compute Steps 3 steps, Scheduler 0.01 seconds
[36m(ActorGroup(rank=3) pid=97488)[0m Time taken: Total 5.14 seconds, Text Encoder 0.18 seconds, Image Encoder 0.14 seconds, VAE 0.00 seconds, KV Cache Creation 1.11 seconds, Diffusion 3.70 seconds, DIT Compute Steps 3 steps, Scheduler 0.01 seconds
[36m(ActorGroup(rank=2) pid=97486)[0m language is None, reset current_start_frame to 0
[36m(ActorGroup(rank=2) pid=97486)[0m videos shape torch.Size([1, 3, 4, 160, 320]) 33
[36m(ActorGroup(rank=0) pid=97469)[0m language is None, reset current_start_frame to 0
[36m(ActorGroup(rank=0) pid=97469)[0m videos shape torch.Size([1, 3, 4, 160, 320]) 33
[36m(ActorGroup(rank=1) pid=97470)[0m language is None, reset current_start_frame to 0
[36m(ActorGroup(rank=1) pid=97470)[0m videos shape torch.Size([1, 3, 4, 160, 320]) 33
[36m(ActorGroup(rank=3) pid=97488)[0m language is None, reset current_start_frame to 0
[36m(ActorGroup(rank=3) pid=97488)[0m videos shape torch.Size([1, 3, 4, 160, 320]) 33
[36m(ActorGroup(rank=2) pid=97486)[0m Time taken: Total 4.88 seconds, Text Encoder 0.17 seconds, Image Encoder 0.14 seconds, VAE 0.00 seconds, KV Cache Creation 1.06 seconds, Diffusion 3.50 seconds, DIT Compute Steps 3 steps, Scheduler 0.01 seconds
[36m(ActorGroup(rank=0) pid=97469)[0m Time taken: Total 4.88 seconds, Text Encoder 0.17 seconds, Image Encoder 0.14 seconds, VAE 0.00 seconds, KV Cache Creation 1.06 seconds, Diffusion 3.50 seconds, DIT Compute Steps 3 steps, Scheduler 0.01 seconds
[36m(ActorGroup(rank=1) pid=97470)[0m Time taken: Total 4.88 seconds, Text Encoder 0.16 seconds, Image Encoder 0.14 seconds, VAE 0.00 seconds, KV Cache Creation 1.06 seconds, Diffusion 3.50 seconds, DIT Compute Steps 3 steps, Scheduler 0.01 seconds
[36m(ActorGroup(rank=3) pid=97488)[0m Time taken: Total 4.88 seconds, Text Encoder 0.17 seconds, Image Encoder 0.14 seconds, VAE 0.00 seconds, KV Cache Creation 1.06 seconds, Diffusion 3.50 seconds, DIT Compute Steps 3 steps, Scheduler 0.01 seconds
[36m(ActorGroup(rank=2) pid=97486)[0m language is None, reset current_start_frame to 0
[36m(ActorGroup(rank=2) pid=97486)[0m videos shape torch.Size([1, 3, 4, 160, 320]) 33
[36m(ActorGroup(rank=0) pid=97469)[0m language is None, reset current_start_frame to 0
[36m(ActorGroup(rank=0) pid=97469)[0m videos shape torch.Size([1, 3, 4, 160, 320]) 33
[36m(ActorGroup(rank=1) pid=97470)[0m language is None, reset current_start_frame to 0
[36m(ActorGroup(rank=1) pid=97470)[0m videos shape torch.Size([1, 3, 4, 160, 320]) 33
[36m(ActorGroup(rank=3) pid=97488)[0m language is None, reset current_start_frame to 0
[36m(ActorGroup(rank=3) pid=97488)[0m videos shape torch.Size([1, 3, 4, 160, 320]) 33
[36m(ActorGroup(rank=2) pid=97486)[0m Time taken: Total 4.53 seconds, Text Encoder 0.17 seconds, Image Encoder 0.14 seconds, VAE 0.00 seconds, KV Cache Creation 1.06 seconds, Diffusion 3.16 seconds, DIT Compute Steps 3 steps, Scheduler 0.01 seconds
[36m(ActorGroup(rank=0) pid=97469)[0m Time taken: Total 4.53 seconds, Text Encoder 0.17 seconds, Image Encoder 0.14 seconds, VAE 0.00 seconds, KV Cache Creation 1.06 seconds, Diffusion 3.16 seconds, DIT Compute Steps 3 steps, Scheduler 0.01 seconds
[36m(ActorGroup(rank=1) pid=97470)[0m Time taken: Total 4.53 seconds, Text Encoder 0.17 seconds, Image Encoder 0.14 seconds, VAE 0.00 seconds, KV Cache Creation 1.06 seconds, Diffusion 3.16 seconds, DIT Compute Steps 3 steps, Scheduler 0.01 seconds
[36m(ActorGroup(rank=3) pid=97488)[0m Time taken: Total 4.53 seconds, Text Encoder 0.17 seconds, Image Encoder 0.14 seconds, VAE 0.00 seconds, KV Cache Creation 1.05 seconds, Diffusion 3.16 seconds, DIT Compute Steps 3 steps, Scheduler 0.01 seconds
[36m(ActorGroup(rank=0) pid=97469)[0m [INFO 15:37:30 ActorGroup-Rank-0][async_ppo_fsdp_worker.py:261] async actor training: micro-batch start 40/64 epoch=1/1 global_batch=3/4 micro=8/16
[36m(ActorGroup(rank=0) pid=97469)[0m [INFO 15:37:30 ActorGroup-Rank-0][async_ppo_fsdp_worker.py:277] async actor training: batch to device done 40/64
[36m(ActorGroup(rank=0) pid=97469)[0m [INFO 15:37:30 ActorGroup-Rank-0][async_ppo_fsdp_worker.py:293] async actor training: before_micro_batch done 40/64 is_last_micro_batch=False
[36m(ActorGroup(rank=0) pid=97469)[0m [INFO 15:37:30 ActorGroup-Rank-0][async_ppo_fsdp_worker.py:341] async actor training: model forward start 40/64
[36m(ActorGroup(rank=2) pid=97486)[0m language is None, reset current_start_frame to 0
[36m(ActorGroup(rank=2) pid=97486)[0m videos shape torch.Size([1, 3, 4, 160, 320]) 33
[36m(ActorGroup(rank=0) pid=97469)[0m language is None, reset current_start_frame to 0
[36m(ActorGroup(rank=0) pid=97469)[0m videos shape torch.Size([1, 3, 4, 160, 320]) 33
[36m(ActorGroup(rank=1) pid=97470)[0m language is None, reset current_start_frame to 0
[36m(ActorGroup(rank=1) pid=97470)[0m videos shape torch.Size([1, 3, 4, 160, 320]) 33
[36m(ActorGroup(rank=3) pid=97488)[0m language is None, reset current_start_frame to 0
[36m(ActorGroup(rank=3) pid=97488)[0m videos shape torch.Size([1, 3, 4, 160, 320]) 33
[36m(ActorGroup(rank=2) pid=97486)[0m Time taken: Total 4.56 seconds, Text Encoder 0.16 seconds, Image Encoder 0.14 seconds, VAE 0.00 seconds, KV Cache Creation 1.07 seconds, Diffusion 3.17 seconds, DIT Compute Steps 3 steps, Scheduler 0.01 seconds
[36m(ActorGroup(rank=0) pid=97469)[0m Time taken: Total 4.56 seconds, Text Encoder 0.17 seconds, Image Encoder 0.14 seconds, VAE 0.00 seconds, KV Cache Creation 1.08 seconds, Diffusion 3.17 seconds, DIT Compute Steps 3 steps, Scheduler 0.01 seconds
[36m(ActorGroup(rank=1) pid=97470)[0m Time taken: Total 4.56 seconds, Text Encoder 0.17 seconds, Image Encoder 0.14 seconds, VAE 0.00 seconds, KV Cache Creation 1.08 seconds, Diffusion 3.17 seconds, DIT Compute Steps 3 steps, Scheduler 0.01 seconds
[36m(ActorGroup(rank=3) pid=97488)[0m Time taken: Total 4.56 seconds, Text Encoder 0.16 seconds, Image Encoder 0.14 seconds, VAE 0.00 seconds, KV Cache Creation 1.08 seconds, Diffusion 3.17 seconds, DIT Compute Steps 3 steps, Scheduler 0.01 seconds
[36m(ActorGroup(rank=0) pid=97469)[0m [INFO 15:37:35 ActorGroup-Rank-0][async_ppo_fsdp_worker.py:359] async actor training: model forward done 40/64 elapsed=4.65s
[36m(ActorGroup(rank=0) pid=97469)[0m [INFO 15:37:35 ActorGroup-Rank-0][async_ppo_fsdp_worker.py:386] async actor training: logprobs ready 40/64 shape=(1, 16, 7) dtype=torch.float32
[36m(ActorGroup(rank=0) pid=97469)[0m [INFO 15:37:35 ActorGroup-Rank-0][async_ppo_fsdp_worker.py:419] async actor training: dreamzero tensors aligned 40/64 logprobs=(1, 16, 7) old_logprobs=(1, 16, 7) proximal_logprobs=None versions=(1, 16, 7) loss_action_dim=7
[36m(ActorGroup(rank=0) pid=97469)[0m [INFO 15:37:35 ActorGroup-Rank-0][async_ppo_fsdp_worker.py:457] async actor training: loss kwargs build start 40/64
[36m(ActorGroup(rank=0) pid=97469)[0m [INFO 15:37:35 ActorGroup-Rank-0][async_ppo_fsdp_worker.py:501] async actor training: loss kwargs built 40/64
[36m(ActorGroup(rank=0) pid=97469)[0m [INFO 15:37:35 ActorGroup-Rank-0][async_ppo_fsdp_worker.py:505] async actor training: policy loss start 40/64
[36m(ActorGroup(rank=0) pid=97469)[0m [INFO 15:37:35 ActorGroup-Rank-0][async_ppo_fsdp_worker.py:515] async actor training: policy loss done 40/64
[36m(ActorGroup(rank=0) pid=97469)[0m [INFO 15:37:35 ActorGroup-Rank-0][async_ppo_fsdp_worker.py:542] async actor training: backward start 40/64
[36m(ActorGroup(rank=0) pid=97469)[0m [INFO 15:37:37 ActorGroup-Rank-0][async_ppo_fsdp_worker.py:553] async actor training: backward done 40/64 elapsed=2.02s
[36m(ActorGroup(rank=2) pid=97486)[0m language is None, reset current_start_frame to 0
[36m(ActorGroup(rank=2) pid=97486)[0m videos shape torch.Size([1, 3, 4, 160, 320]) 33
[36m(ActorGroup(rank=0) pid=97469)[0m language is None, reset current_start_frame to 0
[36m(ActorGroup(rank=0) pid=97469)[0m videos shape torch.Size([1, 3, 4, 160, 320]) 33
[36m(ActorGroup(rank=1) pid=97470)[0m language is None, reset current_start_frame to 0
[36m(ActorGroup(rank=1) pid=97470)[0m videos shape torch.Size([1, 3, 4, 160, 320]) 33
[36m(ActorGroup(rank=3) pid=97488)[0m language is None, reset current_start_frame to 0
[36m(ActorGroup(rank=3) pid=97488)[0m videos shape torch.Size([1, 3, 4, 160, 320]) 33
[36m(ActorGroup(rank=2) pid=97486)[0m Time taken: Total 4.54 seconds, Text Encoder 0.17 seconds, Image Encoder 0.13 seconds, VAE 0.00 seconds, KV Cache Creation 1.07 seconds, Diffusion 3.16 seconds, DIT Compute Steps 3 steps, Scheduler 0.01 seconds
[36m(ActorGroup(rank=0) pid=97469)[0m Time taken: Total 4.54 seconds, Text Encoder 0.16 seconds, Image Encoder 0.13 seconds, VAE 0.00 seconds, KV Cache Creation 1.07 seconds, Diffusion 3.16 seconds, DIT Compute Steps 3 steps, Scheduler 0.01 seconds
[36m(ActorGroup(rank=1) pid=97470)[0m Time taken: Total 4.54 seconds, Text Encoder 0.17 seconds, Image Encoder 0.13 seconds, VAE 0.00 seconds, KV Cache Creation 1.07 seconds, Diffusion 3.16 seconds, DIT Compute Steps 3 steps, Scheduler 0.01 seconds
[36m(ActorGroup(rank=3) pid=97488)[0m Time taken: Total 4.54 seconds, Text Encoder 0.17 seconds, Image Encoder 0.13 seconds, VAE 0.00 seconds, KV Cache Creation 1.07 seconds, Diffusion 3.16 seconds, DIT Compute Steps 3 steps, Scheduler 0.01 seconds
[36m(ActorGroup(rank=2) pid=97486)[0m language is None, reset current_start_frame to 0
[36m(ActorGroup(rank=2) pid=97486)[0m videos shape torch.Size([1, 3, 4, 160, 320]) 33
[36m(ActorGroup(rank=0) pid=97469)[0m language is None, reset current_start_frame to 0
[36m(ActorGroup(rank=0) pid=97469)[0m videos shape torch.Size([1, 3, 4, 160, 320]) 33
[36m(ActorGroup(rank=1) pid=97470)[0m language is None, reset current_start_frame to 0
[36m(ActorGroup(rank=1) pid=97470)[0m videos shape torch.Size([1, 3, 4, 160, 320]) 33
[36m(ActorGroup(rank=3) pid=97488)[0m language is None, reset current_start_frame to 0
[36m(ActorGroup(rank=3) pid=97488)[0m videos shape torch.Size([1, 3, 4, 160, 320]) 33
[36m(ActorGroup(rank=2) pid=97486)[0m Time taken: Total 4.86 seconds, Text Encoder 0.17 seconds, Image Encoder 0.14 seconds, VAE 0.00 seconds, KV Cache Creation 1.07 seconds, Diffusion 3.48 seconds, DIT Compute Steps 3 steps, Scheduler 0.01 seconds
[36m(ActorGroup(rank=0) pid=97469)[0m Time taken: Total 4.86 seconds, Text Encoder 0.17 seconds, Image Encoder 0.14 seconds, VAE 0.00 seconds, KV Cache Creation 1.07 seconds, Diffusion 3.48 seconds, DIT Compute Steps 3 steps, Scheduler 0.01 seconds
[36m(ActorGroup(rank=1) pid=97470)[0m Time taken: Total 4.86 seconds, Text Encoder 0.17 seconds, Image Encoder 0.14 seconds, VAE 0.00 seconds, KV Cache Creation 1.07 seconds, Diffusion 3.48 seconds, DIT Compute Steps 3 steps, Scheduler 0.01 seconds
[36m(ActorGroup(rank=3) pid=97488)[0m Time taken: Total 4.86 seconds, Text Encoder 0.17 seconds, Image Encoder 0.14 seconds, VAE 0.00 seconds, KV Cache Creation 1.07 seconds, Diffusion 3.48 seconds, DIT Compute Steps 3 steps, Scheduler 0.01 seconds
[36m(ActorGroup(rank=2) pid=97486)[0m language is None, reset current_start_frame to 0
[36m(ActorGroup(rank=2) pid=97486)[0m videos shape torch.Size([1, 3, 4, 160, 320]) 33
[36m(ActorGroup(rank=0) pid=97469)[0m language is None, reset current_start_frame to 0
[36m(ActorGroup(rank=0) pid=97469)[0m videos shape torch.Size([1, 3, 4, 160, 320]) 33
[36m(ActorGroup(rank=1) pid=97470)[0m language is None, reset current_start_frame to 0
[36m(ActorGroup(rank=1) pid=97470)[0m videos shape torch.Size([1, 3, 4, 160, 320]) 33
[36m(ActorGroup(rank=3) pid=97488)[0m language is None, reset current_start_frame to 0
[36m(ActorGroup(rank=3) pid=97488)[0m videos shape torch.Size([1, 3, 4, 160, 320]) 33
[36m(ActorGroup(rank=2) pid=97486)[0m Time taken: Total 4.53 seconds, Text Encoder 0.17 seconds, Image Encoder 0.14 seconds, VAE 0.00 seconds, KV Cache Creation 1.06 seconds, Diffusion 3.15 seconds, DIT Compute Steps 3 steps, Scheduler 0.01 seconds
[36m(ActorGroup(rank=0) pid=97469)[0m Time taken: Total 4.53 seconds, Text Encoder 0.17 seconds, Image Encoder 0.14 seconds, VAE 0.00 seconds, KV Cache Creation 1.07 seconds, Diffusion 3.15 seconds, DIT Compute Steps 3 steps, Scheduler 0.01 seconds
[36m(ActorGroup(rank=1) pid=97470)[0m Time taken: Total 4.53 seconds, Text Encoder 0.16 seconds, Image Encoder 0.14 seconds, VAE 0.00 seconds, KV Cache Creation 1.06 seconds, Diffusion 3.15 seconds, DIT Compute Steps 3 steps, Scheduler 0.01 seconds
[36m(ActorGroup(rank=3) pid=97488)[0m Time taken: Total 4.53 seconds, Text Encoder 0.16 seconds, Image Encoder 0.14 seconds, VAE 0.00 seconds, KV Cache Creation 1.07 seconds, Diffusion 3.15 seconds, DIT Compute Steps 3 steps, Scheduler 0.01 seconds
[36m(ActorGroup(rank=2) pid=97486)[0m language is None, reset current_start_frame to 0
[36m(ActorGroup(rank=2) pid=97486)[0m videos shape torch.Size([1, 3, 4, 160, 320]) 33
[36m(ActorGroup(rank=0) pid=97469)[0m [INFO 15:37:57 ActorGroup-Rank-0][async_ppo_fsdp_worker.py:261] async actor training: micro-batch start 44/64 epoch=1/1 global_batch=3/4 micro=12/16
[36m(ActorGroup(rank=0) pid=97469)[0m [INFO 15:37:57 ActorGroup-Rank-0][async_ppo_fsdp_worker.py:277] async actor training: batch to device done 44/64
[36m(ActorGroup(rank=0) pid=97469)[0m [INFO 15:37:57 ActorGroup-Rank-0][async_ppo_fsdp_worker.py:293] async actor training: before_micro_batch done 44/64 is_last_micro_batch=False
[36m(ActorGroup(rank=0) pid=97469)[0m [INFO 15:37:57 ActorGroup-Rank-0][async_ppo_fsdp_worker.py:341] async actor training: model forward start 44/64
[36m(ActorGroup(rank=0) pid=97469)[0m language is None, reset current_start_frame to 0
[36m(ActorGroup(rank=0) pid=97469)[0m videos shape torch.Size([1, 3, 4, 160, 320]) 33
[36m(ActorGroup(rank=1) pid=97470)[0m language is None, reset current_start_frame to 0
[36m(ActorGroup(rank=1) pid=97470)[0m videos shape torch.Size([1, 3, 4, 160, 320]) 33
[36m(ActorGroup(rank=3) pid=97488)[0m language is None, reset current_start_frame to 0
[36m(ActorGroup(rank=3) pid=97488)[0m videos shape torch.Size([1, 3, 4, 160, 320]) 33
[36m(ActorGroup(rank=2) pid=97486)[0m Time taken: Total 4.64 seconds, Text Encoder 0.17 seconds, Image Encoder 0.14 seconds, VAE 0.00 seconds, KV Cache Creation 1.08 seconds, Diffusion 3.24 seconds, DIT Compute Steps 3 steps, Scheduler 0.01 seconds
[36m(ActorGroup(rank=0) pid=97469)[0m Time taken: Total 4.64 seconds, Text Encoder 0.17 seconds, Image Encoder 0.14 seconds, VAE 0.00 seconds, KV Cache Creation 1.09 seconds, Diffusion 3.24 seconds, DIT Compute Steps 3 steps, Scheduler 0.01 seconds
[36m(ActorGroup(rank=1) pid=97470)[0m Time taken: Total 4.64 seconds, Text Encoder 0.16 seconds, Image Encoder 0.14 seconds, VAE 0.00 seconds, KV Cache Creation 1.09 seconds, Diffusion 3.24 seconds, DIT Compute Steps 3 steps, Scheduler 0.01 seconds
[36m(ActorGroup(rank=3) pid=97488)[0m Time taken: Total 4.64 seconds, Text Encoder 0.17 seconds, Image Encoder 0.14 seconds, VAE 0.00 seconds, KV Cache Creation 1.09 seconds, Diffusion 3.24 seconds, DIT Compute Steps 3 steps, Scheduler 0.01 seconds
[36m(ActorGroup(rank=0) pid=97469)[0m [INFO 15:38:02 ActorGroup-Rank-0][async_ppo_fsdp_worker.py:359] async actor training: model forward done 44/64 elapsed=4.73s
[36m(ActorGroup(rank=0) pid=97469)[0m [INFO 15:38:02 ActorGroup-Rank-0][async_ppo_fsdp_worker.py:386] async actor training: logprobs ready 44/64 shape=(1, 16, 7) dtype=torch.float32
[36m(ActorGroup(rank=0) pid=97469)[0m [INFO 15:38:02 ActorGroup-Rank-0][async_ppo_fsdp_worker.py:419] async actor training: dreamzero tensors aligned 44/64 logprobs=(1, 16, 7) old_logprobs=(1, 16, 7) proximal_logprobs=None versions=(1, 16, 7) loss_action_dim=7
[36m(ActorGroup(rank=0) pid=97469)[0m [INFO 15:38:02 ActorGroup-Rank-0][async_ppo_fsdp_worker.py:457] async actor training: loss kwargs build start 44/64
[36m(ActorGroup(rank=0) pid=97469)[0m [INFO 15:38:02 ActorGroup-Rank-0][async_ppo_fsdp_worker.py:501] async actor training: loss kwargs built 44/64
[36m(ActorGroup(rank=0) pid=97469)[0m [INFO 15:38:02 ActorGroup-Rank-0][async_ppo_fsdp_worker.py:505] async actor training: policy loss start 44/64
[36m(ActorGroup(rank=0) pid=97469)[0m [INFO 15:38:02 ActorGroup-Rank-0][async_ppo_fsdp_worker.py:515] async actor training: policy loss done 44/64
[36m(ActorGroup(rank=0) pid=97469)[0m [INFO 15:38:02 ActorGroup-Rank-0][async_ppo_fsdp_worker.py:542] async actor training: backward start 44/64
[36m(ActorGroup(rank=0) pid=97469)[0m [INFO 15:38:04 ActorGroup-Rank-0][async_ppo_fsdp_worker.py:553] async actor training: backward done 44/64 elapsed=1.97s
[36m(ActorGroup(rank=2) pid=97486)[0m language is None, reset current_start_frame to 0
[36m(ActorGroup(rank=2) pid=97486)[0m videos shape torch.Size([1, 3, 4, 160, 320]) 33
[36m(ActorGroup(rank=0) pid=97469)[0m language is None, reset current_start_frame to 0
[36m(ActorGroup(rank=0) pid=97469)[0m videos shape torch.Size([1, 3, 4, 160, 320]) 33
[36m(ActorGroup(rank=1) pid=97470)[0m language is None, reset current_start_frame to 0
[36m(ActorGroup(rank=1) pid=97470)[0m videos shape torch.Size([1, 3, 4, 160, 320]) 33
[36m(ActorGroup(rank=3) pid=97488)[0m language is None, reset current_start_frame to 0
[36m(ActorGroup(rank=3) pid=97488)[0m videos shape torch.Size([1, 3, 4, 160, 320]) 33
[36m(ActorGroup(rank=2) pid=97486)[0m Time taken: Total 4.65 seconds, Text Encoder 0.16 seconds, Image Encoder 0.14 seconds, VAE 0.00 seconds, KV Cache Creation 1.09 seconds, Diffusion 3.24 seconds, DIT Compute Steps 3 steps, Scheduler 0.01 seconds
[36m(ActorGroup(rank=0) pid=97469)[0m Time taken: Total 4.65 seconds, Text Encoder 0.17 seconds, Image Encoder 0.14 seconds, VAE 0.00 seconds, KV Cache Creation 1.09 seconds, Diffusion 3.24 seconds, DIT Compute Steps 3 steps, Scheduler 0.01 seconds
[36m(ActorGroup(rank=1) pid=97470)[0m Time taken: Total 4.65 seconds, Text Encoder 0.17 seconds, Image Encoder 0.14 seconds, VAE 0.00 seconds, KV Cache Creation 1.09 seconds, Diffusion 3.24 seconds, DIT Compute Steps 3 steps, Scheduler 0.01 seconds
[36m(ActorGroup(rank=3) pid=97488)[0m Time taken: Total 4.65 seconds, Text Encoder 0.17 seconds, Image Encoder 0.14 seconds, VAE 0.00 seconds, KV Cache Creation 1.09 seconds, Diffusion 3.24 seconds, DIT Compute Steps 3 steps, Scheduler 0.01 seconds
[36m(ActorGroup(rank=2) pid=97486)[0m language is None, reset current_start_frame to 0
[36m(ActorGroup(rank=2) pid=97486)[0m videos shape torch.Size([1, 3, 4, 160, 320]) 33
[36m(ActorGroup(rank=0) pid=97469)[0m language is None, reset current_start_frame to 0
[36m(ActorGroup(rank=0) pid=97469)[0m videos shape torch.Size([1, 3, 4, 160, 320]) 33
[36m(ActorGroup(rank=1) pid=97470)[0m language is None, reset current_start_frame to 0
[36m(ActorGroup(rank=1) pid=97470)[0m videos shape torch.Size([1, 3, 4, 160, 320]) 33
[36m(ActorGroup(rank=3) pid=97488)[0m language is None, reset current_start_frame to 0
[36m(ActorGroup(rank=3) pid=97488)[0m videos shape torch.Size([1, 3, 4, 160, 320]) 33
[36m(ActorGroup(rank=2) pid=97486)[0m Time taken: Total 4.68 seconds, Text Encoder 0.16 seconds, Image Encoder 0.14 seconds, VAE 0.00 seconds, KV Cache Creation 1.10 seconds, Diffusion 3.27 seconds, DIT Compute Steps 3 steps, Scheduler 0.01 seconds
[36m(ActorGroup(rank=0) pid=97469)[0m Time taken: Total 4.68 seconds, Text Encoder 0.17 seconds, Image Encoder 0.14 seconds, VAE 0.00 seconds, KV Cache Creation 1.10 seconds, Diffusion 3.27 seconds, DIT Compute Steps 3 steps, Scheduler 0.01 seconds
[36m(ActorGroup(rank=1) pid=97470)[0m Time taken: Total 4.68 seconds, Text Encoder 0.17 seconds, Image Encoder 0.14 seconds, VAE 0.00 seconds, KV Cache Creation 1.10 seconds, Diffusion 3.27 seconds, DIT Compute Steps 3 steps, Scheduler 0.01 seconds
[36m(ActorGroup(rank=3) pid=97488)[0m Time taken: Total 4.68 seconds, Text Encoder 0.17 seconds, Image Encoder 0.14 seconds, VAE 0.00 seconds, KV Cache Creation 1.10 seconds, Diffusion 3.27 seconds, DIT Compute Steps 3 steps, Scheduler 0.01 seconds
[36m(ActorGroup(rank=2) pid=97486)[0m language is None, reset current_start_frame to 0
[36m(ActorGroup(rank=2) pid=97486)[0m videos shape torch.Size([1, 3, 4, 160, 320]) 33
[36m(ActorGroup(rank=0) pid=97469)[0m language is None, reset current_start_frame to 0
[36m(ActorGroup(rank=0) pid=97469)[0m videos shape torch.Size([1, 3, 4, 160, 320]) 33
[36m(ActorGroup(rank=1) pid=97470)[0m language is None, reset current_start_frame to 0
[36m(ActorGroup(rank=1) pid=97470)[0m videos shape torch.Size([1, 3, 4, 160, 320]) 33
[36m(ActorGroup(rank=3) pid=97488)[0m language is None, reset current_start_frame to 0
[36m(ActorGroup(rank=3) pid=97488)[0m videos shape torch.Size([1, 3, 4, 160, 320]) 33
[36m(ActorGroup(rank=2) pid=97486)[0m Time taken: Total 5.09 seconds, Text Encoder 0.17 seconds, Image Encoder 0.14 seconds, VAE 0.00 seconds, KV Cache Creation 1.47 seconds, Diffusion 3.30 seconds, DIT Compute Steps 3 steps, Scheduler 0.01 seconds
[36m(ActorGroup(rank=0) pid=97469)[0m Time taken: Total 5.09 seconds, Text Encoder 0.17 seconds, Image Encoder 0.14 seconds, VAE 0.00 seconds, KV Cache Creation 1.47 seconds, Diffusion 3.30 seconds, DIT Compute Steps 3 steps, Scheduler 0.01 seconds
[36m(ActorGroup(rank=1) pid=97470)[0m Time taken: Total 5.08 seconds, Text Encoder 0.17 seconds, Image Encoder 0.14 seconds, VAE 0.00 seconds, KV Cache Creation 1.47 seconds, Diffusion 3.30 seconds, DIT Compute Steps 3 steps, Scheduler 0.01 seconds
[36m(ActorGroup(rank=3) pid=97488)[0m Time taken: Total 5.09 seconds, Text Encoder 0.17 seconds, Image Encoder 0.14 seconds, VAE 0.00 seconds, KV Cache Creation 1.47 seconds, Diffusion 3.30 seconds, DIT Compute Steps 3 steps, Scheduler 0.01 seconds
[36m(ActorGroup(rank=0) pid=97469)[0m [INFO 15:38:25 ActorGroup-Rank-0][async_ppo_fsdp_worker.py:261] async actor training: micro-batch start 48/64 epoch=1/1 global_batch=3/4 micro=16/16
[36m(ActorGroup(rank=0) pid=97469)[0m [INFO 15:38:25 ActorGroup-Rank-0][async_ppo_fsdp_worker.py:277] async actor training: batch to device done 48/64
[36m(ActorGroup(rank=0) pid=97469)[0m [INFO 15:38:25 ActorGroup-Rank-0][async_ppo_fsdp_worker.py:293] async actor training: before_micro_batch done 48/64 is_last_micro_batch=True
[36m(ActorGroup(rank=0) pid=97469)[0m [INFO 15:38:25 ActorGroup-Rank-0][async_ppo_fsdp_worker.py:341] async actor training: model forward start 48/64
[36m(ActorGroup(rank=2) pid=97486)[0m language is None, reset current_start_frame to 0
[36m(ActorGroup(rank=2) pid=97486)[0m videos shape torch.Size([1, 3, 4, 160, 320]) 33
[36m(ActorGroup(rank=0) pid=97469)[0m language is None, reset current_start_frame to 0
[36m(ActorGroup(rank=0) pid=97469)[0m videos shape torch.Size([1, 3, 4, 160, 320]) 33
[36m(ActorGroup(rank=1) pid=97470)[0m language is None, reset current_start_frame to 0
[36m(ActorGroup(rank=1) pid=97470)[0m videos shape torch.Size([1, 3, 4, 160, 320]) 33
[36m(ActorGroup(rank=3) pid=97488)[0m language is None, reset current_start_frame to 0
[36m(ActorGroup(rank=3) pid=97488)[0m videos shape torch.Size([1, 3, 4, 160, 320]) 33
[36m(ActorGroup(rank=2) pid=97486)[0m Time taken: Total 4.67 seconds, Text Encoder 0.17 seconds, Image Encoder 0.14 seconds, VAE 0.00 seconds, KV Cache Creation 1.10 seconds, Diffusion 3.26 seconds, DIT Compute Steps 3 steps, Scheduler 0.01 seconds
[36m(ActorGroup(rank=0) pid=97469)[0m Time taken: Total 4.68 seconds, Text Encoder 0.17 seconds, Image Encoder 0.14 seconds, VAE 0.00 seconds, KV Cache Creation 1.10 seconds, Diffusion 3.26 seconds, DIT Compute Steps 3 steps, Scheduler 0.01 seconds
[36m(ActorGroup(rank=1) pid=97470)[0m Time taken: Total 4.67 seconds, Text Encoder 0.17 seconds, Image Encoder 0.14 seconds, VAE 0.00 seconds, KV Cache Creation 1.10 seconds, Diffusion 3.26 seconds, DIT Compute Steps 3 steps, Scheduler 0.01 seconds
[36m(ActorGroup(rank=3) pid=97488)[0m Time taken: Total 4.67 seconds, Text Encoder 0.17 seconds, Image Encoder 0.14 seconds, VAE 0.00 seconds, KV Cache Creation 1.10 seconds, Diffusion 3.26 seconds, DIT Compute Steps 3 steps, Scheduler 0.01 seconds
[36m(ActorGroup(rank=0) pid=97469)[0m [INFO 15:38:30 ActorGroup-Rank-0][async_ppo_fsdp_worker.py:359] async actor training: model forward done 48/64 elapsed=4.77s
[36m(ActorGroup(rank=0) pid=97469)[0m [INFO 15:38:30 ActorGroup-Rank-0][async_ppo_fsdp_worker.py:386] async actor training: logprobs ready 48/64 shape=(1, 16, 7) dtype=torch.float32
[36m(ActorGroup(rank=0) pid=97469)[0m [INFO 15:38:30 ActorGroup-Rank-0][async_ppo_fsdp_worker.py:419] async actor training: dreamzero tensors aligned 48/64 logprobs=(1, 16, 7) old_logprobs=(1, 16, 7) proximal_logprobs=None versions=(1, 16, 7) loss_action_dim=7
[36m(ActorGroup(rank=0) pid=97469)[0m [INFO 15:38:30 ActorGroup-Rank-0][async_ppo_fsdp_worker.py:457] async actor training: loss kwargs build start 48/64
[36m(ActorGroup(rank=0) pid=97469)[0m [INFO 15:38:30 ActorGroup-Rank-0][async_ppo_fsdp_worker.py:501] async actor training: loss kwargs built 48/64
[36m(ActorGroup(rank=0) pid=97469)[0m [INFO 15:38:30 ActorGroup-Rank-0][async_ppo_fsdp_worker.py:505] async actor training: policy loss start 48/64
[36m(ActorGroup(rank=0) pid=97469)[0m [INFO 15:38:30 ActorGroup-Rank-0][async_ppo_fsdp_worker.py:515] async actor training: policy loss done 48/64
[36m(ActorGroup(rank=0) pid=97469)[0m [INFO 15:38:30 ActorGroup-Rank-0][async_ppo_fsdp_worker.py:542] async actor training: backward start 48/64
[36m(ActorGroup(rank=0) pid=97469)[0m [INFO 15:38:32 ActorGroup-Rank-0][async_ppo_fsdp_worker.py:553] async actor training: backward done 48/64 elapsed=2.09s
[36m(ActorGroup(rank=0) pid=97469)[0m [INFO 15:38:33 ActorGroup-Rank-0][async_ppo_fsdp_worker.py:581] async actor training: empty_cache done global_batch=3/4 elapsed=0.72s
[36m(ActorGroup(rank=0) pid=97469)[0m [INFO 15:38:33 ActorGroup-Rank-0][async_ppo_fsdp_worker.py:587] async actor training: global batch done 3/4 epoch=1/1 elapsed=115.40s
[36m(ActorGroup(rank=0) pid=97469)[0m [INFO 15:38:33 ActorGroup-Rank-0][async_ppo_fsdp_worker.py:598] async actor training: optimizer step start global_batch=3/4
[36m(ActorGroup(rank=0) pid=97469)[0m [INFO 15:38:33 ActorGroup-Rank-0][async_ppo_fsdp_worker.py:607] async actor training: optimizer step done global_batch=3/4 grad_norm=35.7609 elapsed=0.12s
[36m(ActorGroup(rank=2) pid=97486)[0m language is None, reset current_start_frame to 0
[36m(ActorGroup(rank=2) pid=97486)[0m videos shape torch.Size([1, 3, 4, 160, 320]) 33
[36m(ActorGroup(rank=0) pid=97469)[0m language is None, reset current_start_frame to 0
[36m(ActorGroup(rank=0) pid=97469)[0m videos shape torch.Size([1, 3, 4, 160, 320]) 33
[36m(ActorGroup(rank=1) pid=97470)[0m language is None, reset current_start_frame to 0
[36m(ActorGroup(rank=1) pid=97470)[0m videos shape torch.Size([1, 3, 4, 160, 320]) 33
[36m(ActorGroup(rank=3) pid=97488)[0m language is None, reset current_start_frame to 0
[36m(ActorGroup(rank=3) pid=97488)[0m videos shape torch.Size([1, 3, 4, 160, 320]) 33
[36m(ActorGroup(rank=2) pid=97486)[0m Time taken: Total 5.10 seconds, Text Encoder 0.21 seconds, Image Encoder 0.14 seconds, VAE 0.00 seconds, KV Cache Creation 1.19 seconds, Diffusion 3.55 seconds, DIT Compute Steps 3 steps, Scheduler 0.01 seconds
[36m(ActorGroup(rank=0) pid=97469)[0m Time taken: Total 5.10 seconds, Text Encoder 0.21 seconds, Image Encoder 0.14 seconds, VAE 0.00 seconds, KV Cache Creation 1.19 seconds, Diffusion 3.55 seconds, DIT Compute Steps 3 steps, Scheduler 0.01 seconds
[36m(ActorGroup(rank=1) pid=97470)[0m Time taken: Total 5.10 seconds, Text Encoder 0.21 seconds, Image Encoder 0.14 seconds, VAE 0.00 seconds, KV Cache Creation 1.19 seconds, Diffusion 3.55 seconds, DIT Compute Steps 3 steps, Scheduler 0.01 seconds
[36m(ActorGroup(rank=3) pid=97488)[0m Time taken: Total 5.10 seconds, Text Encoder 0.21 seconds, Image Encoder 0.14 seconds, VAE 0.00 seconds, KV Cache Creation 1.19 seconds, Diffusion 3.55 seconds, DIT Compute Steps 3 steps, Scheduler 0.01 seconds
[36m(ActorGroup(rank=2) pid=97486)[0m language is None, reset current_start_frame to 0
[36m(ActorGroup(rank=2) pid=97486)[0m videos shape torch.Size([1, 3, 4, 160, 320]) 33
[36m(ActorGroup(rank=0) pid=97469)[0m language is None, reset current_start_frame to 0
[36m(ActorGroup(rank=0) pid=97469)[0m videos shape torch.Size([1, 3, 4, 160, 320]) 33
[36m(ActorGroup(rank=1) pid=97470)[0m language is None, reset current_start_frame to 0
[36m(ActorGroup(rank=1) pid=97470)[0m videos shape torch.Size([1, 3, 4, 160, 320]) 33
[36m(ActorGroup(rank=3) pid=97488)[0m language is None, reset current_start_frame to 0
[36m(ActorGroup(rank=3) pid=97488)[0m videos shape torch.Size([1, 3, 4, 160, 320]) 33
[36m(ActorGroup(rank=2) pid=97486)[0m Time taken: Total 4.62 seconds, Text Encoder 0.17 seconds, Image Encoder 0.14 seconds, VAE 0.00 seconds, KV Cache Creation 1.09 seconds, Diffusion 3.22 seconds, DIT Compute Steps 3 steps, Scheduler 0.01 seconds
[36m(ActorGroup(rank=0) pid=97469)[0m Time taken: Total 4.63 seconds, Text Encoder 0.17 seconds, Image Encoder 0.14 seconds, VAE 0.00 seconds, KV Cache Creation 1.09 seconds, Diffusion 3.22 seconds, DIT Compute Steps 3 steps, Scheduler 0.01 seconds
[36m(ActorGroup(rank=1) pid=97470)[0m Time taken: Total 4.63 seconds, Text Encoder 0.17 seconds, Image Encoder 0.14 seconds, VAE 0.00 seconds, KV Cache Creation 1.09 seconds, Diffusion 3.22 seconds, DIT Compute Steps 3 steps, Scheduler 0.01 seconds
[36m(ActorGroup(rank=3) pid=97488)[0m Time taken: Total 4.62 seconds, Text Encoder 0.16 seconds, Image Encoder 0.14 seconds, VAE 0.00 seconds, KV Cache Creation 1.09 seconds, Diffusion 3.22 seconds, DIT Compute Steps 3 steps, Scheduler 0.01 seconds
[36m(ActorGroup(rank=2) pid=97486)[0m language is None, reset current_start_frame to 0
[36m(ActorGroup(rank=2) pid=97486)[0m videos shape torch.Size([1, 3, 4, 160, 320]) 33
[36m(ActorGroup(rank=0) pid=97469)[0m language is None, reset current_start_frame to 0
[36m(ActorGroup(rank=0) pid=97469)[0m videos shape torch.Size([1, 3, 4, 160, 320]) 33
[36m(ActorGroup(rank=1) pid=97470)[0m language is None, reset current_start_frame to 0
[36m(ActorGroup(rank=1) pid=97470)[0m videos shape torch.Size([1, 3, 4, 160, 320]) 33
[36m(ActorGroup(rank=3) pid=97488)[0m language is None, reset current_start_frame to 0
[36m(ActorGroup(rank=3) pid=97488)[0m videos shape torch.Size([1, 3, 4, 160, 320]) 33
[36m(ActorGroup(rank=2) pid=97486)[0m Time taken: Total 5.59 seconds, Text Encoder 0.18 seconds, Image Encoder 0.15 seconds, VAE 0.00 seconds, KV Cache Creation 1.64 seconds, Diffusion 3.60 seconds, DIT Compute Steps 3 steps, Scheduler 0.01 seconds
[36m(ActorGroup(rank=0) pid=97469)[0m Time taken: Total 5.58 seconds, Text Encoder 0.17 seconds, Image Encoder 0.14 seconds, VAE 0.00 seconds, KV Cache Creation 1.65 seconds, Diffusion 3.60 seconds, DIT Compute Steps 3 steps, Scheduler 0.01 seconds
[36m(ActorGroup(rank=1) pid=97470)[0m Time taken: Total 5.59 seconds, Text Encoder 0.18 seconds, Image Encoder 0.15 seconds, VAE 0.00 seconds, KV Cache Creation 1.64 seconds, Diffusion 3.60 seconds, DIT Compute Steps 3 steps, Scheduler 0.01 seconds
[36m(ActorGroup(rank=3) pid=97488)[0m Time taken: Total 5.59 seconds, Text Encoder 0.18 seconds, Image Encoder 0.16 seconds, VAE 0.00 seconds, KV Cache Creation 1.64 seconds, Diffusion 3.60 seconds, DIT Compute Steps 3 steps, Scheduler 0.01 seconds
[36m(ActorGroup(rank=0) pid=97469)[0m [INFO 15:38:56 ActorGroup-Rank-0][async_ppo_fsdp_worker.py:261] async actor training: micro-batch start 52/64 epoch=1/1 global_batch=4/4 micro=4/16
[36m(ActorGroup(rank=0) pid=97469)[0m [INFO 15:38:56 ActorGroup-Rank-0][async_ppo_fsdp_worker.py:277] async actor training: batch to device done 52/64
[36m(ActorGroup(rank=0) pid=97469)[0m [INFO 15:38:56 ActorGroup-Rank-0][async_ppo_fsdp_worker.py:293] async actor training: before_micro_batch done 52/64 is_last_micro_batch=False
[36m(ActorGroup(rank=0) pid=97469)[0m [INFO 15:38:56 ActorGroup-Rank-0][async_ppo_fsdp_worker.py:341] async actor training: model forward start 52/64
[36m(ActorGroup(rank=2) pid=97486)[0m language is None, reset current_start_frame to 0
[36m(ActorGroup(rank=2) pid=97486)[0m videos shape torch.Size([1, 3, 4, 160, 320]) 33
[36m(ActorGroup(rank=0) pid=97469)[0m language is None, reset current_start_frame to 0
[36m(ActorGroup(rank=0) pid=97469)[0m videos shape torch.Size([1, 3, 4, 160, 320]) 33
[36m(ActorGroup(rank=1) pid=97470)[0m language is None, reset current_start_frame to 0
[36m(ActorGroup(rank=1) pid=97470)[0m videos shape torch.Size([1, 3, 4, 160, 320]) 33
[36m(ActorGroup(rank=3) pid=97488)[0m language is None, reset current_start_frame to 0
[36m(ActorGroup(rank=3) pid=97488)[0m videos shape torch.Size([1, 3, 4, 160, 320]) 33
[36m(ActorGroup(rank=2) pid=97486)[0m Time taken: Total 5.38 seconds, Text Encoder 0.23 seconds, Image Encoder 0.14 seconds, VAE 0.00 seconds, KV Cache Creation 1.14 seconds, Diffusion 3.87 seconds, DIT Compute Steps 3 steps, Scheduler 0.01 seconds
[36m(ActorGroup(rank=0) pid=97469)[0m Time taken: Total 5.38 seconds, Text Encoder 0.23 seconds, Image Encoder 0.13 seconds, VAE 0.00 seconds, KV Cache Creation 1.14 seconds, Diffusion 3.87 seconds, DIT Compute Steps 3 steps, Scheduler 0.01 seconds
[36m(ActorGroup(rank=1) pid=97470)[0m Time taken: Total 5.38 seconds, Text Encoder 0.23 seconds, Image Encoder 0.14 seconds, VAE 0.00 seconds, KV Cache Creation 1.14 seconds, Diffusion 3.87 seconds, DIT Compute Steps 3 steps, Scheduler 0.01 seconds
[36m(ActorGroup(rank=3) pid=97488)[0m Time taken: Total 5.38 seconds, Text Encoder 0.23 seconds, Image Encoder 0.14 seconds, VAE 0.00 seconds, KV Cache Creation 1.14 seconds, Diffusion 3.87 seconds, DIT Compute Steps 3 steps, Scheduler 0.01 seconds
[36m(ActorGroup(rank=0) pid=97469)[0m [INFO 15:39:02 ActorGroup-Rank-0][async_ppo_fsdp_worker.py:359] async actor training: model forward done 52/64 elapsed=6.17s
[36m(ActorGroup(rank=0) pid=97469)[0m [INFO 15:39:02 ActorGroup-Rank-0][async_ppo_fsdp_worker.py:386] async actor training: logprobs ready 52/64 shape=(1, 16, 7) dtype=torch.float32
[36m(ActorGroup(rank=0) pid=97469)[0m [INFO 15:39:02 ActorGroup-Rank-0][async_ppo_fsdp_worker.py:419] async actor training: dreamzero tensors aligned 52/64 logprobs=(1, 16, 7) old_logprobs=(1, 16, 7) proximal_logprobs=None versions=(1, 16, 7) loss_action_dim=7
[36m(ActorGroup(rank=0) pid=97469)[0m [INFO 15:39:02 ActorGroup-Rank-0][async_ppo_fsdp_worker.py:457] async actor training: loss kwargs build start 52/64
[36m(ActorGroup(rank=0) pid=97469)[0m [INFO 15:39:02 ActorGroup-Rank-0][async_ppo_fsdp_worker.py:501] async actor training: loss kwargs built 52/64
[36m(ActorGroup(rank=0) pid=97469)[0m [INFO 15:39:02 ActorGroup-Rank-0][async_ppo_fsdp_worker.py:505] async actor training: policy loss start 52/64
[36m(ActorGroup(rank=0) pid=97469)[0m [INFO 15:39:02 ActorGroup-Rank-0][async_ppo_fsdp_worker.py:515] async actor training: policy loss done 52/64
[36m(ActorGroup(rank=0) pid=97469)[0m [INFO 15:39:02 ActorGroup-Rank-0][async_ppo_fsdp_worker.py:542] async actor training: backward start 52/64
[36m(ActorGroup(rank=0) pid=97469)[0m [INFO 15:39:04 ActorGroup-Rank-0][async_ppo_fsdp_worker.py:553] async actor training: backward done 52/64 elapsed=1.98s
[36m(ActorGroup(rank=2) pid=97486)[0m language is None, reset current_start_frame to 0
[36m(ActorGroup(rank=2) pid=97486)[0m videos shape torch.Size([1, 3, 4, 160, 320]) 33
[36m(ActorGroup(rank=0) pid=97469)[0m language is None, reset current_start_frame to 0
[36m(ActorGroup(rank=0) pid=97469)[0m videos shape torch.Size([1, 3, 4, 160, 320]) 33
[36m(ActorGroup(rank=1) pid=97470)[0m language is None, reset current_start_frame to 0
[36m(ActorGroup(rank=1) pid=97470)[0m videos shape torch.Size([1, 3, 4, 160, 320]) 33
[36m(ActorGroup(rank=3) pid=97488)[0m language is None, reset current_start_frame to 0
[36m(ActorGroup(rank=3) pid=97488)[0m videos shape torch.Size([1, 3, 4, 160, 320]) 33
[36m(ActorGroup(rank=2) pid=97486)[0m Time taken: Total 5.19 seconds, Text Encoder 0.18 seconds, Image Encoder 0.14 seconds, VAE 0.00 seconds, KV Cache Creation 1.26 seconds, Diffusion 3.61 seconds, DIT Compute Steps 3 steps, Scheduler 0.01 seconds
[36m(ActorGroup(rank=0) pid=97469)[0m Time taken: Total 5.19 seconds, Text Encoder 0.18 seconds, Image Encoder 0.14 seconds, VAE 0.00 seconds, KV Cache Creation 1.26 seconds, Diffusion 3.61 seconds, DIT Compute Steps 3 steps, Scheduler 0.01 seconds
[36m(ActorGroup(rank=1) pid=97470)[0m Time taken: Total 5.19 seconds, Text Encoder 0.18 seconds, Image Encoder 0.14 seconds, VAE 0.00 seconds, KV Cache Creation 1.26 seconds, Diffusion 3.61 seconds, DIT Compute Steps 3 steps, Scheduler 0.01 seconds
[36m(ActorGroup(rank=3) pid=97488)[0m Time taken: Total 5.19 seconds, Text Encoder 0.18 seconds, Image Encoder 0.14 seconds, VAE 0.00 seconds, KV Cache Creation 1.26 seconds, Diffusion 3.61 seconds, DIT Compute Steps 3 steps, Scheduler 0.01 seconds
[36m(ActorGroup(rank=2) pid=97486)[0m language is None, reset current_start_frame to 0
[36m(ActorGroup(rank=2) pid=97486)[0m videos shape torch.Size([1, 3, 4, 160, 320]) 33
[36m(ActorGroup(rank=0) pid=97469)[0m language is None, reset current_start_frame to 0
[36m(ActorGroup(rank=0) pid=97469)[0m videos shape torch.Size([1, 3, 4, 160, 320]) 33
[36m(ActorGroup(rank=1) pid=97470)[0m language is None, reset current_start_frame to 0
[36m(ActorGroup(rank=1) pid=97470)[0m videos shape torch.Size([1, 3, 4, 160, 320]) 33
[36m(ActorGroup(rank=3) pid=97488)[0m language is None, reset current_start_frame to 0
[36m(ActorGroup(rank=3) pid=97488)[0m videos shape torch.Size([1, 3, 4, 160, 320]) 33
[36m(ActorGroup(rank=2) pid=97486)[0m Time taken: Total 5.29 seconds, Text Encoder 0.19 seconds, Image Encoder 0.14 seconds, VAE 0.00 seconds, KV Cache Creation 1.17 seconds, Diffusion 3.78 seconds, DIT Compute Steps 3 steps, Scheduler 0.01 seconds
[36m(ActorGroup(rank=0) pid=97469)[0m Time taken: Total 5.29 seconds, Text Encoder 0.19 seconds, Image Encoder 0.14 seconds, VAE 0.00 seconds, KV Cache Creation 1.17 seconds, Diffusion 3.78 seconds, DIT Compute Steps 3 steps, Scheduler 0.01 seconds
[36m(ActorGroup(rank=1) pid=97470)[0m Time taken: Total 5.29 seconds, Text Encoder 0.18 seconds, Image Encoder 0.14 seconds, VAE 0.00 seconds, KV Cache Creation 1.17 seconds, Diffusion 3.79 seconds, DIT Compute Steps 3 steps, Scheduler 0.01 seconds
[36m(ActorGroup(rank=3) pid=97488)[0m Time taken: Total 5.29 seconds, Text Encoder 0.19 seconds, Image Encoder 0.14 seconds, VAE 0.00 seconds, KV Cache Creation 1.17 seconds, Diffusion 3.79 seconds, DIT Compute Steps 3 steps, Scheduler 0.01 seconds
[36m(ActorGroup(rank=2) pid=97486)[0m language is None, reset current_start_frame to 0
[36m(ActorGroup(rank=2) pid=97486)[0m videos shape torch.Size([1, 3, 4, 160, 320]) 33
[36m(ActorGroup(rank=0) pid=97469)[0m language is None, reset current_start_frame to 0
[36m(ActorGroup(rank=0) pid=97469)[0m videos shape torch.Size([1, 3, 4, 160, 320]) 33
[36m(ActorGroup(rank=1) pid=97470)[0m language is None, reset current_start_frame to 0
[36m(ActorGroup(rank=1) pid=97470)[0m videos shape torch.Size([1, 3, 4, 160, 320]) 33
[36m(ActorGroup(rank=3) pid=97488)[0m language is None, reset current_start_frame to 0
[36m(ActorGroup(rank=3) pid=97488)[0m videos shape torch.Size([1, 3, 4, 160, 320]) 33
[36m(ActorGroup(rank=2) pid=97486)[0m Time taken: Total 5.55 seconds, Text Encoder 0.18 seconds, Image Encoder 0.14 seconds, VAE 0.00 seconds, KV Cache Creation 1.28 seconds, Diffusion 3.94 seconds, DIT Compute Steps 3 steps, Scheduler 0.01 seconds
[36m(ActorGroup(rank=0) pid=97469)[0m Time taken: Total 5.55 seconds, Text Encoder 0.18 seconds, Image Encoder 0.14 seconds, VAE 0.00 seconds, KV Cache Creation 1.28 seconds, Diffusion 3.94 seconds, DIT Compute Steps 3 steps, Scheduler 0.01 seconds
[36m(ActorGroup(rank=1) pid=97470)[0m Time taken: Total 5.55 seconds, Text Encoder 0.18 seconds, Image Encoder 0.14 seconds, VAE 0.00 seconds, KV Cache Creation 1.28 seconds, Diffusion 3.94 seconds, DIT Compute Steps 3 steps, Scheduler 0.01 seconds
[36m(ActorGroup(rank=3) pid=97488)[0m Time taken: Total 5.55 seconds, Text Encoder 0.18 seconds, Image Encoder 0.14 seconds, VAE 0.00 seconds, KV Cache Creation 1.28 seconds, Diffusion 3.94 seconds, DIT Compute Steps 3 steps, Scheduler 0.01 seconds
[36m(ActorGroup(rank=0) pid=97469)[0m [INFO 15:39:29 ActorGroup-Rank-0][async_ppo_fsdp_worker.py:261] async actor training: micro-batch start 56/64 epoch=1/1 global_batch=4/4 micro=8/16
[36m(ActorGroup(rank=0) pid=97469)[0m [INFO 15:39:29 ActorGroup-Rank-0][async_ppo_fsdp_worker.py:277] async actor training: batch to device done 56/64
[36m(ActorGroup(rank=0) pid=97469)[0m [INFO 15:39:29 ActorGroup-Rank-0][async_ppo_fsdp_worker.py:293] async actor training: before_micro_batch done 56/64 is_last_micro_batch=False
[36m(ActorGroup(rank=0) pid=97469)[0m [INFO 15:39:29 ActorGroup-Rank-0][async_ppo_fsdp_worker.py:341] async actor training: model forward start 56/64
[36m(ActorGroup(rank=2) pid=97486)[0m language is None, reset current_start_frame to 0
[36m(ActorGroup(rank=2) pid=97486)[0m videos shape torch.Size([1, 3, 4, 160, 320]) 33
[36m(ActorGroup(rank=0) pid=97469)[0m language is None, reset current_start_frame to 0
[36m(ActorGroup(rank=0) pid=97469)[0m videos shape torch.Size([1, 3, 4, 160, 320]) 33
[36m(ActorGroup(rank=1) pid=97470)[0m language is None, reset current_start_frame to 0
[36m(ActorGroup(rank=1) pid=97470)[0m videos shape torch.Size([1, 3, 4, 160, 320]) 33
[36m(ActorGroup(rank=3) pid=97488)[0m language is None, reset current_start_frame to 0
[36m(ActorGroup(rank=3) pid=97488)[0m videos shape torch.Size([1, 3, 4, 160, 320]) 33
[36m(ActorGroup(rank=2) pid=97486)[0m Time taken: Total 5.28 seconds, Text Encoder 0.23 seconds, Image Encoder 0.14 seconds, VAE 0.00 seconds, KV Cache Creation 1.14 seconds, Diffusion 3.77 seconds, DIT Compute Steps 3 steps, Scheduler 0.01 seconds
[36m(ActorGroup(rank=0) pid=97469)[0m Time taken: Total 5.28 seconds, Text Encoder 0.23 seconds, Image Encoder 0.14 seconds, VAE 0.00 seconds, KV Cache Creation 1.14 seconds, Diffusion 3.77 seconds, DIT Compute Steps 3 steps, Scheduler 0.01 seconds
[36m(ActorGroup(rank=0) pid=97469)[0m [INFO 15:39:35 ActorGroup-Rank-0][async_ppo_fsdp_worker.py:359] async actor training: model forward done 56/64 elapsed=5.37s
[36m(ActorGroup(rank=0) pid=97469)[0m [INFO 15:39:35 ActorGroup-Rank-0][async_ppo_fsdp_worker.py:386] async actor training: logprobs ready 56/64 shape=(1, 16, 7) dtype=torch.float32
[36m(ActorGroup(rank=0) pid=97469)[0m [INFO 15:39:35 ActorGroup-Rank-0][async_ppo_fsdp_worker.py:419] async actor training: dreamzero tensors aligned 56/64 logprobs=(1, 16, 7) old_logprobs=(1, 16, 7) proximal_logprobs=None versions=(1, 16, 7) loss_action_dim=7
[36m(ActorGroup(rank=0) pid=97469)[0m [INFO 15:39:35 ActorGroup-Rank-0][async_ppo_fsdp_worker.py:457] async actor training: loss kwargs build start 56/64
[36m(ActorGroup(rank=1) pid=97470)[0m Time taken: Total 5.28 seconds, Text Encoder 0.23 seconds, Image Encoder 0.15 seconds, VAE 0.00 seconds, KV Cache Creation 1.13 seconds, Diffusion 3.77 seconds, DIT Compute Steps 3 steps, Scheduler 0.01 seconds
[36m(ActorGroup(rank=3) pid=97488)[0m Time taken: Total 5.28 seconds, Text Encoder 0.23 seconds, Image Encoder 0.14 seconds, VAE 0.00 seconds, KV Cache Creation 1.14 seconds, Diffusion 3.77 seconds, DIT Compute Steps 3 steps, Scheduler 0.01 seconds
[36m(ActorGroup(rank=0) pid=97469)[0m [INFO 15:39:35 ActorGroup-Rank-0][async_ppo_fsdp_worker.py:501] async actor training: loss kwargs built 56/64
[36m(ActorGroup(rank=0) pid=97469)[0m [INFO 15:39:35 ActorGroup-Rank-0][async_ppo_fsdp_worker.py:505] async actor training: policy loss start 56/64
[36m(ActorGroup(rank=0) pid=97469)[0m [INFO 15:39:35 ActorGroup-Rank-0][async_ppo_fsdp_worker.py:515] async actor training: policy loss done 56/64
[36m(ActorGroup(rank=0) pid=97469)[0m [INFO 15:39:35 ActorGroup-Rank-0][async_ppo_fsdp_worker.py:542] async actor training: backward start 56/64
[36m(ActorGroup(rank=0) pid=97469)[0m [INFO 15:39:37 ActorGroup-Rank-0][async_ppo_fsdp_worker.py:553] async actor training: backward done 56/64 elapsed=2.00s
[36m(ActorGroup(rank=2) pid=97486)[0m language is None, reset current_start_frame to 0
[36m(ActorGroup(rank=2) pid=97486)[0m videos shape torch.Size([1, 3, 4, 160, 320]) 33
[36m(ActorGroup(rank=0) pid=97469)[0m language is None, reset current_start_frame to 0
[36m(ActorGroup(rank=0) pid=97469)[0m videos shape torch.Size([1, 3, 4, 160, 320]) 33
[36m(ActorGroup(rank=1) pid=97470)[0m language is None, reset current_start_frame to 0
[36m(ActorGroup(rank=1) pid=97470)[0m videos shape torch.Size([1, 3, 4, 160, 320]) 33
[36m(ActorGroup(rank=3) pid=97488)[0m language is None, reset current_start_frame to 0
[36m(ActorGroup(rank=3) pid=97488)[0m videos shape torch.Size([1, 3, 4, 160, 320]) 33
[36m(ActorGroup(rank=2) pid=97486)[0m Time taken: Total 5.17 seconds, Text Encoder 0.28 seconds, Image Encoder 0.14 seconds, VAE 0.00 seconds, KV Cache Creation 1.29 seconds, Diffusion 3.45 seconds, DIT Compute Steps 3 steps, Scheduler 0.01 seconds
[36m(ActorGroup(rank=0) pid=97469)[0m Time taken: Total 5.17 seconds, Text Encoder 0.28 seconds, Image Encoder 0.14 seconds, VAE 0.00 seconds, KV Cache Creation 1.28 seconds, Diffusion 3.45 seconds, DIT Compute Steps 3 steps, Scheduler 0.01 seconds
[36m(ActorGroup(rank=1) pid=97470)[0m Time taken: Total 5.17 seconds, Text Encoder 0.28 seconds, Image Encoder 0.14 seconds, VAE 0.00 seconds, KV Cache Creation 1.28 seconds, Diffusion 3.45 seconds, DIT Compute Steps 3 steps, Scheduler 0.01 seconds
[36m(ActorGroup(rank=3) pid=97488)[0m Time taken: Total 5.17 seconds, Text Encoder 0.28 seconds, Image Encoder 0.14 seconds, VAE 0.00 seconds, KV Cache Creation 1.28 seconds, Diffusion 3.45 seconds, DIT Compute Steps 3 steps, Scheduler 0.01 seconds
[36m(ActorGroup(rank=2) pid=97486)[0m language is None, reset current_start_frame to 0
[36m(ActorGroup(rank=2) pid=97486)[0m videos shape torch.Size([1, 3, 4, 160, 320]) 33
[36m(ActorGroup(rank=0) pid=97469)[0m language is None, reset current_start_frame to 0
[36m(ActorGroup(rank=0) pid=97469)[0m videos shape torch.Size([1, 3, 4, 160, 320]) 33
[36m(ActorGroup(rank=1) pid=97470)[0m language is None, reset current_start_frame to 0
[36m(ActorGroup(rank=1) pid=97470)[0m videos shape torch.Size([1, 3, 4, 160, 320]) 33
[36m(ActorGroup(rank=3) pid=97488)[0m language is None, reset current_start_frame to 0
[36m(ActorGroup(rank=3) pid=97488)[0m videos shape torch.Size([1, 3, 4, 160, 320]) 33
[36m(ActorGroup(rank=2) pid=97486)[0m Time taken: Total 5.12 seconds, Text Encoder 0.17 seconds, Image Encoder 0.14 seconds, VAE 0.00 seconds, KV Cache Creation 1.11 seconds, Diffusion 3.69 seconds, DIT Compute Steps 3 steps, Scheduler 0.01 seconds
[36m(ActorGroup(rank=0) pid=97469)[0m Time taken: Total 5.12 seconds, Text Encoder 0.17 seconds, Image Encoder 0.13 seconds, VAE 0.00 seconds, KV Cache Creation 1.11 seconds, Diffusion 3.70 seconds, DIT Compute Steps 3 steps, Scheduler 0.01 seconds
[36m(ActorGroup(rank=1) pid=97470)[0m Time taken: Total 5.12 seconds, Text Encoder 0.17 seconds, Image Encoder 0.14 seconds, VAE 0.00 seconds, KV Cache Creation 1.11 seconds, Diffusion 3.69 seconds, DIT Compute Steps 3 steps, Scheduler 0.01 seconds
[36m(ActorGroup(rank=3) pid=97488)[0m Time taken: Total 5.12 seconds, Text Encoder 0.17 seconds, Image Encoder 0.14 seconds, VAE 0.00 seconds, KV Cache Creation 1.11 seconds, Diffusion 3.69 seconds, DIT Compute Steps 3 steps, Scheduler 0.01 seconds
[36m(ActorGroup(rank=2) pid=97486)[0m language is None, reset current_start_frame to 0
[36m(ActorGroup(rank=2) pid=97486)[0m videos shape torch.Size([1, 3, 4, 160, 320]) 33
[36m(ActorGroup(rank=0) pid=97469)[0m language is None, reset current_start_frame to 0
[36m(ActorGroup(rank=0) pid=97469)[0m videos shape torch.Size([1, 3, 4, 160, 320]) 33
[36m(ActorGroup(rank=1) pid=97470)[0m language is None, reset current_start_frame to 0
[36m(ActorGroup(rank=1) pid=97470)[0m videos shape torch.Size([1, 3, 4, 160, 320]) 33
[36m(ActorGroup(rank=3) pid=97488)[0m language is None, reset current_start_frame to 0
[36m(ActorGroup(rank=3) pid=97488)[0m videos shape torch.Size([1, 3, 4, 160, 320]) 33
[36m(ActorGroup(rank=2) pid=97486)[0m Time taken: Total 5.56 seconds, Text Encoder 0.33 seconds, Image Encoder 0.14 seconds, VAE 0.00 seconds, KV Cache Creation 1.25 seconds, Diffusion 3.83 seconds, DIT Compute Steps 3 steps, Scheduler 0.01 seconds
[36m(ActorGroup(rank=0) pid=97469)[0m Time taken: Total 5.56 seconds, Text Encoder 0.33 seconds, Image Encoder 0.14 seconds, VAE 0.00 seconds, KV Cache Creation 1.24 seconds, Diffusion 3.83 seconds, DIT Compute Steps 3 steps, Scheduler 0.01 seconds
[36m(ActorGroup(rank=1) pid=97470)[0m Time taken: Total 5.56 seconds, Text Encoder 0.33 seconds, Image Encoder 0.14 seconds, VAE 0.00 seconds, KV Cache Creation 1.24 seconds, Diffusion 3.83 seconds, DIT Compute Steps 3 steps, Scheduler 0.01 seconds
[36m(ActorGroup(rank=3) pid=97488)[0m Time taken: Total 5.56 seconds, Text Encoder 0.33 seconds, Image Encoder 0.14 seconds, VAE 0.00 seconds, KV Cache Creation 1.24 seconds, Diffusion 3.83 seconds, DIT Compute Steps 3 steps, Scheduler 0.01 seconds
[36m(ActorGroup(rank=0) pid=97469)[0m [INFO 15:40:01 ActorGroup-Rank-0][async_ppo_fsdp_worker.py:261] async actor training: micro-batch start 60/64 epoch=1/1 global_batch=4/4 micro=12/16
[36m(ActorGroup(rank=0) pid=97469)[0m [INFO 15:40:01 ActorGroup-Rank-0][async_ppo_fsdp_worker.py:277] async actor training: batch to device done 60/64
[36m(ActorGroup(rank=0) pid=97469)[0m [INFO 15:40:01 ActorGroup-Rank-0][async_ppo_fsdp_worker.py:293] async actor training: before_micro_batch done 60/64 is_last_micro_batch=False
[36m(ActorGroup(rank=0) pid=97469)[0m [INFO 15:40:01 ActorGroup-Rank-0][async_ppo_fsdp_worker.py:341] async actor training: model forward start 60/64
[36m(ActorGroup(rank=2) pid=97486)[0m language is None, reset current_start_frame to 0
[36m(ActorGroup(rank=2) pid=97486)[0m videos shape torch.Size([1, 3, 4, 160, 320]) 33
[36m(ActorGroup(rank=0) pid=97469)[0m language is None, reset current_start_frame to 0
[36m(ActorGroup(rank=0) pid=97469)[0m videos shape torch.Size([1, 3, 4, 160, 320]) 33
[36m(ActorGroup(rank=1) pid=97470)[0m language is None, reset current_start_frame to 0
[36m(ActorGroup(rank=1) pid=97470)[0m videos shape torch.Size([1, 3, 4, 160, 320]) 33
[36m(ActorGroup(rank=3) pid=97488)[0m language is None, reset current_start_frame to 0
[36m(ActorGroup(rank=3) pid=97488)[0m videos shape torch.Size([1, 3, 4, 160, 320]) 33
[36m(ActorGroup(rank=2) pid=97486)[0m Time taken: Total 4.54 seconds, Text Encoder 0.17 seconds, Image Encoder 0.14 seconds, VAE 0.00 seconds, KV Cache Creation 1.05 seconds, Diffusion 3.18 seconds, DIT Compute Steps 3 steps, Scheduler 0.01 seconds
[36m(ActorGroup(rank=0) pid=97469)[0m Time taken: Total 4.55 seconds, Text Encoder 0.17 seconds, Image Encoder 0.14 seconds, VAE 0.00 seconds, KV Cache Creation 1.05 seconds, Diffusion 3.18 seconds, DIT Compute Steps 3 steps, Scheduler 0.01 seconds
[36m(ActorGroup(rank=0) pid=97469)[0m [INFO 15:40:05 ActorGroup-Rank-0][async_ppo_fsdp_worker.py:359] async actor training: model forward done 60/64 elapsed=4.64s
[36m(ActorGroup(rank=0) pid=97469)[0m [INFO 15:40:05 ActorGroup-Rank-0][async_ppo_fsdp_worker.py:386] async actor training: logprobs ready 60/64 shape=(1, 16, 7) dtype=torch.float32
[36m(ActorGroup(rank=0) pid=97469)[0m [INFO 15:40:05 ActorGroup-Rank-0][async_ppo_fsdp_worker.py:419] async actor training: dreamzero tensors aligned 60/64 logprobs=(1, 16, 7) old_logprobs=(1, 16, 7) proximal_logprobs=None versions=(1, 16, 7) loss_action_dim=7
[36m(ActorGroup(rank=0) pid=97469)[0m [INFO 15:40:05 ActorGroup-Rank-0][async_ppo_fsdp_worker.py:457] async actor training: loss kwargs build start 60/64
[36m(ActorGroup(rank=1) pid=97470)[0m Time taken: Total 4.54 seconds, Text Encoder 0.16 seconds, Image Encoder 0.14 seconds, VAE 0.00 seconds, KV Cache Creation 1.05 seconds, Diffusion 3.18 seconds, DIT Compute Steps 3 steps, Scheduler 0.01 seconds
[36m(ActorGroup(rank=3) pid=97488)[0m Time taken: Total 4.54 seconds, Text Encoder 0.17 seconds, Image Encoder 0.14 seconds, VAE 0.00 seconds, KV Cache Creation 1.05 seconds, Diffusion 3.18 seconds, DIT Compute Steps 3 steps, Scheduler 0.01 seconds
[36m(ActorGroup(rank=0) pid=97469)[0m [INFO 15:40:05 ActorGroup-Rank-0][async_ppo_fsdp_worker.py:501] async actor training: loss kwargs built 60/64
[36m(ActorGroup(rank=0) pid=97469)[0m [INFO 15:40:06 ActorGroup-Rank-0][async_ppo_fsdp_worker.py:505] async actor training: policy loss start 60/64
[36m(ActorGroup(rank=0) pid=97469)[0m [INFO 15:40:06 ActorGroup-Rank-0][async_ppo_fsdp_worker.py:515] async actor training: policy loss done 60/64
[36m(ActorGroup(rank=0) pid=97469)[0m [INFO 15:40:06 ActorGroup-Rank-0][async_ppo_fsdp_worker.py:542] async actor training: backward start 60/64
[36m(ActorGroup(rank=0) pid=97469)[0m [INFO 15:40:08 ActorGroup-Rank-0][async_ppo_fsdp_worker.py:553] async actor training: backward done 60/64 elapsed=2.04s
[36m(ActorGroup(rank=2) pid=97486)[0m language is None, reset current_start_frame to 0
[36m(ActorGroup(rank=2) pid=97486)[0m videos shape torch.Size([1, 3, 4, 160, 320]) 33
[36m(ActorGroup(rank=0) pid=97469)[0m language is None, reset current_start_frame to 0
[36m(ActorGroup(rank=0) pid=97469)[0m videos shape torch.Size([1, 3, 4, 160, 320]) 33
[36m(ActorGroup(rank=1) pid=97470)[0m language is None, reset current_start_frame to 0
[36m(ActorGroup(rank=1) pid=97470)[0m videos shape torch.Size([1, 3, 4, 160, 320]) 33
[36m(ActorGroup(rank=3) pid=97488)[0m language is None, reset current_start_frame to 0
[36m(ActorGroup(rank=3) pid=97488)[0m videos shape torch.Size([1, 3, 4, 160, 320]) 33
[36m(ActorGroup(rank=2) pid=97486)[0m Time taken: Total 5.19 seconds, Text Encoder 0.27 seconds, Image Encoder 0.14 seconds, VAE 0.00 seconds, KV Cache Creation 1.11 seconds, Diffusion 3.66 seconds, DIT Compute Steps 3 steps, Scheduler 0.01 seconds
[36m(ActorGroup(rank=0) pid=97469)[0m Time taken: Total 5.19 seconds, Text Encoder 0.27 seconds, Image Encoder 0.14 seconds, VAE 0.00 seconds, KV Cache Creation 1.11 seconds, Diffusion 3.66 seconds, DIT Compute Steps 3 steps, Scheduler 0.01 seconds
[36m(ActorGroup(rank=1) pid=97470)[0m Time taken: Total 5.19 seconds, Text Encoder 0.28 seconds, Image Encoder 0.14 seconds, VAE 0.00 seconds, KV Cache Creation 1.11 seconds, Diffusion 3.66 seconds, DIT Compute Steps 3 steps, Scheduler 0.01 seconds
[36m(ActorGroup(rank=3) pid=97488)[0m Time taken: Total 5.19 seconds, Text Encoder 0.28 seconds, Image Encoder 0.14 seconds, VAE 0.00 seconds, KV Cache Creation 1.10 seconds, Diffusion 3.66 seconds, DIT Compute Steps 3 steps, Scheduler 0.01 seconds
[36m(ActorGroup(rank=2) pid=97486)[0m language is None, reset current_start_frame to 0
[36m(ActorGroup(rank=2) pid=97486)[0m videos shape torch.Size([1, 3, 4, 160, 320]) 33
[36m(ActorGroup(rank=0) pid=97469)[0m language is None, reset current_start_frame to 0
[36m(ActorGroup(rank=0) pid=97469)[0m videos shape torch.Size([1, 3, 4, 160, 320]) 33
[36m(ActorGroup(rank=1) pid=97470)[0m language is None, reset current_start_frame to 0
[36m(ActorGroup(rank=1) pid=97470)[0m videos shape torch.Size([1, 3, 4, 160, 320]) 33
[36m(ActorGroup(rank=3) pid=97488)[0m language is None, reset current_start_frame to 0
[36m(ActorGroup(rank=3) pid=97488)[0m videos shape torch.Size([1, 3, 4, 160, 320]) 33
[36m(ActorGroup(rank=2) pid=97486)[0m Time taken: Total 5.03 seconds, Text Encoder 0.17 seconds, Image Encoder 0.14 seconds, VAE 0.00 seconds, KV Cache Creation 1.09 seconds, Diffusion 3.62 seconds, DIT Compute Steps 3 steps, Scheduler 0.01 seconds
[36m(ActorGroup(rank=0) pid=97469)[0m Time taken: Total 5.03 seconds, Text Encoder 0.17 seconds, Image Encoder 0.14 seconds, VAE 0.00 seconds, KV Cache Creation 1.09 seconds, Diffusion 3.62 seconds, DIT Compute Steps 3 steps, Scheduler 0.01 seconds
[36m(ActorGroup(rank=1) pid=97470)[0m Time taken: Total 5.03 seconds, Text Encoder 0.17 seconds, Image Encoder 0.14 seconds, VAE 0.00 seconds, KV Cache Creation 1.09 seconds, Diffusion 3.62 seconds, DIT Compute Steps 3 steps, Scheduler 0.01 seconds
[36m(ActorGroup(rank=3) pid=97488)[0m Time taken: Total 5.04 seconds, Text Encoder 0.18 seconds, Image Encoder 0.14 seconds, VAE 0.00 seconds, KV Cache Creation 1.10 seconds, Diffusion 3.62 seconds, DIT Compute Steps 3 steps, Scheduler 0.01 seconds
[36m(ActorGroup(rank=2) pid=97486)[0m language is None, reset current_start_frame to 0
[36m(ActorGroup(rank=2) pid=97486)[0m videos shape torch.Size([1, 3, 4, 160, 320]) 33
[36m(ActorGroup(rank=0) pid=97469)[0m language is None, reset current_start_frame to 0
[36m(ActorGroup(rank=0) pid=97469)[0m videos shape torch.Size([1, 3, 4, 160, 320]) 33
[36m(ActorGroup(rank=1) pid=97470)[0m language is None, reset current_start_frame to 0
[36m(ActorGroup(rank=1) pid=97470)[0m videos shape torch.Size([1, 3, 4, 160, 320]) 33
[36m(ActorGroup(rank=3) pid=97488)[0m language is None, reset current_start_frame to 0
[36m(ActorGroup(rank=3) pid=97488)[0m videos shape torch.Size([1, 3, 4, 160, 320]) 33
[36m(ActorGroup(rank=2) pid=97486)[0m Time taken: Total 4.85 seconds, Text Encoder 0.17 seconds, Image Encoder 0.14 seconds, VAE 0.00 seconds, KV Cache Creation 1.05 seconds, Diffusion 3.48 seconds, DIT Compute Steps 3 steps, Scheduler 0.01 seconds
[36m(ActorGroup(rank=0) pid=97469)[0m Time taken: Total 4.85 seconds, Text Encoder 0.16 seconds, Image Encoder 0.14 seconds, VAE 0.00 seconds, KV Cache Creation 1.05 seconds, Diffusion 3.48 seconds, DIT Compute Steps 3 steps, Scheduler 0.01 seconds
[36m(ActorGroup(rank=1) pid=97470)[0m Time taken: Total 4.85 seconds, Text Encoder 0.16 seconds, Image Encoder 0.14 seconds, VAE 0.00 seconds, KV Cache Creation 1.05 seconds, Diffusion 3.49 seconds, DIT Compute Steps 3 steps, Scheduler 0.01 seconds
[36m(ActorGroup(rank=3) pid=97488)[0m Time taken: Total 4.85 seconds, Text Encoder 0.17 seconds, Image Encoder 0.14 seconds, VAE 0.00 seconds, KV Cache Creation 1.05 seconds, Diffusion 3.49 seconds, DIT Compute Steps 3 steps, Scheduler 0.01 seconds
[36m(ActorGroup(rank=0) pid=97469)[0m [INFO 15:40:30 ActorGroup-Rank-0][async_ppo_fsdp_worker.py:261] async actor training: micro-batch start 64/64 epoch=1/1 global_batch=4/4 micro=16/16
[36m(ActorGroup(rank=0) pid=97469)[0m [INFO 15:40:30 ActorGroup-Rank-0][async_ppo_fsdp_worker.py:277] async actor training: batch to device done 64/64
[36m(ActorGroup(rank=0) pid=97469)[0m [INFO 15:40:30 ActorGroup-Rank-0][async_ppo_fsdp_worker.py:293] async actor training: before_micro_batch done 64/64 is_last_micro_batch=True
[36m(ActorGroup(rank=0) pid=97469)[0m [INFO 15:40:30 ActorGroup-Rank-0][async_ppo_fsdp_worker.py:341] async actor training: model forward start 64/64
[36m(ActorGroup(rank=2) pid=97486)[0m language is None, reset current_start_frame to 0
[36m(ActorGroup(rank=2) pid=97486)[0m videos shape torch.Size([1, 3, 4, 160, 320]) 33
[36m(ActorGroup(rank=0) pid=97469)[0m language is None, reset current_start_frame to 0
[36m(ActorGroup(rank=0) pid=97469)[0m videos shape torch.Size([1, 3, 4, 160, 320]) 33
[36m(ActorGroup(rank=1) pid=97470)[0m language is None, reset current_start_frame to 0
[36m(ActorGroup(rank=1) pid=97470)[0m videos shape torch.Size([1, 3, 4, 160, 320]) 33
[36m(ActorGroup(rank=3) pid=97488)[0m language is None, reset current_start_frame to 0
[36m(ActorGroup(rank=3) pid=97488)[0m videos shape torch.Size([1, 3, 4, 160, 320]) 33
[36m(ActorGroup(rank=2) pid=97486)[0m Time taken: Total 5.21 seconds, Text Encoder 0.32 seconds, Image Encoder 0.14 seconds, VAE 0.00 seconds, KV Cache Creation 1.26 seconds, Diffusion 3.48 seconds, DIT Compute Steps 3 steps, Scheduler 0.01 seconds
[36m(ActorGroup(rank=0) pid=97469)[0m Time taken: Total 5.21 seconds, Text Encoder 0.32 seconds, Image Encoder 0.14 seconds, VAE 0.00 seconds, KV Cache Creation 1.26 seconds, Diffusion 3.48 seconds, DIT Compute Steps 3 steps, Scheduler 0.01 seconds
[36m(ActorGroup(rank=1) pid=97470)[0m Time taken: Total 5.21 seconds, Text Encoder 0.32 seconds, Image Encoder 0.14 seconds, VAE 0.00 seconds, KV Cache Creation 1.26 seconds, Diffusion 3.48 seconds, DIT Compute Steps 3 steps, Scheduler 0.01 seconds
[36m(ActorGroup(rank=3) pid=97488)[0m Time taken: Total 5.22 seconds, Text Encoder 0.32 seconds, Image Encoder 0.14 seconds, VAE 0.00 seconds, KV Cache Creation 1.26 seconds, Diffusion 3.48 seconds, DIT Compute Steps 3 steps, Scheduler 0.01 seconds
[36m(ActorGroup(rank=0) pid=97469)[0m [INFO 15:40:36 ActorGroup-Rank-0][async_ppo_fsdp_worker.py:359] async actor training: model forward done 64/64 elapsed=5.70s
[36m(ActorGroup(rank=0) pid=97469)[0m [INFO 15:40:36 ActorGroup-Rank-0][async_ppo_fsdp_worker.py:386] async actor training: logprobs ready 64/64 shape=(1, 16, 7) dtype=torch.float32
[36m(ActorGroup(rank=0) pid=97469)[0m [INFO 15:40:36 ActorGroup-Rank-0][async_ppo_fsdp_worker.py:419] async actor training: dreamzero tensors aligned 64/64 logprobs=(1, 16, 7) old_logprobs=(1, 16, 7) proximal_logprobs=None versions=(1, 16, 7) loss_action_dim=7
[36m(ActorGroup(rank=0) pid=97469)[0m [INFO 15:40:36 ActorGroup-Rank-0][async_ppo_fsdp_worker.py:457] async actor training: loss kwargs build start 64/64
[36m(ActorGroup(rank=0) pid=97469)[0m [INFO 15:40:36 ActorGroup-Rank-0][async_ppo_fsdp_worker.py:501] async actor training: loss kwargs built 64/64
[36m(ActorGroup(rank=0) pid=97469)[0m [INFO 15:40:36 ActorGroup-Rank-0][async_ppo_fsdp_worker.py:505] async actor training: policy loss start 64/64
[36m(ActorGroup(rank=0) pid=97469)[0m [INFO 15:40:36 ActorGroup-Rank-0][async_ppo_fsdp_worker.py:515] async actor training: policy loss done 64/64
[36m(ActorGroup(rank=0) pid=97469)[0m [INFO 15:40:36 ActorGroup-Rank-0][async_ppo_fsdp_worker.py:542] async actor training: backward start 64/64
[36m(ActorGroup(rank=0) pid=97469)[0m [INFO 15:40:39 ActorGroup-Rank-0][async_ppo_fsdp_worker.py:553] async actor training: backward done 64/64 elapsed=2.62s
[36m(ActorGroup(rank=0) pid=97469)[0m [INFO 15:40:39 ActorGroup-Rank-0][async_ppo_fsdp_worker.py:581] async actor training: empty_cache done global_batch=4/4 elapsed=0.08s
[36m(ActorGroup(rank=0) pid=97469)[0m [INFO 15:40:39 ActorGroup-Rank-0][async_ppo_fsdp_worker.py:587] async actor training: global batch done 4/4 epoch=1/1 elapsed=126.06s
[36m(ActorGroup(rank=0) pid=97469)[0m [INFO 15:40:39 ActorGroup-Rank-0][async_ppo_fsdp_worker.py:598] async actor training: optimizer step start global_batch=4/4
[36m(ActorGroup(rank=0) pid=97469)[0m [INFO 15:40:39 ActorGroup-Rank-0][async_ppo_fsdp_worker.py:607] async actor training: optimizer step done global_batch=4/4 grad_norm=49.8896 elapsed=0.45s

╭──────────────────────────────────────────────────────────────────────────────────────────────────────────────────────╮
├──────────────────────────────────────────────────── Metric Table ────────────────────────────────────────────────────┤
│ Global Step:    2/2 │ Progress: ████████████████████████████████████████ │ 100.0%                                    │
│ Elapsed: 25:06 │ ETA: 00:00 │ Step Time: 753.367s                                                                    │
├──────────────────────────────────────────────────────── Time ────────────────────────────────────────────────────────┤
│                                                                                                                      │
│actor_training=497.5                   │cal_adv_and_returns=0.0072             │recv_rollout_trajectories=1.329       │
│step=498.9                             │                                       │                                      │
│                                                                                                                      │
├────────────────────────────────────────────────────── Rollout ───────────────────────────────────────────────────────┤
│                                                                                                                      │
│advantages_max=1.470                   │advantages_mean=-0.205                 │advantages_min=-5.653                 │
│returns_max=1.000                      │returns_mean=0.505                     │returns_min=-1.000                    │
│rewards=0.0054                         │                                       │                                      │
│                                                                                                                      │
├─────────────────────────────────────────────────── Training/Actor ───────────────────────────────────────────────────┤
│                                                                                                                      │
│actor/average_version=0.0000           │actor/behav_approx_kl=58.303           │actor/behav_clip_fraction=0.0000      │
│actor/clip_fraction=0.219              │actor/clipped_proximal_ratio=0.787     │actor/current_version=2.000           │
│actor/dual_clip_fraction=0.0039        │actor/entropy_loss=0.0000              │actor/grad_norm=57.244                │
│actor/lr=1.00e-05                      │actor/policy_loss=-0.0040              │actor/proximal_approx_kl=58.303       │
│actor/proximal_ratio=0.513             │actor/total_loss=0.016                 │                                      │
│                                                                                                                      │
├────────────────────────────────────────────────── Training/Critic ───────────────────────────────────────────────────┤
│                                                                                                                      │
│critic/explained_variance=0.0000       │critic/lr=1.00e-04                     │critic/value_clip_ratio=0.0000        │
│critic/value_loss=0.252                │                                       │                                      │
│                                                                                                                      │
╰──────────────────────────────────────────────────────────────────────────────────────────────────────────────────────╯

[36m(ActorGroup(rank=0) pid=97469)[0m [INFO 15:40:40 ActorGroup-Rank-0][async_ppo_fsdp_worker.py:626] async actor training: reducing metrics
[36m(ActorGroup(rank=0) pid=97469)[0m [INFO 15:40:40 ActorGroup-Rank-0][async_ppo_fsdp_worker.py:631] async actor training: done
