[DreamZero-LIBERO] run_mode: hybrid
[DreamZero-LIBERO] log_dir: /data1/gaobowen/tianze/logs/4gpu/20260713-143430-hybrid-dreamzero_libero_hybrid_ppo
[DreamZero-LIBERO] repo: /data1/gaobowen/RLinf_dreamzero
[DreamZero-LIBERO] python_env: /data1/gaobowen/RLinf_dreamzero/.venv-libero-dreamzero
[DreamZero-LIBERO] config: dreamzero_libero_hybrid_ppo
[DreamZero-LIBERO] train_loss_type: 
[DreamZero-LIBERO] action_noise_method: flow_sde
[DreamZero-LIBERO] action_denoise_steps: 10
[DreamZero-LIBERO] staleness_threshold: config-default
[DreamZero-LIBERO] clip_log_ratio: config-default/config-default
[DreamZero-LIBERO] entrypoint: examples/embodiment/train_embodied_agent.py
[DreamZero-LIBERO] visible_gpus: 0,1,2,3
[DreamZero-LIBERO] placement actor/env/rollout: 0-3/0-1/2-3
[DreamZero-LIBERO] resource_pool_gpu_devices: none
[DreamZero-LIBERO] model: /data1/gaobowen/tianze/model/RLinf-DreamZero-WAN2.2-5B-LIBERO-SFT-Step18000
[DreamZero-LIBERO] wan: /data1/gaobowen/tianze/model/Wan2.2-TI2V-5B
[DreamZero-LIBERO] wan21_clip: /data1/gaobowen/tianze/model/Wan2.1-I2V-14B-480P
[DreamZero-LIBERO] runtime_model: /data1/gaobowen/tianze/runtime_models/20260713-143430-hybrid-dreamzero_libero_hybrid_ppo/DreamZero-LIBERO-runtime
[DreamZero-LIBERO] runtime_model_staging: auto
[DreamZero-LIBERO] disable_torch_compile: true
[DreamZero-LIBERO] release_rollout_cache_after_generate: true
[DreamZero-LIBERO] rollout_enable_offload: false
[DreamZero-LIBERO] avoid_global_mps_hang: 1
[DreamZero-LIBERO] cuda_mps_pipe_directory: /data1/gaobowen/tianze/logs/4gpu/20260713-143430-hybrid-dreamzero_libero_hybrid_ppo/tmp/cuda-mps-pipe-isolated
[DreamZero-LIBERO] ray_address: local
[DreamZero-LIBERO] ray head ports: 127.0.0.1:28159 node=40191 object=41764 workers=42000-42199
[DreamZero-LIBERO] start_mps: 0
[DreamZero-LIBERO] start_mps_resolved: no
[DreamZero-LIBERO] command: python examples/embodiment/train_embodied_agent.py --config-path /data1/gaobowen/RLinf_dreamzero/examples/embodiment/config --config-name dreamzero_libero_hybrid_ppo runner.logger.log_path=/data1/gaobowen/tianze/logs/4gpu/20260713-143430-hybrid-dreamzero_libero_hybrid_ppo actor.model.model_path=/data1/gaobowen/tianze/runtime_models/20260713-143430-hybrid-dreamzero_libero_hybrid_ppo/DreamZero-LIBERO-runtime rollout.model.model_path=/data1/gaobowen/tianze/runtime_models/20260713-143430-hybrid-dreamzero_libero_hybrid_ppo/DreamZero-LIBERO-runtime actor.model.metadata_json_path=/data1/gaobowen/tianze/runtime_models/20260713-143430-hybrid-dreamzero_libero_hybrid_ppo/DreamZero-LIBERO-runtime/experiment_cfg/metadata.json actor.model.tokenizer_path=/data1/gaobowen/tianze/model/Wan2.2-TI2V-5B/google/umt5-xxl actor.model.diffusion_model_pretrained_path=/data1/gaobowen/tianze/model/Wan2.2-TI2V-5B actor.model.image_encoder_pretrained_path=/data1/gaobowen/tianze/model/Wan2.1-I2V-14B-480P/models_clip_open-clip-xlm-roberta-large-vit-huge-14.pth actor.model.text_encoder_pretrained_path=/data1/gaobowen/tianze/model/Wan2.2-TI2V-5B/models_t5_umt5-xxl-enc-bf16.pth actor.model.vae_pretrained_path=/data1/gaobowen/tianze/model/Wan2.2-TI2V-5B/Wan2.2_VAE.pth actor.model.embodiment_tag=libero_sim ~cluster.component_placement +cluster.component_placement.actor=0-3 +cluster.component_placement.env=0-1 +cluster.component_placement.rollout=2-3 runner.max_epochs=2 runner.max_steps=-1 runner.save_interval=-1 actor.global_batch_size=64 actor.micro_batch_size=1 actor.model.gradient_checkpointing=false actor.model.is_lora=true actor.model.action_head_cfg.config.train_architecture=lora actor.model.action_head_cfg.config.defer_lora_injection=true actor.model.action_head_cfg.config.debug_logging=false actor.fsdp_config.gradient_checkpointing=false actor.fsdp_config.use_orig_params=true actor.fsdp_config.sharding_strategy=full_shard env.train.total_num_envs=32 env.eval.total_num_envs=32 env.train.max_episode_steps=128 env.eval.max_episode_steps=128 env.train.max_steps_per_rollout_epoch=128 env.eval.max_steps_per_rollout_epoch=128 env.train.auto_reset=false env.train.ignore_terminations=false env.train.video_cfg.save_video=false env.eval.video_cfg.save_video=false actor.model.add_value_head=true actor.model.noise_method=flow_sde actor.model.num_steps=10 actor.model.safe_get_logprob=false actor.model.joint_logprob=false algorithm.group_size=1 algorithm.rollout_epoch=1 algorithm.eval_rollout_epoch=1 algorithm.update_epoch=1 rollout.recompute_logprobs=false rollout.enable_offload=false
WARNING: All log messages before absl::InitializeLog() is called are written to STDERR
I0000 00:00:1783924472.861338   17300 port.cc:153] oneDNN custom operations are on. You may see slightly different numerical results due to floating-point round-off errors from different computation orders. To turn them off, set the environment variable `TF_ENABLE_ONEDNN_OPTS=0`.
I0000 00:00:1783924472.905752   17300 cpu_feature_guard.cc:227] This TensorFlow binary is optimized to use available CPU instructions in performance-critical operations.
To enable the following instructions: AVX2 AVX512F AVX512_VNNI FMA, in other operations, rebuild TensorFlow with the appropriate compiler flags.
WARNING: All log messages before absl::InitializeLog() is called are written to STDERR
I0000 00:00:1783924474.089485   17300 port.cc:153] oneDNN custom operations are on. You may see slightly different numerical results due to floating-point round-off errors from different computation orders. To turn them off, set the environment variable `TF_ENABLE_ONEDNN_OPTS=0`.
INFO:matplotlib.font_manager:generated new fontManager
/data1/gaobowen/RLinf_dreamzero/.venv-libero-dreamzero/lib/python3.11/site-packages/transformers/utils/hub.py:110: FutureWarning: Using `TRANSFORMERS_CACHE` is deprecated and will be removed in v5 of Transformers. Use `HF_HOME` instead.
  warnings.warn(
/data1/gaobowen/RLinf_dreamzero/.venv-libero-dreamzero/lib/python3.11/site-packages/hydra/_internal/hydra.py:119: UserWarning: Future Hydra versions will no longer change working directory at job runtime by default.
See https://hydra.cc/docs/1.2/upgrades/1.1_to_1.2/changes_to_job_working_dir/ for more information.
  ret = run_job(
2026-07-13 14:34:37,402	INFO worker.py:1672 -- Using address local set in the environment variable RAY_ADDRESS
2026-07-13 14:35:04,685	INFO worker.py:2003 -- Started a local Ray instance. View the dashboard at [1m[32mhttp://127.0.0.1:8265 [39m[22m
[INFO 14:35:07 RLinf] RLinf is running on a cluster with 1 node and 8 accelerators. The nodes' details are: 
node_labels: []
node_rank: 0
ray_id: e8528d41b78ee2da24bfcacabc807af82d560d4d67ca67c9d087a445
node_ip: 10.119.162.78
num_cpus: 112
python_interpreter_path: /data1/gaobowen/RLinf_dreamzero/.venv-libero-dreamzero/bin/python
hardware_resources:
- type: Accelerator
  infos:
  - type: Accelerator
    model: NV_GPU:A800-SXM4-80GB
  - type: Accelerator
    model: NV_GPU:A800-SXM4-80GB
  - type: Accelerator
    model: NV_GPU:A800-SXM4-80GB
  - type: Accelerator
    model: NV_GPU:A800-SXM4-80GB
  - type: Accelerator
    model: NV_GPU:A800-SXM4-80GB
  - type: Accelerator
    model: NV_GPU:A800-SXM4-80GB
  - type: Accelerator
    model: NV_GPU:A800-SXM4-80GB
  - type: Accelerator
    model: NV_GPU:A800-SXM4-80GB

Node groups' details are: 
label: cluster
nodes: '0'
hardware_type: Accelerator
ignore_hardware: false
env_configs: null

label: node
nodes: '0'
hardware_type: null
ignore_hardware: true
env_configs: null

[INFO 14:35:07 FlexiblePlacementStrategy] 
[INFO 14:35:07 FlexiblePlacementStrategy] Using flexible placement with hardware ranks: [[0], [1], [2], [3]], node groups: ['cluster'].
[INFO 14:35:07 FlexiblePlacementStrategy] 
[INFO 14:35:07 FlexiblePlacementStrategy] Using flexible placement with hardware ranks: [[0], [1]], node groups: ['cluster'].
[INFO 14:35:07 FlexiblePlacementStrategy] 
[INFO 14:35:07 FlexiblePlacementStrategy] Using flexible placement with hardware ranks: [[2], [3]], node groups: ['cluster'].
[INFO 14:35:07 FlexiblePlacementStrategy] 
[INFO 14:35:07 FlexiblePlacementStrategy] Using flexible placement with hardware ranks: [[0], [1], [2], [3]], node groups: ['cluster'].
[INFO 14:35:07 FlexiblePlacementStrategy] 
[INFO 14:35:07 FlexiblePlacementStrategy] Using flexible placement with hardware ranks: [[0], [1]], node groups: ['cluster'].
[INFO 14:35:07 FlexiblePlacementStrategy] 
[INFO 14:35:07 FlexiblePlacementStrategy] Using flexible placement with hardware ranks: [[2], [3]], node groups: ['cluster'].
{
  "env": {
    "train": {
      "env_type": "libero",
      "task_suite_name": "libero_spatial",
      "total_num_envs": 32,
      "auto_reset": false,
      "ignore_terminations": false,
      "max_steps_per_rollout_epoch": 128,
      "max_episode_steps": 128,
      "use_rel_reward": true,
      "use_step_penalty": false,
      "reward_coef": 1.0,
      "reset_gripper_open": true,
      "is_eval": false,
      "seed": 0,
      "group_size": 1,
      "use_fixed_reset_state_ids": true,
      "use_ordered_reset_state_ids": false,
      "specific_reset_id": null,
      "video_cfg": {
        "save_video": false,
        "info_on_video": false,
        "video_base_dir": "/data1/gaobowen/tianze/logs/4gpu/20260713-143430-hybrid-dreamzero_libero_hybrid_ppo/video/train"
      },
      "init_params": {
        "camera_heights": 256,
        "camera_widths": 256
      },
      "chunk_step_mode": "sync_time_major",
      "chunk_step_num_shards": 1
    },
    "eval": {
      "env_type": "libero",
      "task_suite_name": "libero_spatial",
      "total_num_envs": 32,
      "auto_reset": true,
      "ignore_terminations": true,
      "max_steps_per_rollout_epoch": 128,
      "max_episode_steps": 128,
      "use_rel_reward": true,
      "use_step_penalty": false,
      "reward_coef": 1.0,
      "reset_gripper_open": true,
      "is_eval": true,
      "seed": 0,
      "group_size": 1,
      "use_fixed_reset_state_ids": true,
      "use_ordered_reset_state_ids": false,
      "specific_reset_id": null,
      "video_cfg": {
        "save_video": false,
        "info_on_video": true,
        "video_base_dir": "/data1/gaobowen/tianze/logs/4gpu/20260713-143430-hybrid-dreamzero_libero_hybrid_ppo/video/eval"
      },
      "init_params": {
        "camera_heights": 256,
        "camera_widths": 256
      }
    },
    "group_name": "EnvGroup"
  },
  "actor": {
    "model": {
      "model_type": "dreamzero",
      "model_path": "/data1/gaobowen/tianze/runtime_models/20260713-143430-hybrid-dreamzero_libero_hybrid_ppo/DreamZero-LIBERO-runtime",
      "tokenizer_path": "/data1/gaobowen/tianze/model/Wan2.2-TI2V-5B/google/umt5-xxl",
      "diffusion_model_pretrained_path": "/data1/gaobowen/tianze/model/Wan2.2-TI2V-5B",
      "image_encoder_pretrained_path": "/data1/gaobowen/tianze/model/Wan2.1-I2V-14B-480P/models_clip_open-clip-xlm-roberta-large-vit-huge-14.pth",
      "text_encoder_pretrained_path": "/data1/gaobowen/tianze/model/Wan2.2-TI2V-5B/models_t5_umt5-xxl-enc-bf16.pth",
      "vae_pretrained_path": "/data1/gaobowen/tianze/model/Wan2.2-TI2V-5B/Wan2.2_VAE.pth",
      "metadata_json_path": "/data1/gaobowen/tianze/runtime_models/20260713-143430-hybrid-dreamzero_libero_hybrid_ppo/DreamZero-LIBERO-runtime/experiment_cfg/metadata.json",
      "action_dim": 32,
      "env_action_dim": 7,
      "state_horizon": 1,
      "action_horizon": 16,
      "num_action_per_block": 16,
      "max_action_dim": 32,
      "max_state_dim": 64,
      "target_video_height": 160,
      "target_video_width": 320,
      "action_head_cfg": {
        "_convert_": "object",
        "_target_": "groot.vla.model.dreamzero.action_head.wan_flow_matching_action_tf.WANPolicyHead",
        "config": {
          "_recursive_": false,
          "_target_": "groot.vla.model.dreamzero.action_head.wan_flow_matching_action_tf.WANPolicyHeadConfig",
          "action_dim": 32,
          "action_horizon": 16,
          "skip_component_loading": true,
          "action_loss_embodiment_ids": [
            26,
            17
          ],
          "add_pos_embed": true,
          "backbone_embedding_dim": 0,
          "backbone_features_projector_cfg": null,
          "decouple_inference_noise": false,
          "decouple_video_action_noise": false,
          "diffusion_model_cfg": {
            "_convert_": "object",
            "_target_": "groot.vla.model.dreamzero.modules.wan_video_dit_action_casual_chunk.CausalWanModel",
            "diffusion_model_pretrained_path": "/data1/gaobowen/tianze/model/Wan2.2-TI2V-5B",
            "dim": 3072,
            "eps": 1e-06,
            "ffn_dim": 14336,
            "frame_seqlen": 50,
            "freq_dim": 256,
            "in_dim": 48,
            "max_chunk_size": 4,
            "model_type": "ti2v",
            "num_action_per_block": 16,
            "num_frame_per_block": 2,
            "num_heads": 24,
            "num_layers": 30,
            "num_state_per_block": 1,
            "out_dim": 48,
            "concat_first_frame_latent": false
          },
          "expand_batch": null,
          "freeze_decode_layer": false,
          "hidden_size": 64,
          "high_noise_beta_alpha": 3.0,
          "image_encoder_cfg": {
            "_convert_": "object",
            "_target_": "groot.vla.model.dreamzero.modules.wan_video_image_encoder.WanImageEncoder",
            "image_encoder_pretrained_path": "/data1/gaobowen/tianze/model/Wan2.1-I2V-14B-480P/models_clip_open-clip-xlm-roberta-large-vit-huge-14.pth"
          },
          "init_lora_weights": "kaiming",
          "input_embedding_dim": 1536,
          "load_pretrained_det_decode_layer_path": null,
          "lora_alpha": 4,
          "lora_rank": 4,
          "lora_target_modules": "q,k,v,o,ffn.0,ffn.2",
          "max_action_dim": 32,
          "max_state_dim": 64,
          "model_dtype": "float32",
          "noise_beta_alpha": 1.5,
          "noise_beta_beta": 1.0,
          "noise_s": 0.999,
          "num_frame_per_block": 2,
          "num_frames": 33,
          "num_inference_timesteps": 4,
          "num_timestep_buckets": 1000,
          "repa_coeff": 1.0,
          "repa_layer": 8,
          "text_encoder_cfg": {
            "_convert_": "object",
            "_target_": "groot.vla.model.dreamzero.modules.wan_video_text_encoder.WanTextEncoder",
            "text_encoder_pretrained_path": "/data1/gaobowen/tianze/model/Wan2.2-TI2V-5B/models_t5_umt5-xxl-enc-bf16.pth"
          },
          "target_video_height": 160,
          "target_video_width": 320,
          "tile_size_height": 34,
          "tile_size_width": 34,
          "tile_stride_height": 18,
          "tile_stride_width": 16,
          "tiled": false,
          "train_architecture": "lora",
          "tune_diffusion_model": true,
          "tune_projector": true,
          "use_gradient_checkpointing": true,
          "use_high_noise_emphasis": false,
          "use_vlln": true,
          "vae_cfg": {
            "_convert_": "object",
            "_target_": "groot.vla.model.dreamzero.modules.wan_video_vae.WanVideoVAE38",
            "vae_pretrained_path": "/data1/gaobowen/tianze/model/Wan2.2-TI2V-5B/Wan2.2_VAE.pth",
            "z_dim": 48,
            "dim": 160
          },
          "video_inference_final_noise": 0.8,
          "video_noise_beta_alpha": 3.0,
          "video_noise_beta_beta": 1.0,
          "vl_self_attention_cfg": {
            "_target_": "groot.vla.model.n1_5.modules.cross_attention_dit.SelfAttentionTransformer",
            "attention_head_dim": 64,
            "dropout": 0.2,
            "final_dropout": true,
            "num_attention_heads": 24,
            "num_layers": 4,
            "positional_embeddings": null
          },
          "defer_lora_injection": true,
          "debug_logging": false
        }
      },
      "architectures": [
        "VLA"
      ],
      "backbone_cfg": {
        "_target_": "groot.vla.model.dreamzero.backbone.identity.IdentityBackbone"
      },
      "num_action_chunks": 16,
      "embodiment_tag": "libero_sim",
      "precision": "bf16",
      "add_value_head": true,
      "add_q_head": false,
      "is_lora": true,
      "noise_method": "flow_sde",
      "noise_level": 0.5,
      "safe_get_logprob": false,
      "joint_logprob": false,
      "num_steps": 10,
      "ppo_deterministic_eval": true,
      "gradient_checkpointing": false
    },
    "fsdp_config": {
      "strategy": "fsdp",
      "sharding_strategy": "full_shard",
      "gradient_checkpointing": false,
      "cpu_offload": false,
      "offload_pin_memory": false,
      "reshard_after_forward": true,
      "enable_gradient_accumulation": true,
      "forward_prefetch": false,
      "limit_all_gathers": false,
      "backward_prefetch": null,
      "use_orig_params": true,
      "use_liger_kernel": false,
      "mixed_precision": {
        "param_dtype": "bf16",
        "reduce_dtype": "bf16",
        "buffer_dtype": "bf16"
      },
      "amp_autocast": {
        "enabled": false,
        "precision": "bf16"
      },
      "grad_scaler": {
        "enabled": false,
        "init_scale": null,
        "growth_interval": null
      }
    },
    "group_name": "ActorGroup",
    "training_backend": "fsdp",
    "micro_batch_size": 1,
    "global_batch_size": 64,
    "seed": 42,
    "enable_offload": false,
    "optim": {
      "lr": 1e-05,
      "value_lr": 0.0001,
      "adam_beta1": 0.9,
      "adam_beta2": 0.95,
      "adam_eps": 1e-08,
      "weight_decay": 0.01,
      "clip_grad": 1.0,
      "critic_warmup_steps": 0
    }
  },
  "weight_syncer": {
    "type": "patch",
    "patch": {
      "snapshot_device": "cpu",
      "delta_encoding": true,
      "compression": "none",
      "init_sync": {
        "enabled": true,
        "prefixes": null,
        "bucket_size": 134217728
      }
    }
  },
  "cluster": {
    "num_nodes": 1,
    "component_placement": {
      "actor": "0-3",
      "env": "0-1",
      "rollout": "2-3"
    }
  },
  "runner": {
    "task_type": "embodied",
    "logger": {
      "log_path": "/data1/gaobowen/tianze/logs/4gpu/20260713-143430-hybrid-dreamzero_libero_hybrid_ppo",
      "project_name": "rlinf",
      "experiment_name": "dreamzero_libero_hybrid_ppo",
      "logger_backends": [
        "tensorboard"
      ]
    },
    "max_epochs": 2,
    "max_steps": -1,
    "only_eval": false,
    "val_check_interval": -1,
    "save_interval": -1,
    "resume_dir": null,
    "ckpt_path": null,
    "per_worker_log": false,
    "per_worker_log_path": null,
    "nsight_output_path": null,
    "weight_sync_interval": 1,
    "overlap_env_bootstrap": false
  },
  "algorithm": {
    "normalize_advantages": true,
    "kl_penalty": "kl",
    "group_size": 1,
    "reward_coef": 1.0,
    "rollout_epoch": 1,
    "eval_rollout_epoch": 1,
    "update_epoch": 1,
    "reward_type": "chunk_level",
    "logprob_type": "chunk_level",
    "entropy_type": "chunk_level",
    "adv_type": "gae",
    "loss_type": "actor_critic",
    "loss_agg_func": "token-mean",
    "kl_beta": 0.0,
    "entropy_bonus": 0.0,
    "clip_ratio_high": 0.2,
    "clip_ratio_low": 0.2,
    "clip_ratio_c": 3.0,
    "value_clip": 0.2,
    "huber_delta": 10.0,
    "gamma": 0.99,
    "gae_lambda": 0.95,
    "filter_rewards": false,
    "sampling_params": {
      "do_sample": true,
      "temperature_train": 1.0,
      "temperature_eval": 0.6,
      "top_k": 50,
      "top_p": 1.0,
      "repetition_penalty": 1.0,
      "add_BOS": false
    },
    "length_params": {
      "max_new_token": null,
      "max_length": 1024,
      "min_length": 1
    }
  },
  "rollout": {
    "group_name": "RolloutGroup",
    "generation_backend": "huggingface",
    "recompute_logprobs": false,
    "enable_offload": false,
    "pipeline_stage_num": 1,
    "model": {
      "model_path": "/data1/gaobowen/tianze/runtime_models/20260713-143430-hybrid-dreamzero_libero_hybrid_ppo/DreamZero-LIBERO-runtime",
      "precision": "bf16"
    }
  },
  "reward": {
    "use_reward_model": false
  },
  "critic": {
    "use_critic_model": false
  }
}[INFO 14:35:07 FlexiblePlacementStrategy] 
[INFO 14:35:07 FlexiblePlacementStrategy] Using flexible placement with hardware ranks: [[0], [1], [2], [3]], node groups: ['cluster'].
[INFO 14:35:07 FlexiblePlacementStrategy] 
[INFO 14:35:07 FlexiblePlacementStrategy] Using flexible placement with hardware ranks: [[0], [1]], node groups: ['cluster'].
[INFO 14:35:07 FlexiblePlacementStrategy] 
[INFO 14:35:07 FlexiblePlacementStrategy] Using flexible placement with hardware ranks: [[2], [3]], node groups: ['cluster'].
[INFO 14:35:07 FlexiblePlacementStrategy] Generated 4 placements: [Placement(rank=0, cluster_node_rank=0, placement_node_rank=0, local_accelerator_rank=0, accelerator_type='NV_GPU', local_rank=0, local_world_size=4, visible_accelerators=['0'], isolate_accelerator=True, local_hardware_ranks=[0], node_group_label='cluster'), Placement(rank=1, cluster_node_rank=0, placement_node_rank=0, local_accelerator_rank=1, accelerator_type='NV_GPU', local_rank=1, local_world_size=4, visible_accelerators=['1'], isolate_accelerator=True, local_hardware_ranks=[1], node_group_label='cluster'), Placement(rank=2, cluster_node_rank=0, placement_node_rank=0, local_accelerator_rank=2, accelerator_type='NV_GPU', local_rank=2, local_world_size=4, visible_accelerators=['2'], isolate_accelerator=True, local_hardware_ranks=[2], node_group_label='cluster'), Placement(rank=3, cluster_node_rank=0, placement_node_rank=0, local_accelerator_rank=3, accelerator_type='NV_GPU', local_rank=3, local_world_size=4, visible_accelerators=['3'], isolate_accelerator=True, local_hardware_ranks=[3], node_group_label='cluster')].
[INFO 14:35:07 FlexiblePlacementStrategy] Generated 2 placements: [Placement(rank=0, cluster_node_rank=0, placement_node_rank=0, local_accelerator_rank=2, accelerator_type='NV_GPU', local_rank=0, local_world_size=2, visible_accelerators=['2'], isolate_accelerator=True, local_hardware_ranks=[2], node_group_label='cluster'), Placement(rank=1, cluster_node_rank=0, placement_node_rank=0, local_accelerator_rank=3, accelerator_type='NV_GPU', local_rank=1, local_world_size=2, visible_accelerators=['3'], isolate_accelerator=True, local_hardware_ranks=[3], node_group_label='cluster')].
[INFO 14:35:08 FlexiblePlacementStrategy] Generated 2 placements: [Placement(rank=0, cluster_node_rank=0, placement_node_rank=0, local_accelerator_rank=0, accelerator_type='NV_GPU', local_rank=0, local_world_size=2, visible_accelerators=['0'], isolate_accelerator=True, local_hardware_ranks=[0], node_group_label='cluster'), Placement(rank=1, cluster_node_rank=0, placement_node_rank=0, local_accelerator_rank=1, accelerator_type='NV_GPU', local_rank=1, local_world_size=2, visible_accelerators=['1'], isolate_accelerator=True, local_hardware_ranks=[1], node_group_label='cluster')].
[INFO 14:35:08 NodePlacementStrategy] 
[INFO 14:35:08 NodePlacementStrategy] Using node placement with node ranks: [0], node groups: ['node'].
[INFO 14:35:08 NodePlacementStrategy] Generated 1 placements: [Placement(rank=0, cluster_node_rank=0, placement_node_rank=0, local_accelerator_rank='0', accelerator_type='NV_GPU', local_rank=0, local_world_size=1, visible_accelerators=['0', '1', '2', '3', '4', '5', '6', '7'], isolate_accelerator=True, local_hardware_ranks=[], node_group_label='cluster')].
[INFO 14:35:08 NodePlacementStrategy] 
[INFO 14:35:08 NodePlacementStrategy] Using node placement with node ranks: [0], node groups: ['node'].
[INFO 14:35:08 NodePlacementStrategy] Generated 1 placements: [Placement(rank=0, cluster_node_rank=0, placement_node_rank=0, local_accelerator_rank='0', accelerator_type='NV_GPU', local_rank=0, local_world_size=1, visible_accelerators=['0', '1', '2', '3', '4', '5', '6', '7'], isolate_accelerator=True, local_hardware_ranks=[], node_group_label='cluster')].
[INFO 14:35:08 NodePlacementStrategy] 
[INFO 14:35:08 NodePlacementStrategy] Using node placement with node ranks: [0], node groups: ['node'].
[INFO 14:35:08 NodePlacementStrategy] Generated 1 placements: [Placement(rank=0, cluster_node_rank=0, placement_node_rank=0, local_accelerator_rank='0', accelerator_type='NV_GPU', local_rank=0, local_world_size=1, visible_accelerators=['0', '1', '2', '3', '4', '5', '6', '7'], isolate_accelerator=True, local_hardware_ranks=[], node_group_label='cluster')].
[36m(pid=25298)[0m WARNING: All log messages before absl::InitializeLog() is called are written to STDERR
[36m(pid=25298)[0m I0000 00:00:1783924511.283551   25298 port.cc:153] oneDNN custom operations are on. You may see slightly different numerical results due to floating-point round-off errors from different computation orders. To turn them off, set the environment variable `TF_ENABLE_ONEDNN_OPTS=0`.
[36m(pid=25290)[0m WARNING: All log messages before absl::InitializeLog() is called are written to STDERR
[36m(pid=25290)[0m I0000 00:00:1783924511.227704   25290 port.cc:153] oneDNN custom operations are on. You may see slightly different numerical results due to floating-point round-off errors from different computation orders. To turn them off, set the environment variable `TF_ENABLE_ONEDNN_OPTS=0`.
[36m(pid=25290)[0m I0000 00:00:1783924511.270566   25290 cpu_feature_guard.cc:227] This TensorFlow binary is optimized to use available CPU instructions in performance-critical operations.
[36m(pid=25290)[0m To enable the following instructions: AVX2 AVX512F AVX512_VNNI FMA, in other operations, rebuild TensorFlow with the appropriate compiler flags.
[36m(pid=25298)[0m I0000 00:00:1783924511.329740   25298 cpu_feature_guard.cc:227] This TensorFlow binary is optimized to use available CPU instructions in performance-critical operations.
[36m(pid=25298)[0m To enable the following instructions: AVX2 AVX512F AVX512_VNNI FMA, in other operations, rebuild TensorFlow with the appropriate compiler flags.
[36m(pid=25267)[0m /data1/gaobowen/RLinf_dreamzero/.venv-libero-dreamzero/lib/python3.11/site-packages/transformers/utils/hub.py:110: FutureWarning: Using `TRANSFORMERS_CACHE` is deprecated and will be removed in v5 of Transformers. Use `HF_HOME` instead.
[36m(pid=25267)[0m   warnings.warn(
[36m(pid=25268)[0m /data1/gaobowen/RLinf_dreamzero/.venv-libero-dreamzero/lib/python3.11/site-packages/transformers/utils/hub.py:110: FutureWarning: Using `TRANSFORMERS_CACHE` is deprecated and will be removed in v5 of Transformers. Use `HF_HOME` instead.
[36m(pid=25268)[0m   warnings.warn(
[36m(pid=25271)[0m /data1/gaobowen/RLinf_dreamzero/.venv-libero-dreamzero/lib/python3.11/site-packages/transformers/utils/hub.py:110: FutureWarning: Using `TRANSFORMERS_CACHE` is deprecated and will be removed in v5 of Transformers. Use `HF_HOME` instead.
[36m(pid=25271)[0m   warnings.warn(
[36m(pid=25269)[0m /data1/gaobowen/RLinf_dreamzero/.venv-libero-dreamzero/lib/python3.11/site-packages/transformers/utils/hub.py:110: FutureWarning: Using `TRANSFORMERS_CACHE` is deprecated and will be removed in v5 of Transformers. Use `HF_HOME` instead.
[36m(pid=25269)[0m   warnings.warn(
[36m(pid=25289)[0m /data1/gaobowen/RLinf_dreamzero/.venv-libero-dreamzero/lib/python3.11/site-packages/transformers/utils/hub.py:110: FutureWarning: Using `TRANSFORMERS_CACHE` is deprecated and will be removed in v5 of Transformers. Use `HF_HOME` instead.
[36m(pid=25289)[0m   warnings.warn(
[36m(pid=25279)[0m /data1/gaobowen/RLinf_dreamzero/.venv-libero-dreamzero/lib/python3.11/site-packages/transformers/utils/hub.py:110: FutureWarning: Using `TRANSFORMERS_CACHE` is deprecated and will be removed in v5 of Transformers. Use `HF_HOME` instead.
[36m(pid=25279)[0m   warnings.warn(
[36m(pid=25290)[0m WARNING: All log messages before absl::InitializeLog() is called are written to STDERR
[36m(pid=25290)[0m I0000 00:00:1783924512.381395   25290 port.cc:153] oneDNN custom operations are on. You may see slightly different numerical results due to floating-point round-off errors from different computation orders. To turn them off, set the environment variable `TF_ENABLE_ONEDNN_OPTS=0`.
[36m(pid=25298)[0m WARNING: All log messages before absl::InitializeLog() is called are written to STDERR
[36m(pid=25298)[0m I0000 00:00:1783924512.563024   25298 port.cc:153] oneDNN custom operations are on. You may see slightly different numerical results due to floating-point round-off errors from different computation orders. To turn them off, set the environment variable `TF_ENABLE_ONEDNN_OPTS=0`.
[36m(EnvWorker pid=25290)[0m [INFO 14:35:13 FlexiblePlacementStrategy] 
[36m(EnvWorker pid=25290)[0m [INFO 14:35:13 FlexiblePlacementStrategy] Using flexible placement with hardware ranks: [[0], [1], [2], [3]], node groups: ['cluster'].
[36m(EnvWorker pid=25290)[0m [INFO 14:35:13 FlexiblePlacementStrategy] 
[36m(EnvWorker pid=25290)[0m [INFO 14:35:13 FlexiblePlacementStrategy] Using flexible placement with hardware ranks: [[0], [1]], node groups: ['cluster'].
[36m(EnvWorker pid=25290)[0m [INFO 14:35:13 FlexiblePlacementStrategy] 
[36m(EnvWorker pid=25290)[0m [INFO 14:35:13 FlexiblePlacementStrategy] Using flexible placement with hardware ranks: [[2], [3]], node groups: ['cluster'].
[36m(EnvWorker pid=25298)[0m [INFO 14:35:13 FlexiblePlacementStrategy] 
[36m(EnvWorker pid=25298)[0m [INFO 14:35:13 FlexiblePlacementStrategy] Using flexible placement with hardware ranks: [[0], [1], [2], [3]], node groups: ['cluster'].
[36m(EnvWorker pid=25298)[0m [INFO 14:35:13 FlexiblePlacementStrategy] 
[36m(EnvWorker pid=25298)[0m [INFO 14:35:13 FlexiblePlacementStrategy] Using flexible placement with hardware ranks: [[0], [1]], node groups: ['cluster'].
[36m(EnvWorker pid=25298)[0m [INFO 14:35:13 FlexiblePlacementStrategy] 
[36m(EnvWorker pid=25298)[0m [INFO 14:35:13 FlexiblePlacementStrategy] Using flexible placement with hardware ranks: [[2], [3]], node groups: ['cluster'].
[36m(EmbodiedFSDPActor pid=25269)[0m [INFO 14:35:13 FlexiblePlacementStrategy] 
[36m(EmbodiedFSDPActor pid=25269)[0m [INFO 14:35:13 FlexiblePlacementStrategy] Using flexible placement with hardware ranks: [[0], [1], [2], [3]], node groups: ['cluster'].
[36m(EmbodiedFSDPActor pid=25269)[0m [INFO 14:35:13 FlexiblePlacementStrategy] 
[36m(EmbodiedFSDPActor pid=25269)[0m [INFO 14:35:13 FlexiblePlacementStrategy] Using flexible placement with hardware ranks: [[0], [1]], node groups: ['cluster'].
[36m(EmbodiedFSDPActor pid=25269)[0m [INFO 14:35:13 FlexiblePlacementStrategy] 
[36m(EmbodiedFSDPActor pid=25269)[0m [INFO 14:35:13 FlexiblePlacementStrategy] Using flexible placement with hardware ranks: [[2], [3]], node groups: ['cluster'].
[36m(EmbodiedFSDPActor pid=25267)[0m [INFO 14:35:13 FlexiblePlacementStrategy] 
[36m(EmbodiedFSDPActor pid=25267)[0m [INFO 14:35:13 FlexiblePlacementStrategy] Using flexible placement with hardware ranks: [[0], [1], [2], [3]], node groups: ['cluster'].
[36m(EmbodiedFSDPActor pid=25267)[0m [INFO 14:35:13 FlexiblePlacementStrategy] 
[36m(EmbodiedFSDPActor pid=25267)[0m [INFO 14:35:13 FlexiblePlacementStrategy] Using flexible placement with hardware ranks: [[0], [1]], node groups: ['cluster'].
[36m(EmbodiedFSDPActor pid=25267)[0m [INFO 14:35:13 FlexiblePlacementStrategy] 
[36m(EmbodiedFSDPActor pid=25267)[0m [INFO 14:35:13 FlexiblePlacementStrategy] Using flexible placement with hardware ranks: [[2], [3]], node groups: ['cluster'].
[36m(EmbodiedFSDPActor pid=25268)[0m [INFO 14:35:13 FlexiblePlacementStrategy] 
[36m(EmbodiedFSDPActor pid=25268)[0m [INFO 14:35:13 FlexiblePlacementStrategy] Using flexible placement with hardware ranks: [[0], [1], [2], [3]], node groups: ['cluster'].
[36m(EmbodiedFSDPActor pid=25268)[0m [INFO 14:35:13 FlexiblePlacementStrategy] 
[36m(EmbodiedFSDPActor pid=25268)[0m [INFO 14:35:13 FlexiblePlacementStrategy] Using flexible placement with hardware ranks: [[0], [1]], node groups: ['cluster'].
[36m(EmbodiedFSDPActor pid=25268)[0m [INFO 14:35:13 FlexiblePlacementStrategy] 
[36m(EmbodiedFSDPActor pid=25268)[0m [INFO 14:35:13 FlexiblePlacementStrategy] Using flexible placement with hardware ranks: [[2], [3]], node groups: ['cluster'].
[36m(EmbodiedFSDPActor pid=25271)[0m [INFO 14:35:13 FlexiblePlacementStrategy] 
[36m(EmbodiedFSDPActor pid=25271)[0m [INFO 14:35:13 FlexiblePlacementStrategy] Using flexible placement with hardware ranks: [[0], [1], [2], [3]], node groups: ['cluster'].
[36m(EmbodiedFSDPActor pid=25271)[0m [INFO 14:35:13 FlexiblePlacementStrategy] 
[36m(EmbodiedFSDPActor pid=25271)[0m [INFO 14:35:13 FlexiblePlacementStrategy] Using flexible placement with hardware ranks: [[0], [1]], node groups: ['cluster'].
[36m(EmbodiedFSDPActor pid=25271)[0m [INFO 14:35:13 FlexiblePlacementStrategy] 
[36m(EmbodiedFSDPActor pid=25271)[0m [INFO 14:35:13 FlexiblePlacementStrategy] Using flexible placement with hardware ranks: [[2], [3]], node groups: ['cluster'].
[36m(MultiStepRolloutWorker pid=25279)[0m [INFO 14:35:14 FlexiblePlacementStrategy] 
[36m(MultiStepRolloutWorker pid=25279)[0m [INFO 14:35:14 FlexiblePlacementStrategy] Using flexible placement with hardware ranks: [[0], [1], [2], [3]], node groups: ['cluster'].
[36m(MultiStepRolloutWorker pid=25279)[0m [INFO 14:35:14 FlexiblePlacementStrategy] 
[36m(MultiStepRolloutWorker pid=25279)[0m [INFO 14:35:14 FlexiblePlacementStrategy] Using flexible placement with hardware ranks: [[0], [1]], node groups: ['cluster'].
[36m(MultiStepRolloutWorker pid=25279)[0m [INFO 14:35:14 FlexiblePlacementStrategy] 
[36m(MultiStepRolloutWorker pid=25279)[0m [INFO 14:35:14 FlexiblePlacementStrategy] Using flexible placement with hardware ranks: [[2], [3]], node groups: ['cluster'].
[36m(MultiStepRolloutWorker pid=25289)[0m [INFO 14:35:14 FlexiblePlacementStrategy] 
[36m(MultiStepRolloutWorker pid=25289)[0m [INFO 14:35:14 FlexiblePlacementStrategy] Using flexible placement with hardware ranks: [[0], [1], [2], [3]], node groups: ['cluster'].
[36m(MultiStepRolloutWorker pid=25289)[0m [INFO 14:35:14 FlexiblePlacementStrategy] 
[36m(MultiStepRolloutWorker pid=25289)[0m [INFO 14:35:14 FlexiblePlacementStrategy] Using flexible placement with hardware ranks: [[0], [1]], node groups: ['cluster'].
[36m(MultiStepRolloutWorker pid=25289)[0m [INFO 14:35:14 FlexiblePlacementStrategy] 
[36m(MultiStepRolloutWorker pid=25289)[0m [INFO 14:35:14 FlexiblePlacementStrategy] Using flexible placement with hardware ranks: [[2], [3]], node groups: ['cluster'].
[36m(EnvGroup(rank=1) pid=25298)[0m Gym has been unmaintained since 2022 and does not support NumPy 2.0 amongst other critical functionality.
[36m(EnvGroup(rank=1) pid=25298)[0m Please upgrade to Gymnasium, the maintained drop-in replacement of Gym, or contact the authors of your software and request that they upgrade.
[36m(EnvGroup(rank=1) pid=25298)[0m Users of this version of Gym should be able to simply replace 'import gym' with 'import gymnasium as gym' in the vast majority of cases.
[36m(EnvGroup(rank=1) pid=25298)[0m See the migration guide at https://gymnasium.farama.org/introduction/migration_guide/ for additional information.
[36m(EnvGroup(rank=1) pid=25298)[0m /data1/gaobowen/RLinf_dreamzero/.venv-libero-dreamzero/lib/python3.11/site-packages/robosuite/macros.py:53: DeprecationWarning: The 'warn' method is deprecated, use 'warning' instead
[36m(EnvGroup(rank=1) pid=25298)[0m   ROBOSUITE_DEFAULT_LOGGER.warn("No private macro file found!")
[36m(EnvGroup(rank=1) pid=25298)[0m [robosuite WARNING] No private macro file found! (macros.py:53)
[36m(EnvGroup(rank=1) pid=25298)[0m WARNING:robosuite_logs:No private macro file found!
[36m(EnvGroup(rank=1) pid=25298)[0m [robosuite WARNING] It is recommended to use a private macro file (macros.py:54)
[36m(EnvGroup(rank=1) pid=25298)[0m WARNING:robosuite_logs:It is recommended to use a private macro file
[36m(EnvGroup(rank=1) pid=25298)[0m [robosuite WARNING] To setup, run: python /data1/gaobowen/RLinf_dreamzero/.venv-libero-dreamzero/lib/python3.11/site-packages/robosuite/scripts/setup_macros.py (macros.py:55)
[36m(EnvGroup(rank=1) pid=25298)[0m WARNING:robosuite_logs:To setup, run: python /data1/gaobowen/RLinf_dreamzero/.venv-libero-dreamzero/lib/python3.11/site-packages/robosuite/scripts/setup_macros.py
[36m(EnvGroup(rank=0) pid=25290)[0m Gym has been unmaintained since 2022 and does not support NumPy 2.0 amongst other critical functionality.
[36m(EnvGroup(rank=0) pid=25290)[0m Please upgrade to Gymnasium, the maintained drop-in replacement of Gym, or contact the authors of your software and request that they upgrade.
[36m(EnvGroup(rank=0) pid=25290)[0m Users of this version of Gym should be able to simply replace 'import gym' with 'import gymnasium as gym' in the vast majority of cases.
[36m(EnvGroup(rank=0) pid=25290)[0m See the migration guide at https://gymnasium.farama.org/introduction/migration_guide/ for additional information.
[36m(EnvGroup(rank=0) pid=25290)[0m /data1/gaobowen/RLinf_dreamzero/.venv-libero-dreamzero/lib/python3.11/site-packages/robosuite/macros.py:53: DeprecationWarning: The 'warn' method is deprecated, use 'warning' instead
[36m(EnvGroup(rank=0) pid=25290)[0m   ROBOSUITE_DEFAULT_LOGGER.warn("No private macro file found!")
[36m(EnvGroup(rank=0) pid=25290)[0m [robosuite WARNING] No private macro file found! (macros.py:53)
[36m(EnvGroup(rank=0) pid=25290)[0m WARNING:robosuite_logs:No private macro file found!
[36m(EnvGroup(rank=0) pid=25290)[0m [robosuite WARNING] It is recommended to use a private macro file (macros.py:54)
[36m(EnvGroup(rank=0) pid=25290)[0m WARNING:robosuite_logs:It is recommended to use a private macro file
[36m(EnvGroup(rank=0) pid=25290)[0m [robosuite WARNING] To setup, run: python /data1/gaobowen/RLinf_dreamzero/.venv-libero-dreamzero/lib/python3.11/site-packages/robosuite/scripts/setup_macros.py (macros.py:55)
[36m(EnvGroup(rank=0) pid=25290)[0m WARNING:robosuite_logs:To setup, run: python /data1/gaobowen/RLinf_dreamzero/.venv-libero-dreamzero/lib/python3.11/site-packages/robosuite/scripts/setup_macros.py
[36m(EnvGroup(rank=1) pid=25298)[0m INFO:OpenGL.acceleratesupport:No OpenGL_accelerate module loaded: No module named 'OpenGL_accelerate'
[36m(EnvGroup(rank=0) pid=25290)[0m INFO:OpenGL.acceleratesupport:No OpenGL_accelerate module loaded: No module named 'OpenGL_accelerate'
[36m(RolloutGroup(rank=0) pid=25279)[0m WARNING: All log messages before absl::InitializeLog() is called are written to STDERR
[36m(RolloutGroup(rank=0) pid=25279)[0m I0000 00:00:1783924514.960243   26749 port.cc:153] oneDNN custom operations are on. You may see slightly different numerical results due to floating-point round-off errors from different computation orders. To turn them off, set the environment variable `TF_ENABLE_ONEDNN_OPTS=0`.
[36m(RolloutGroup(rank=1) pid=25289)[0m WARNING: All log messages before absl::InitializeLog() is called are written to STDERR
[36m(RolloutGroup(rank=1) pid=25289)[0m I0000 00:00:1783924514.960243   26747 port.cc:153] oneDNN custom operations are on. You may see slightly different numerical results due to floating-point round-off errors from different computation orders. To turn them off, set the environment variable `TF_ENABLE_ONEDNN_OPTS=0`.
[36m(RolloutGroup(rank=0) pid=25279)[0m I0000 00:00:1783924515.008627   26749 cpu_feature_guard.cc:227] This TensorFlow binary is optimized to use available CPU instructions in performance-critical operations.
[36m(RolloutGroup(rank=0) pid=25279)[0m To enable the following instructions: AVX2 AVX512F AVX512_VNNI FMA, in other operations, rebuild TensorFlow with the appropriate compiler flags.
[36m(RolloutGroup(rank=1) pid=25289)[0m I0000 00:00:1783924515.008628   26747 cpu_feature_guard.cc:227] This TensorFlow binary is optimized to use available CPU instructions in performance-critical operations.
[36m(RolloutGroup(rank=1) pid=25289)[0m To enable the following instructions: AVX2 AVX512F AVX512_VNNI FMA, in other operations, rebuild TensorFlow with the appropriate compiler flags.
[36m(EnvGroup(rank=1) pid=25298)[0m Gym has been unmaintained since 2022 and does not support NumPy 2.0 amongst other critical functionality.
[36m(EnvGroup(rank=1) pid=25298)[0m Please upgrade to Gymnasium, the maintained drop-in replacement of Gym, or contact the authors of your software and request that they upgrade.
[36m(EnvGroup(rank=1) pid=25298)[0m Users of this version of Gym should be able to simply replace 'import gym' with 'import gymnasium as gym' in the vast majority of cases.
[36m(EnvGroup(rank=1) pid=25298)[0m See the migration guide at https://gymnasium.farama.org/introduction/migration_guide/ for additional information.
[36m(EnvGroup(rank=1) pid=25298)[0m Gym has been unmaintained since 2022 and does not support NumPy 2.0 amongst other critical functionality.
[36m(EnvGroup(rank=1) pid=25298)[0m Please upgrade to Gymnasium, the maintained drop-in replacement of Gym, or contact the authors of your software and request that they upgrade.
[36m(EnvGroup(rank=1) pid=25298)[0m Users of this version of Gym should be able to simply replace 'import gym' with 'import gymnasium as gym' in the vast majority of cases.
[36m(EnvGroup(rank=1) pid=25298)[0m See the migration guide at https://gymnasium.farama.org/introduction/migration_guide/ for additional information.
[36m(EnvGroup(rank=0) pid=25290)[0m Gym has been unmaintained since 2022 and does not support NumPy 2.0 amongst other critical functionality.
[36m(EnvGroup(rank=0) pid=25290)[0m Please upgrade to Gymnasium, the maintained drop-in replacement of Gym, or contact the authors of your software and request that they upgrade.
[36m(EnvGroup(rank=0) pid=25290)[0m Users of this version of Gym should be able to simply replace 'import gym' with 'import gymnasium as gym' in the vast majority of cases.
[36m(EnvGroup(rank=0) pid=25290)[0m See the migration guide at https://gymnasium.farama.org/introduction/migration_guide/ for additional information.
[36m(EnvGroup(rank=0) pid=25290)[0m Gym has been unmaintained since 2022 and does not support NumPy 2.0 amongst other critical functionality.
[36m(EnvGroup(rank=0) pid=25290)[0m Please upgrade to Gymnasium, the maintained drop-in replacement of Gym, or contact the authors of your software and request that they upgrade.
[36m(EnvGroup(rank=0) pid=25290)[0m Users of this version of Gym should be able to simply replace 'import gym' with 'import gymnasium as gym' in the vast majority of cases.
[36m(EnvGroup(rank=0) pid=25290)[0m See the migration guide at https://gymnasium.farama.org/introduction/migration_guide/ for additional information.
[36m(EnvGroup(rank=0) pid=25290)[0m Gym has been unmaintained since 2022 and does not support NumPy 2.0 amongst other critical functionality.
[36m(EnvGroup(rank=0) pid=25290)[0m Please upgrade to Gymnasium, the maintained drop-in replacement of Gym, or contact the authors of your software and request that they upgrade.
[36m(EnvGroup(rank=0) pid=25290)[0m Users of this version of Gym should be able to simply replace 'import gym' with 'import gymnasium as gym' in the vast majority of cases.
[36m(EnvGroup(rank=0) pid=25290)[0m See the migration guide at https://gymnasium.farama.org/introduction/migration_guide/ for additional information.
[36m(EnvGroup(rank=0) pid=25290)[0m Gym has been unmaintained since 2022 and does not support NumPy 2.0 amongst other critical functionality.
[36m(EnvGroup(rank=0) pid=25290)[0m Please upgrade to Gymnasium, the maintained drop-in replacement of Gym, or contact the authors of your software and request that they upgrade.
[36m(EnvGroup(rank=0) pid=25290)[0m Users of this version of Gym should be able to simply replace 'import gym' with 'import gymnasium as gym' in the vast majority of cases.
[36m(EnvGroup(rank=0) pid=25290)[0m See the migration guide at https://gymnasium.farama.org/introduction/migration_guide/ for additional information.
[36m(EnvGroup(rank=0) pid=25290)[0m Gym has been unmaintained since 2022 and does not support NumPy 2.0 amongst other critical functionality.
[36m(EnvGroup(rank=0) pid=25290)[0m Please upgrade to Gymnasium, the maintained drop-in replacement of Gym, or contact the authors of your software and request that they upgrade.
[36m(EnvGroup(rank=0) pid=25290)[0m Users of this version of Gym should be able to simply replace 'import gym' with 'import gymnasium as gym' in the vast majority of cases.
[36m(EnvGroup(rank=0) pid=25290)[0m See the migration guide at https://gymnasium.farama.org/introduction/migration_guide/ for additional information.
[36m(EnvGroup(rank=0) pid=25290)[0m Gym has been unmaintained since 2022 and does not support NumPy 2.0 amongst other critical functionality.
[36m(EnvGroup(rank=0) pid=25290)[0m Please upgrade to Gymnasium, the maintained drop-in replacement of Gym, or contact the authors of your software and request that they upgrade.
[36m(EnvGroup(rank=0) pid=25290)[0m Users of this version of Gym should be able to simply replace 'import gym' with 'import gymnasium as gym' in the vast majority of cases.
[36m(EnvGroup(rank=0) pid=25290)[0m See the migration guide at https://gymnasium.farama.org/introduction/migration_guide/ for additional information.
[36m(RolloutGroup(rank=1) pid=25289)[0m WARNING: All log messages before absl::InitializeLog() is called are written to STDERR
[36m(RolloutGroup(rank=1) pid=25289)[0m I0000 00:00:1783924516.279743   26747 port.cc:153] oneDNN custom operations are on. You may see slightly different numerical results due to floating-point round-off errors from different computation orders. To turn them off, set the environment variable `TF_ENABLE_ONEDNN_OPTS=0`.
[36m(EnvGroup(rank=1) pid=25298)[0m Gym has been unmaintained since 2022 and does not support NumPy 2.0 amongst other critical functionality.
[36m(EnvGroup(rank=1) pid=25298)[0m Please upgrade to Gymnasium, the maintained drop-in replacement of Gym, or contact the authors of your software and request that they upgrade.
[36m(EnvGroup(rank=1) pid=25298)[0m Users of this version of Gym should be able to simply replace 'import gym' with 'import gymnasium as gym' in the vast majority of cases.
[36m(EnvGroup(rank=1) pid=25298)[0m See the migration guide at https://gymnasium.farama.org/introduction/migration_guide/ for additional information.
[36m(EnvGroup(rank=1) pid=25298)[0m Gym has been unmaintained since 2022 and does not support NumPy 2.0 amongst other critical functionality.
[36m(EnvGroup(rank=1) pid=25298)[0m Please upgrade to Gymnasium, the maintained drop-in replacement of Gym, or contact the authors of your software and request that they upgrade.
[36m(EnvGroup(rank=1) pid=25298)[0m Users of this version of Gym should be able to simply replace 'import gym' with 'import gymnasium as gym' in the vast majority of cases.
[36m(EnvGroup(rank=1) pid=25298)[0m See the migration guide at https://gymnasium.farama.org/introduction/migration_guide/ for additional information.
[36m(EnvGroup(rank=0) pid=25290)[0m Gym has been unmaintained since 2022 and does not support NumPy 2.0 amongst other critical functionality.
[36m(EnvGroup(rank=0) pid=25290)[0m Please upgrade to Gymnasium, the maintained drop-in replacement of Gym, or contact the authors of your software and request that they upgrade.
[36m(EnvGroup(rank=0) pid=25290)[0m Users of this version of Gym should be able to simply replace 'import gym' with 'import gymnasium as gym' in the vast majority of cases.
[36m(EnvGroup(rank=0) pid=25290)[0m See the migration guide at https://gymnasium.farama.org/introduction/migration_guide/ for additional information.
[36m(EnvGroup(rank=0) pid=25290)[0m Gym has been unmaintained since 2022 and does not support NumPy 2.0 amongst other critical functionality.
[36m(EnvGroup(rank=0) pid=25290)[0m Please upgrade to Gymnasium, the maintained drop-in replacement of Gym, or contact the authors of your software and request that they upgrade.
[36m(EnvGroup(rank=0) pid=25290)[0m Users of this version of Gym should be able to simply replace 'import gym' with 'import gymnasium as gym' in the vast majority of cases.
[36m(EnvGroup(rank=0) pid=25290)[0m See the migration guide at https://gymnasium.farama.org/introduction/migration_guide/ for additional information.
[36m(EnvGroup(rank=1) pid=25298)[0m Gym has been unmaintained since 2022 and does not support NumPy 2.0 amongst other critical functionality.
[36m(EnvGroup(rank=1) pid=25298)[0m Please upgrade to Gymnasium, the maintained drop-in replacement of Gym, or contact the authors of your software and request that they upgrade.
[36m(EnvGroup(rank=1) pid=25298)[0m Users of this version of Gym should be able to simply replace 'import gym' with 'import gymnasium as gym' in the vast majority of cases.
[36m(EnvGroup(rank=1) pid=25298)[0m See the migration guide at https://gymnasium.farama.org/introduction/migration_guide/ for additional information.
[36m(EnvGroup(rank=1) pid=25298)[0m Gym has been unmaintained since 2022 and does not support NumPy 2.0 amongst other critical functionality.
[36m(EnvGroup(rank=1) pid=25298)[0m Please upgrade to Gymnasium, the maintained drop-in replacement of Gym, or contact the authors of your software and request that they upgrade.
[36m(EnvGroup(rank=1) pid=25298)[0m Users of this version of Gym should be able to simply replace 'import gym' with 'import gymnasium as gym' in the vast majority of cases.
[36m(EnvGroup(rank=1) pid=25298)[0m See the migration guide at https://gymnasium.farama.org/introduction/migration_guide/ for additional information.
[36m(EnvGroup(rank=1) pid=25298)[0m Gym has been unmaintained since 2022 and does not support NumPy 2.0 amongst other critical functionality.
[36m(EnvGroup(rank=1) pid=25298)[0m Please upgrade to Gymnasium, the maintained drop-in replacement of Gym, or contact the authors of your software and request that they upgrade.
[36m(EnvGroup(rank=1) pid=25298)[0m Users of this version of Gym should be able to simply replace 'import gym' with 'import gymnasium as gym' in the vast majority of cases.
[36m(EnvGroup(rank=1) pid=25298)[0m See the migration guide at https://gymnasium.farama.org/introduction/migration_guide/ for additional information.
[36m(EnvGroup(rank=1) pid=25298)[0m Gym has been unmaintained since 2022 and does not support NumPy 2.0 amongst other critical functionality.
[36m(EnvGroup(rank=1) pid=25298)[0m Please upgrade to Gymnasium, the maintained drop-in replacement of Gym, or contact the authors of your software and request that they upgrade.
[36m(EnvGroup(rank=1) pid=25298)[0m Users of this version of Gym should be able to simply replace 'import gym' with 'import gymnasium as gym' in the vast majority of cases.
[36m(EnvGroup(rank=1) pid=25298)[0m See the migration guide at https://gymnasium.farama.org/introduction/migration_guide/ for additional information.
[36m(EnvGroup(rank=0) pid=25290)[0m Gym has been unmaintained since 2022 and does not support NumPy 2.0 amongst other critical functionality.
[36m(EnvGroup(rank=0) pid=25290)[0m Please upgrade to Gymnasium, the maintained drop-in replacement of Gym, or contact the authors of your software and request that they upgrade.
[36m(EnvGroup(rank=0) pid=25290)[0m Users of this version of Gym should be able to simply replace 'import gym' with 'import gymnasium as gym' in the vast majority of cases.
[36m(EnvGroup(rank=0) pid=25290)[0m See the migration guide at https://gymnasium.farama.org/introduction/migration_guide/ for additional information.
[36m(EnvGroup(rank=0) pid=25290)[0m Gym has been unmaintained since 2022 and does not support NumPy 2.0 amongst other critical functionality.
[36m(EnvGroup(rank=0) pid=25290)[0m Please upgrade to Gymnasium, the maintained drop-in replacement of Gym, or contact the authors of your software and request that they upgrade.
[36m(EnvGroup(rank=0) pid=25290)[0m Users of this version of Gym should be able to simply replace 'import gym' with 'import gymnasium as gym' in the vast majority of cases.
[36m(EnvGroup(rank=0) pid=25290)[0m See the migration guide at https://gymnasium.farama.org/introduction/migration_guide/ for additional information.
[36m(EnvGroup(rank=0) pid=25290)[0m Gym has been unmaintained since 2022 and does not support NumPy 2.0 amongst other critical functionality.
[36m(EnvGroup(rank=0) pid=25290)[0m Please upgrade to Gymnasium, the maintained drop-in replacement of Gym, or contact the authors of your software and request that they upgrade.
[36m(EnvGroup(rank=0) pid=25290)[0m Users of this version of Gym should be able to simply replace 'import gym' with 'import gymnasium as gym' in the vast majority of cases.
[36m(EnvGroup(rank=0) pid=25290)[0m See the migration guide at https://gymnasium.farama.org/introduction/migration_guide/ for additional information.
[36m(EnvGroup(rank=0) pid=25290)[0m Gym has been unmaintained since 2022 and does not support NumPy 2.0 amongst other critical functionality.
[36m(EnvGroup(rank=0) pid=25290)[0m Please upgrade to Gymnasium, the maintained drop-in replacement of Gym, or contact the authors of your software and request that they upgrade.
[36m(EnvGroup(rank=0) pid=25290)[0m Users of this version of Gym should be able to simply replace 'import gym' with 'import gymnasium as gym' in the vast majority of cases.
[36m(EnvGroup(rank=0) pid=25290)[0m See the migration guide at https://gymnasium.farama.org/introduction/migration_guide/ for additional information.
[36m(EnvGroup(rank=0) pid=25290)[0m Gym has been unmaintained since 2022 and does not support NumPy 2.0 amongst other critical functionality.
[36m(EnvGroup(rank=0) pid=25290)[0m Please upgrade to Gymnasium, the maintained drop-in replacement of Gym, or contact the authors of your software and request that they upgrade.
[36m(EnvGroup(rank=0) pid=25290)[0m Users of this version of Gym should be able to simply replace 'import gym' with 'import gymnasium as gym' in the vast majority of cases.
[36m(EnvGroup(rank=0) pid=25290)[0m See the migration guide at https://gymnasium.farama.org/introduction/migration_guide/ for additional information.
[36m(RolloutGroup(rank=0) pid=25279)[0m WARNING: All log messages before absl::InitializeLog() is called are written to STDERR
[36m(RolloutGroup(rank=0) pid=25279)[0m I0000 00:00:1783924516.529969   26749 port.cc:153] oneDNN custom operations are on. You may see slightly different numerical results due to floating-point round-off errors from different computation orders. To turn them off, set the environment variable `TF_ENABLE_ONEDNN_OPTS=0`.
[36m(EnvGroup(rank=1) pid=25298)[0m Gym has been unmaintained since 2022 and does not support NumPy 2.0 amongst other critical functionality.
[36m(EnvGroup(rank=1) pid=25298)[0m Please upgrade to Gymnasium, the maintained drop-in replacement of Gym, or contact the authors of your software and request that they upgrade.
[36m(EnvGroup(rank=1) pid=25298)[0m Users of this version of Gym should be able to simply replace 'import gym' with 'import gymnasium as gym' in the vast majority of cases.
[36m(EnvGroup(rank=1) pid=25298)[0m See the migration guide at https://gymnasium.farama.org/introduction/migration_guide/ for additional information.
[36m(EnvGroup(rank=1) pid=25298)[0m Gym has been unmaintained since 2022 and does not support NumPy 2.0 amongst other critical functionality.
[36m(EnvGroup(rank=1) pid=25298)[0m Please upgrade to Gymnasium, the maintained drop-in replacement of Gym, or contact the authors of your software and request that they upgrade.
[36m(EnvGroup(rank=1) pid=25298)[0m Users of this version of Gym should be able to simply replace 'import gym' with 'import gymnasium as gym' in the vast majority of cases.
[36m(EnvGroup(rank=1) pid=25298)[0m See the migration guide at https://gymnasium.farama.org/introduction/migration_guide/ for additional information.
[36m(EnvGroup(rank=1) pid=25298)[0m Gym has been unmaintained since 2022 and does not support NumPy 2.0 amongst other critical functionality.
[36m(EnvGroup(rank=1) pid=25298)[0m Please upgrade to Gymnasium, the maintained drop-in replacement of Gym, or contact the authors of your software and request that they upgrade.
[36m(EnvGroup(rank=1) pid=25298)[0m Users of this version of Gym should be able to simply replace 'import gym' with 'import gymnasium as gym' in the vast majority of cases.
[36m(EnvGroup(rank=1) pid=25298)[0m See the migration guide at https://gymnasium.farama.org/introduction/migration_guide/ for additional information.
[36m(EnvGroup(rank=0) pid=25290)[0m Gym has been unmaintained since 2022 and does not support NumPy 2.0 amongst other critical functionality.
[36m(EnvGroup(rank=0) pid=25290)[0m Please upgrade to Gymnasium, the maintained drop-in replacement of Gym, or contact the authors of your software and request that they upgrade.
[36m(EnvGroup(rank=0) pid=25290)[0m Users of this version of Gym should be able to simply replace 'import gym' with 'import gymnasium as gym' in the vast majority of cases.
[36m(EnvGroup(rank=0) pid=25290)[0m See the migration guide at https://gymnasium.farama.org/introduction/migration_guide/ for additional information.
[36m(EnvGroup(rank=0) pid=25290)[0m Gym has been unmaintained since 2022 and does not support NumPy 2.0 amongst other critical functionality.
[36m(EnvGroup(rank=0) pid=25290)[0m Please upgrade to Gymnasium, the maintained drop-in replacement of Gym, or contact the authors of your software and request that they upgrade.
[36m(EnvGroup(rank=0) pid=25290)[0m Users of this version of Gym should be able to simply replace 'import gym' with 'import gymnasium as gym' in the vast majority of cases.
[36m(EnvGroup(rank=0) pid=25290)[0m See the migration guide at https://gymnasium.farama.org/introduction/migration_guide/ for additional information.
[36m(EnvGroup(rank=1) pid=25298)[0m Gym has been unmaintained since 2022 and does not support NumPy 2.0 amongst other critical functionality.
[36m(EnvGroup(rank=1) pid=25298)[0m Please upgrade to Gymnasium, the maintained drop-in replacement of Gym, or contact the authors of your software and request that they upgrade.
[36m(EnvGroup(rank=1) pid=25298)[0m Users of this version of Gym should be able to simply replace 'import gym' with 'import gymnasium as gym' in the vast majority of cases.
[36m(EnvGroup(rank=1) pid=25298)[0m See the migration guide at https://gymnasium.farama.org/introduction/migration_guide/ for additional information.
[36m(EnvGroup(rank=0) pid=25290)[0m Gym has been unmaintained since 2022 and does not support NumPy 2.0 amongst other critical functionality.
[36m(EnvGroup(rank=0) pid=25290)[0m Please upgrade to Gymnasium, the maintained drop-in replacement of Gym, or contact the authors of your software and request that they upgrade.
[36m(EnvGroup(rank=0) pid=25290)[0m Users of this version of Gym should be able to simply replace 'import gym' with 'import gymnasium as gym' in the vast majority of cases.
[36m(EnvGroup(rank=0) pid=25290)[0m See the migration guide at https://gymnasium.farama.org/introduction/migration_guide/ for additional information.
[36m(EnvGroup(rank=1) pid=25298)[0m Gym has been unmaintained since 2022 and does not support NumPy 2.0 amongst other critical functionality.
[36m(EnvGroup(rank=1) pid=25298)[0m Please upgrade to Gymnasium, the maintained drop-in replacement of Gym, or contact the authors of your software and request that they upgrade.
[36m(EnvGroup(rank=1) pid=25298)[0m Users of this version of Gym should be able to simply replace 'import gym' with 'import gymnasium as gym' in the vast majority of cases.
[36m(EnvGroup(rank=1) pid=25298)[0m See the migration guide at https://gymnasium.farama.org/introduction/migration_guide/ for additional information.
[36m(EnvGroup(rank=1) pid=25298)[0m Gym has been unmaintained since 2022 and does not support NumPy 2.0 amongst other critical functionality.
[36m(EnvGroup(rank=1) pid=25298)[0m Please upgrade to Gymnasium, the maintained drop-in replacement of Gym, or contact the authors of your software and request that they upgrade.
[36m(EnvGroup(rank=1) pid=25298)[0m Users of this version of Gym should be able to simply replace 'import gym' with 'import gymnasium as gym' in the vast majority of cases.
[36m(EnvGroup(rank=1) pid=25298)[0m See the migration guide at https://gymnasium.farama.org/introduction/migration_guide/ for additional information.
[36m(EnvGroup(rank=1) pid=25298)[0m Gym has been unmaintained since 2022 and does not support NumPy 2.0 amongst other critical functionality.
[36m(EnvGroup(rank=1) pid=25298)[0m Please upgrade to Gymnasium, the maintained drop-in replacement of Gym, or contact the authors of your software and request that they upgrade.
[36m(EnvGroup(rank=1) pid=25298)[0m Users of this version of Gym should be able to simply replace 'import gym' with 'import gymnasium as gym' in the vast majority of cases.
[36m(EnvGroup(rank=1) pid=25298)[0m See the migration guide at https://gymnasium.farama.org/introduction/migration_guide/ for additional information.
[36m(EnvGroup(rank=1) pid=25298)[0m Gym has been unmaintained since 2022 and does not support NumPy 2.0 amongst other critical functionality.
[36m(EnvGroup(rank=1) pid=25298)[0m Please upgrade to Gymnasium, the maintained drop-in replacement of Gym, or contact the authors of your software and request that they upgrade.
[36m(EnvGroup(rank=1) pid=25298)[0m Users of this version of Gym should be able to simply replace 'import gym' with 'import gymnasium as gym' in the vast majority of cases.
[36m(EnvGroup(rank=1) pid=25298)[0m See the migration guide at https://gymnasium.farama.org/introduction/migration_guide/ for additional information.
[36m(EnvGroup(rank=0) pid=25290)[0m /data1/gaobowen/RLinf_dreamzero/.venv-libero-dreamzero/lib/python3.11/site-packages/robosuite/macros.py:53: DeprecationWarning: The 'warn' method is deprecated, use 'warning' instead
[36m(EnvGroup(rank=0) pid=25290)[0m   ROBOSUITE_DEFAULT_LOGGER.warn("No private macro file found!")
[36m(EnvGroup(rank=0) pid=25290)[0m [robosuite WARNING] No private macro file found! (macros.py:53)
[36m(EnvGroup(rank=0) pid=25290)[0m WARNING:robosuite_logs:No private macro file found!
[36m(EnvGroup(rank=0) pid=25290)[0m [robosuite WARNING] It is recommended to use a private macro file (macros.py:54)
[36m(EnvGroup(rank=0) pid=25290)[0m WARNING:robosuite_logs:It is recommended to use a private macro file
[36m(EnvGroup(rank=0) pid=25290)[0m [robosuite WARNING] To setup, run: python /data1/gaobowen/RLinf_dreamzero/.venv-libero-dreamzero/lib/python3.11/site-packages/robosuite/scripts/setup_macros.py (macros.py:55)
[36m(EnvGroup(rank=0) pid=25290)[0m WARNING:robosuite_logs:To setup, run: python /data1/gaobowen/RLinf_dreamzero/.venv-libero-dreamzero/lib/python3.11/site-packages/robosuite/scripts/setup_macros.py
[36m(EnvGroup(rank=0) pid=25290)[0m /data1/gaobowen/RLinf_dreamzero/.venv-libero-dreamzero/lib/python3.11/site-packages/robosuite/macros.py:53: DeprecationWarning: The 'warn' method is deprecated, use 'warning' instead
[36m(EnvGroup(rank=0) pid=25290)[0m   ROBOSUITE_DEFAULT_LOGGER.warn("No private macro file found!")
[36m(EnvGroup(rank=0) pid=25290)[0m [robosuite WARNING] No private macro file found! (macros.py:53)
[36m(EnvGroup(rank=0) pid=25290)[0m WARNING:robosuite_logs:No private macro file found!
[36m(EnvGroup(rank=0) pid=25290)[0m [robosuite WARNING] It is recommended to use a private macro file (macros.py:54)
[36m(EnvGroup(rank=0) pid=25290)[0m WARNING:robosuite_logs:It is recommended to use a private macro file
[36m(EnvGroup(rank=0) pid=25290)[0m [robosuite WARNING] To setup, run: python /data1/gaobowen/RLinf_dreamzero/.venv-libero-dreamzero/lib/python3.11/site-packages/robosuite/scripts/setup_macros.py (macros.py:55)
[36m(EnvGroup(rank=0) pid=25290)[0m WARNING:robosuite_logs:To setup, run: python /data1/gaobowen/RLinf_dreamzero/.venv-libero-dreamzero/lib/python3.11/site-packages/robosuite/scripts/setup_macros.py
[36m(EnvGroup(rank=0) pid=25290)[0m /data1/gaobowen/RLinf_dreamzero/.venv-libero-dreamzero/lib/python3.11/site-packages/robosuite/macros.py:53: DeprecationWarning: The 'warn' method is deprecated, use 'warning' instead
[36m(EnvGroup(rank=0) pid=25290)[0m   ROBOSUITE_DEFAULT_LOGGER.warn("No private macro file found!")
[36m(EnvGroup(rank=0) pid=25290)[0m [robosuite WARNING] No private macro file found! (macros.py:53)
[36m(EnvGroup(rank=0) pid=25290)[0m WARNING:robosuite_logs:No private macro file found!
[36m(EnvGroup(rank=0) pid=25290)[0m [robosuite WARNING] It is recommended to use a private macro file (macros.py:54)
[36m(EnvGroup(rank=0) pid=25290)[0m WARNING:robosuite_logs:It is recommended to use a private macro file
[36m(EnvGroup(rank=0) pid=25290)[0m [robosuite WARNING] To setup, run: python /data1/gaobowen/RLinf_dreamzero/.venv-libero-dreamzero/lib/python3.11/site-packages/robosuite/scripts/setup_macros.py (macros.py:55)
[36m(EnvGroup(rank=0) pid=25290)[0m WARNING:robosuite_logs:To setup, run: python /data1/gaobowen/RLinf_dreamzero/.venv-libero-dreamzero/lib/python3.11/site-packages/robosuite/scripts/setup_macros.py
[36m(EnvGroup(rank=1) pid=25298)[0m /data1/gaobowen/RLinf_dreamzero/.venv-libero-dreamzero/lib/python3.11/site-packages/robosuite/macros.py:53: DeprecationWarning: The 'warn' method is deprecated, use 'warning' instead
[36m(EnvGroup(rank=1) pid=25298)[0m   ROBOSUITE_DEFAULT_LOGGER.warn("No private macro file found!")
[36m(EnvGroup(rank=1) pid=25298)[0m [robosuite WARNING] No private macro file found! (macros.py:53)
[36m(EnvGroup(rank=1) pid=25298)[0m WARNING:robosuite_logs:No private macro file found!
[36m(EnvGroup(rank=1) pid=25298)[0m [robosuite WARNING] It is recommended to use a private macro file (macros.py:54)
[36m(EnvGroup(rank=1) pid=25298)[0m WARNING:robosuite_logs:It is recommended to use a private macro file
[36m(EnvGroup(rank=1) pid=25298)[0m [robosuite WARNING] To setup, run: python /data1/gaobowen/RLinf_dreamzero/.venv-libero-dreamzero/lib/python3.11/site-packages/robosuite/scripts/setup_macros.py (macros.py:55)
[36m(EnvGroup(rank=1) pid=25298)[0m WARNING:robosuite_logs:To setup, run: python /data1/gaobowen/RLinf_dreamzero/.venv-libero-dreamzero/lib/python3.11/site-packages/robosuite/scripts/setup_macros.py
[36m(EnvGroup(rank=1) pid=25298)[0m /data1/gaobowen/RLinf_dreamzero/.venv-libero-dreamzero/lib/python3.11/site-packages/robosuite/macros.py:53: DeprecationWarning: The 'warn' method is deprecated, use 'warning' instead
[36m(EnvGroup(rank=1) pid=25298)[0m   ROBOSUITE_DEFAULT_LOGGER.warn("No private macro file found!")
[36m(EnvGroup(rank=1) pid=25298)[0m [robosuite WARNING] No private macro file found! (macros.py:53)
[36m(EnvGroup(rank=1) pid=25298)[0m WARNING:robosuite_logs:No private macro file found!
[36m(EnvGroup(rank=1) pid=25298)[0m [robosuite WARNING] It is recommended to use a private macro file (macros.py:54)
[36m(EnvGroup(rank=1) pid=25298)[0m WARNING:robosuite_logs:It is recommended to use a private macro file
[36m(EnvGroup(rank=1) pid=25298)[0m [robosuite WARNING] To setup, run: python /data1/gaobowen/RLinf_dreamzero/.venv-libero-dreamzero/lib/python3.11/site-packages/robosuite/scripts/setup_macros.py (macros.py:55)
[36m(EnvGroup(rank=1) pid=25298)[0m WARNING:robosuite_logs:To setup, run: python /data1/gaobowen/RLinf_dreamzero/.venv-libero-dreamzero/lib/python3.11/site-packages/robosuite/scripts/setup_macros.py
[36m(EnvGroup(rank=1) pid=25298)[0m /data1/gaobowen/RLinf_dreamzero/.venv-libero-dreamzero/lib/python3.11/site-packages/robosuite/macros.py:53: DeprecationWarning: The 'warn' method is deprecated, use 'warning' instead
[36m(EnvGroup(rank=1) pid=25298)[0m   ROBOSUITE_DEFAULT_LOGGER.warn("No private macro file found!")
[36m(EnvGroup(rank=1) pid=25298)[0m [robosuite WARNING] No private macro file found! (macros.py:53)
[36m(EnvGroup(rank=1) pid=25298)[0m WARNING:robosuite_logs:No private macro file found!
[36m(EnvGroup(rank=1) pid=25298)[0m [robosuite WARNING] It is recommended to use a private macro file (macros.py:54)
[36m(EnvGroup(rank=1) pid=25298)[0m WARNING:robosuite_logs:It is recommended to use a private macro file
[36m(EnvGroup(rank=1) pid=25298)[0m [robosuite WARNING] To setup, run: python /data1/gaobowen/RLinf_dreamzero/.venv-libero-dreamzero/lib/python3.11/site-packages/robosuite/scripts/setup_macros.py (macros.py:55)
[36m(EnvGroup(rank=1) pid=25298)[0m WARNING:robosuite_logs:To setup, run: python /data1/gaobowen/RLinf_dreamzero/.venv-libero-dreamzero/lib/python3.11/site-packages/robosuite/scripts/setup_macros.py
[36m(EnvGroup(rank=0) pid=25290)[0m /data1/gaobowen/RLinf_dreamzero/.venv-libero-dreamzero/lib/python3.11/site-packages/robosuite/macros.py:53: DeprecationWarning: The 'warn' method is deprecated, use 'warning' instead
[36m(EnvGroup(rank=0) pid=25290)[0m   ROBOSUITE_DEFAULT_LOGGER.warn("No private macro file found!")
[36m(EnvGroup(rank=0) pid=25290)[0m [robosuite WARNING] No private macro file found! (macros.py:53)
[36m(EnvGroup(rank=0) pid=25290)[0m WARNING:robosuite_logs:No private macro file found!
[36m(EnvGroup(rank=0) pid=25290)[0m [robosuite WARNING] It is recommended to use a private macro file (macros.py:54)
[36m(EnvGroup(rank=0) pid=25290)[0m WARNING:robosuite_logs:It is recommended to use a private macro file
[36m(EnvGroup(rank=0) pid=25290)[0m [robosuite WARNING] To setup, run: python /data1/gaobowen/RLinf_dreamzero/.venv-libero-dreamzero/lib/python3.11/site-packages/robosuite/scripts/setup_macros.py (macros.py:55)
[36m(EnvGroup(rank=0) pid=25290)[0m WARNING:robosuite_logs:To setup, run: python /data1/gaobowen/RLinf_dreamzero/.venv-libero-dreamzero/lib/python3.11/site-packages/robosuite/scripts/setup_macros.py
[36m(EnvGroup(rank=0) pid=25290)[0m /data1/gaobowen/RLinf_dreamzero/.venv-libero-dreamzero/lib/python3.11/site-packages/robosuite/macros.py:53: DeprecationWarning: The 'warn' method is deprecated, use 'warning' instead
[36m(EnvGroup(rank=0) pid=25290)[0m   ROBOSUITE_DEFAULT_LOGGER.warn("No private macro file found!")
[36m(EnvGroup(rank=0) pid=25290)[0m [robosuite WARNING] No private macro file found! (macros.py:53)
[36m(EnvGroup(rank=0) pid=25290)[0m WARNING:robosuite_logs:No private macro file found!
[36m(EnvGroup(rank=0) pid=25290)[0m [robosuite WARNING] It is recommended to use a private macro file (macros.py:54)
[36m(EnvGroup(rank=0) pid=25290)[0m WARNING:robosuite_logs:It is recommended to use a private macro file
[36m(EnvGroup(rank=0) pid=25290)[0m [robosuite WARNING] To setup, run: python /data1/gaobowen/RLinf_dreamzero/.venv-libero-dreamzero/lib/python3.11/site-packages/robosuite/scripts/setup_macros.py (macros.py:55)
[36m(EnvGroup(rank=0) pid=25290)[0m WARNING:robosuite_logs:To setup, run: python /data1/gaobowen/RLinf_dreamzero/.venv-libero-dreamzero/lib/python3.11/site-packages/robosuite/scripts/setup_macros.py
[36m(EnvGroup(rank=0) pid=25290)[0m /data1/gaobowen/RLinf_dreamzero/.venv-libero-dreamzero/lib/python3.11/site-packages/robosuite/macros.py:53: DeprecationWarning: The 'warn' method is deprecated, use 'warning' instead
[36m(EnvGroup(rank=0) pid=25290)[0m   ROBOSUITE_DEFAULT_LOGGER.warn("No private macro file found!")
[36m(EnvGroup(rank=0) pid=25290)[0m [robosuite WARNING] No private macro file found! (macros.py:53)
[36m(EnvGroup(rank=0) pid=25290)[0m WARNING:robosuite_logs:No private macro file found!
[36m(EnvGroup(rank=0) pid=25290)[0m [robosuite WARNING] It is recommended to use a private macro file (macros.py:54)
[36m(EnvGroup(rank=0) pid=25290)[0m WARNING:robosuite_logs:It is recommended to use a private macro file
[36m(EnvGroup(rank=0) pid=25290)[0m [robosuite WARNING] To setup, run: python /data1/gaobowen/RLinf_dreamzero/.venv-libero-dreamzero/lib/python3.11/site-packages/robosuite/scripts/setup_macros.py (macros.py:55)
[36m(EnvGroup(rank=0) pid=25290)[0m WARNING:robosuite_logs:To setup, run: python /data1/gaobowen/RLinf_dreamzero/.venv-libero-dreamzero/lib/python3.11/site-packages/robosuite/scripts/setup_macros.py
[36m(EnvGroup(rank=1) pid=25298)[0m /data1/gaobowen/RLinf_dreamzero/.venv-libero-dreamzero/lib/python3.11/site-packages/robosuite/macros.py:53: DeprecationWarning: The 'warn' method is deprecated, use 'warning' instead
[36m(EnvGroup(rank=1) pid=25298)[0m   ROBOSUITE_DEFAULT_LOGGER.warn("No private macro file found!")
[36m(EnvGroup(rank=1) pid=25298)[0m [robosuite WARNING] No private macro file found! (macros.py:53)
[36m(EnvGroup(rank=1) pid=25298)[0m WARNING:robosuite_logs:No private macro file found!
[36m(EnvGroup(rank=1) pid=25298)[0m [robosuite WARNING] It is recommended to use a private macro file (macros.py:54)
[36m(EnvGroup(rank=1) pid=25298)[0m WARNING:robosuite_logs:It is recommended to use a private macro file
[36m(EnvGroup(rank=1) pid=25298)[0m [robosuite WARNING] To setup, run: python /data1/gaobowen/RLinf_dreamzero/.venv-libero-dreamzero/lib/python3.11/site-packages/robosuite/scripts/setup_macros.py (macros.py:55)
[36m(EnvGroup(rank=1) pid=25298)[0m WARNING:robosuite_logs:To setup, run: python /data1/gaobowen/RLinf_dreamzero/.venv-libero-dreamzero/lib/python3.11/site-packages/robosuite/scripts/setup_macros.py
[36m(EnvGroup(rank=0) pid=25290)[0m /data1/gaobowen/RLinf_dreamzero/.venv-libero-dreamzero/lib/python3.11/site-packages/robosuite/macros.py:53: DeprecationWarning: The 'warn' method is deprecated, use 'warning' instead
[36m(EnvGroup(rank=0) pid=25290)[0m   ROBOSUITE_DEFAULT_LOGGER.warn("No private macro file found!")
[36m(EnvGroup(rank=0) pid=25290)[0m [robosuite WARNING] No private macro file found! (macros.py:53)
[36m(EnvGroup(rank=0) pid=25290)[0m WARNING:robosuite_logs:No private macro file found!
[36m(EnvGroup(rank=0) pid=25290)[0m [robosuite WARNING] It is recommended to use a private macro file (macros.py:54)
[36m(EnvGroup(rank=0) pid=25290)[0m WARNING:robosuite_logs:It is recommended to use a private macro file
[36m(EnvGroup(rank=0) pid=25290)[0m [robosuite WARNING] To setup, run: python /data1/gaobowen/RLinf_dreamzero/.venv-libero-dreamzero/lib/python3.11/site-packages/robosuite/scripts/setup_macros.py (macros.py:55)
[36m(EnvGroup(rank=0) pid=25290)[0m WARNING:robosuite_logs:To setup, run: python /data1/gaobowen/RLinf_dreamzero/.venv-libero-dreamzero/lib/python3.11/site-packages/robosuite/scripts/setup_macros.py
[36m(EnvGroup(rank=1) pid=25298)[0m /data1/gaobowen/RLinf_dreamzero/.venv-libero-dreamzero/lib/python3.11/site-packages/robosuite/macros.py:53: DeprecationWarning: The 'warn' method is deprecated, use 'warning' instead
[36m(EnvGroup(rank=1) pid=25298)[0m   ROBOSUITE_DEFAULT_LOGGER.warn("No private macro file found!")
[36m(EnvGroup(rank=1) pid=25298)[0m [robosuite WARNING] No private macro file found! (macros.py:53)
[36m(EnvGroup(rank=1) pid=25298)[0m WARNING:robosuite_logs:No private macro file found!
[36m(EnvGroup(rank=1) pid=25298)[0m [robosuite WARNING] It is recommended to use a private macro file (macros.py:54)
[36m(EnvGroup(rank=1) pid=25298)[0m WARNING:robosuite_logs:It is recommended to use a private macro file
[36m(EnvGroup(rank=1) pid=25298)[0m [robosuite WARNING] To setup, run: python /data1/gaobowen/RLinf_dreamzero/.venv-libero-dreamzero/lib/python3.11/site-packages/robosuite/scripts/setup_macros.py (macros.py:55)
[36m(EnvGroup(rank=1) pid=25298)[0m WARNING:robosuite_logs:To setup, run: python /data1/gaobowen/RLinf_dreamzero/.venv-libero-dreamzero/lib/python3.11/site-packages/robosuite/scripts/setup_macros.py
[36m(EnvGroup(rank=0) pid=25290)[0m /data1/gaobowen/RLinf_dreamzero/.venv-libero-dreamzero/lib/python3.11/site-packages/robosuite/macros.py:53: DeprecationWarning: The 'warn' method is deprecated, use 'warning' instead
[36m(EnvGroup(rank=0) pid=25290)[0m   ROBOSUITE_DEFAULT_LOGGER.warn("No private macro file found!")
[36m(EnvGroup(rank=0) pid=25290)[0m [robosuite WARNING] No private macro file found! (macros.py:53)
[36m(EnvGroup(rank=0) pid=25290)[0m WARNING:robosuite_logs:No private macro file found!
[36m(EnvGroup(rank=0) pid=25290)[0m [robosuite WARNING] It is recommended to use a private macro file (macros.py:54)
[36m(EnvGroup(rank=0) pid=25290)[0m WARNING:robosuite_logs:It is recommended to use a private macro file
[36m(EnvGroup(rank=0) pid=25290)[0m [robosuite WARNING] To setup, run: python /data1/gaobowen/RLinf_dreamzero/.venv-libero-dreamzero/lib/python3.11/site-packages/robosuite/scripts/setup_macros.py (macros.py:55)
[36m(EnvGroup(rank=0) pid=25290)[0m WARNING:robosuite_logs:To setup, run: python /data1/gaobowen/RLinf_dreamzero/.venv-libero-dreamzero/lib/python3.11/site-packages/robosuite/scripts/setup_macros.py
[36m(EnvGroup(rank=0) pid=25290)[0m /data1/gaobowen/RLinf_dreamzero/.venv-libero-dreamzero/lib/python3.11/site-packages/robosuite/macros.py:53: DeprecationWarning: The 'warn' method is deprecated, use 'warning' instead
[36m(EnvGroup(rank=0) pid=25290)[0m   ROBOSUITE_DEFAULT_LOGGER.warn("No private macro file found!")
[36m(EnvGroup(rank=0) pid=25290)[0m [robosuite WARNING] No private macro file found! (macros.py:53)
[36m(EnvGroup(rank=0) pid=25290)[0m WARNING:robosuite_logs:No private macro file found!
[36m(EnvGroup(rank=0) pid=25290)[0m [robosuite WARNING] It is recommended to use a private macro file (macros.py:54)
[36m(EnvGroup(rank=0) pid=25290)[0m WARNING:robosuite_logs:It is recommended to use a private macro file
[36m(EnvGroup(rank=0) pid=25290)[0m [robosuite WARNING] To setup, run: python /data1/gaobowen/RLinf_dreamzero/.venv-libero-dreamzero/lib/python3.11/site-packages/robosuite/scripts/setup_macros.py (macros.py:55)
[36m(EnvGroup(rank=0) pid=25290)[0m WARNING:robosuite_logs:To setup, run: python /data1/gaobowen/RLinf_dreamzero/.venv-libero-dreamzero/lib/python3.11/site-packages/robosuite/scripts/setup_macros.py
[36m(EnvGroup(rank=1) pid=25298)[0m /data1/gaobowen/RLinf_dreamzero/.venv-libero-dreamzero/lib/python3.11/site-packages/robosuite/macros.py:53: DeprecationWarning: The 'warn' method is deprecated, use 'warning' instead
[36m(EnvGroup(rank=1) pid=25298)[0m   ROBOSUITE_DEFAULT_LOGGER.warn("No private macro file found!")
[36m(EnvGroup(rank=1) pid=25298)[0m [robosuite WARNING] No private macro file found! (macros.py:53)
[36m(EnvGroup(rank=1) pid=25298)[0m WARNING:robosuite_logs:No private macro file found!
[36m(EnvGroup(rank=1) pid=25298)[0m [robosuite WARNING] It is recommended to use a private macro file (macros.py:54)
[36m(EnvGroup(rank=1) pid=25298)[0m WARNING:robosuite_logs:It is recommended to use a private macro file
[36m(EnvGroup(rank=1) pid=25298)[0m [robosuite WARNING] To setup, run: python /data1/gaobowen/RLinf_dreamzero/.venv-libero-dreamzero/lib/python3.11/site-packages/robosuite/scripts/setup_macros.py (macros.py:55)
[36m(EnvGroup(rank=1) pid=25298)[0m WARNING:robosuite_logs:To setup, run: python /data1/gaobowen/RLinf_dreamzero/.venv-libero-dreamzero/lib/python3.11/site-packages/robosuite/scripts/setup_macros.py
[36m(EnvGroup(rank=1) pid=25298)[0m /data1/gaobowen/RLinf_dreamzero/.venv-libero-dreamzero/lib/python3.11/site-packages/robosuite/macros.py:53: DeprecationWarning: The 'warn' method is deprecated, use 'warning' instead
[36m(EnvGroup(rank=1) pid=25298)[0m   ROBOSUITE_DEFAULT_LOGGER.warn("No private macro file found!")
[36m(EnvGroup(rank=1) pid=25298)[0m [robosuite WARNING] No private macro file found! (macros.py:53)
[36m(EnvGroup(rank=1) pid=25298)[0m WARNING:robosuite_logs:No private macro file found!
[36m(EnvGroup(rank=1) pid=25298)[0m [robosuite WARNING] It is recommended to use a private macro file (macros.py:54)
[36m(EnvGroup(rank=1) pid=25298)[0m WARNING:robosuite_logs:It is recommended to use a private macro file
[36m(EnvGroup(rank=1) pid=25298)[0m [robosuite WARNING] To setup, run: python /data1/gaobowen/RLinf_dreamzero/.venv-libero-dreamzero/lib/python3.11/site-packages/robosuite/scripts/setup_macros.py (macros.py:55)
[36m(EnvGroup(rank=1) pid=25298)[0m WARNING:robosuite_logs:To setup, run: python /data1/gaobowen/RLinf_dreamzero/.venv-libero-dreamzero/lib/python3.11/site-packages/robosuite/scripts/setup_macros.py
[36m(EnvGroup(rank=1) pid=25298)[0m /data1/gaobowen/RLinf_dreamzero/.venv-libero-dreamzero/lib/python3.11/site-packages/robosuite/macros.py:53: DeprecationWarning: The 'warn' method is deprecated, use 'warning' instead
[36m(EnvGroup(rank=1) pid=25298)[0m   ROBOSUITE_DEFAULT_LOGGER.warn("No private macro file found!")
[36m(EnvGroup(rank=1) pid=25298)[0m [robosuite WARNING] No private macro file found! (macros.py:53)
[36m(EnvGroup(rank=1) pid=25298)[0m WARNING:robosuite_logs:No private macro file found!
[36m(EnvGroup(rank=1) pid=25298)[0m [robosuite WARNING] It is recommended to use a private macro file (macros.py:54)
[36m(EnvGroup(rank=1) pid=25298)[0m WARNING:robosuite_logs:It is recommended to use a private macro file
[36m(EnvGroup(rank=1) pid=25298)[0m [robosuite WARNING] To setup, run: python /data1/gaobowen/RLinf_dreamzero/.venv-libero-dreamzero/lib/python3.11/site-packages/robosuite/scripts/setup_macros.py (macros.py:55)
[36m(EnvGroup(rank=1) pid=25298)[0m WARNING:robosuite_logs:To setup, run: python /data1/gaobowen/RLinf_dreamzero/.venv-libero-dreamzero/lib/python3.11/site-packages/robosuite/scripts/setup_macros.py
[36m(EnvGroup(rank=0) pid=25290)[0m /data1/gaobowen/RLinf_dreamzero/.venv-libero-dreamzero/lib/python3.11/site-packages/robosuite/macros.py:53: DeprecationWarning: The 'warn' method is deprecated, use 'warning' instead
[36m(EnvGroup(rank=0) pid=25290)[0m   ROBOSUITE_DEFAULT_LOGGER.warn("No private macro file found!")
[36m(EnvGroup(rank=0) pid=25290)[0m [robosuite WARNING] No private macro file found! (macros.py:53)
[36m(EnvGroup(rank=0) pid=25290)[0m WARNING:robosuite_logs:No private macro file found!
[36m(EnvGroup(rank=0) pid=25290)[0m [robosuite WARNING] It is recommended to use a private macro file (macros.py:54)
[36m(EnvGroup(rank=0) pid=25290)[0m WARNING:robosuite_logs:It is recommended to use a private macro file
[36m(EnvGroup(rank=0) pid=25290)[0m [robosuite WARNING] To setup, run: python /data1/gaobowen/RLinf_dreamzero/.venv-libero-dreamzero/lib/python3.11/site-packages/robosuite/scripts/setup_macros.py (macros.py:55)
[36m(EnvGroup(rank=0) pid=25290)[0m WARNING:robosuite_logs:To setup, run: python /data1/gaobowen/RLinf_dreamzero/.venv-libero-dreamzero/lib/python3.11/site-packages/robosuite/scripts/setup_macros.py
[36m(EnvGroup(rank=0) pid=25290)[0m /data1/gaobowen/RLinf_dreamzero/.venv-libero-dreamzero/lib/python3.11/site-packages/robosuite/macros.py:53: DeprecationWarning: The 'warn' method is deprecated, use 'warning' instead
[36m(EnvGroup(rank=0) pid=25290)[0m   ROBOSUITE_DEFAULT_LOGGER.warn("No private macro file found!")
[36m(EnvGroup(rank=0) pid=25290)[0m [robosuite WARNING] No private macro file found! (macros.py:53)
[36m(EnvGroup(rank=0) pid=25290)[0m WARNING:robosuite_logs:No private macro file found!
[36m(EnvGroup(rank=0) pid=25290)[0m [robosuite WARNING] It is recommended to use a private macro file (macros.py:54)
[36m(EnvGroup(rank=0) pid=25290)[0m WARNING:robosuite_logs:It is recommended to use a private macro file
[36m(EnvGroup(rank=0) pid=25290)[0m [robosuite WARNING] To setup, run: python /data1/gaobowen/RLinf_dreamzero/.venv-libero-dreamzero/lib/python3.11/site-packages/robosuite/scripts/setup_macros.py (macros.py:55)
[36m(EnvGroup(rank=0) pid=25290)[0m WARNING:robosuite_logs:To setup, run: python /data1/gaobowen/RLinf_dreamzero/.venv-libero-dreamzero/lib/python3.11/site-packages/robosuite/scripts/setup_macros.py
[36m(EnvGroup(rank=0) pid=25290)[0m /data1/gaobowen/RLinf_dreamzero/.venv-libero-dreamzero/lib/python3.11/site-packages/robosuite/macros.py:53: DeprecationWarning: The 'warn' method is deprecated, use 'warning' instead
[36m(EnvGroup(rank=0) pid=25290)[0m   ROBOSUITE_DEFAULT_LOGGER.warn("No private macro file found!")
[36m(EnvGroup(rank=0) pid=25290)[0m [robosuite WARNING] No private macro file found! (macros.py:53)
[36m(EnvGroup(rank=0) pid=25290)[0m WARNING:robosuite_logs:No private macro file found!
[36m(EnvGroup(rank=0) pid=25290)[0m [robosuite WARNING] It is recommended to use a private macro file (macros.py:54)
[36m(EnvGroup(rank=0) pid=25290)[0m WARNING:robosuite_logs:It is recommended to use a private macro file
[36m(EnvGroup(rank=0) pid=25290)[0m [robosuite WARNING] To setup, run: python /data1/gaobowen/RLinf_dreamzero/.venv-libero-dreamzero/lib/python3.11/site-packages/robosuite/scripts/setup_macros.py (macros.py:55)
[36m(EnvGroup(rank=0) pid=25290)[0m WARNING:robosuite_logs:To setup, run: python /data1/gaobowen/RLinf_dreamzero/.venv-libero-dreamzero/lib/python3.11/site-packages/robosuite/scripts/setup_macros.py
[36m(EnvGroup(rank=1) pid=25298)[0m /data1/gaobowen/RLinf_dreamzero/.venv-libero-dreamzero/lib/python3.11/site-packages/robosuite/macros.py:53: DeprecationWarning: The 'warn' method is deprecated, use 'warning' instead
[36m(EnvGroup(rank=1) pid=25298)[0m   ROBOSUITE_DEFAULT_LOGGER.warn("No private macro file found!")
[36m(EnvGroup(rank=1) pid=25298)[0m [robosuite WARNING] No private macro file found! (macros.py:53)
[36m(EnvGroup(rank=1) pid=25298)[0m WARNING:robosuite_logs:No private macro file found!
[36m(EnvGroup(rank=1) pid=25298)[0m [robosuite WARNING] It is recommended to use a private macro file (macros.py:54)
[36m(EnvGroup(rank=1) pid=25298)[0m WARNING:robosuite_logs:It is recommended to use a private macro file
[36m(EnvGroup(rank=1) pid=25298)[0m [robosuite WARNING] To setup, run: python /data1/gaobowen/RLinf_dreamzero/.venv-libero-dreamzero/lib/python3.11/site-packages/robosuite/scripts/setup_macros.py (macros.py:55)
[36m(EnvGroup(rank=1) pid=25298)[0m WARNING:robosuite_logs:To setup, run: python /data1/gaobowen/RLinf_dreamzero/.venv-libero-dreamzero/lib/python3.11/site-packages/robosuite/scripts/setup_macros.py
[36m(EnvGroup(rank=1) pid=25298)[0m /data1/gaobowen/RLinf_dreamzero/.venv-libero-dreamzero/lib/python3.11/site-packages/robosuite/macros.py:53: DeprecationWarning: The 'warn' method is deprecated, use 'warning' instead
[36m(EnvGroup(rank=1) pid=25298)[0m   ROBOSUITE_DEFAULT_LOGGER.warn("No private macro file found!")
[36m(EnvGroup(rank=1) pid=25298)[0m [robosuite WARNING] No private macro file found! (macros.py:53)
[36m(EnvGroup(rank=1) pid=25298)[0m WARNING:robosuite_logs:No private macro file found!
[36m(EnvGroup(rank=1) pid=25298)[0m [robosuite WARNING] It is recommended to use a private macro file (macros.py:54)
[36m(EnvGroup(rank=1) pid=25298)[0m WARNING:robosuite_logs:It is recommended to use a private macro file
[36m(EnvGroup(rank=1) pid=25298)[0m [robosuite WARNING] To setup, run: python /data1/gaobowen/RLinf_dreamzero/.venv-libero-dreamzero/lib/python3.11/site-packages/robosuite/scripts/setup_macros.py (macros.py:55)
[36m(EnvGroup(rank=1) pid=25298)[0m WARNING:robosuite_logs:To setup, run: python /data1/gaobowen/RLinf_dreamzero/.venv-libero-dreamzero/lib/python3.11/site-packages/robosuite/scripts/setup_macros.py
[36m(EnvGroup(rank=1) pid=25298)[0m /data1/gaobowen/RLinf_dreamzero/.venv-libero-dreamzero/lib/python3.11/site-packages/robosuite/macros.py:53: DeprecationWarning: The 'warn' method is deprecated, use 'warning' instead
[36m(EnvGroup(rank=1) pid=25298)[0m   ROBOSUITE_DEFAULT_LOGGER.warn("No private macro file found!")
[36m(EnvGroup(rank=1) pid=25298)[0m [robosuite WARNING] No private macro file found! (macros.py:53)
[36m(EnvGroup(rank=1) pid=25298)[0m WARNING:robosuite_logs:No private macro file found!
[36m(EnvGroup(rank=1) pid=25298)[0m [robosuite WARNING] It is recommended to use a private macro file (macros.py:54)
[36m(EnvGroup(rank=1) pid=25298)[0m WARNING:robosuite_logs:It is recommended to use a private macro file
[36m(EnvGroup(rank=1) pid=25298)[0m [robosuite WARNING] To setup, run: python /data1/gaobowen/RLinf_dreamzero/.venv-libero-dreamzero/lib/python3.11/site-packages/robosuite/scripts/setup_macros.py (macros.py:55)
[36m(EnvGroup(rank=1) pid=25298)[0m WARNING:robosuite_logs:To setup, run: python /data1/gaobowen/RLinf_dreamzero/.venv-libero-dreamzero/lib/python3.11/site-packages/robosuite/scripts/setup_macros.py
[36m(EnvGroup(rank=1) pid=25298)[0m /data1/gaobowen/RLinf_dreamzero/.venv-libero-dreamzero/lib/python3.11/site-packages/robosuite/macros.py:53: DeprecationWarning: The 'warn' method is deprecated, use 'warning' instead
[36m(EnvGroup(rank=1) pid=25298)[0m   ROBOSUITE_DEFAULT_LOGGER.warn("No private macro file found!")
[36m(EnvGroup(rank=1) pid=25298)[0m [robosuite WARNING] No private macro file found! (macros.py:53)
[36m(EnvGroup(rank=1) pid=25298)[0m WARNING:robosuite_logs:No private macro file found!
[36m(EnvGroup(rank=1) pid=25298)[0m [robosuite WARNING] It is recommended to use a private macro file (macros.py:54)
[36m(EnvGroup(rank=1) pid=25298)[0m WARNING:robosuite_logs:It is recommended to use a private macro file
[36m(EnvGroup(rank=1) pid=25298)[0m [robosuite WARNING] To setup, run: python /data1/gaobowen/RLinf_dreamzero/.venv-libero-dreamzero/lib/python3.11/site-packages/robosuite/scripts/setup_macros.py (macros.py:55)
[36m(EnvGroup(rank=1) pid=25298)[0m WARNING:robosuite_logs:To setup, run: python /data1/gaobowen/RLinf_dreamzero/.venv-libero-dreamzero/lib/python3.11/site-packages/robosuite/scripts/setup_macros.py
[36m(EnvGroup(rank=1) pid=25298)[0m /data1/gaobowen/RLinf_dreamzero/.venv-libero-dreamzero/lib/python3.11/site-packages/robosuite/macros.py:53: DeprecationWarning: The 'warn' method is deprecated, use 'warning' instead
[36m(EnvGroup(rank=1) pid=25298)[0m   ROBOSUITE_DEFAULT_LOGGER.warn("No private macro file found!")
[36m(EnvGroup(rank=1) pid=25298)[0m [robosuite WARNING] No private macro file found! (macros.py:53)
[36m(EnvGroup(rank=1) pid=25298)[0m WARNING:robosuite_logs:No private macro file found!
[36m(EnvGroup(rank=1) pid=25298)[0m [robosuite WARNING] It is recommended to use a private macro file (macros.py:54)
[36m(EnvGroup(rank=1) pid=25298)[0m WARNING:robosuite_logs:It is recommended to use a private macro file
[36m(EnvGroup(rank=1) pid=25298)[0m [robosuite WARNING] To setup, run: python /data1/gaobowen/RLinf_dreamzero/.venv-libero-dreamzero/lib/python3.11/site-packages/robosuite/scripts/setup_macros.py (macros.py:55)
[36m(EnvGroup(rank=1) pid=25298)[0m WARNING:robosuite_logs:To setup, run: python /data1/gaobowen/RLinf_dreamzero/.venv-libero-dreamzero/lib/python3.11/site-packages/robosuite/scripts/setup_macros.py
[36m(EnvGroup(rank=0) pid=25290)[0m /data1/gaobowen/RLinf_dreamzero/.venv-libero-dreamzero/lib/python3.11/site-packages/robosuite/macros.py:53: DeprecationWarning: The 'warn' method is deprecated, use 'warning' instead
[36m(EnvGroup(rank=0) pid=25290)[0m   ROBOSUITE_DEFAULT_LOGGER.warn("No private macro file found!")
[36m(EnvGroup(rank=0) pid=25290)[0m [robosuite WARNING] No private macro file found! (macros.py:53)
[36m(EnvGroup(rank=0) pid=25290)[0m WARNING:robosuite_logs:No private macro file found!
[36m(EnvGroup(rank=0) pid=25290)[0m [robosuite WARNING] It is recommended to use a private macro file (macros.py:54)
[36m(EnvGroup(rank=0) pid=25290)[0m WARNING:robosuite_logs:It is recommended to use a private macro file
[36m(EnvGroup(rank=0) pid=25290)[0m /data1/gaobowen/RLinf_dreamzero/.venv-libero-dreamzero/lib/python3.11/site-packages/robosuite/macros.py:53: DeprecationWarning: The 'warn' method is deprecated, use 'warning' instead
[36m(EnvGroup(rank=0) pid=25290)[0m   ROBOSUITE_DEFAULT_LOGGER.warn("No private macro file found!")
[36m(EnvGroup(rank=0) pid=25290)[0m [robosuite WARNING] To setup, run: python /data1/gaobowen/RLinf_dreamzero/.venv-libero-dreamzero/lib/python3.11/site-packages/robosuite/scripts/setup_macros.py (macros.py:55)
[36m(EnvGroup(rank=0) pid=25290)[0m WARNING:robosuite_logs:To setup, run: python /data1/gaobowen/RLinf_dreamzero/.venv-libero-dreamzero/lib/python3.11/site-packages/robosuite/scripts/setup_macros.py
[36m(EnvGroup(rank=0) pid=25290)[0m [robosuite WARNING] No private macro file found! (macros.py:53)
[36m(EnvGroup(rank=0) pid=25290)[0m WARNING:robosuite_logs:No private macro file found!
[36m(EnvGroup(rank=0) pid=25290)[0m [robosuite WARNING] It is recommended to use a private macro file (macros.py:54)
[36m(EnvGroup(rank=0) pid=25290)[0m WARNING:robosuite_logs:It is recommended to use a private macro file
[36m(EnvGroup(rank=0) pid=25290)[0m [robosuite WARNING] To setup, run: python /data1/gaobowen/RLinf_dreamzero/.venv-libero-dreamzero/lib/python3.11/site-packages/robosuite/scripts/setup_macros.py (macros.py:55)
[36m(EnvGroup(rank=0) pid=25290)[0m WARNING:robosuite_logs:To setup, run: python /data1/gaobowen/RLinf_dreamzero/.venv-libero-dreamzero/lib/python3.11/site-packages/robosuite/scripts/setup_macros.py
[36m(EnvGroup(rank=0) pid=25290)[0m /data1/gaobowen/RLinf_dreamzero/.venv-libero-dreamzero/lib/python3.11/site-packages/robosuite/macros.py:53: DeprecationWarning: The 'warn' method is deprecated, use 'warning' instead
[36m(EnvGroup(rank=0) pid=25290)[0m   ROBOSUITE_DEFAULT_LOGGER.warn("No private macro file found!")
[36m(EnvGroup(rank=0) pid=25290)[0m [robosuite WARNING] No private macro file found! (macros.py:53)
[36m(EnvGroup(rank=0) pid=25290)[0m WARNING:robosuite_logs:No private macro file found!
[36m(EnvGroup(rank=0) pid=25290)[0m [robosuite WARNING] It is recommended to use a private macro file (macros.py:54)
[36m(EnvGroup(rank=0) pid=25290)[0m WARNING:robosuite_logs:It is recommended to use a private macro file
[36m(EnvGroup(rank=0) pid=25290)[0m [robosuite WARNING] To setup, run: python /data1/gaobowen/RLinf_dreamzero/.venv-libero-dreamzero/lib/python3.11/site-packages/robosuite/scripts/setup_macros.py (macros.py:55)
[36m(EnvGroup(rank=0) pid=25290)[0m WARNING:robosuite_logs:To setup, run: python /data1/gaobowen/RLinf_dreamzero/.venv-libero-dreamzero/lib/python3.11/site-packages/robosuite/scripts/setup_macros.py
[36m(EnvGroup(rank=0) pid=25290)[0m /data1/gaobowen/RLinf_dreamzero/.venv-libero-dreamzero/lib/python3.11/site-packages/robosuite/macros.py:53: DeprecationWarning: The 'warn' method is deprecated, use 'warning' instead
[36m(EnvGroup(rank=0) pid=25290)[0m   ROBOSUITE_DEFAULT_LOGGER.warn("No private macro file found!")
[36m(EnvGroup(rank=0) pid=25290)[0m [robosuite WARNING] No private macro file found! (macros.py:53)
[36m(EnvGroup(rank=0) pid=25290)[0m WARNING:robosuite_logs:No private macro file found!
[36m(EnvGroup(rank=0) pid=25290)[0m [robosuite WARNING] It is recommended to use a private macro file (macros.py:54)
[36m(EnvGroup(rank=0) pid=25290)[0m WARNING:robosuite_logs:It is recommended to use a private macro file
[36m(EnvGroup(rank=0) pid=25290)[0m [robosuite WARNING] To setup, run: python /data1/gaobowen/RLinf_dreamzero/.venv-libero-dreamzero/lib/python3.11/site-packages/robosuite/scripts/setup_macros.py (macros.py:55)
[36m(EnvGroup(rank=0) pid=25290)[0m WARNING:robosuite_logs:To setup, run: python /data1/gaobowen/RLinf_dreamzero/.venv-libero-dreamzero/lib/python3.11/site-packages/robosuite/scripts/setup_macros.py
[36m(EnvGroup(rank=1) pid=25298)[0m /data1/gaobowen/RLinf_dreamzero/.venv-libero-dreamzero/lib/python3.11/site-packages/robosuite/macros.py:53: DeprecationWarning: The 'warn' method is deprecated, use 'warning' instead
[36m(EnvGroup(rank=1) pid=25298)[0m   ROBOSUITE_DEFAULT_LOGGER.warn("No private macro file found!")
[36m(EnvGroup(rank=1) pid=25298)[0m [robosuite WARNING] No private macro file found! (macros.py:53)
[36m(EnvGroup(rank=1) pid=25298)[0m WARNING:robosuite_logs:No private macro file found!
[36m(EnvGroup(rank=1) pid=25298)[0m [robosuite WARNING] It is recommended to use a private macro file (macros.py:54)
[36m(EnvGroup(rank=1) pid=25298)[0m WARNING:robosuite_logs:It is recommended to use a private macro file
[36m(EnvGroup(rank=1) pid=25298)[0m [robosuite WARNING] To setup, run: python /data1/gaobowen/RLinf_dreamzero/.venv-libero-dreamzero/lib/python3.11/site-packages/robosuite/scripts/setup_macros.py (macros.py:55)
[36m(EnvGroup(rank=1) pid=25298)[0m WARNING:robosuite_logs:To setup, run: python /data1/gaobowen/RLinf_dreamzero/.venv-libero-dreamzero/lib/python3.11/site-packages/robosuite/scripts/setup_macros.py
[36m(EnvGroup(rank=1) pid=25298)[0m /data1/gaobowen/RLinf_dreamzero/.venv-libero-dreamzero/lib/python3.11/site-packages/robosuite/macros.py:53: DeprecationWarning: The 'warn' method is deprecated, use 'warning' instead
[36m(EnvGroup(rank=1) pid=25298)[0m   ROBOSUITE_DEFAULT_LOGGER.warn("No private macro file found!")
[36m(EnvGroup(rank=1) pid=25298)[0m [robosuite WARNING] No private macro file found! (macros.py:53)
[36m(EnvGroup(rank=1) pid=25298)[0m WARNING:robosuite_logs:No private macro file found!
[36m(EnvGroup(rank=1) pid=25298)[0m [robosuite WARNING] It is recommended to use a private macro file (macros.py:54)
[36m(EnvGroup(rank=1) pid=25298)[0m WARNING:robosuite_logs:It is recommended to use a private macro file
[36m(EnvGroup(rank=1) pid=25298)[0m [robosuite WARNING] To setup, run: python /data1/gaobowen/RLinf_dreamzero/.venv-libero-dreamzero/lib/python3.11/site-packages/robosuite/scripts/setup_macros.py (macros.py:55)
[36m(EnvGroup(rank=1) pid=25298)[0m WARNING:robosuite_logs:To setup, run: python /data1/gaobowen/RLinf_dreamzero/.venv-libero-dreamzero/lib/python3.11/site-packages/robosuite/scripts/setup_macros.py
[36m(EnvGroup(rank=1) pid=25298)[0m /data1/gaobowen/RLinf_dreamzero/.venv-libero-dreamzero/lib/python3.11/site-packages/robosuite/macros.py:53: DeprecationWarning: The 'warn' method is deprecated, use 'warning' instead
[36m(EnvGroup(rank=1) pid=25298)[0m   ROBOSUITE_DEFAULT_LOGGER.warn("No private macro file found!")
[36m(EnvGroup(rank=1) pid=25298)[0m [robosuite WARNING] No private macro file found! (macros.py:53)
[36m(EnvGroup(rank=1) pid=25298)[0m WARNING:robosuite_logs:No private macro file found!
[36m(EnvGroup(rank=1) pid=25298)[0m [robosuite WARNING] It is recommended to use a private macro file (macros.py:54)
[36m(EnvGroup(rank=1) pid=25298)[0m WARNING:robosuite_logs:It is recommended to use a private macro file
[36m(EnvGroup(rank=1) pid=25298)[0m [robosuite WARNING] To setup, run: python /data1/gaobowen/RLinf_dreamzero/.venv-libero-dreamzero/lib/python3.11/site-packages/robosuite/scripts/setup_macros.py (macros.py:55)
[36m(EnvGroup(rank=1) pid=25298)[0m WARNING:robosuite_logs:To setup, run: python /data1/gaobowen/RLinf_dreamzero/.venv-libero-dreamzero/lib/python3.11/site-packages/robosuite/scripts/setup_macros.py
[36m(RolloutGroup(rank=1) pid=25289)[0m Gym has been unmaintained since 2022 and does not support NumPy 2.0 amongst other critical functionality.
[36m(RolloutGroup(rank=1) pid=25289)[0m Please upgrade to Gymnasium, the maintained drop-in replacement of Gym, or contact the authors of your software and request that they upgrade.
[36m(RolloutGroup(rank=1) pid=25289)[0m Users of this version of Gym should be able to simply replace 'import gym' with 'import gymnasium as gym' in the vast majority of cases.
[36m(RolloutGroup(rank=1) pid=25289)[0m See the migration guide at https://gymnasium.farama.org/introduction/migration_guide/ for additional information.
[36m(RolloutGroup(rank=0) pid=25279)[0m Gym has been unmaintained since 2022 and does not support NumPy 2.0 amongst other critical functionality.
[36m(RolloutGroup(rank=0) pid=25279)[0m Please upgrade to Gymnasium, the maintained drop-in replacement of Gym, or contact the authors of your software and request that they upgrade.
[36m(RolloutGroup(rank=0) pid=25279)[0m Users of this version of Gym should be able to simply replace 'import gym' with 'import gymnasium as gym' in the vast majority of cases.
[36m(RolloutGroup(rank=0) pid=25279)[0m See the migration guide at https://gymnasium.farama.org/introduction/migration_guide/ for additional information.
[36m(RolloutGroup(rank=1) pid=25289)[0m /home/bowen/.local/share/uv/python/cpython-3.11.14-linux-x86_64-gnu/lib/python3.11/inspect.py:298: FutureWarning: `torch.distributed.reduce_op` is deprecated, please use `torch.distributed.ReduceOp` instead
[36m(RolloutGroup(rank=1) pid=25289)[0m   return isinstance(object, type)
[36m(RolloutGroup(rank=0) pid=25279)[0m /home/bowen/.local/share/uv/python/cpython-3.11.14-linux-x86_64-gnu/lib/python3.11/inspect.py:298: FutureWarning: `torch.distributed.reduce_op` is deprecated, please use `torch.distributed.ReduceOp` instead
[36m(RolloutGroup(rank=0) pid=25279)[0m   return isinstance(object, type)
[36m(RolloutGroup(rank=1) pid=25289)[0m The tokenizer you are loading from '/data1/gaobowen/tianze/model/Wan2.2-TI2V-5B/google/umt5-xxl' with an incorrect regex pattern: https://huggingface.co/mistralai/Mistral-Small-3.1-24B-Instruct-2503/discussions/84#69121093e8b480e709447d5e. This will lead to incorrect tokenization. You should set the `fix_mistral_regex=True` flag when loading this tokenizer to fix this issue.
[36m(RolloutGroup(rank=0) pid=25279)[0m The tokenizer you are loading from '/data1/gaobowen/tianze/model/Wan2.2-TI2V-5B/google/umt5-xxl' with an incorrect regex pattern: https://huggingface.co/mistralai/Mistral-Small-3.1-24B-Instruct-2503/discussions/84#69121093e8b480e709447d5e. This will lead to incorrect tokenization. You should set the `fix_mistral_regex=True` flag when loading this tokenizer to fix this issue.

[36m(EnvGroup(rank=0) pid=25290)[0m [INFO 14:35:13 EnvGroup-Rank-0][env_worker.py:161] Env worker initialized with dst_rank_map: {'rollout_train': [(0, 16)]}
[36m(EnvGroup(rank=0) pid=25290)[0m [INFO 14:35:13 EnvGroup-Rank-0][env_worker.py:162] Env worker initialized with src_rank_map: {'rollout_train': [(0, 16)]}
[36m(EnvGroup(rank=1) pid=25298)[0m [INFO 14:35:13 EnvGroup-Rank-1][env_worker.py:161] Env worker initialized with dst_rank_map: {'rollout_train': [(1, 16)]}
[36m(EnvGroup(rank=1) pid=25298)[0m [INFO 14:35:13 EnvGroup-Rank-1][env_worker.py:162] Env worker initialized with src_rank_map: {'rollout_train': [(1, 16)]}
[36m(EmbodiedFSDPActor pid=25269)[0m [INFO 14:35:13 ActorGroup-Rank-2][fsdp_model_manager.py:115] [FSDP] AMP is disabled.
[36m(EmbodiedFSDPActor pid=25267)[0m [INFO 14:35:13 ActorGroup-Rank-0][fsdp_model_manager.py:115] [FSDP] AMP is disabled.
[36m(EmbodiedFSDPActor pid=25268)[0m [INFO 14:35:13 ActorGroup-Rank-1][fsdp_model_manager.py:115] [FSDP] AMP is disabled.
[36m(EmbodiedFSDPActor pid=25271)[0m [INFO 14:35:13 ActorGroup-Rank-3][fsdp_model_manager.py:115] [FSDP] AMP is disabled.
[36m(MultiStepRolloutWorker pid=25279)[0m self._sync_weight_comm_options: None
[36m(RolloutGroup(rank=0) pid=25279)[0m [INFO 14:35:14 RolloutGroup-Rank-0][__init__.py:80] [DreamZero load 0.0s] start model_path=/data1/gaobowen/tianze/runtime_models/20260713-143430-hybrid-dreamzero_libero_hybrid_ppo/DreamZero-LIBERO-runtime lora= dtype=torch.bfloat16
[36m(RolloutGroup(rank=0) pid=25279)[0m [INFO 14:35:14 RolloutGroup-Rank-0][__init__.py:80] [DreamZero load 0.0s] disable torch.compile wrappers
[36m(MultiStepRolloutWorker pid=25289)[0m self._sync_weight_comm_options: None
[36m(RolloutGroup(rank=1) pid=25289)[0m [INFO 14:35:14 RolloutGroup-Rank-1][__init__.py:80] [DreamZero load 0.0s] start model_path=/data1/gaobowen/tianze/runtime_models/20260713-143430-hybrid-dreamzero_libero_hybrid_ppo/DreamZero-LIBERO-runtime lora= dtype=torch.bfloat16
[36m(RolloutGroup(rank=1) pid=25289)[0m [INFO 14:35:14 RolloutGroup-Rank-1][__init__.py:80] [DreamZero load 0.0s] disable torch.compile wrappers
[36m(EnvGroup(rank=0) pid=25290)[0m [info] using task orders [0, 1, 2, 3, 4, 5, 6, 7, 8, 9]
[36m(EnvGroup(rank=1) pid=25298)[0m [info] using task orders [0, 1, 2, 3, 4, 5, 6, 7, 8, 9]
[36m(RolloutGroup(rank=1) pid=25289)[0m [INFO 14:35:20 RolloutGroup-Rank-1][__init__.py:80] [DreamZero load 6.7s] patches applied
[36m(RolloutGroup(rank=1) pid=25289)[0m [INFO 14:35:20 RolloutGroup-Rank-1][__init__.py:80] [DreamZero load 6.7s] config loaded
[36m(RolloutGroup(rank=0) pid=25279)[0m [INFO 14:35:21 RolloutGroup-Rank-0][__init__.py:80] [DreamZero load 7.2s] patches applied
[36m(RolloutGroup(rank=0) pid=25279)[0m [INFO 14:35:21 RolloutGroup-Rank-0][__init__.py:80] [DreamZero load 7.2s] config loaded
[36m(RolloutGroup(rank=1) pid=25289)[0m [INFO 14:35:21 RolloutGroup-Rank-1][__init__.py:80] [DreamZero load 7.7s] metadata/transforms ready for embodiment_tag=libero_sim
[36m(RolloutGroup(rank=0) pid=25279)[0m [INFO 14:35:22 RolloutGroup-Rank-0][__init__.py:80] [DreamZero load 8.3s] metadata/transforms ready for embodiment_tag=libero_sim
[36m(RolloutGroup(rank=1) pid=25289)[0m Skipping individual component loading (loading from full pretrained model)
[36m(RolloutGroup(rank=1) pid=25289)[0m defer_lora_injection@@ True
[36m(RolloutGroup(rank=1) pid=25289)[0m Tune action head projector: True
[36m(RolloutGroup(rank=1) pid=25289)[0m Tune action head diffusion model: True
[36m(RolloutGroup(rank=1) pid=25289)[0m Deferring LoRA injection until after pretrained weights are loaded
[36m(RolloutGroup(rank=1) pid=25289)[0m [INFO 14:37:17 RolloutGroup-Rank-1][__init__.py:80] [DreamZero load 123.4s] DreamZeroPolicy constructed
[36m(RolloutGroup(rank=1) pid=25289)[0m [INFO 14:37:17 RolloutGroup-Rank-1][__init__.py:80] [DreamZero load 123.4s] loading 6 safetensors shards
[36m(RolloutGroup(rank=1) pid=25289)[0m [INFO 14:37:17 RolloutGroup-Rank-1][__init__.py:80] [DreamZero load 123.4s] loading shard 1/6: model-00001-of-00006.safetensors
[36m(RolloutGroup(rank=1) pid=25289)[0m [INFO 14:37:17 RolloutGroup-Rank-1][__init__.py:80] [DreamZero load 123.4s] loading shard 2/6: model-00002-of-00006.safetensors
[36m(RolloutGroup(rank=1) pid=25289)[0m [INFO 14:37:17 RolloutGroup-Rank-1][__init__.py:80] [DreamZero load 123.5s] loading shard 3/6: model-00003-of-00006.safetensors
[36m(RolloutGroup(rank=1) pid=25289)[0m [INFO 14:37:17 RolloutGroup-Rank-1][__init__.py:80] [DreamZero load 123.5s] loading shard 4/6: model-00004-of-00006.safetensors
[36m(RolloutGroup(rank=1) pid=25289)[0m [INFO 14:37:17 RolloutGroup-Rank-1][__init__.py:80] [DreamZero load 123.5s] loading shard 5/6: model-00005-of-00006.safetensors
[36m(RolloutGroup(rank=1) pid=25289)[0m [INFO 14:37:17 RolloutGroup-Rank-1][__init__.py:80] [DreamZero load 123.5s] loading shard 6/6: model-00006-of-00006.safetensors
[36m(RolloutGroup(rank=1) pid=25289)[0m [INFO 14:37:17 RolloutGroup-Rank-1][__init__.py:80] [DreamZero load 123.5s] loaded state_dict with 1828 tensors
[36m(RolloutGroup(rank=0) pid=25279)[0m Skipping individual component loading (loading from full pretrained model)
[36m(RolloutGroup(rank=0) pid=25279)[0m defer_lora_injection@@ True
[36m(RolloutGroup(rank=0) pid=25279)[0m Tune action head projector: True
[36m(RolloutGroup(rank=0) pid=25279)[0m Tune action head diffusion model: True
[36m(RolloutGroup(rank=0) pid=25279)[0m Deferring LoRA injection until after pretrained weights are loaded
[36m(RolloutGroup(rank=0) pid=25279)[0m [INFO 14:37:18 RolloutGroup-Rank-0][__init__.py:80] [DreamZero load 124.1s] DreamZeroPolicy constructed
[36m(RolloutGroup(rank=0) pid=25279)[0m [INFO 14:37:18 RolloutGroup-Rank-0][__init__.py:80] [DreamZero load 124.1s] loading 6 safetensors shards
[36m(RolloutGroup(rank=0) pid=25279)[0m [INFO 14:37:18 RolloutGroup-Rank-0][__init__.py:80] [DreamZero load 124.1s] loading shard 1/6: model-00001-of-00006.safetensors
[36m(RolloutGroup(rank=0) pid=25279)[0m [INFO 14:37:18 RolloutGroup-Rank-0][__init__.py:80] [DreamZero load 124.1s] loading shard 2/6: model-00002-of-00006.safetensors
[36m(RolloutGroup(rank=0) pid=25279)[0m [INFO 14:37:18 RolloutGroup-Rank-0][__init__.py:80] [DreamZero load 124.1s] loading shard 3/6: model-00003-of-00006.safetensors
[36m(RolloutGroup(rank=0) pid=25279)[0m [INFO 14:37:18 RolloutGroup-Rank-0][__init__.py:80] [DreamZero load 124.1s] loading shard 4/6: model-00004-of-00006.safetensors
[36m(RolloutGroup(rank=0) pid=25279)[0m [INFO 14:37:18 RolloutGroup-Rank-0][__init__.py:80] [DreamZero load 124.1s] loading shard 5/6: model-00005-of-00006.safetensors
[36m(RolloutGroup(rank=0) pid=25279)[0m [INFO 14:37:18 RolloutGroup-Rank-0][__init__.py:80] [DreamZero load 124.2s] loading shard 6/6: model-00006-of-00006.safetensors
[36m(RolloutGroup(rank=0) pid=25279)[0m [INFO 14:37:18 RolloutGroup-Rank-0][__init__.py:80] [DreamZero load 124.2s] loaded state_dict with 1828 tensors
[36m(RolloutGroup(rank=1) pid=25289)[0m [INFO 14:37:19 RolloutGroup-Rank-1][__init__.py:80] [DreamZero load 125.0s] load_state_dict finished missing=6 unexpected=0
[36m(RolloutGroup(rank=1) pid=25289)[0m Injecting LoRA after loading pretrained weights
[36m(RolloutGroup(rank=0) pid=25279)[0m [INFO 14:37:19 RolloutGroup-Rank-0][__init__.py:80] [DreamZero load 125.7s] load_state_dict finished missing=6 unexpected=0
[36m(RolloutGroup(rank=0) pid=25279)[0m Injecting LoRA after loading pretrained weights
[36m(RolloutGroup(rank=1) pid=25289)[0m Total parameters in diffusion model: 5,616,768,992
[36m(RolloutGroup(rank=1) pid=25289)[0m Trainable parameters in diffusion model: 44,890,144
[36m(RolloutGroup(rank=1) pid=25289)[0m [INFO 14:37:26 RolloutGroup-Rank-1][__init__.py:80] [DreamZero load 132.9s] deferred action_head LoRA injected
[36m(RolloutGroup(rank=1) pid=25289)[0m [INFO 14:37:26 RolloutGroup-Rank-1][__init__.py:80] [DreamZero load 132.9s] scalar parameters promoted
[36m(RolloutGroup(rank=0) pid=25279)[0m Total parameters in diffusion model: 5,616,768,992
[36m(RolloutGroup(rank=0) pid=25279)[0m Trainable parameters in diffusion model: 44,890,144[36m(ActorGroup(rank=3) pid=25271)[0m WARNING: All log messages before absl::InitializeLog() is called are written to STDERR
[36m(ActorGroup(rank=3) pid=25271)[0m I0000 00:00:1783924658.064138   26744 port.cc:153] oneDNN custom operations are on. You may see slightly different numerical results due to floating-point round-off errors from different computation orders. To turn them off, set the environment variable `TF_ENABLE_ONEDNN_OPTS=0`.
[36m(ActorGroup(rank=0) pid=25267)[0m WARNING: All log messages before absl::InitializeLog() is called are written to STDERR
[36m(ActorGroup(rank=0) pid=25267)[0m I0000 00:00:1783924658.086931   26739 port.cc:153] oneDNN custom operations are on. You may see slightly different numerical results due to floating-point round-off errors from different computation orders. To turn them off, set the environment variable `TF_ENABLE_ONEDNN_OPTS=0`.
[36m(ActorGroup(rank=0) pid=25267)[0m I0000 00:00:1783924658.133225   26739 cpu_feature_guard.cc:227] This TensorFlow binary is optimized to use available CPU instructions in performance-critical operations.
[36m(ActorGroup(rank=0) pid=25267)[0m To enable the following instructions: AVX2 AVX512F AVX512_VNNI FMA, in other operations, rebuild TensorFlow with the appropriate compiler flags.
[36m(ActorGroup(rank=1) pid=25268)[0m WARNING: All log messages before absl::InitializeLog() is called are written to STDERR
[36m(ActorGroup(rank=1) pid=25268)[0m I0000 00:00:1783924658.086934   26737 port.cc:153] oneDNN custom operations are on. You may see slightly different numerical results due to floating-point round-off errors from different computation orders. To turn them off, set the environment variable `TF_ENABLE_ONEDNN_OPTS=0`.
[36m(ActorGroup(rank=1) pid=25268)[0m I0000 00:00:1783924658.133114   26737 cpu_feature_guard.cc:227] This TensorFlow binary is optimized to use available CPU instructions in performance-critical operations.
[36m(ActorGroup(rank=1) pid=25268)[0m To enable the following instructions: AVX2 AVX512F AVX512_VNNI FMA, in other operations, rebuild TensorFlow with the appropriate compiler flags.
[36m(ActorGroup(rank=3) pid=25271)[0m I0000 00:00:1783924658.110543   26744 cpu_feature_guard.cc:227] This TensorFlow binary is optimized to use available CPU instructions in performance-critical operations.
[36m(ActorGroup(rank=3) pid=25271)[0m To enable the following instructions: AVX2 AVX512F AVX512_VNNI FMA, in other operations, rebuild TensorFlow with the appropriate compiler flags.
[36m(ActorGroup(rank=2) pid=25269)[0m WARNING: All log messages before absl::InitializeLog() is called are written to STDERR
[36m(ActorGroup(rank=2) pid=25269)[0m I0000 00:00:1783924658.087234   26740 port.cc:153] oneDNN custom operations are on. You may see slightly different numerical results due to floating-point round-off errors from different computation orders. To turn them off, set the environment variable `TF_ENABLE_ONEDNN_OPTS=0`.
[36m(ActorGroup(rank=2) pid=25269)[0m I0000 00:00:1783924658.133110   26740 cpu_feature_guard.cc:227] This TensorFlow binary is optimized to use available CPU instructions in performance-critical operations.
[36m(ActorGroup(rank=2) pid=25269)[0m To enable the following instructions: AVX2 AVX512F AVX512_VNNI FMA, in other operations, rebuild TensorFlow with the appropriate compiler flags.
[36m(ActorGroup(rank=0) pid=25267)[0m WARNING: All log messages before absl::InitializeLog() is called are written to STDERR
[36m(ActorGroup(rank=0) pid=25267)[0m I0000 00:00:1783924659.360664   26739 port.cc:153] oneDNN custom operations are on. You may see slightly different numerical results due to floating-point round-off errors from different computation orders. To turn them off, set the environment variable `TF_ENABLE_ONEDNN_OPTS=0`.
[36m(ActorGroup(rank=1) pid=25268)[0m WARNING: All log messages before absl::InitializeLog() is called are written to STDERR
[36m(ActorGroup(rank=1) pid=25268)[0m I0000 00:00:1783924659.326496   26737 port.cc:153] oneDNN custom operations are on. You may see slightly different numerical results due to floating-point round-off errors from different computation orders. To turn them off, set the environment variable `TF_ENABLE_ONEDNN_OPTS=0`.
[36m(ActorGroup(rank=2) pid=25269)[0m WARNING: All log messages before absl::InitializeLog() is called are written to STDERR
[36m(ActorGroup(rank=2) pid=25269)[0m I0000 00:00:1783924659.318721   26740 port.cc:153] oneDNN custom operations are on. You may see slightly different numerical results due to floating-point round-off errors from different computation orders. To turn them off, set the environment variable `TF_ENABLE_ONEDNN_OPTS=0`.
[36m(ActorGroup(rank=3) pid=25271)[0m WARNING: All log messages before absl::InitializeLog() is called are written to STDERR
[36m(ActorGroup(rank=3) pid=25271)[0m I0000 00:00:1783924659.429393   26744 port.cc:153] oneDNN custom operations are on. You may see slightly different numerical results due to floating-point round-off errors from different computation orders. To turn them off, set the environment variable `TF_ENABLE_ONEDNN_OPTS=0`.
[36m(ActorGroup(rank=1) pid=25268)[0m Gym has been unmaintained since 2022 and does not support NumPy 2.0 amongst other critical functionality.
[36m(ActorGroup(rank=1) pid=25268)[0m Please upgrade to Gymnasium, the maintained drop-in replacement of Gym, or contact the authors of your software and request that they upgrade.
[36m(ActorGroup(rank=1) pid=25268)[0m Users of this version of Gym should be able to simply replace 'import gym' with 'import gymnasium as gym' in the vast majority of cases.
[36m(ActorGroup(rank=1) pid=25268)[0m See the migration guide at https://gymnasium.farama.org/introduction/migration_guide/ for additional information.
[36m(ActorGroup(rank=2) pid=25269)[0m Gym has been unmaintained since 2022 and does not support NumPy 2.0 amongst other critical functionality.
[36m(ActorGroup(rank=2) pid=25269)[0m Please upgrade to Gymnasium, the maintained drop-in replacement of Gym, or contact the authors of your software and request that they upgrade.
[36m(ActorGroup(rank=2) pid=25269)[0m Users of this version of Gym should be able to simply replace 'import gym' with 'import gymnasium as gym' in the vast majority of cases.
[36m(ActorGroup(rank=2) pid=25269)[0m See the migration guide at https://gymnasium.farama.org/introduction/migration_guide/ for additional information.
[36m(ActorGroup(rank=0) pid=25267)[0m Gym has been unmaintained since 2022 and does not support NumPy 2.0 amongst other critical functionality.
[36m(ActorGroup(rank=0) pid=25267)[0m Please upgrade to Gymnasium, the maintained drop-in replacement of Gym, or contact the authors of your software and request that they upgrade.
[36m(ActorGroup(rank=0) pid=25267)[0m Users of this version of Gym should be able to simply replace 'import gym' with 'import gymnasium as gym' in the vast majority of cases.
[36m(ActorGroup(rank=0) pid=25267)[0m See the migration guide at https://gymnasium.farama.org/introduction/migration_guide/ for additional information.
[36m(ActorGroup(rank=3) pid=25271)[0m Gym has been unmaintained since 2022 and does not support NumPy 2.0 amongst other critical functionality.
[36m(ActorGroup(rank=3) pid=25271)[0m Please upgrade to Gymnasium, the maintained drop-in replacement of Gym, or contact the authors of your software and request that they upgrade.
[36m(ActorGroup(rank=3) pid=25271)[0m Users of this version of Gym should be able to simply replace 'import gym' with 'import gymnasium as gym' in the vast majority of cases.
[36m(ActorGroup(rank=3) pid=25271)[0m See the migration guide at https://gymnasium.farama.org/introduction/migration_guide/ for additional information.
[36m(ActorGroup(rank=1) pid=25268)[0m /home/bowen/.local/share/uv/python/cpython-3.11.14-linux-x86_64-gnu/lib/python3.11/inspect.py:298: FutureWarning: `torch.distributed.reduce_op` is deprecated, please use `torch.distributed.ReduceOp` instead
[36m(ActorGroup(rank=1) pid=25268)[0m   return isinstance(object, type)
[36m(ActorGroup(rank=2) pid=25269)[0m /home/bowen/.local/share/uv/python/cpython-3.11.14-linux-x86_64-gnu/lib/python3.11/inspect.py:298: FutureWarning: `torch.distributed.reduce_op` is deprecated, please use `torch.distributed.ReduceOp` instead
[36m(ActorGroup(rank=2) pid=25269)[0m   return isinstance(object, type)
[36m(ActorGroup(rank=0) pid=25267)[0m /home/bowen/.local/share/uv/python/cpython-3.11.14-linux-x86_64-gnu/lib/python3.11/inspect.py:298: FutureWarning: `torch.distributed.reduce_op` is deprecated, please use `torch.distributed.ReduceOp` instead
[36m(ActorGroup(rank=0) pid=25267)[0m   return isinstance(object, type)
[36m(ActorGroup(rank=3) pid=25271)[0m /home/bowen/.local/share/uv/python/cpython-3.11.14-linux-x86_64-gnu/lib/python3.11/inspect.py:298: FutureWarning: `torch.distributed.reduce_op` is deprecated, please use `torch.distributed.ReduceOp` instead
[36m(ActorGroup(rank=3) pid=25271)[0m   return isinstance(object, type)
[36m(ActorGroup(rank=1) pid=25268)[0m The tokenizer you are loading from '/data1/gaobowen/tianze/model/Wan2.2-TI2V-5B/google/umt5-xxl' with an incorrect regex pattern: https://huggingface.co/mistralai/Mistral-Small-3.1-24B-Instruct-2503/discussions/84#69121093e8b480e709447d5e. This will lead to incorrect tokenization. You should set the `fix_mistral_regex=True` flag when loading this tokenizer to fix this issue.
[36m(ActorGroup(rank=2) pid=25269)[0m The tokenizer you are loading from '/data1/gaobowen/tianze/model/Wan2.2-TI2V-5B/google/umt5-xxl' with an incorrect regex pattern: https://huggingface.co/mistralai/Mistral-Small-3.1-24B-Instruct-2503/discussions/84#69121093e8b480e709447d5e. This will lead to incorrect tokenization. You should set the `fix_mistral_regex=True` flag when loading this tokenizer to fix this issue.
[36m(ActorGroup(rank=0) pid=25267)[0m The tokenizer you are loading from '/data1/gaobowen/tianze/model/Wan2.2-TI2V-5B/google/umt5-xxl' with an incorrect regex pattern: https://huggingface.co/mistralai/Mistral-Small-3.1-24B-Instruct-2503/discussions/84#69121093e8b480e709447d5e. This will lead to incorrect tokenization. You should set the `fix_mistral_regex=True` flag when loading this tokenizer to fix this issue.
[36m(ActorGroup(rank=3) pid=25271)[0m The tokenizer you are loading from '/data1/gaobowen/tianze/model/Wan2.2-TI2V-5B/google/umt5-xxl' with an incorrect regex pattern: https://huggingface.co/mistralai/Mistral-Small-3.1-24B-Instruct-2503/discussions/84#69121093e8b480e709447d5e. This will lead to incorrect tokenization. You should set the `fix_mistral_regex=True` flag when loading this tokenizer to fix this issue.

[36m(RolloutGroup(rank=0) pid=25279)[0m [INFO 14:37:27 RolloutGroup-Rank-0][__init__.py:80] [DreamZero load 133.5s] deferred action_head LoRA injected
[36m(RolloutGroup(rank=0) pid=25279)[0m [INFO 14:37:27 RolloutGroup-Rank-0][__init__.py:80] [DreamZero load 133.5s] scalar parameters promoted
[36m(RolloutGroup(rank=1) pid=25289)[0m [INFO 14:37:32 RolloutGroup-Rank-1][__init__.py:80] [DreamZero load 138.6s] model dtype/device conversion finished
[36m(RolloutGroup(rank=0) pid=25279)[0m [INFO 14:37:33 RolloutGroup-Rank-0][__init__.py:80] [DreamZero load 139.3s] model dtype/device conversion finished
[36m(RolloutGroup(rank=1) pid=25289)[0m [INFO 14:37:36 RolloutGroup-Rank-1][huggingface_worker.py:155] Rollout worker initialized with dst_ranks: {'train': [(1, 16)]}
[36m(RolloutGroup(rank=1) pid=25289)[0m [INFO 14:37:36 RolloutGroup-Rank-1][huggingface_worker.py:156] Rollout worker initialized with src_ranks: {'train': [(1, 16)]}
[36m(RolloutGroup(rank=0) pid=25279)[0m [INFO 14:37:37 RolloutGroup-Rank-0][huggingface_worker.py:155] Rollout worker initialized with dst_ranks: {'train': [(0, 16)]}
[36m(RolloutGroup(rank=0) pid=25279)[0m [INFO 14:37:37 RolloutGroup-Rank-0][huggingface_worker.py:156] Rollout worker initialized with src_ranks: {'train': [(0, 16)]}
[36m(ActorGroup(rank=0) pid=25267)[0m [INFO 14:37:37 ActorGroup-Rank-0][__init__.py:80] [DreamZero load 0.0s] start model_path=/data1/gaobowen/tianze/runtime_models/20260713-143430-hybrid-dreamzero_libero_hybrid_ppo/DreamZero-LIBERO-runtime lora= dtype=torch.bfloat16
[36m(ActorGroup(rank=0) pid=25267)[0m [INFO 14:37:37 ActorGroup-Rank-0][__init__.py:80] [DreamZero load 0.0s] disable torch.compile wrappers
[36m(ActorGroup(rank=1) pid=25268)[0m [INFO 14:37:37 ActorGroup-Rank-1][__init__.py:80] [DreamZero load 0.0s] start model_path=/data1/gaobowen/tianze/runtime_models/20260713-143430-hybrid-dreamzero_libero_hybrid_ppo/DreamZero-LIBERO-runtime lora= dtype=torch.bfloat16
[36m(ActorGroup(rank=1) pid=25268)[0m [INFO 14:37:37 ActorGroup-Rank-1][__init__.py:80] [DreamZero load 0.0s] disable torch.compile wrappers
[36m(ActorGroup(rank=2) pid=25269)[0m [INFO 14:37:37 ActorGroup-Rank-2][__init__.py:80] [DreamZero load 0.0s] start model_path=/data1/gaobowen/tianze/runtime_models/20260713-143430-hybrid-dreamzero_libero_hybrid_ppo/DreamZero-LIBERO-runtime lora= dtype=torch.bfloat16
[36m(ActorGroup(rank=2) pid=25269)[0m [INFO 14:37:37 ActorGroup-Rank-2][__init__.py:80] [DreamZero load 0.0s] disable torch.compile wrappers
[36m(ActorGroup(rank=3) pid=25271)[0m [INFO 14:37:37 ActorGroup-Rank-3][__init__.py:80] [DreamZero load 0.0s] start model_path=/data1/gaobowen/tianze/runtime_models/20260713-143430-hybrid-dreamzero_libero_hybrid_ppo/DreamZero-LIBERO-runtime lora= dtype=torch.bfloat16
[36m(ActorGroup(rank=3) pid=25271)[0m [INFO 14:37:37 ActorGroup-Rank-3][__init__.py:80] [DreamZero load 0.0s] disable torch.compile wrappers
[36m(ActorGroup(rank=1) pid=25268)[0m [INFO 14:37:42 ActorGroup-Rank-1][__init__.py:80] [DreamZero load 5.2s] patches applied
[36m(ActorGroup(rank=1) pid=25268)[0m [INFO 14:37:42 ActorGroup-Rank-1][__init__.py:80] [DreamZero load 5.2s] config loaded
[36m(ActorGroup(rank=2) pid=25269)[0m [INFO 14:37:42 ActorGroup-Rank-2][__init__.py:80] [DreamZero load 5.2s] patches applied
[36m(ActorGroup(rank=2) pid=25269)[0m [INFO 14:37:42 ActorGroup-Rank-2][__init__.py:80] [DreamZero load 5.2s] config loaded
[36m(ActorGroup(rank=0) pid=25267)[0m [INFO 14:37:42 ActorGroup-Rank-0][__init__.py:80] [DreamZero load 5.5s] patches applied
[36m(ActorGroup(rank=0) pid=25267)[0m [INFO 14:37:42 ActorGroup-Rank-0][__init__.py:80] [DreamZero load 5.5s] config loaded
[36m(ActorGroup(rank=3) pid=25271)[0m [INFO 14:37:42 ActorGroup-Rank-3][__init__.py:80] [DreamZero load 5.8s] patches applied
[36m(ActorGroup(rank=3) pid=25271)[0m [INFO 14:37:42 ActorGroup-Rank-3][__init__.py:80] [DreamZero load 5.8s] config loaded
[36m(ActorGroup(rank=1) pid=25268)[0m [INFO 14:37:43 ActorGroup-Rank-1][__init__.py:80] [DreamZero load 6.2s] metadata/transforms ready for embodiment_tag=libero_sim
[36m(ActorGroup(rank=2) pid=25269)[0m [INFO 14:37:43 ActorGroup-Rank-2][__init__.py:80] [DreamZero load 6.2s] metadata/transforms ready for embodiment_tag=libero_sim
[36m(ActorGroup(rank=0) pid=25267)[0m [INFO 14:37:43 ActorGroup-Rank-0][__init__.py:80] [DreamZero load 6.5s] metadata/transforms ready for embodiment_tag=libero_sim
[36m(ActorGroup(rank=3) pid=25271)[0m [INFO 14:37:43 ActorGroup-Rank-3][__init__.py:80] [DreamZero load 6.8s] metadata/transforms ready for embodiment_tag=libero_sim
[36m(ActorGroup(rank=2) pid=25269)[0m Skipping individual component loading (loading from full pretrained model)
[36m(ActorGroup(rank=2) pid=25269)[0m defer_lora_injection@@ True
[36m(ActorGroup(rank=2) pid=25269)[0m Tune action head projector: True
[36m(ActorGroup(rank=2) pid=25269)[0m Tune action head diffusion model: True
[36m(ActorGroup(rank=2) pid=25269)[0m Deferring LoRA injection until after pretrained weights are loaded
[36m(ActorGroup(rank=2) pid=25269)[0m [INFO 14:39:37 ActorGroup-Rank-2][__init__.py:80] [DreamZero load 120.3s] DreamZeroPolicy constructed
[36m(ActorGroup(rank=2) pid=25269)[0m [INFO 14:39:37 ActorGroup-Rank-2][__init__.py:80] [DreamZero load 120.3s] loading 6 safetensors shards
[36m(ActorGroup(rank=2) pid=25269)[0m [INFO 14:39:37 ActorGroup-Rank-2][__init__.py:80] [DreamZero load 120.3s] loading shard 1/6: model-00001-of-00006.safetensors
[36m(ActorGroup(rank=2) pid=25269)[0m [INFO 14:39:37 ActorGroup-Rank-2][__init__.py:80] [DreamZero load 120.3s] loading shard 2/6: model-00002-of-00006.safetensors
[36m(ActorGroup(rank=2) pid=25269)[0m [INFO 14:39:37 ActorGroup-Rank-2][__init__.py:80] [DreamZero load 120.4s] loading shard 3/6: model-00003-of-00006.safetensors
[36m(ActorGroup(rank=2) pid=25269)[0m [INFO 14:39:37 ActorGroup-Rank-2][__init__.py:80] [DreamZero load 120.4s] loading shard 4/6: model-00004-of-00006.safetensors
[36m(ActorGroup(rank=2) pid=25269)[0m [INFO 14:39:37 ActorGroup-Rank-2][__init__.py:80] [DreamZero load 120.4s] loading shard 5/6: model-00005-of-00006.safetensors
[36m(ActorGroup(rank=2) pid=25269)[0m [INFO 14:39:37 ActorGroup-Rank-2][__init__.py:80] [DreamZero load 120.4s] loading shard 6/6: model-00006-of-00006.safetensors
[36m(ActorGroup(rank=2) pid=25269)[0m [INFO 14:39:37 ActorGroup-Rank-2][__init__.py:80] [DreamZero load 120.4s] loaded state_dict with 1828 tensors
[36m(ActorGroup(rank=1) pid=25268)[0m Skipping individual component loading (loading from full pretrained model)
[36m(ActorGroup(rank=1) pid=25268)[0m defer_lora_injection@@ True
[36m(ActorGroup(rank=1) pid=25268)[0m Tune action head projector: True
[36m(ActorGroup(rank=1) pid=25268)[0m Tune action head diffusion model: True
[36m(ActorGroup(rank=1) pid=25268)[0m Deferring LoRA injection until after pretrained weights are loaded
[36m(ActorGroup(rank=1) pid=25268)[0m [INFO 14:39:38 ActorGroup-Rank-1][__init__.py:80] [DreamZero load 121.3s] DreamZeroPolicy constructed
[36m(ActorGroup(rank=1) pid=25268)[0m [INFO 14:39:38 ActorGroup-Rank-1][__init__.py:80] [DreamZero load 121.3s] loading 6 safetensors shards
[36m(ActorGroup(rank=1) pid=25268)[0m [INFO 14:39:38 ActorGroup-Rank-1][__init__.py:80] [DreamZero load 121.3s] loading shard 1/6: model-00001-of-00006.safetensors
[36m(ActorGroup(rank=1) pid=25268)[0m [INFO 14:39:38 ActorGroup-Rank-1][__init__.py:80] [DreamZero load 121.3s] loading shard 2/6: model-00002-of-00006.safetensors
[36m(ActorGroup(rank=1) pid=25268)[0m [INFO 14:39:38 ActorGroup-Rank-1][__init__.py:80] [DreamZero load 121.3s] loading shard 3/6: model-00003-of-00006.safetensors
[36m(ActorGroup(rank=1) pid=25268)[0m [INFO 14:39:38 ActorGroup-Rank-1][__init__.py:80] [DreamZero load 121.4s] loading shard 4/6: model-00004-of-00006.safetensors
[36m(ActorGroup(rank=1) pid=25268)[0m [INFO 14:39:38 ActorGroup-Rank-1][__init__.py:80] [DreamZero load 121.4s] loading shard 5/6: model-00005-of-00006.safetensors
[36m(ActorGroup(rank=1) pid=25268)[0m [INFO 14:39:38 ActorGroup-Rank-1][__init__.py:80] [DreamZero load 121.4s] loading shard 6/6: model-00006-of-00006.safetensors
[36m(ActorGroup(rank=1) pid=25268)[0m [INFO 14:39:38 ActorGroup-Rank-1][__init__.py:80] [DreamZero load 121.4s] loaded state_dict with 1828 tensors
[36m(ActorGroup(rank=2) pid=25269)[0m [INFO 14:39:39 ActorGroup-Rank-2][__init__.py:80] [DreamZero load 121.9s] load_state_dict finished missing=6 unexpected=0
[36m(ActorGroup(rank=2) pid=25269)[0m Injecting LoRA after loading pretrained weights
[36m(ActorGroup(rank=0) pid=25267)[0m Skipping individual component loading (loading from full pretrained model)
[36m(ActorGroup(rank=0) pid=25267)[0m defer_lora_injection@@ True
[36m(ActorGroup(rank=0) pid=25267)[0m Tune action head projector: True
[36m(ActorGroup(rank=0) pid=25267)[0m Tune action head diffusion model: True
[36m(ActorGroup(rank=0) pid=25267)[0m Deferring LoRA injection until after pretrained weights are loaded
[36m(ActorGroup(rank=1) pid=25268)[0m [INFO 14:39:40 ActorGroup-Rank-1][__init__.py:80] [DreamZero load 122.9s] load_state_dict finished missing=6 unexpected=0
[36m(ActorGroup(rank=1) pid=25268)[0m Injecting LoRA after loading pretrained weights
[36m(ActorGroup(rank=0) pid=25267)[0m [INFO 14:39:40 ActorGroup-Rank-0][__init__.py:80] [DreamZero load 122.9s] DreamZeroPolicy constructed
[36m(ActorGroup(rank=0) pid=25267)[0m [INFO 14:39:40 ActorGroup-Rank-0][__init__.py:80] [DreamZero load 122.9s] loading 6 safetensors shards
[36m(ActorGroup(rank=0) pid=25267)[0m [INFO 14:39:40 ActorGroup-Rank-0][__init__.py:80] [DreamZero load 122.9s] loading shard 1/6: model-00001-of-00006.safetensors
[36m(ActorGroup(rank=0) pid=25267)[0m [INFO 14:39:40 ActorGroup-Rank-0][__init__.py:80] [DreamZero load 123.0s] loading shard 2/6: model-00002-of-00006.safetensors
[36m(ActorGroup(rank=0) pid=25267)[0m [INFO 14:39:40 ActorGroup-Rank-0][__init__.py:80] [DreamZero load 123.0s] loading shard 3/6: model-00003-of-00006.safetensors
[36m(ActorGroup(rank=0) pid=25267)[0m [INFO 14:39:40 ActorGroup-Rank-0][__init__.py:80] [DreamZero load 123.0s] loading shard 4/6: model-00004-of-00006.safetensors
[36m(ActorGroup(rank=0) pid=25267)[0m [INFO 14:39:40 ActorGroup-Rank-0][__init__.py:80] [DreamZero load 123.0s] loading shard 5/6: model-00005-of-00006.safetensors
[36m(ActorGroup(rank=0) pid=25267)[0m [INFO 14:39:40 ActorGroup-Rank-0][__init__.py:80] [DreamZero load 123.0s] loading shard 6/6: model-00006-of-00006.safetensors
[36m(ActorGroup(rank=0) pid=25267)[0m [INFO 14:39:40 ActorGroup-Rank-0][__init__.py:80] [DreamZero load 123.0s] loaded state_dict with 1828 tensors
[36m(ActorGroup(rank=0) pid=25267)[0m [INFO 14:39:41 ActorGroup-Rank-0][__init__.py:80] [DreamZero load 124.5s] load_state_dict finished missing=6 unexpected=0
[36m(ActorGroup(rank=0) pid=25267)[0m Injecting LoRA after loading pretrained weights
[36m(ActorGroup(rank=3) pid=25271)[0m Skipping individual component loading (loading from full pretrained model)
[36m(ActorGroup(rank=3) pid=25271)[0m defer_lora_injection@@ True
[36m(ActorGroup(rank=3) pid=25271)[0m Tune action head projector: True
[36m(ActorGroup(rank=3) pid=25271)[0m Tune action head diffusion model: True
[36m(ActorGroup(rank=3) pid=25271)[0m Deferring LoRA injection until after pretrained weights are loaded
[36m(ActorGroup(rank=3) pid=25271)[0m [INFO 14:39:46 ActorGroup-Rank-3][__init__.py:80] [DreamZero load 129.4s] DreamZeroPolicy constructed
[36m(ActorGroup(rank=3) pid=25271)[0m [INFO 14:39:46 ActorGroup-Rank-3][__init__.py:80] [DreamZero load 129.4s] loading 6 safetensors shards
[36m(ActorGroup(rank=3) pid=25271)[0m [INFO 14:39:46 ActorGroup-Rank-3][__init__.py:80] [DreamZero load 129.4s] loading shard 1/6: model-00001-of-00006.safetensors
[36m(ActorGroup(rank=3) pid=25271)[0m [INFO 14:39:46 ActorGroup-Rank-3][__init__.py:80] [DreamZero load 129.5s] loading shard 2/6: model-00002-of-00006.safetensors
[36m(ActorGroup(rank=3) pid=25271)[0m [INFO 14:39:46 ActorGroup-Rank-3][__init__.py:80] [DreamZero load 129.5s] loading shard 3/6: model-00003-of-00006.safetensors
[36m(ActorGroup(rank=3) pid=25271)[0m [INFO 14:39:46 ActorGroup-Rank-3][__init__.py:80] [DreamZero load 129.5s] loading shard 4/6: model-00004-of-00006.safetensors
[36m(ActorGroup(rank=3) pid=25271)[0m [INFO 14:39:46 ActorGroup-Rank-3][__init__.py:80] [DreamZero load 129.5s] loading shard 5/6: model-00005-of-00006.safetensors
[36m(ActorGroup(rank=3) pid=25271)[0m [INFO 14:39:46 ActorGroup-Rank-3][__init__.py:80] [DreamZero load 129.5s] loading shard 6/6: model-00006-of-00006.safetensors
[36m(ActorGroup(rank=3) pid=25271)[0m [INFO 14:39:46 ActorGroup-Rank-3][__init__.py:80] [DreamZero load 129.5s] loaded state_dict with 1828 tensors
[36m(ActorGroup(rank=2) pid=25269)[0m Total parameters in diffusion model: 5,616,768,992
[36m(ActorGroup(rank=2) pid=25269)[0m Trainable parameters in diffusion model: 44,890,144
[36m(ActorGroup(rank=2) pid=25269)[0m [INFO 14:39:47 ActorGroup-Rank-2][__init__.py:80] [DreamZero load 130.2s] deferred action_head LoRA injected
[36m(ActorGroup(rank=2) pid=25269)[0m [INFO 14:39:47 ActorGroup-Rank-2][__init__.py:80] [DreamZero load 130.2s] scalar parameters promoted
[36m(ActorGroup(rank=3) pid=25271)[0m [INFO 14:39:48 ActorGroup-Rank-3][__init__.py:80] [DreamZero load 131.0s] load_state_dict finished missing=6 unexpected=0
[36m(ActorGroup(rank=3) pid=25271)[0m Injecting LoRA after loading pretrained weights
[36m(ActorGroup(rank=1) pid=25268)[0m Total parameters in diffusion model: 5,616,768,992
[36m(ActorGroup(rank=1) pid=25268)[0m Trainable parameters in diffusion model: 44,890,144
[36m(ActorGroup(rank=1) pid=25268)[0m [INFO 14:39:48 ActorGroup-Rank-1][__init__.py:80] [DreamZero load 131.2s] deferred action_head LoRA injected
[36m(ActorGroup(rank=1) pid=25268)[0m [INFO 14:39:48 ActorGroup-Rank-1][__init__.py:80] [DreamZero load 131.2s] scalar parameters promoted
[36m(ActorGroup(rank=0) pid=25267)[0m Total parameters in diffusion model: 5,616,768,992
[36m(ActorGroup(rank=0) pid=25267)[0m Trainable parameters in diffusion model: 44,890,144
[36m(ActorGroup(rank=0) pid=25267)[0m [INFO 14:39:49 ActorGroup-Rank-0][__init__.py:80] [DreamZero load 132.7s] deferred action_head LoRA injected
[36m(ActorGroup(rank=0) pid=25267)[0m [INFO 14:39:49 ActorGroup-Rank-0][__init__.py:80] [DreamZero load 132.7s] scalar parameters promoted
[36m(ActorGroup(rank=2) pid=25269)[0m [INFO 14:39:53 ActorGroup-Rank-2][__init__.py:80] [DreamZero load 136.3s] model dtype/device conversion finished
[36m(ActorGroup(rank=1) pid=25268)[0m [INFO 14:39:54 ActorGroup-Rank-1][__init__.py:80] [DreamZero load 137.5s] model dtype/device conversion finished
[36m(ActorGroup(rank=3) pid=25271)[0m Total parameters in diffusion model: 5,616,768,992
[36m(ActorGroup(rank=3) pid=25271)[0m Trainable parameters in diffusion model: 44,890,144
[36m(ActorGroup(rank=3) pid=25271)[0m [INFO 14:39:55 ActorGroup-Rank-3][__init__.py:80] [DreamZero load 138.7s] deferred action_head LoRA injected
[36m(ActorGroup(rank=3) pid=25271)[0m [INFO 14:39:55 ActorGroup-Rank-3][__init__.py:80] [DreamZero load 138.7s] scalar parameters promoted
[36m(ActorGroup(rank=0) pid=25267)[0m [INFO 14:39:56 ActorGroup-Rank-0][__init__.py:80] [DreamZero load 139.0s] model dtype/device conversion finished
[36m(ActorGroup(rank=2) pid=25269)[0m [INFO 14:39:57 ActorGroup-Rank-2][fsdp_model_manager.py:273] [FSDP] Gradient checkpointing is disabled
[36m(ActorGroup(rank=1) pid=25268)[0m [INFO 14:39:59 ActorGroup-Rank-1][fsdp_model_manager.py:273] [FSDP] Gradient checkpointing is disabled
[36m(ActorGroup(rank=0) pid=25267)[0m [INFO 14:40:00 ActorGroup-Rank-0][fsdp_model_manager.py:273] [FSDP] Gradient checkpointing is disabled
[36m(ActorGroup(rank=3) pid=25271)[0m [INFO 14:40:01 ActorGroup-Rank-3][__init__.py:80] [DreamZero load 144.2s] model dtype/device conversion finished
[36m(ActorGroup(rank=3) pid=25271)[0m [INFO 14:40:05 ActorGroup-Rank-3][fsdp_model_manager.py:273] [FSDP] Gradient checkpointing is disabled
[36m(ActorGroup(rank=0) pid=25267)[0m [INFO 14:40:07 ActorGroup-Rank-0][fsdp_actor_worker.py:1351] sync_model_to_rollout: collecting rollout state_dict
[36m(ActorGroup(rank=1) pid=25268)[0m [INFO 14:40:07 ActorGroup-Rank-1][fsdp_actor_worker.py:1351] sync_model_to_rollout: collecting rollout state_dict[36m(RolloutGroup(rank=0) pid=25279)[0m Generating Rollout Epochs:   0%|          | 0/1 [00:00<?, ?it/s]

[36m(ActorGroup(rank=2) pid=25269)[0m [INFO 14:40:07 ActorGroup-Rank-2][fsdp_actor_worker.py:1351] sync_model_to_rollout: collecting rollout state_dict
[36m(ActorGroup(rank=3) pid=25271)[0m [INFO 14:40:07 ActorGroup-Rank-3][fsdp_actor_worker.py:1351] sync_model_to_rollout: collecting rollout state_dict
[36m(ActorGroup(rank=0) pid=25267)[0m [INFO 14:40:08 ActorGroup-Rank-0][fsdp_actor_worker.py:1360] sync_model_to_rollout: state_dict_keys=614 sync_names=614 version=0
[36m(ActorGroup(rank=0) pid=25267)[0m [INFO 14:40:08 ActorGroup-Rank-0][fsdp_actor_worker.py:1405] sync_model_to_rollout: initializing weight sync sender
[36m(ActorGroup(rank=1) pid=25268)[0m [INFO 14:40:08 ActorGroup-Rank-1][fsdp_actor_worker.py:1360] sync_model_to_rollout: state_dict_keys=614 sync_names=614 version=0
[36m(ActorGroup(rank=1) pid=25268)[0m [INFO 14:40:08 ActorGroup-Rank-1][fsdp_actor_worker.py:1405] sync_model_to_rollout: initializing weight sync sender
[36m(ActorGroup(rank=2) pid=25269)[0m [INFO 14:40:08 ActorGroup-Rank-2][fsdp_actor_worker.py:1360] sync_model_to_rollout: state_dict_keys=614 sync_names=614 version=0
[36m(ActorGroup(rank=2) pid=25269)[0m [INFO 14:40:08 ActorGroup-Rank-2][fsdp_actor_worker.py:1405] sync_model_to_rollout: initializing weight sync sender
[36m(ActorGroup(rank=3) pid=25271)[0m [INFO 14:40:08 ActorGroup-Rank-3][fsdp_actor_worker.py:1360] sync_model_to_rollout: state_dict_keys=614 sync_names=614 version=0
[36m(ActorGroup(rank=3) pid=25271)[0m [INFO 14:40:08 ActorGroup-Rank-3][fsdp_actor_worker.py:1405] sync_model_to_rollout: initializing weight sync sender
[36m(ActorGroup(rank=0) pid=25267)[0m [INFO 14:40:10 ActorGroup-Rank-0][fsdp_actor_worker.py:1412] sync_model_to_rollout: weight sync sender initialized
[36m(ActorGroup(rank=0) pid=25267)[0m [INFO 14:40:10 ActorGroup-Rank-0][fsdp_actor_worker.py:1414] sync_model_to_rollout: syncing weights
[36m(ActorGroup(rank=1) pid=25268)[0m [INFO 14:40:10 ActorGroup-Rank-1][fsdp_actor_worker.py:1412] sync_model_to_rollout: weight sync sender initialized
[36m(ActorGroup(rank=1) pid=25268)[0m [INFO 14:40:10 ActorGroup-Rank-1][fsdp_actor_worker.py:1414] sync_model_to_rollout: syncing weights
[36m(ActorGroup(rank=2) pid=25269)[0m [INFO 14:40:10 ActorGroup-Rank-2][fsdp_actor_worker.py:1412] sync_model_to_rollout: weight sync sender initialized
[36m(ActorGroup(rank=2) pid=25269)[0m [INFO 14:40:10 ActorGroup-Rank-2][fsdp_actor_worker.py:1414] sync_model_to_rollout: syncing weights
[36m(ActorGroup(rank=3) pid=25271)[0m [INFO 14:40:10 ActorGroup-Rank-3][fsdp_actor_worker.py:1412] sync_model_to_rollout: weight sync sender initialized
[36m(ActorGroup(rank=3) pid=25271)[0m [INFO 14:40:10 ActorGroup-Rank-3][fsdp_actor_worker.py:1414] sync_model_to_rollout: syncing weights
[36m(ActorGroup(rank=0) pid=25267)[0m [INFO 14:40:11 ActorGroup-Rank-0][fsdp_actor_worker.py:1416] sync_model_to_rollout: weights synced
[36m(ActorGroup(rank=1) pid=25268)[0m [INFO 14:40:11 ActorGroup-Rank-1][fsdp_actor_worker.py:1416] sync_model_to_rollout: weights synced
[36m(ActorGroup(rank=2) pid=25269)[0m [INFO 14:40:11 ActorGroup-Rank-2][fsdp_actor_worker.py:1416] sync_model_to_rollout: weights synced
[36m(ActorGroup(rank=3) pid=25271)[0m [INFO 14:40:11 ActorGroup-Rank-3][fsdp_actor_worker.py:1416] sync_model_to_rollout: weights synced
[36m(RolloutGroup(rank=0) pid=25279)[0m language is None, reset current_start_frame to 0
[36m(RolloutGroup(rank=0) pid=25279)[0m videos shape torch.Size([16, 3, 4, 160, 320]) 33
[36m(RolloutGroup(rank=1) pid=25289)[0m language is None, reset current_start_frame to 0
[36m(RolloutGroup(rank=1) pid=25289)[0m videos shape torch.Size([16, 3, 4, 160, 320]) 33
[36m(RolloutGroup(rank=0) pid=25279)[0m Time taken: Total 4.90 seconds, Text Encoder 1.47 seconds, Image Encoder 1.15 seconds, VAE 0.00 seconds, KV Cache Creation 0.48 seconds, Diffusion 1.75 seconds, DIT Compute Steps 3 steps, Scheduler 0.05 seconds
[36m(RolloutGroup(rank=0) pid=25279)[0m language is None, reset current_start_frame to 0
[36m(RolloutGroup(rank=0) pid=25279)[0m videos shape torch.Size([16, 3, 4, 160, 320]) 33
[36m(RolloutGroup(rank=1) pid=25289)[0m Time taken: Total 4.90 seconds, Text Encoder 1.47 seconds, Image Encoder 1.15 seconds, VAE 0.00 seconds, KV Cache Creation 0.47 seconds, Diffusion 1.75 seconds, DIT Compute Steps 3 steps, Scheduler 0.05 seconds
[36m(RolloutGroup(rank=1) pid=25289)[0m language is None, reset current_start_frame to 0
[36m(RolloutGroup(rank=1) pid=25289)[0m videos shape torch.Size([16, 3, 4, 160, 320]) 
[36m(RolloutGroup(rank=1) pid=25289)[0m 33
[36m(RolloutGroup(rank=0) pid=25279)[0m Time taken: Total 4.44 seconds, Text Encoder 1.21 seconds, Image Encoder 1.05 seconds, VAE 0.00 seconds, KV Cache Creation 0.43 seconds, Diffusion 1.74 seconds, DIT Compute Steps 3 steps, Scheduler 0.01 seconds
[36m(RolloutGroup(rank=0) pid=25279)[0m language is None, reset current_start_frame to 0
[36m(RolloutGroup(rank=0) pid=25279)[0m videos shape torch.Size([16, 3, 4, 160, 320]) 33
[36m(RolloutGroup(rank=1) pid=25289)[0m Time taken: Total 4.45 seconds, Text Encoder 1.21 seconds, Image Encoder 1.05 seconds, VAE 0.00 seconds, KV Cache Creation 0.44 seconds, Diffusion 1.75 seconds, DIT Compute Steps 3 steps, Scheduler 0.01 seconds
[36m(RolloutGroup(rank=1) pid=25289)[0m language is None, reset current_start_frame to 0
[36m(RolloutGroup(rank=1) pid=25289)[0m videos shape torch.Size([16, 3, 4, 160, 320]) 33
[36m(RolloutGroup(rank=0) pid=25279)[0m Time taken: Total 4.44 seconds, Text Encoder 1.21 seconds, Image Encoder 1.05 seconds, VAE 0.00 seconds, KV Cache Creation 0.43 seconds, Diffusion 1.74 seconds, DIT Compute Steps 3 steps, Scheduler 0.01 seconds
[36m(RolloutGroup(rank=0) pid=25279)[0m language is None, reset current_start_frame to 0
[36m(RolloutGroup(rank=0) pid=25279)[0m videos shape torch.Size([16, 3, 4, 160, 320]) 33
[36m(RolloutGroup(rank=1) pid=25289)[0m Time taken: Total 4.45 seconds, Text Encoder 1.21 seconds, Image Encoder 1.05 seconds, VAE 0.00 seconds, KV Cache Creation 0.44 seconds, Diffusion 1.75 seconds, DIT Compute Steps 3 steps, Scheduler 0.01 seconds
[36m(RolloutGroup(rank=1) pid=25289)[0m language is None, reset current_start_frame to 0
[36m(RolloutGroup(rank=1) pid=25289)[0m videos shape torch.Size([16, 3, 4, 160, 320]) 33
[36m(RolloutGroup(rank=0) pid=25279)[0m Time taken: Total 4.44 seconds, Text Encoder 1.21 seconds, Image Encoder 1.05 seconds, VAE 0.00 seconds, KV Cache Creation 0.43 seconds, Diffusion 1.74 seconds, DIT Compute Steps 3 steps, Scheduler 0.01 seconds
[36m(RolloutGroup(rank=0) pid=25279)[0m language is None, reset current_start_frame to 0
[36m(RolloutGroup(rank=0) pid=25279)[0m videos shape torch.Size([16, 3, 4, 160, 320]) 33
[36m(RolloutGroup(rank=1) pid=25289)[0m Time taken: Total 4.45 seconds, Text Encoder 1.21 seconds, Image Encoder 1.05 seconds, VAE 0.00 seconds, KV Cache Creation 0.44 seconds, Diffusion 1.75 seconds, DIT Compute Steps 3 steps, Scheduler 0.01 seconds
[36m(RolloutGroup(rank=1) pid=25289)[0m language is None, reset current_start_frame to 0
[36m(RolloutGroup(rank=1) pid=25289)[0m videos shape torch.Size([16, 3, 4, 160, 320]) 33
[36m(RolloutGroup(rank=0) pid=25279)[0m Time taken: Total 4.45 seconds, Text Encoder 1.21 seconds, Image Encoder 1.05 seconds, VAE 0.00 seconds, KV Cache Creation 0.43 seconds, Diffusion 1.74 seconds, DIT Compute Steps 3 steps, Scheduler 0.01 seconds
[36m(RolloutGroup(rank=0) pid=25279)[0m language is None, reset current_start_frame to 0
[36m(RolloutGroup(rank=0) pid=25279)[0m videos shape torch.Size([16, 3, 4, 160, 320]) 33
[36m(RolloutGroup(rank=1) pid=25289)[0m Time taken: Total 4.45 seconds, Text Encoder 1.21 seconds, Image Encoder 1.05 seconds, VAE 0.00 seconds, KV Cache Creation 0.43 seconds, Diffusion 1.74 seconds, DIT Compute Steps 3 steps, Scheduler 0.01 seconds
[36m(RolloutGroup(rank=1) pid=25289)[0m language is None, reset current_start_frame to 0
[36m(RolloutGroup(rank=1) pid=25289)[0m videos shape torch.Size([16, 3, 4, 160, 320]) 33
[36m(RolloutGroup(rank=0) pid=25279)[0m Time taken: Total 4.44 seconds, Text Encoder 1.21 seconds, Image Encoder 1.05 seconds, VAE 0.00 seconds, KV Cache Creation 0.43 seconds, Diffusion 1.74 seconds, DIT Compute Steps 3 steps, Scheduler 0.01 seconds
[36m(RolloutGroup(rank=0) pid=25279)[0m language is None, reset current_start_frame to 0
[36m(RolloutGroup(rank=0) pid=25279)[0m videos shape torch.Size([16, 3, 4, 160, 320]) 33
[36m(RolloutGroup(rank=1) pid=25289)[0m Time taken: Total 4.45 seconds, Text Encoder 1.21 seconds, Image Encoder 1.06 seconds, VAE 0.00 seconds, KV Cache Creation 0.43 seconds, Diffusion 1.74 seconds, DIT Compute Steps 3 steps, Scheduler 0.01 seconds
[36m(RolloutGroup(rank=1) pid=25289)[0m language is None, reset current_start_frame to 0
[36m(RolloutGroup(rank=1) pid=25289)[0m videos shape torch.Size([16, 3, 4, 160, 320]) 33
[36m(RolloutGroup(rank=0) pid=25279)[0m Time taken: Total 4.44 seconds, Text Encoder 1.21 seconds, Image Encoder 1.05 seconds, VAE 0.00 seconds, KV Cache Creation 0.43 seconds, Diffusion 1.74 seconds, DIT Compute Steps 3 steps, Scheduler 0.01 seconds
[36m(RolloutGroup(rank=0) pid=25279)[0m language is None, reset current_start_frame to 0
[36m(RolloutGroup(rank=0) pid=25279)[0m videos shape torch.Size([16, 3, 4, 160, 320]) 33
[36m(RolloutGroup(rank=1) pid=25289)[0m Time taken: Total 4.45 seconds, Text Encoder 1.21 seconds, Image Encoder 1.06 seconds, VAE 0.00 seconds, KV Cache Creation 0.43 seconds, Diffusion 1.74 seconds, DIT Compute Steps 3 steps, Scheduler 0.01 seconds
[36m(RolloutGroup(rank=1) pid=25289)[0m language is None, reset current_start_frame to 0
[36m(RolloutGroup(rank=1) pid=25289)[0m videos shape torch.Size([16, 3, 4, 160, 320]) 33
[36m(RolloutGroup(rank=0) pid=25279)[0m Time taken: Total 4.44 seconds, Text Encoder 1.21 seconds, Image Encoder 1.05 seconds, VAE 0.00 seconds, KV Cache Creation 0.43 seconds, Diffusion 1.74 seconds, DIT Compute Steps 3 steps, Scheduler 0.01 seconds
[36m(RolloutGroup(rank=0) pid=25279)[0m language is None, reset current_start_frame to 0
[36m(RolloutGroup(rank=0) pid=25279)[0m videos shape torch.Size([16, 3, 4, 160, 320]) 33
[36m(RolloutGroup(rank=1) pid=25289)[0m Time taken: Total 4.45 seconds, Text Encoder 1.21 seconds, Image Encoder 1.06 seconds, VAE 0.00 seconds, KV Cache Creation 0.43 seconds, Diffusion 1.74 seconds, DIT Compute Steps 3 steps, Scheduler 0.01 seconds
[36m(RolloutGroup(rank=1) pid=25289)[0m language is None, reset current_start_frame to 0
[36m(RolloutGroup(rank=1) pid=25289)[0m videos shape torch.Size([16, 3, 4, 160, 320]) 33
[36m(RolloutGroup(rank=0) pid=25279)[0m Time taken: Total 4.44 seconds, Text Encoder 1.21 seconds, Image Encoder 1.05 seconds, VAE 0.00 seconds, KV Cache Creation 0.43 seconds, Diffusion 1.74 seconds, DIT Compute Steps 3 steps, Scheduler 0.01 seconds
[36m(RolloutGroup(rank=0) pid=25279)[0m language is None, reset current_start_frame to 0
[36m(RolloutGroup(rank=0) pid=25279)[0m videos shape torch.Size([16, 3, 4, 160, 320]) 33
[36m(RolloutGroup(rank=1) pid=25289)[0m Time taken: Total 4.45 seconds, Text Encoder 1.21 seconds, Image Encoder 1.06 seconds, VAE 0.00 seconds, KV Cache Creation 0.43 seconds, Diffusion 1.74 seconds, DIT Compute Steps 3 steps, Scheduler 0.01 seconds
[36m(RolloutGroup(rank=1) pid=25289)[0m language is None, reset current_start_frame to 0
[36m(RolloutGroup(rank=1) pid=25289)[0m videos shape torch.Size([16, 3, 4, 160, 320]) 33
[36m(RolloutGroup(rank=0) pid=25279)[0m Time taken: Total 4.45 seconds, Text Encoder 1.21 seconds, Image Encoder 1.05 seconds, VAE 0.00 seconds, KV Cache Creation 0.43 seconds, Diffusion 1.74 seconds, DIT Compute Steps 3 steps, Scheduler 0.01 seconds
[36m(RolloutGroup(rank=1) pid=25289)[0m Time taken: Total 4.45 seconds, Text Encoder 1.21 seconds, Image Encoder 1.06 seconds, VAE 0.00 seconds, KV Cache Creation 0.44 seconds, Diffusion 1.74 seconds, DIT Compute Steps 3 steps, Scheduler 0.01 seconds
[36m(RolloutGroup(rank=0) pid=25279)[0m language is None, reset current_start_frame to 0
[36m(RolloutGroup(rank=0) pid=25279)[0m videos shape torch.Size([16, 3, 4, 160, 320]) 33
[36m(RolloutGroup(rank=1) pid=25289)[0m language is None, reset current_start_frame to 0
[36m(RolloutGroup(rank=1) pid=25289)[0m videos shape torch.Size([16, 3, 4, 160, 320]) 33
[36m(RolloutGroup(rank=0) pid=25279)[0m Time taken: Total 4.47 seconds, Text Encoder 1.22 seconds, Image Encoder 1.05 seconds, VAE 0.00 seconds, KV Cache Creation 0.44 seconds, Diffusion 1.75 seconds, DIT Compute Steps 3 steps, Scheduler 0.01 seconds
[36m(RolloutGroup(rank=0) pid=25279)[0m language is None, reset current_start_frame to 0
[36m(RolloutGroup(rank=0) pid=25279)[0m videos shape torch.Size([16, 3, 4, 160, 320]) 33
[36m(RolloutGroup(rank=1) pid=25289)[0m Time taken: Total 4.47 seconds, Text Encoder 1.23 seconds, Image Encoder 1.06 seconds, VAE 0.00 seconds, KV Cache Creation 0.43 seconds, Diffusion 1.74 seconds, DIT Compute Steps 3 steps, Scheduler 0.01 seconds
[36m(RolloutGroup(rank=1) pid=25289)[0m language is None, reset current_start_frame to 0
[36m(RolloutGroup(rank=1) pid=25289)[0m videos shape torch.Size([16, 3, 4, 160, 320]) 33
[36m(RolloutGroup(rank=0) pid=25279)[0m Time taken: Total 4.45 seconds, Text Encoder 1.21 seconds, Image Encoder 1.05 seconds, VAE 0.00 seconds, KV Cache Creation 0.44 seconds, Diffusion 1.75 seconds, DIT Compute Steps 3 steps, Scheduler 0.01 seconds
[36m(RolloutGroup(rank=0) pid=25279)[0m language is None, reset current_start_frame to 0
[36m(RolloutGroup(rank=0) pid=25279)[0m videos shape torch.Size([16, 3, 4, 160, 320]) 33
[36m(RolloutGroup(rank=1) pid=25289)[0m Time taken: Total 4.45 seconds, Text Encoder 1.21 seconds, Image Encoder 1.06 seconds, VAE 0.00 seconds, KV Cache Creation 0.43 seconds, Diffusion 1.74 seconds, DIT Compute Steps 3 steps, Scheduler 0.01 seconds
[36m(RolloutGroup(rank=1) pid=25289)[0m language is None, reset current_start_frame to 0
[36m(RolloutGroup(rank=1) pid=25289)[0m videos shape torch.Size([16, 3, 4, 160, 320]) 33
[36m(RolloutGroup(rank=0) pid=25279)[0m Time taken: Total 4.45 seconds, Text Encoder 1.21 seconds, Image Encoder 1.05 seconds, VAE 0.00 seconds, KV Cache Creation 0.44 seconds, Diffusion 1.75 seconds, DIT Compute Steps 3 steps, Scheduler 0.01 seconds
[36m(RolloutGroup(rank=0) pid=25279)[0m language is None, reset current_start_frame to 0
[36m(RolloutGroup(rank=0) pid=25279)[0m videos shape torch.Size([16, 3, 4, 160, 320]) 33
[36m(RolloutGroup(rank=1) pid=25289)[0m Time taken: Total 4.44 seconds, Text Encoder 1.21 seconds, Image Encoder 1.06 seconds, VAE 0.00 seconds, KV Cache Creation 0.43 seconds, Diffusion 1.74 seconds, DIT Compute Steps 3 steps, Scheduler 0.01 seconds
[36m(RolloutGroup(rank=1) pid=25289)[0m language is None, reset current_start_frame to 0
[36m(RolloutGroup(rank=1) pid=25289)[0m videos shape torch.Size([16, 3, 4, 160, 320]) 33
[36m(RolloutGroup(rank=0) pid=25279)[0m Time taken: Total 4.45 seconds, Text Encoder 1.21 seconds, Image Encoder 1.06 seconds, VAE 0.00 seconds, KV Cache Creation 0.44 seconds, Diffusion 1.75 seconds, DIT Compute Steps 3 steps, Scheduler 0.01 seconds
[36m(RolloutGroup(rank=0) pid=25279)[0m language is None, reset current_start_frame to 0
[36m(RolloutGroup(rank=0) pid=25279)[0m videos shape torch.Size([16, 3, 4, 160, 320]) 33
[36m(RolloutGroup(rank=1) pid=25289)[0m Time taken: Total 4.45 seconds, Text Encoder 1.21 seconds, Image Encoder 1.06 seconds, VAE 0.00 seconds, KV Cache Creation 0.43 seconds, Diffusion 1.74 seconds, DIT Compute Steps 3 steps, Scheduler 0.01 seconds
[36m(RolloutGroup(rank=1) pid=25289)[0m language is None, reset current_start_frame to 0
[36m(RolloutGroup(rank=1) pid=25289)[0m videos shape torch.Size([16, 3, 4, 160, 320]) 33
[36m(RolloutGroup(rank=0) pid=25279)[0m Time taken: Total 4.45 seconds, Text Encoder 1.21 seconds, Image Encoder 1.05 seconds, VAE 0.00 seconds, KV Cache Creation 0.44 seconds, Diffusion 1.75 seconds, DIT Compute Steps 3 steps, Scheduler 0.01 seconds
[36m(RolloutGroup(rank=0) pid=25279)[0m language is None, reset current_start_frame to 0
[36m(RolloutGroup(rank=0) pid=25279)[0m videos shape torch.Size([16, 3, 4, 160, 320]) 33
[36m(RolloutGroup(rank=1) pid=25289)[0m Time taken: Total 4.45 seconds, Text Encoder 1.21 seconds, Image Encoder 1.06 seconds, VAE 0.00 seconds, KV Cache Creation 0.43 seconds, Diffusion 1.74 seconds, DIT Compute Steps 3 steps, Scheduler 0.01 seconds
[36m(RolloutGroup(rank=1) pid=25289)[0m language is None, reset current_start_frame to 0
[36m(RolloutGroup(rank=1) pid=25289)[0m videos shape torch.Size([16, 3, 4, 160, 320]) 33
[36m(RolloutGroup(rank=0) pid=25279)[0m Time taken: Total 4.45 seconds, Text Encoder 1.21 seconds, Image Encoder 1.05 seconds, VAE 0.00 seconds, KV Cache Creation 0.44 seconds, Diffusion 1.74 seconds, DIT Compute Steps 3 steps, Scheduler 0.01 seconds
[36m(RolloutGroup(rank=0) pid=25279)[0m language is None, reset current_start_frame to 0
[36m(RolloutGroup(rank=0) pid=25279)[0m videos shape torch.Size([16, 3, 4, 160, 320]) 33
[36m(RolloutGroup(rank=1) pid=25289)[0m Time taken: Total 4.45 seconds, Text Encoder 1.21 seconds, Image Encoder 1.06 seconds, VAE 0.00 seconds, KV Cache Creation 0.43 seconds, Diffusion 1.74 seconds, DIT Compute Steps 3 steps, Scheduler 0.01 seconds
[36m(RolloutGroup(rank=1) pid=25289)[0m language is None, reset current_start_frame to 0
[36m(RolloutGroup(rank=1) pid=25289)[0m videos shape torch.Size([16, 3, 4, 160, 320]) 33
[36m(RolloutGroup(rank=0) pid=25279)[0m Time taken: Total 4.44 seconds, Text Encoder 1.21 seconds, Image Encoder 1.05 seconds, VAE 0.00 seconds, KV Cache Creation 0.43 seconds, Diffusion 1.74 seconds, DIT Compute Steps 3 steps, Scheduler 0.01 seconds
[36m(RolloutGroup(rank=0) pid=25279)[0m language is None, reset current_start_frame to 0
[36m(RolloutGroup(rank=0) pid=25279)[0m videos shape torch.Size([16, 3, 4, 160, 320]) 33
[36m(RolloutGroup(rank=1) pid=25289)[0m Time taken: Total 4.45 seconds, Text Encoder 1.21 seconds, Image Encoder 1.06 seconds, VAE 0.00 seconds, KV Cache Creation 0.43 seconds, Diffusion 1.74 seconds, DIT Compute Steps 3 steps, Scheduler 0.01 seconds
[36m(RolloutGroup(rank=1) pid=25289)[0m language is None, reset current_start_frame to 0
[36m(RolloutGroup(rank=1) pid=25289)[0m videos shape torch.Size([16, 3, 4, 160, 320]) 33
[36m(RolloutGroup(rank=0) pid=25279)[0m Time taken: Total 4.45 seconds, Text Encoder 1.21 seconds, Image Encoder 1.05 seconds, VAE 0.00 seconds, KV Cache Creation 0.43 seconds, Diffusion 1.74 seconds, DIT Compute Steps 3 steps, Scheduler 0.01 seconds
[36m(RolloutGroup(rank=0) pid=25279)[0m language is None, reset current_start_frame to 0
[36m(RolloutGroup(rank=0) pid=25279)[0m videos shape torch.Size([16, 3, 4, 160, 320]) 33
[36m(RolloutGroup(rank=1) pid=25289)[0m Time taken: Total 4.45 seconds, Text Encoder 1.21 seconds, Image Encoder 1.06 seconds, VAE 0.00 seconds, KV Cache Creation 0.43 seconds, Diffusion 1.74 seconds, DIT Compute Steps 3 steps, Scheduler 0.01 seconds
[36m(RolloutGroup(rank=1) pid=25289)[0m language is None, reset current_start_frame to 0
[36m(RolloutGroup(rank=1) pid=25289)[0m videos shape torch.Size([16, 3, 4, 160, 320]) 33
[36m(RolloutGroup(rank=0) pid=25279)[0m Time taken: Total 4.45 seconds, Text Encoder 1.21 seconds, Image Encoder 1.05 seconds, VAE 0.00 seconds, KV Cache Creation 0.43 seconds, Diffusion 1.74 seconds, DIT Compute Steps 3 steps, Scheduler 0.01 seconds
[36m(RolloutGroup(rank=0) pid=25279)[0m language is None, reset current_start_frame to 0
[36m(RolloutGroup(rank=0) pid=25279)[0m videos shape torch.Size([16, 3, 4, 160, 320]) 33
[36m(RolloutGroup(rank=1) pid=25289)[0m Time taken: Total 4.45 seconds, Text Encoder 1.21 seconds, Image Encoder 1.06 seconds, VAE 0.00 seconds, KV Cache Creation 0.43 seconds, Diffusion 1.74 seconds, DIT Compute Steps 3 steps, Scheduler 0.01 seconds
[36m(RolloutGroup(rank=1) pid=25289)[0m language is None, reset current_start_frame to 0
[36m(RolloutGroup(rank=1) pid=25289)[0m videos shape torch.Size([16, 3, 4, 160, 320]) 33
[36m(RolloutGroup(rank=0) pid=25279)[0m Time taken: Total 4.45 seconds, Text Encoder 1.21 seconds, Image Encoder 1.05 seconds, VAE 0.00 seconds, KV Cache Creation 0.43 seconds, Diffusion 1.74 seconds, DIT Compute Steps 3 steps, Scheduler 0.01 seconds
[36m(RolloutGroup(rank=1) pid=25289)[0m Time taken: Total 4.45 seconds, Text Encoder 1.21 seconds, Image Encoder 1.06 seconds, VAE 0.00 seconds, KV Cache Creation 0.43 seconds, Diffusion 1.74 seconds, DIT Compute Steps 3 steps, Scheduler 0.01 seconds
[36m(RolloutGroup(rank=0) pid=25279)[0m language is None, reset current_start_frame to 0
[36m(RolloutGroup(rank=0) pid=25279)[0m videos shape torch.Size([16, 3, 4, 160, 320]) 33
[36m(RolloutGroup(rank=1) pid=25289)[0m language is None, reset current_start_frame to 0
[36m(RolloutGroup(rank=1) pid=25289)[0m videos shape torch.Size([16, 3, 4, 160, 320]) 33
[36m(RolloutGroup(rank=0) pid=25279)[0m Time taken: Total 4.45 seconds, Text Encoder 1.21 seconds, Image Encoder 1.05 seconds, VAE 0.00 seconds, KV Cache Creation 0.44 seconds, Diffusion 1.74 seconds, DIT Compute Steps 3 steps, Scheduler 0.01 seconds
[36m(RolloutGroup(rank=0) pid=25279)[0m language is None, reset current_start_frame to 0
[36m(RolloutGroup(rank=0) pid=25279)[0m videos shape torch.Size([16, 3, 4, 160, 320]) 33
[36m(RolloutGroup(rank=1) pid=25289)[0m Time taken: Total 4.45 seconds, Text Encoder 1.21 seconds, Image Encoder 1.06 seconds, VAE 0.00 seconds, KV Cache Creation 0.43 seconds, Diffusion 1.74 seconds, DIT Compute Steps 3 steps, Scheduler 0.01 seconds
[36m(RolloutGroup(rank=1) pid=25289)[0m language is None, reset current_start_frame to 0
[36m(RolloutGroup(rank=1) pid=25289)[0m videos shape torch.Size([16, 3, 4, 160, 320]) 33
[36m(RolloutGroup(rank=0) pid=25279)[0m Time taken: Total 4.45 seconds, Text Encoder 1.21 seconds, Image Encoder 1.05 seconds, VAE 0.00 seconds, KV Cache Creation 0.43 seconds, Diffusion 1.74 seconds, DIT Compute Steps 3 steps, Scheduler 0.01 seconds
[36m(RolloutGroup(rank=0) pid=25279)[0m language is None, reset current_start_frame to 0
[36m(RolloutGroup(rank=0) pid=25279)[0m videos shape torch.Size([16, 3, 4, 160, 320]) 33
[36m(RolloutGroup(rank=1) pid=25289)[0m Time taken: Total 4.45 seconds, Text Encoder 1.21 seconds, Image Encoder 1.06 seconds, VAE 0.00 seconds, KV Cache Creation 0.43 seconds, Diffusion 1.74 seconds, DIT Compute Steps 3 steps, Scheduler 0.01 seconds
[36m(RolloutGroup(rank=1) pid=25289)[0m language is None, reset current_start_frame to 0
[36m(RolloutGroup(rank=1) pid=25289)[0m videos shape torch.Size([16, 3, 4, 160, 320]) 33
[36m(RolloutGroup(rank=0) pid=25279)[0m Time taken: Total 4.45 seconds, Text Encoder 1.21 seconds, Image Encoder 1.05 seconds, VAE 0.00 seconds, KV Cache Creation 0.43 seconds, Diffusion 1.74 seconds, DIT Compute Steps 3 steps, Scheduler 0.01 seconds
[36m(RolloutGroup(rank=0) pid=25279)[0m language is None, reset current_start_frame to 0
[36m(RolloutGroup(rank=0) pid=25279)[0m videos shape torch.Size([16, 3, 4, 160, 320]) 33
[36m(RolloutGroup(rank=1) pid=25289)[0m Time taken: Total 4.45 seconds, Text Encoder 1.21 seconds, Image Encoder 1.06 seconds, VAE 0.00 seconds, KV Cache Creation 0.43 seconds, Diffusion 1.74 seconds, DIT Compute Steps 3 steps, Scheduler 0.01 seconds
[36m(RolloutGroup(rank=1) pid=25289)[0m language is None, reset current_start_frame to 0
[36m(RolloutGroup(rank=1) pid=25289)[0m videos shape torch.Size([16, 3, 4, 160, 320]) 33
[36m(RolloutGroup(rank=0) pid=25279)[0m Time taken: Total 4.45 seconds, Text Encoder 1.21 seconds, Image Encoder 1.05 seconds, VAE 0.00 seconds, KV Cache Creation 0.43 seconds, Diffusion 1.74 seconds, DIT Compute Steps 3 steps, Scheduler 0.01 seconds
[36m(RolloutGroup(rank=0) pid=25279)[0m language is None, reset current_start_frame to 0
[36m(RolloutGroup(rank=0) pid=25279)[0m videos shape torch.Size([16, 3, 4, 160, 320]) 33
[36m(RolloutGroup(rank=1) pid=25289)[0m Time taken: Total 4.45 seconds, Text Encoder 1.21 seconds, Image Encoder 1.06 seconds, VAE 0.00 seconds, KV Cache Creation 0.43 seconds, Diffusion 1.74 seconds, DIT Compute Steps 3 steps, Scheduler 0.01 seconds
[36m(RolloutGroup(rank=1) pid=25289)[0m language is None, reset current_start_frame to 0
[36m(RolloutGroup(rank=1) pid=25289)[0m videos shape torch.Size([16, 3, 4, 160, 320]) 33
[36m(RolloutGroup(rank=0) pid=25279)[0m Time taken: Total 4.45 seconds, Text Encoder 1.21 seconds, Image Encoder 1.05 seconds, VAE 0.00 seconds, KV Cache Creation 0.43 seconds, Diffusion 1.74 seconds, DIT Compute Steps 3 steps, Scheduler 0.01 seconds
[36m(RolloutGroup(rank=0) pid=25279)[0m language is None, reset current_start_frame to 0
[36m(RolloutGroup(rank=0) pid=25279)[0m videos shape torch.Size([16, 3, 4, 160, 320]) 33
[36m(RolloutGroup(rank=1) pid=25289)[0m Time taken: Total 4.45 seconds, Text Encoder 1.21 seconds, Image Encoder 1.06 seconds, VAE 0.00 seconds, KV Cache Creation 0.43 seconds, Diffusion 1.74 seconds, DIT Compute Steps 3 steps, Scheduler 0.01 seconds
[36m(RolloutGroup(rank=1) pid=25289)[0m language is None, reset current_start_frame to 0
[36m(RolloutGroup(rank=1) pid=25289)[0m videos shape torch.Size([16, 3, 4, 160, 320]) 33
[36m(RolloutGroup(rank=0) pid=25279)[0m Time taken: Total 4.45 seconds, Text Encoder 1.21 seconds, Image Encoder 1.05 seconds, VAE 0.00 seconds, KV Cache Creation 0.43 seconds, Diffusion 1.74 seconds, DIT Compute Steps 3 steps, Scheduler 0.01 seconds
[36m(RolloutGroup(rank=0) pid=25279)[0m language is None, reset current_start_frame to 0
[36m(RolloutGroup(rank=0) pid=25279)[0m videos shape torch.Size([16, 3, 4, 160, 320]) 33
[36m(RolloutGroup(rank=1) pid=25289)[0m Time taken: Total 4.45 seconds, Text Encoder 1.21 seconds, Image Encoder 1.06 seconds, VAE 0.00 seconds, KV Cache Creation 0.43 seconds, Diffusion 1.74 seconds, DIT Compute Steps 3 steps, Scheduler 0.01 seconds
[36m(RolloutGroup(rank=1) pid=25289)[0m language is None, reset current_start_frame to 0
[36m(RolloutGroup(rank=1) pid=25289)[0m videos shape torch.Size([16, 3, 4, 160, 320]) 33
[36m(RolloutGroup(rank=0) pid=25279)[0m Time taken: Total 4.45 seconds, Text Encoder 1.21 seconds, Image Encoder 1.05 seconds, VAE 0.00 seconds, KV Cache Creation 0.43 seconds, Diffusion 1.74 seconds, DIT Compute Steps 3 steps, Scheduler 0.01 seconds
[36m(RolloutGroup(rank=0) pid=25279)[0m language is None, reset current_start_frame to 0
[36m(RolloutGroup(rank=0) pid=25279)[0m videos shape torch.Size([16, 3, 4, 160, 320]) 33
[36m(RolloutGroup(rank=1) pid=25289)[0m Time taken: Total 4.45 seconds, Text Encoder 1.21 seconds, Image Encoder 1.06 seconds, VAE 0.00 seconds, KV Cache Creation 0.43 seconds, Diffusion 1.74 seconds, DIT Compute Steps 3 steps, Scheduler 0.01 seconds
[36m(RolloutGroup(rank=1) pid=25289)[0m language is None, reset current_start_frame to 0
[36m(RolloutGroup(rank=1) pid=25289)[0m videos shape torch.Size([16, 3, 4, 160, 320]) 33
[36m(RolloutGroup(rank=0) pid=25279)[0m Time taken: Total 4.44 seconds, Text Encoder 1.21 seconds, Image Encoder 1.05 seconds, VAE 0.00 seconds, KV Cache Creation 0.43 seconds, Diffusion 1.74 seconds, DIT Compute Steps 3 steps, Scheduler 0.01 seconds
[36m(RolloutGroup(rank=0) pid=25279)[0m language is None, reset current_start_frame to 0
[36m(RolloutGroup(rank=0) pid=25279)[0m videos shape torch.Size([16, 3, 4, 160, 320]) 33
[36m(RolloutGroup(rank=1) pid=25289)[0m Time taken: Total 4.45 seconds, Text Encoder 1.21 seconds, Image Encoder 1.06 seconds, VAE 0.00 seconds, KV Cache Creation 0.43 seconds, Diffusion 1.74 seconds, DIT Compute Steps 3 steps, Scheduler 0.01 seconds
[36m(RolloutGroup(rank=1) pid=25289)[0m language is None, reset current_start_frame to 0
[36m(RolloutGroup(rank=1) pid=25289)[0m videos shape torch.Size([16, 3, 4, 160, 320]) 33
[36m(RolloutGroup(rank=0) pid=25279)[0m Time taken: Total 4.44 seconds, Text Encoder 1.21 seconds, Image Encoder 1.05 seconds, VAE 0.00 seconds, KV Cache Creation 0.43 seconds, Diffusion 1.74 seconds, DIT Compute Steps 3 steps, Scheduler 0.01 seconds
[36m(RolloutGroup(rank=0) pid=25279)[0m language is None, reset current_start_frame to 0
[36m(RolloutGroup(rank=0) pid=25279)[0m videos shape torch.Size([16, 3, 4, 160, 320]) 33
[36m(RolloutGroup(rank=1) pid=25289)[0m Time taken: Total 4.44 seconds, Text Encoder 1.21 seconds, Image Encoder 1.06 seconds, VAE 0.00 seconds, KV Cache Creation 0.43 seconds, Diffusion 1.74 seconds, DIT Compute Steps 3 steps, Scheduler 0.01 seconds
[36m(RolloutGroup(rank=1) pid=25289)[0m language is None, reset current_start_frame to 0
[36m(RolloutGroup(rank=1) pid=25289)[0m videos shape torch.Size([16, 3, 4, 160, 320]) 33
[36m(RolloutGroup(rank=0) pid=25279)[0m Time taken: Total 4.45 seconds, Text Encoder 1.21 seconds, Image Encoder 1.05 seconds, VAE 0.00 seconds, KV Cache Creation 0.43 seconds, Diffusion 1.74 seconds, DIT Compute Steps 3 steps, Scheduler 0.01 seconds
[36m(RolloutGroup(rank=1) pid=25289)[0m Time taken: Total 4.45 seconds, Text Encoder 1.21 seconds, Image Encoder 1.06 seconds, VAE 0.00 seconds, KV Cache Creation 0.43 seconds, Diffusion 1.74 seconds, DIT Compute Steps 3 steps, Scheduler 0.01 seconds
[36m(RolloutGroup(rank=0) pid=25279)[0m language is None, reset current_start_frame to 0
[36m(RolloutGroup(rank=0) pid=25279)[0m videos shape torch.Size([16, 3, 4, 160, 320]) 33
[36m(RolloutGroup(rank=1) pid=25289)[0m language is None, reset current_start_frame to 0
[36m(RolloutGroup(rank=1) pid=25289)[0m videos shape torch.Size([16, 3, 4, 160, 320]) 33
[36m(RolloutGroup(rank=0) pid=25279)[0m Time taken: Total 4.46 seconds, Text Encoder 1.21 seconds, Image Encoder 1.05 seconds, VAE 0.00 seconds, KV Cache Creation 0.44 seconds, Diffusion 1.75 seconds, DIT Compute Steps 3 steps, Scheduler 0.01 seconds
[36m(RolloutGroup(rank=0) pid=25279)[0m language is None, reset current_start_frame to 0
[36m(RolloutGroup(rank=0) pid=25279)[0m videos shape torch.Size([16, 3, 4, 160, 320]) 33
[36m(RolloutGroup(rank=1) pid=25289)[0m Time taken: Total 4.45 seconds, Text Encoder 1.21 seconds, Image Encoder 1.06 seconds, VAE 0.00 seconds, KV Cache Creation 0.43 seconds, Diffusion 1.74 seconds, DIT Compute Steps 3 steps, Scheduler 0.01 seconds
[36m(RolloutGroup(rank=1) pid=25289)[0m language is None, reset current_start_frame to 0
[36m(RolloutGroup(rank=1) pid=25289)[0m videos shape torch.Size([16, 3, 4, 160, 320]) 33
[36m(RolloutGroup(rank=0) pid=25279)[0m Time taken: Total 4.45 seconds, Text Encoder 1.21 seconds, Image Encoder 1.05 seconds, VAE 0.00 seconds, KV Cache Creation 0.43 seconds, Diffusion 1.75 seconds, DIT Compute Steps 3 steps, Scheduler 0.01 seconds
[36m(RolloutGroup(rank=0) pid=25279)[0m language is None, reset current_start_frame to 0
[36m(RolloutGroup(rank=0) pid=25279)[0m videos shape torch.Size([16, 3, 4, 160, 320]) 33
[36m(RolloutGroup(rank=1) pid=25289)[0m Time taken: Total 4.45 seconds, Text Encoder 1.21 seconds, Image Encoder 1.06 seconds, VAE 0.00 seconds, KV Cache Creation 0.43 seconds, Diffusion 1.74 seconds, DIT Compute Steps 3 steps, Scheduler 0.01 seconds
[36m(RolloutGroup(rank=1) pid=25289)[0m language is None, reset current_start_frame to 0
[36m(RolloutGroup(rank=1) pid=25289)[0m videos shape torch.Size([16, 3, 4, 160, 320]) 33
[36m(RolloutGroup(rank=0) pid=25279)[0m Time taken: Total 4.45 seconds, Text Encoder 1.21 seconds, Image Encoder 1.05 seconds, VAE 0.00 seconds, KV Cache Creation 0.44 seconds, Diffusion 1.75 seconds, DIT Compute Steps 3 steps, Scheduler 0.01 seconds
[36m(RolloutGroup(rank=0) pid=25279)[0m language is None, reset current_start_frame to 0
[36m(RolloutGroup(rank=0) pid=25279)[0m videos shape torch.Size([16, 3, 4, 160, 320]) 33
[36m(RolloutGroup(rank=1) pid=25289)[0m Time taken: Total 4.45 seconds, Text Encoder 1.21 seconds, Image Encoder 1.06 seconds, VAE 0.00 seconds, KV Cache Creation 0.43 seconds, Diffusion 1.74 seconds, DIT Compute Steps 3 steps, Scheduler 0.01 seconds
[36m(RolloutGroup(rank=1) pid=25289)[0m language is None, reset current_start_frame to 0
[36m(RolloutGroup(rank=1) pid=25289)[0m videos shape torch.Size([16, 3, 4, 160, 320]) 33
[36m(RolloutGroup(rank=0) pid=25279)[0m Time taken: Total 4.45 seconds, Text Encoder 1.21 seconds, Image Encoder 1.05 seconds, VAE 0.00 seconds, KV Cache Creation 0.43 seconds, Diffusion 1.74 seconds, DIT Compute Steps 3 steps, Scheduler 0.01 seconds
[36m(RolloutGroup(rank=0) pid=25279)[0m language is None, reset current_start_frame to 0
[36m(RolloutGroup(rank=0) pid=25279)[0m videos shape torch.Size([16, 3, 4, 160, 320]) 33
[36m(RolloutGroup(rank=1) pid=25289)[0m Time taken: Total 4.45 seconds, Text Encoder 1.21 seconds, Image Encoder 1.06 seconds, VAE 0.00 seconds, KV Cache Creation 0.43 seconds, Diffusion 1.74 seconds, DIT Compute Steps 3 steps, Scheduler 0.01 seconds
[36m(RolloutGroup(rank=1) pid=25289)[0m language is None, reset current_start_frame to 0
[36m(RolloutGroup(rank=1) pid=25289)[0m videos shape torch.Size([16, 3, 4, 160, 320]) 33
[36m(RolloutGroup(rank=0) pid=25279)[0m Time taken: Total 4.45 seconds, Text Encoder 1.21 seconds, Image Encoder 1.05 seconds, VAE 0.00 seconds, KV Cache Creation 0.43 seconds, Diffusion 1.74 seconds, DIT Compute Steps 3 steps, Scheduler 0.01 seconds
[36m(RolloutGroup(rank=0) pid=25279)[0m language is None, reset current_start_frame to 0
[36m(RolloutGroup(rank=0) pid=25279)[0m videos shape torch.Size([16, 3, 4, 160, 320]) 33
[36m(RolloutGroup(rank=1) pid=25289)[0m Time taken: Total 4.45 seconds, Text Encoder 1.21 seconds, Image Encoder 1.06 seconds, VAE 0.00 seconds, KV Cache Creation 0.43 seconds, Diffusion 1.74 seconds, DIT Compute Steps 3 steps, Scheduler 0.01 seconds
[36m(RolloutGroup(rank=1) pid=25289)[0m language is None, reset current_start_frame to 0
[36m(RolloutGroup(rank=1) pid=25289)[0m videos shape torch.Size([16, 3, 4, 160, 320]) 33
[36m(RolloutGroup(rank=0) pid=25279)[0m Time taken: Total 4.46 seconds, Text Encoder 1.21 seconds, Image Encoder 1.05 seconds, VAE 0.00 seconds, KV Cache Creation 0.44 seconds, Diffusion 1.74 seconds, DIT Compute Steps 3 steps, Scheduler 0.01 seconds
[36m(RolloutGroup(rank=0) pid=25279)[0m language is None, reset current_start_frame to 0
[36m(RolloutGroup(rank=0) pid=25279)[0m videos shape torch.Size([16, 3, 4, 160, 320]) 33
[36m(RolloutGroup(rank=1) pid=25289)[0m Time taken: Total 4.45 seconds, Text Encoder 1.21 seconds, Image Encoder 1.06 seconds, VAE 0.00 seconds, KV Cache Creation 0.43 seconds, Diffusion 1.74 seconds, DIT Compute Steps 3 steps, Scheduler 0.01 seconds
[36m(RolloutGroup(rank=1) pid=25289)[0m 
[36m(RolloutGroup(rank=1) pid=25289)[0m language is None, reset current_start_frame to 0
[36m(RolloutGroup(rank=1) pid=25289)[0m videos shape torch.Size([16, 3, 4, 160, 320]) 33
[36m(RolloutGroup(rank=0) pid=25279)[0m Time taken: Total 4.45 seconds, Text Encoder 1.21 seconds, Image Encoder 1.05 seconds, VAE 0.00 seconds, KV Cache Creation 0.43 seconds, Diffusion 1.74 seconds, DIT Compute Steps 3 steps, Scheduler 0.01 seconds
[36m(RolloutGroup(rank=0) pid=25279)[0m language is None, reset current_start_frame to 0
[36m(RolloutGroup(rank=0) pid=25279)[0m videos shape torch.Size([16, 3, 4, 160, 320]) 33
[36m(RolloutGroup(rank=1) pid=25289)[0m Time taken: Total 4.45 seconds, Text Encoder 1.21 seconds, Image Encoder 1.06 seconds, VAE 0.00 seconds, KV Cache Creation 0.43 seconds, Diffusion 1.74 seconds, DIT Compute Steps 3 steps, Scheduler 0.01 seconds
[36m(RolloutGroup(rank=1) pid=25289)[0m language is None, reset current_start_frame to 0
[36m(RolloutGroup(rank=1) pid=25289)[0m videos shape torch.Size([16, 3, 4, 160, 320]) 33
[36m(RolloutGroup(rank=0) pid=25279)[0m Time taken: Total 4.45 seconds, Text Encoder 1.21 seconds, Image Encoder 1.05 seconds, VAE 0.00 seconds, KV Cache Creation 0.43 seconds, Diffusion 1.74 seconds, DIT Compute Steps 3 steps, Scheduler 0.01 seconds
[36m(RolloutGroup(rank=0) pid=25279)[0m language is None, reset current_start_frame to 0
[36m(RolloutGroup(rank=0) pid=25279)[0m videos shape torch.Size([16, 3, 4, 160, 320]) 33
[36m(RolloutGroup(rank=1) pid=25289)[0m Time taken: Total 4.45 seconds, Text Encoder 1.21 seconds, Image Encoder 1.06 seconds, VAE 0.00 seconds, KV Cache Creation 0.43 seconds, Diffusion 1.74 seconds, DIT Compute Steps 3 steps, Scheduler 0.01 seconds
[36m(RolloutGroup(rank=1) pid=25289)[0m language is None, reset current_start_frame to 0
[36m(RolloutGroup(rank=1) pid=25289)[0m videos shape torch.Size([16, 3, 4, 160, 320]) 33
[36m(RolloutGroup(rank=0) pid=25279)[0m Time taken: Total 4.44 seconds, Text Encoder 1.21 seconds, Image Encoder 1.05 seconds, VAE 0.00 seconds, KV Cache Creation 0.43 seconds, Diffusion 1.74 seconds, DIT Compute Steps 3 steps, Scheduler 0.01 seconds
[36m(RolloutGroup(rank=0) pid=25279)[0m language is None, reset current_start_frame to 0
[36m(RolloutGroup(rank=0) pid=25279)[0m videos shape torch.Size([16, 3, 4, 160, 320]) 33
[36m(RolloutGroup(rank=1) pid=25289)[0m Time taken: Total 4.45 seconds, Text Encoder 1.21 seconds, Image Encoder 1.06 seconds, VAE 0.00 seconds, KV Cache Creation 0.43 seconds, Diffusion 1.74 seconds, DIT Compute Steps 3 steps, Scheduler 0.01 seconds
[36m(RolloutGroup(rank=1) pid=25289)[0m language is None, reset current_start_frame to 0
[36m(RolloutGroup(rank=1) pid=25289)[0m videos shape torch.Size([16, 3, 4, 160, 320]) 33
[36m(RolloutGroup(rank=0) pid=25279)[0m Time taken: Total 4.45 seconds, Text Encoder 1.21 seconds, Image Encoder 1.05 seconds, VAE 0.00 seconds, KV Cache Creation 0.43 seconds, Diffusion 1.74 seconds, DIT Compute Steps 3 steps, Scheduler 0.01 seconds
[36m(RolloutGroup(rank=1) pid=25289)[0m Time taken: Total 4.45 seconds, Text Encoder 1.21 seconds, Image Encoder 1.06 seconds, VAE 0.00 seconds, KV Cache Creation 0.44 seconds, Diffusion 1.74 seconds, DIT Compute Steps 3 steps, Scheduler 0.01 seconds
[36m(RolloutGroup(rank=0) pid=25279)[0m language is None, reset current_start_frame to 0
[36m(RolloutGroup(rank=0) pid=25279)[0m videos shape torch.Size([16, 3, 4, 160, 320]) 33
[36m(RolloutGroup(rank=1) pid=25289)[0m language is None, reset current_start_frame to 0
[36m(RolloutGroup(rank=1) pid=25289)[0m videos shape torch.Size([16, 3, 4, 160, 320]) 33
[36m(RolloutGroup(rank=0) pid=25279)[0m Time taken: Total 4.45 seconds, Text Encoder 1.21 seconds, Image Encoder 1.05 seconds, VAE 0.00 seconds, KV Cache Creation 0.43 seconds, Diffusion 1.74 seconds, DIT Compute Steps 3 steps, Scheduler 0.01 seconds
[36m(RolloutGroup(rank=0) pid=25279)[0m language is None, reset current_start_frame to 0
[36m(RolloutGroup(rank=0) pid=25279)[0m videos shape torch.Size([16, 3, 4, 160, 320]) 33
[36m(RolloutGroup(rank=1) pid=25289)[0m Time taken: Total 4.45 seconds, Text Encoder 1.21 seconds, Image Encoder 1.06 seconds, VAE 0.00 seconds, KV Cache Creation 0.43 seconds, Diffusion 1.74 seconds, DIT Compute Steps 3 steps, Scheduler 0.01 seconds
[36m(RolloutGroup(rank=1) pid=25289)[0m language is None, reset current_start_frame to 0
[36m(RolloutGroup(rank=1) pid=25289)[0m videos shape torch.Size([16, 3, 4, 160, 320]) 33
[36m(RolloutGroup(rank=0) pid=25279)[0m Time taken: Total 4.44 seconds, Text Encoder 1.21 seconds, Image Encoder 1.05 seconds, VAE 0.00 seconds, KV Cache Creation 0.43 seconds, Diffusion 1.74 seconds, DIT Compute Steps 3 steps, Scheduler 0.01 seconds
[36m(RolloutGroup(rank=0) pid=25279)[0m language is None, reset current_start_frame to 0
[36m(RolloutGroup(rank=0) pid=25279)[0m videos shape torch.Size([16, 3, 4, 160, 320]) 33
[36m(RolloutGroup(rank=1) pid=25289)[0m Time taken: Total 4.45 seconds, Text Encoder 1.21 seconds, Image Encoder 1.06 seconds, VAE 0.00 seconds, KV Cache Creation 0.43 seconds, Diffusion 1.74 seconds, DIT Compute Steps 3 steps, Scheduler 0.01 seconds
[36m(RolloutGroup(rank=1) pid=25289)[0m language is None, reset current_start_frame to 0
[36m(RolloutGroup(rank=1) pid=25289)[0m videos shape torch.Size([16, 3, 4, 160, 320]) 33
[36m(RolloutGroup(rank=0) pid=25279)[0m Time taken: Total 4.45 seconds, Text Encoder 1.21 seconds, Image Encoder 1.05 seconds, VAE 0.00 seconds, KV Cache Creation 0.43 seconds, Diffusion 1.74 seconds, DIT Compute Steps 3 steps, Scheduler 0.01 seconds
[36m(RolloutGroup(rank=0) pid=25279)[0m language is None, reset current_start_frame to 0
[36m(RolloutGroup(rank=0) pid=25279)[0m videos shape torch.Size([16, 3, 4, 160, 320]) 33
[36m(RolloutGroup(rank=1) pid=25289)[0m Time taken: Total 4.45 seconds, Text Encoder 1.21 seconds, Image Encoder 1.06 seconds, VAE 0.00 seconds, KV Cache Creation 0.43 seconds, Diffusion 1.74 seconds, DIT Compute Steps 3 steps, Scheduler 0.01 seconds
[36m(RolloutGroup(rank=1) pid=25289)[0m language is None, reset current_start_frame to 0
[36m(RolloutGroup(rank=1) pid=25289)[0m videos shape torch.Size([16, 3, 4, 160, 320]) 33
[36m(RolloutGroup(rank=0) pid=25279)[0m Time taken: Total 4.45 seconds, Text Encoder 1.21 seconds, Image Encoder 1.05 seconds, VAE 0.00 seconds, KV Cache Creation 0.43 seconds, Diffusion 1.74 seconds, DIT Compute Steps 3 steps, Scheduler 0.01 seconds
[36m(RolloutGroup(rank=0) pid=25279)[0m language is None, reset current_start_frame to 0
[36m(RolloutGroup(rank=0) pid=25279)[0m videos shape torch.Size([16, 3, 4, 160, 320]) 33
[36m(RolloutGroup(rank=1) pid=25289)[0m Time taken: Total 4.45 seconds, Text Encoder 1.21 seconds, Image Encoder 1.06 seconds, VAE 0.00 seconds, KV Cache Creation 0.43 seconds, Diffusion 1.74 seconds, DIT Compute Steps 3 steps, Scheduler 0.01 seconds
[36m(RolloutGroup(rank=1) pid=25289)[0m language is None, reset current_start_frame to 0
[36m(RolloutGroup(rank=1) pid=25289)[0m videos shape torch.Size([16, 3, 4, 160, 320]) 33
[36m(RolloutGroup(rank=0) pid=25279)[0m Time taken: Total 4.45 seconds, Text Encoder 1.21 seconds, Image Encoder 1.05 seconds, VAE 0.00 seconds, KV Cache Creation 0.43 seconds, Diffusion 1.74 seconds, DIT Compute Steps 3 steps, Scheduler 0.01 seconds
[36m(RolloutGroup(rank=0) pid=25279)[0m language is None, reset current_start_frame to 0
[36m(RolloutGroup(rank=0) pid=25279)[0m videos shape torch.Size([16, 3, 4, 160, 320]) 33
[36m(RolloutGroup(rank=1) pid=25289)[0m Time taken: Total 4.45 seconds, Text Encoder 1.21 seconds, Image Encoder 1.06 seconds, VAE 0.00 seconds, KV Cache Creation 0.43 seconds, Diffusion 1.74 seconds, DIT Compute Steps 3 steps, Scheduler 0.01 seconds
[36m(RolloutGroup(rank=1) pid=25289)[0m language is None, reset current_start_frame to 0
[36m(RolloutGroup(rank=1) pid=25289)[0m videos shape torch.Size([16, 3, 4, 160, 320]) 33
[36m(RolloutGroup(rank=0) pid=25279)[0m Time taken: Total 4.45 seconds, Text Encoder 1.21 seconds, Image Encoder 1.05 seconds, VAE 0.00 seconds, KV Cache Creation 0.43 seconds, Diffusion 1.74 seconds, DIT Compute Steps 3 steps, Scheduler 0.01 seconds
[36m(RolloutGroup(rank=0) pid=25279)[0m language is None, reset current_start_frame to 0
[36m(RolloutGroup(rank=0) pid=25279)[0m videos shape torch.Size([16, 3, 4, 160, 320]) 33
[36m(RolloutGroup(rank=1) pid=25289)[0m Time taken: Total 4.45 seconds, Text Encoder 1.21 seconds, Image Encoder 1.06 seconds, VAE 0.00 seconds, KV Cache Creation 0.43 seconds, Diffusion 1.74 seconds, DIT Compute Steps 3 steps, Scheduler 0.01 seconds
[36m(RolloutGroup(rank=1) pid=25289)[0m language is None, reset current_start_frame to 0
[36m(RolloutGroup(rank=1) pid=25289)[0m videos shape torch.Size([16, 3, 4, 160, 320]) 33
[36m(RolloutGroup(rank=0) pid=25279)[0m Time taken: Total 4.45 seconds, Text Encoder 1.21 seconds, Image Encoder 1.05 seconds, VAE 0.00 seconds, KV Cache Creation 0.43 seconds, Diffusion 1.74 seconds, DIT Compute Steps 3 steps, Scheduler 0.01 seconds
[36m(RolloutGroup(rank=0) pid=25279)[0m language is None, reset current_start_frame to 0
[36m(RolloutGroup(rank=0) pid=25279)[0m videos shape torch.Size([16, 3, 4, 160, 320]) 33
[36m(RolloutGroup(rank=1) pid=25289)[0m Time taken: Total 4.45 seconds, Text Encoder 1.21 seconds, Image Encoder 1.06 seconds, VAE 0.00 seconds, KV Cache Creation 0.43 seconds, Diffusion 1.74 seconds, DIT Compute Steps 3 steps, Scheduler 0.01 seconds
[36m(RolloutGroup(rank=1) pid=25289)[0m language is None, reset current_start_frame to 0
[36m(RolloutGroup(rank=1) pid=25289)[0m videos shape torch.Size([16, 3, 4, 160, 320]) 33
[36m(RolloutGroup(rank=0) pid=25279)[0m Time taken: Total 4.45 seconds, Text Encoder 1.21 seconds, Image Encoder 1.06 seconds, VAE 0.00 seconds, KV Cache Creation 0.43 seconds, Diffusion 1.74 seconds, DIT Compute Steps 3 steps, Scheduler 0.01 seconds
[36m(RolloutGroup(rank=0) pid=25279)[0m language is None, reset current_start_frame to 0
[36m(RolloutGroup(rank=0) pid=25279)[0m videos shape torch.Size([16, 3, 4, 160, 320]) 33
[36m(RolloutGroup(rank=1) pid=25289)[0m Time taken: Total 4.45 seconds, Text Encoder 1.21 seconds, Image Encoder 1.06 seconds, VAE 0.00 seconds, KV Cache Creation 0.43 seconds, Diffusion 1.74 seconds, DIT Compute Steps 3 steps, Scheduler 0.01 seconds
[36m(RolloutGroup(rank=1) pid=25289)[0m language is None, reset current_start_frame to 0
[36m(RolloutGroup(rank=1) pid=25289)[0m videos shape torch.Size([16, 3, 4, 160, 320]) 33
[36m(RolloutGroup(rank=0) pid=25279)[0m Time taken: Total 4.45 seconds, Text Encoder 1.21 seconds, Image Encoder 1.06 seconds, VAE 0.00 seconds, KV Cache Creation 0.43 seconds, Diffusion 1.74 seconds, DIT Compute Steps 3 steps, Scheduler 0.01 seconds
[36m(RolloutGroup(rank=0) pid=25279)[0m language is None, reset current_start_frame to 0
[36m(RolloutGroup(rank=0) pid=25279)[0m videos shape torch.Size([16, 3, 4, 160, 320]) 33
[36m(RolloutGroup(rank=1) pid=25289)[0m Time taken: Total 4.45 seconds, Text Encoder 1.21 seconds, Image Encoder 1.06 seconds, VAE 0.00 seconds, KV Cache Creation 0.43 seconds, Diffusion 1.74 seconds, DIT Compute Steps 3 steps, Scheduler 0.01 seconds
[36m(RolloutGroup(rank=1) pid=25289)[0m language is None, reset current_start_frame to 0
[36m(RolloutGroup(rank=1) pid=25289)[0m videos shape torch.Size([16, 3, 4, 160, 320]) 33
[36m(RolloutGroup(rank=0) pid=25279)[0m Time taken: Total 4.45 seconds, Text Encoder 1.21 seconds, Image Encoder 1.05 seconds, VAE 0.00 seconds, KV Cache Creation 0.43 seconds, Diffusion 1.74 seconds, DIT Compute Steps 3 steps, Scheduler 0.01 seconds
[36m(RolloutGroup(rank=1) pid=25289)[0m Time taken: Total 4.45 seconds, Text Encoder 1.21 seconds, Image Encoder 1.06 seconds, VAE 0.00 seconds, KV Cache Creation 0.44 seconds, Diffusion 1.74 seconds, DIT Compute Steps 3 steps, Scheduler 0.01 seconds
[36m(RolloutGroup(rank=0) pid=25279)[0m language is None, reset current_start_frame to 0
[36m(RolloutGroup(rank=0) pid=25279)[0m videos shape torch.Size([16, 3, 4, 160, 320]) 33
[36m(RolloutGroup(rank=1) pid=25289)[0m language is None, reset current_start_frame to 0
[36m(RolloutGroup(rank=1) pid=25289)[0m videos shape torch.Size([16, 3, 4, 160, 320]) 33
[36m(RolloutGroup(rank=0) pid=25279)[0m Time taken: Total 4.45 seconds, Text Encoder 1.21 seconds, Image Encoder 1.05 seconds, VAE 0.00 seconds, KV Cache Creation 0.43 seconds, Diffusion 1.75 seconds, DIT Compute Steps 3 steps, Scheduler 0.01 seconds
[36m(RolloutGroup(rank=0) pid=25279)[0m language is None, reset current_start_frame to 0
[36m(RolloutGroup(rank=0) pid=25279)[0m videos shape torch.Size([16, 3, 4, 160, 320]) 33
[36m(RolloutGroup(rank=1) pid=25289)[0m Time taken: Total 4.45 seconds, Text Encoder 1.21 seconds, Image Encoder 1.06 seconds, VAE 0.00 seconds, KV Cache Creation 0.44 seconds, Diffusion 1.74 seconds, DIT Compute Steps 3 steps, Scheduler 0.01 seconds
[36m(RolloutGroup(rank=1) pid=25289)[0m language is None, reset current_start_frame to 0
[36m(RolloutGroup(rank=1) pid=25289)[0m videos shape torch.Size([16, 3, 4, 160, 320]) 33
[36m(RolloutGroup(rank=0) pid=25279)[0m Time taken: Total 4.45 seconds, Text Encoder 1.21 seconds, Image Encoder 1.05 seconds, VAE 0.00 seconds, KV Cache Creation 0.44 seconds, Diffusion 1.74 seconds, DIT Compute Steps 3 steps, Scheduler 0.01 seconds
[36m(RolloutGroup(rank=0) pid=25279)[0m language is None, reset current_start_frame to 0
[36m(RolloutGroup(rank=0) pid=25279)[0m videos shape torch.Size([16, 3, 4, 160, 320]) 33
[36m(RolloutGroup(rank=1) pid=25289)[0m Time taken: Total 4.45 seconds, Text Encoder 1.21 seconds, Image Encoder 1.06 seconds, VAE 0.00 seconds, KV Cache Creation 0.43 seconds, Diffusion 1.74 seconds, DIT Compute Steps 3 steps, Scheduler 0.01 seconds
[36m(RolloutGroup(rank=1) pid=25289)[0m language is None, reset current_start_frame to 0
[36m(RolloutGroup(rank=1) pid=25289)[0m videos shape torch.Size([16, 3, 4, 160, 320]) 33
[36m(RolloutGroup(rank=0) pid=25279)[0m Time taken: Total 4.45 seconds, Text Encoder 1.21 seconds, Image Encoder 1.05 seconds, VAE 0.00 seconds, KV Cache Creation 0.43 seconds, Diffusion 1.75 seconds, DIT Compute Steps 3 steps, Scheduler 0.01 seconds
[36m(RolloutGroup(rank=0) pid=25279)[0m language is None, reset current_start_frame to 0
[36m(RolloutGroup(rank=0) pid=25279)[0m videos shape torch.Size([16, 3, 4, 160, 320]) 33
[36m(RolloutGroup(rank=1) pid=25289)[0m Time taken: Total 4.45 seconds, Text Encoder 1.21 seconds, Image Encoder 1.06 seconds, VAE 0.00 seconds, KV Cache Creation 0.43 seconds, Diffusion 1.74 seconds, DIT Compute Steps 3 steps, Scheduler 0.01 seconds
[36m(RolloutGroup(rank=1) pid=25289)[0m language is None, reset current_start_frame to 0
[36m(RolloutGroup(rank=1) pid=25289)[0m videos shape torch.Size([16, 3, 4, 160, 320]) 33
[36m(RolloutGroup(rank=0) pid=25279)[0m Time taken: Total 4.45 seconds, Text Encoder 1.21 seconds, Image Encoder 1.05 seconds, VAE 0.00 seconds, KV Cache Creation 0.44 seconds, Diffusion 1.75 seconds, DIT Compute Steps 3 steps, Scheduler 0.01 seconds
[36m(RolloutGroup(rank=0) pid=25279)[0m language is None, reset current_start_frame to 0
[36m(RolloutGroup(rank=0) pid=25279)[0m videos shape torch.Size([16, 3, 4, 160, 320]) 33
[36m(RolloutGroup(rank=1) pid=25289)[0m Time taken: Total 4.45 seconds, Text Encoder 1.21 seconds, Image Encoder 1.06 seconds, VAE 0.00 seconds, KV Cache Creation 0.43 seconds, Diffusion 1.74 seconds, DIT Compute Steps 3 steps, Scheduler 0.01 seconds
[36m(RolloutGroup(rank=1) pid=25289)[0m language is None, reset current_start_frame to 0
[36m(RolloutGroup(rank=1) pid=25289)[0m videos shape torch.Size([16, 3, 4, 160, 320]) 33
[36m(RolloutGroup(rank=0) pid=25279)[0m Time taken: Total 4.45 seconds, Text Encoder 1.21 seconds, Image Encoder 1.06 seconds, VAE 0.00 seconds, KV Cache Creation 0.44 seconds, Diffusion 1.75 seconds, DIT Compute Steps 3 steps, Scheduler 0.01 seconds
[36m(RolloutGroup(rank=0) pid=25279)[0m language is None, reset current_start_frame to 0
[36m(RolloutGroup(rank=0) pid=25279)[0m videos shape torch.Size([16, 3, 4, 160, 320]) 33
[36m(RolloutGroup(rank=1) pid=25289)[0m Time taken: Total 4.45 seconds, Text Encoder 1.21 seconds, Image Encoder 1.06 seconds, VAE 0.00 seconds, KV Cache Creation 0.43 seconds, Diffusion 1.74 seconds, DIT Compute Steps 3 steps, Scheduler 0.01 seconds
[36m(RolloutGroup(rank=1) pid=25289)[0m language is None, reset current_start_frame to 0
[36m(RolloutGroup(rank=1) pid=25289)[0m videos shape torch.Size([16, 3, 4, 160, 320]) 33
[36m(RolloutGroup(rank=0) pid=25279)[0m Time taken: Total 4.45 seconds, Text Encoder 1.21 seconds, Image Encoder 1.05 seconds, VAE 0.00 seconds, KV Cache Creation 0.43 seconds, Diffusion 1.74 seconds, DIT Compute Steps 3 steps, Scheduler 0.01 seconds
[36m(RolloutGroup(rank=0) pid=25279)[0m language is None, reset current_start_frame to 0
[36m(RolloutGroup(rank=0) pid=25279)[0m videos shape torch.Size([16, 3, 4, 160, 320]) 33
[36m(RolloutGroup(rank=1) pid=25289)[0m Time taken: Total 4.45 seconds, Text Encoder 1.21 seconds, Image Encoder 1.06 seconds, VAE 0.00 seconds, KV Cache Creation 0.43 seconds, Diffusion 1.74 seconds, DIT Compute Steps 3 steps, Scheduler 0.01 seconds
[36m(RolloutGroup(rank=1) pid=25289)[0m language is None, reset current_start_frame to 0
[36m(RolloutGroup(rank=1) pid=25289)[0m videos shape torch.Size([16, 3, 4, 160, 320]) 33
[36m(RolloutGroup(rank=0) pid=25279)[0m Time taken: Total 4.45 seconds, Text Encoder 1.21 seconds, Image Encoder 1.05 seconds, VAE 0.00 seconds, KV Cache Creation 0.43 seconds, Diffusion 1.74 seconds, DIT Compute Steps 3 steps, Scheduler 0.01 seconds
[36m(RolloutGroup(rank=0) pid=25279)[0m language is None, reset current_start_frame to 0
[36m(RolloutGroup(rank=0) pid=25279)[0m videos shape torch.Size([16, 3, 4, 160, 320]) 33
[36m(RolloutGroup(rank=1) pid=25289)[0m Time taken: Total 4.44 seconds, Text Encoder 1.21 seconds, Image Encoder 1.06 seconds, VAE 0.00 seconds, KV Cache Creation 0.43 seconds, Diffusion 1.74 seconds, DIT Compute Steps 3 steps, Scheduler 0.01 seconds
[36m(RolloutGroup(rank=1) pid=25289)[0m language is None, reset current_start_frame to 0
[36m(RolloutGroup(rank=1) pid=25289)[0m videos shape torch.Size([16, 3, 4, 160, 320]) 33
[36m(RolloutGroup(rank=0) pid=25279)[0m Time taken: Total 4.45 seconds, Text Encoder 1.21 seconds, Image Encoder 1.05 seconds, VAE 0.00 seconds, KV Cache Creation 0.43 seconds, Diffusion 1.74 seconds, DIT Compute Steps 3 steps, Scheduler 0.01 seconds
[36m(RolloutGroup(rank=0) pid=25279)[0m language is None, reset current_start_frame to 0
[36m(RolloutGroup(rank=0) pid=25279)[0m videos shape torch.Size([16, 3, 4, 160, 320]) 33
[36m(RolloutGroup(rank=1) pid=25289)[0m Time taken: Total 4.45 seconds, Text Encoder 1.21 seconds, Image Encoder 1.06 seconds, VAE 0.00 seconds, KV Cache Creation 0.43 seconds, Diffusion 1.74 seconds, DIT Compute Steps 3 steps, Scheduler 0.01 seconds
[36m(RolloutGroup(rank=1) pid=25289)[0m language is None, reset current_start_frame to 0
[36m(RolloutGroup(rank=1) pid=25289)[0m videos shape torch.Size([16, 3, 4, 160, 320]) 33
[36m(RolloutGroup(rank=0) pid=25279)[0m Time taken: Total 4.45 seconds, Text Encoder 1.21 seconds, Image Encoder 1.05 seconds, VAE 0.00 seconds, KV Cache Creation 0.43 seconds, Diffusion 1.75 seconds, DIT Compute Steps 3 steps, Scheduler 0.01 seconds
[36m(RolloutGroup(rank=0) pid=25279)[0m language is None, reset current_start_frame to 0
[36m(RolloutGroup(rank=0) pid=25279)[0m videos shape torch.Size([16, 3, 4, 160, 320]) 33
[36m(RolloutGroup(rank=1) pid=25289)[0m Time taken: Total 4.45 seconds, Text Encoder 1.21 seconds, Image Encoder 1.06 seconds, VAE 0.00 seconds, KV Cache Creation 0.43 seconds, Diffusion 1.74 seconds, DIT Compute Steps 3 steps, Scheduler 0.01 seconds
[36m(RolloutGroup(rank=1) pid=25289)[0m language is None, reset current_start_frame to 0
[36m(RolloutGroup(rank=1) pid=25289)[0m videos shape torch.Size([16, 3, 4, 160, 320]) 33
[36m(RolloutGroup(rank=0) pid=25279)[0m Time taken: Total 4.45 seconds, Text Encoder 1.21 seconds, Image Encoder 1.06 seconds, VAE 0.00 seconds, KV Cache Creation 0.43 seconds, Diffusion 1.74 seconds, DIT Compute Steps 3 steps, Scheduler 0.01 seconds
[36m(RolloutGroup(rank=1) pid=25289)[0m Time taken: Total 4.45 seconds, Text Encoder 1.21 seconds, Image Encoder 1.06 seconds, VAE 0.00 seconds, KV Cache Creation 0.43 seconds, Diffusion 1.74 seconds, DIT Compute Steps 3 steps, Scheduler 0.01 seconds
[36m(RolloutGroup(rank=0) pid=25279)[0m language is None, reset current_start_frame to 0
[36m(RolloutGroup(rank=0) pid=25279)[0m videos shape torch.Size([16, 3, 4, 160, 320]) 33
[36m(RolloutGroup(rank=1) pid=25289)[0m language is None, reset current_start_frame to 0
[36m(RolloutGroup(rank=1) pid=25289)[0m videos shape torch.Size([16, 3, 4, 160, 320]) 33
[36m(RolloutGroup(rank=0) pid=25279)[0m Time taken: Total 4.45 seconds, Text Encoder 1.21 seconds, Image Encoder 1.05 seconds, VAE 0.00 seconds, KV Cache Creation 0.44 seconds, Diffusion 1.75 seconds, DIT Compute Steps 3 steps, Scheduler 0.01 seconds
[36m(RolloutGroup(rank=0) pid=25279)[0m language is None, reset current_start_frame to 0
[36m(RolloutGroup(rank=0) pid=25279)[0m videos shape torch.Size([16, 3, 4, 160, 320]) 33
[36m(RolloutGroup(rank=1) pid=25289)[0m Time taken: Total 4.45 seconds, Text Encoder 1.21 seconds, Image Encoder 1.06 seconds, VAE 0.00 seconds, KV Cache Creation 0.43 seconds, Diffusion 1.74 seconds, DIT Compute Steps 3 steps, Scheduler 0.01 seconds
[36m(RolloutGroup(rank=1) pid=25289)[0m language is None, reset current_start_frame to 0
[36m(RolloutGroup(rank=1) pid=25289)[0m videos shape torch.Size([16, 3, 4, 160, 320]) 33
[36m(RolloutGroup(rank=0) pid=25279)[0m Time taken: Total 4.45 seconds, Text Encoder 1.21 seconds, Image Encoder 1.05 seconds, VAE 0.00 seconds, KV Cache Creation 0.43 seconds, Diffusion 1.74 seconds, DIT Compute Steps 3 steps, Scheduler 0.01 seconds
[36m(RolloutGroup(rank=0) pid=25279)[0m language is None, reset current_start_frame to 0
[36m(RolloutGroup(rank=0) pid=25279)[0m videos shape torch.Size([16, 3, 4, 160, 320]) 33
[36m(RolloutGroup(rank=1) pid=25289)[0m Time taken: Total 4.45 seconds, Text Encoder 1.21 seconds, Image Encoder 1.06 seconds, VAE 0.00 seconds, KV Cache Creation 0.43 seconds, Diffusion 1.74 seconds, DIT Compute Steps 3 steps, Scheduler 0.01 seconds
[36m(RolloutGroup(rank=1) pid=25289)[0m language is None, reset current_start_frame to 0
[36m(RolloutGroup(rank=1) pid=25289)[0m videos shape torch.Size([16, 3, 4, 160, 320]) 33
[36m(RolloutGroup(rank=0) pid=25279)[0m Time taken: Total 4.45 seconds, Text Encoder 1.21 seconds, Image Encoder 1.05 seconds, VAE 0.00 seconds, KV Cache Creation 0.43 seconds, Diffusion 1.74 seconds, DIT Compute Steps 3 steps, Scheduler 0.01 seconds
[36m(RolloutGroup(rank=0) pid=25279)[0m language is None, reset current_start_frame to 0
[36m(RolloutGroup(rank=0) pid=25279)[0m videos shape torch.Size([16, 3, 4, 160, 320]) 33
[36m(RolloutGroup(rank=1) pid=25289)[0m Time taken: Total 4.45 seconds, Text Encoder 1.21 seconds, Image Encoder 1.06 seconds, VAE 0.00 seconds, KV Cache Creation 0.43 seconds, Diffusion 1.74 seconds, DIT Compute Steps 3 steps, Scheduler 0.01 seconds
[36m(RolloutGroup(rank=1) pid=25289)[0m language is None, reset current_start_frame to 0
[36m(RolloutGroup(rank=1) pid=25289)[0m videos shape torch.Size([16, 3, 4, 160, 320]) 33
[36m(RolloutGroup(rank=0) pid=25279)[0m Time taken: Total 4.45 seconds, Text Encoder 1.21 seconds, Image Encoder 1.05 seconds, VAE 0.00 seconds, KV Cache Creation 0.43 seconds, Diffusion 1.74 seconds, DIT Compute Steps 3 steps, Scheduler 0.01 seconds
[36m(RolloutGroup(rank=0) pid=25279)[0m language is None, reset current_start_frame to 0
[36m(RolloutGroup(rank=0) pid=25279)[0m videos shape torch.Size([16, 3, 4, 160, 320]) 33
[36m(RolloutGroup(rank=1) pid=25289)[0m Time taken: Total 4.45 seconds, Text Encoder 1.21 seconds, Image Encoder 1.06 seconds, VAE 0.00 seconds, KV Cache Creation 0.43 seconds, Diffusion 1.74 seconds, DIT Compute Steps 3 steps, Scheduler 0.01 seconds
[36m(RolloutGroup(rank=1) pid=25289)[0m language is None, reset current_start_frame to 0
[36m(RolloutGroup(rank=1) pid=25289)[0m videos shape torch.Size([16, 3, 4, 160, 320]) 33
[36m(RolloutGroup(rank=0) pid=25279)[0m Time taken: Total 4.45 seconds, Text Encoder 1.21 seconds, Image Encoder 1.05 seconds, VAE 0.00 seconds, KV Cache Creation 0.43 seconds, Diffusion 1.74 seconds, DIT Compute Steps 3 steps, Scheduler 0.01 seconds
[36m(RolloutGroup(rank=0) pid=25279)[0m language is None, reset current_start_frame to 0
[36m(RolloutGroup(rank=0) pid=25279)[0m videos shape torch.Size([16, 3, 4, 160, 320]) 33
[36m(RolloutGroup(rank=1) pid=25289)[0m Time taken: Total 4.45 seconds, Text Encoder 1.21 seconds, Image Encoder 1.06 seconds, VAE 0.00 seconds, KV Cache Creation 0.43 seconds, Diffusion 1.74 seconds, DIT Compute Steps 3 steps, Scheduler 0.01 seconds
[36m(RolloutGroup(rank=1) pid=25289)[0m language is None, reset current_start_frame to 0
[36m(RolloutGroup(rank=1) pid=25289)[0m videos shape torch.Size([16, 3, 4, 160, 320]) 33
[36m(RolloutGroup(rank=0) pid=25279)[0m Time taken: Total 4.45 seconds, Text Encoder 1.21 seconds, Image Encoder 1.05 seconds, VAE 0.00 seconds, KV Cache Creation 0.43 seconds, Diffusion 1.74 seconds, DIT Compute Steps 3 steps, Scheduler 0.01 seconds
[36m(RolloutGroup(rank=0) pid=25279)[0m language is None, reset current_start_frame to 0
[36m(RolloutGroup(rank=0) pid=25279)[0m videos shape torch.Size([16, 3, 4, 160, 320]) 33
[36m(RolloutGroup(rank=1) pid=25289)[0m Time taken: Total 4.44 seconds, Text Encoder 1.21 seconds, Image Encoder 1.06 seconds, VAE 0.00 seconds, KV Cache Creation 0.43 seconds, Diffusion 1.74 seconds, DIT Compute Steps 3 steps, Scheduler 0.01 seconds
[36m(RolloutGroup(rank=1) pid=25289)[0m language is None, reset current_start_frame to 0
[36m(RolloutGroup(rank=1) pid=25289)[0m videos shape torch.Size([16, 3, 4, 160, 320]) 33
[36m(RolloutGroup(rank=0) pid=25279)[0m Time taken: Total 4.45 seconds, Text Encoder 1.21 seconds, Image Encoder 1.05 seconds, VAE 0.00 seconds, KV Cache Creation 0.43 seconds, Diffusion 1.74 seconds, DIT Compute Steps 3 steps, Scheduler 0.01 seconds
[36m(RolloutGroup(rank=0) pid=25279)[0m language is None, reset current_start_frame to 0
[36m(RolloutGroup(rank=0) pid=25279)[0m videos shape torch.Size([16, 3, 4, 160, 320]) 33
[36m(RolloutGroup(rank=1) pid=25289)[0m Time taken: Total 4.45 seconds, Text Encoder 1.21 seconds, Image Encoder 1.06 seconds, VAE 0.00 seconds, KV Cache Creation 0.43 seconds, Diffusion 1.74 seconds, DIT Compute Steps 3 steps, Scheduler 0.01 seconds
[36m(RolloutGroup(rank=1) pid=25289)[0m language is None, reset current_start_frame to 0
[36m(RolloutGroup(rank=1) pid=25289)[0m videos shape torch.Size([16, 3, 4, 160, 320]) 33
[36m(RolloutGroup(rank=0) pid=25279)[0m Time taken: Total 4.45 seconds, Text Encoder 1.21 seconds, Image Encoder 1.05 seconds, VAE 0.00 seconds, KV Cache Creation 0.43 seconds, Diffusion 1.74 seconds, DIT Compute Steps 3 steps, Scheduler 0.01 seconds
[36m(RolloutGroup(rank=0) pid=25279)[0m language is None, reset current_start_frame to 0
[36m(RolloutGroup(rank=0) pid=25279)[0m videos shape torch.Size([16, 3, 4, 160, 320]) 33
[36m(RolloutGroup(rank=1) pid=25289)[0m Time taken: Total 4.45 seconds, Text Encoder 1.21 seconds, Image Encoder 1.06 seconds, VAE 0.00 seconds, KV Cache Creation 0.43 seconds, Diffusion 1.74 seconds, DIT Compute Steps 3 steps, Scheduler 0.01 seconds
[36m(RolloutGroup(rank=1) pid=25289)[0m language is None, reset current_start_frame to 0
[36m(RolloutGroup(rank=1) pid=25289)[0m videos shape torch.Size([16, 3, 4, 160, 320]) 33
[36m(RolloutGroup(rank=0) pid=25279)[0m Time taken: Total 4.45 seconds, Text Encoder 1.21 seconds, Image Encoder 1.06 seconds, VAE 0.00 seconds, KV Cache Creation 0.43 seconds, Diffusion 1.74 seconds, DIT Compute Steps 3 steps, Scheduler 0.01 seconds
[36m(RolloutGroup(rank=0) pid=25279)[0m language is None, reset current_start_frame to 0
[36m(RolloutGroup(rank=0) pid=25279)[0m videos shape torch.Size([16, 3, 4, 160, 320]) 33
[36m(RolloutGroup(rank=1) pid=25289)[0m Time taken: Total 4.45 seconds, Text Encoder 1.21 seconds, Image Encoder 1.06 seconds, VAE 0.00 seconds, KV Cache Creation 0.43 seconds, Diffusion 1.74 seconds, DIT Compute Steps 3 steps, Scheduler 0.01 seconds
[36m(RolloutGroup(rank=1) pid=25289)[0m language is None, reset current_start_frame to 0
[36m(RolloutGroup(rank=1) pid=25289)[0m videos shape torch.Size([16, 3, 4, 160, 320]) 33
[36m(RolloutGroup(rank=0) pid=25279)[0m Time taken: Total 4.45 seconds, Text Encoder 1.21 seconds, Image Encoder 1.06 seconds, VAE 0.00 seconds, KV Cache Creation 0.43 seconds, Diffusion 1.74 seconds, DIT Compute Steps 3 steps, Scheduler 0.01 seconds
[36m(RolloutGroup(rank=1) pid=25289)[0m Time taken: Total 4.45 seconds, Text Encoder 1.21 seconds, Image Encoder 1.06 seconds, VAE 0.00 seconds, KV Cache Creation 0.43 seconds, Diffusion 1.74 seconds, DIT Compute Steps 3 steps, Scheduler 0.01 seconds
[36m(RolloutGroup(rank=0) pid=25279)[0m language is None, reset current_start_frame to 0
[36m(RolloutGroup(rank=0) pid=25279)[0m videos shape torch.Size([16, 3, 4, 160, 320]) 33
[36m(RolloutGroup(rank=1) pid=25289)[0m language is None, reset current_start_frame to 0
[36m(RolloutGroup(rank=1) pid=25289)[0m videos shape torch.Size([16, 3, 4, 160, 320]) 33
[36m(RolloutGroup(rank=0) pid=25279)[0m Time taken: Total 4.45 seconds, Text Encoder 1.21 seconds, Image Encoder 1.05 seconds, VAE 0.00 seconds, KV Cache Creation 0.43 seconds, Diffusion 1.74 seconds, DIT Compute Steps 3 steps, Scheduler 0.01 seconds
[36m(RolloutGroup(rank=0) pid=25279)[0m language is None, reset current_start_frame to 0
[36m(RolloutGroup(rank=0) pid=25279)[0m videos shape torch.Size([16, 3, 4, 160, 320]) 33
[36m(RolloutGroup(rank=1) pid=25289)[0m Time taken: Total 4.44 seconds, Text Encoder 1.21 seconds, Image Encoder 1.06 seconds, VAE 0.00 seconds, KV Cache Creation 0.43 seconds, Diffusion 1.74 seconds, DIT Compute Steps 3 steps, Scheduler 0.01 seconds
[36m(RolloutGroup(rank=1) pid=25289)[0m language is None, reset current_start_frame to 0
[36m(RolloutGroup(rank=1) pid=25289)[0m videos shape torch.Size([16, 3, 4, 160, 320]) 33
[36m(RolloutGroup(rank=0) pid=25279)[0m Time taken: Total 4.45 seconds, Text Encoder 1.21 seconds, Image Encoder 1.05 seconds, VAE 0.00 seconds, KV Cache Creation 0.43 seconds, Diffusion 1.75 seconds, DIT Compute Steps 3 steps, Scheduler 0.01 seconds
[36m(RolloutGroup(rank=0) pid=25279)[0m language is None, reset current_start_frame to 0
[36m(RolloutGroup(rank=0) pid=25279)[0m videos shape torch.Size([16, 3, 4, 160, 320]) 33
[36m(RolloutGroup(rank=1) pid=25289)[0m Time taken: Total 4.45 seconds, Text Encoder 1.21 seconds, Image Encoder 1.06 seconds, VAE 0.00 seconds, KV Cache Creation 0.43 seconds, Diffusion 1.74 seconds, DIT Compute Steps 3 steps, Scheduler 0.01 seconds
[36m(RolloutGroup(rank=1) pid=25289)[0m language is None, reset current_start_frame to 0
[36m(RolloutGroup(rank=1) pid=25289)[0m videos shape torch.Size([16, 3, 4, 160, 320]) 33
[36m(RolloutGroup(rank=0) pid=25279)[0m Time taken: Total 4.45 seconds, Text Encoder 1.21 seconds, Image Encoder 1.05 seconds, VAE 0.00 seconds, KV Cache Creation 0.43 seconds, Diffusion 1.74 seconds, DIT Compute Steps 3 steps, Scheduler 0.01 seconds
[36m(RolloutGroup(rank=0) pid=25279)[0m language is None, reset current_start_frame to 0
[36m(RolloutGroup(rank=0) pid=25279)[0m videos shape torch.Size([16, 3, 4, 160, 320]) 33
[36m(RolloutGroup(rank=1) pid=25289)[0m Time taken: Total 4.44 seconds, Text Encoder 1.21 seconds, Image Encoder 1.06 seconds, VAE 0.00 seconds, KV Cache Creation 0.43 seconds, Diffusion 1.74 seconds, DIT Compute Steps 3 steps, Scheduler 0.01 seconds
[36m(RolloutGroup(rank=1) pid=25289)[0m language is None, reset current_start_frame to 0
[36m(RolloutGroup(rank=1) pid=25289)[0m videos shape torch.Size([16, 3, 4, 160, 320]) 33
[36m(RolloutGroup(rank=1) pid=25289)[0m 
[36m(RolloutGroup(rank=0) pid=25279)[0m Time taken: Total 4.45 seconds, Text Encoder 1.21 seconds, Image Encoder 1.05 seconds, VAE 0.00 seconds, KV Cache Creation 0.43 seconds, Diffusion 1.75 seconds, DIT Compute Steps 3 steps, Scheduler 0.01 seconds
[36m(RolloutGroup(rank=0) pid=25279)[0m language is None, reset current_start_frame to 0
[36m(RolloutGroup(rank=0) pid=25279)[0m videos shape torch.Size([16, 3, 4, 160, 320]) 33
[36m(RolloutGroup(rank=1) pid=25289)[0m Time taken: Total 4.45 seconds, Text Encoder 1.21 seconds, Image Encoder 1.06 seconds, VAE 0.00 seconds, KV Cache Creation 0.43 seconds, Diffusion 1.75 seconds, DIT Compute Steps 3 steps, Scheduler 0.01 seconds
[36m(RolloutGroup(rank=1) pid=25289)[0m language is None, reset current_start_frame to 0
[36m(RolloutGroup(rank=1) pid=25289)[0m videos shape torch.Size([16, 3, 4, 160, 320]) 33
[36m(RolloutGroup(rank=0) pid=25279)[0m Time taken: Total 4.45 seconds, Text Encoder 1.21 seconds, Image Encoder 1.05 seconds, VAE 0.00 seconds, KV Cache Creation 0.43 seconds, Diffusion 1.74 seconds, DIT Compute Steps 3 steps, Scheduler 0.01 seconds
[36m(RolloutGroup(rank=0) pid=25279)[0m language is None, reset current_start_frame to 0
[36m(RolloutGroup(rank=0) pid=25279)[0m videos shape torch.Size([16, 3, 4, 160, 320]) 33
[36m(RolloutGroup(rank=1) pid=25289)[0m Time taken: Total 4.45 seconds, Text Encoder 1.21 seconds, Image Encoder 1.06 seconds, VAE 0.00 seconds, KV Cache Creation 0.43 seconds, Diffusion 1.74 seconds, DIT Compute Steps 3 steps, Scheduler 0.01 seconds
[36m(RolloutGroup(rank=1) pid=25289)[0m language is None, reset current_start_frame to 0
[36m(RolloutGroup(rank=1) pid=25289)[0m videos shape torch.Size([16, 3, 4, 160, 320]) 33
[36m(RolloutGroup(rank=0) pid=25279)[0m Time taken: Total 4.45 seconds, Text Encoder 1.21 seconds, Image Encoder 1.05 seconds, VAE 0.00 seconds, KV Cache Creation 0.43 seconds, Diffusion 1.75 seconds, DIT Compute Steps 3 steps, Scheduler 0.01 seconds
[36m(RolloutGroup(rank=0) pid=25279)[0m language is None, reset current_start_frame to 0
[36m(RolloutGroup(rank=0) pid=25279)[0m videos shape torch.Size([16, 3, 4, 160, 320]) 33
[36m(RolloutGroup(rank=1) pid=25289)[0m Time taken: Total 4.45 seconds, Text Encoder 1.21 seconds, Image Encoder 1.06 seconds, VAE 0.00 seconds, KV Cache Creation 0.43 seconds, Diffusion 1.74 seconds, DIT Compute Steps 3 steps, Scheduler 0.01 seconds
[36m(RolloutGroup(rank=1) pid=25289)[0m language is None, reset current_start_frame to 0
[36m(RolloutGroup(rank=1) pid=25289)[0m videos shape torch.Size([16, 3, 4, 160, 320]) 33
[36m(RolloutGroup(rank=0) pid=25279)[0m Time taken: Total 4.45 seconds, Text Encoder 1.21 seconds, Image Encoder 1.05 seconds, VAE 0.00 seconds, KV Cache Creation 0.44 seconds, Diffusion 1.75 seconds, DIT Compute Steps 3 steps, Scheduler 0.01 seconds
[36m(RolloutGroup(rank=0) pid=25279)[0m language is None, reset current_start_frame to 0
[36m(RolloutGroup(rank=0) pid=25279)[0m videos shape torch.Size([16, 3, 4, 160, 320]) 33
[36m(RolloutGroup(rank=1) pid=25289)[0m Time taken: Total 4.45 seconds, Text Encoder 1.21 seconds, Image Encoder 1.06 seconds, VAE 0.00 seconds, KV Cache Creation 0.43 seconds, Diffusion 1.74 seconds, DIT Compute Steps 3 steps, Scheduler 0.01 seconds
[36m(RolloutGroup(rank=1) pid=25289)[0m language is None, reset current_start_frame to 0
[36m(RolloutGroup(rank=1) pid=25289)[0m videos shape torch.Size([16, 3, 4, 160, 320]) 33
[36m(RolloutGroup(rank=0) pid=25279)[0m Time taken: Total 4.45 seconds, Text Encoder 1.21 seconds, Image Encoder 1.05 seconds, VAE 0.00 seconds, KV Cache Creation 0.44 seconds, Diffusion 1.74 seconds, DIT Compute Steps 3 steps, Scheduler 0.01 seconds
[36m(RolloutGroup(rank=0) pid=25279)[0m language is None, reset current_start_frame to 0
[36m(RolloutGroup(rank=0) pid=25279)[0m videos shape torch.Size([16, 3, 4, 160, 320]) 33
[36m(RolloutGroup(rank=1) pid=25289)[0m Time taken: Total 4.45 seconds, Text Encoder 1.21 seconds, Image Encoder 1.06 seconds, VAE 0.00 seconds, KV Cache Creation 0.43 seconds, Diffusion 1.74 seconds, DIT Compute Steps 3 steps, Scheduler 0.01 seconds
[36m(RolloutGroup(rank=1) pid=25289)[0m language is None, reset current_start_frame to 0
[36m(RolloutGroup(rank=1) pid=25289)[0m videos shape torch.Size([16, 3, 4, 160, 320]) 33
[36m(RolloutGroup(rank=0) pid=25279)[0m Time taken: Total 4.45 seconds, Text Encoder 1.21 seconds, Image Encoder 1.05 seconds, VAE 0.00 seconds, KV Cache Creation 0.43 seconds, Diffusion 1.74 seconds, DIT Compute Steps 3 steps, Scheduler 0.01 seconds
[36m(RolloutGroup(rank=0) pid=25279)[0m language is None, reset current_start_frame to 0
[36m(RolloutGroup(rank=0) pid=25279)[0m videos shape torch.Size([16, 3, 4, 160, 320]) 33
[36m(RolloutGroup(rank=1) pid=25289)[0m Time taken: Total 4.45 seconds, Text Encoder 1.21 seconds, Image Encoder 1.06 seconds, VAE 0.00 seconds, KV Cache Creation 0.43 seconds, Diffusion 1.74 seconds, DIT Compute Steps 3 steps, Scheduler 0.01 seconds
[36m(RolloutGroup(rank=1) pid=25289)[0m language is None, reset current_start_frame to 0
[36m(RolloutGroup(rank=1) pid=25289)[0m videos shape torch.Size([16, 3, 4, 160, 320]) 33
[36m(RolloutGroup(rank=0) pid=25279)[0m Time taken: Total 4.45 seconds, Text Encoder 1.21 seconds, Image Encoder 1.05 seconds, VAE 0.00 seconds, KV Cache Creation 0.44 seconds, Diffusion 1.74 seconds, DIT Compute Steps 3 steps, Scheduler 0.01 seconds
[36m(RolloutGroup(rank=1) pid=25289)[0m Time taken: Total 4.44 seconds, Text Encoder 1.21 seconds, Image Encoder 1.06 seconds, VAE 0.00 seconds, KV Cache Creation 0.43 seconds, Diffusion 1.74 seconds, DIT Compute Steps 3 steps, Scheduler 0.01 seconds
[36m(RolloutGroup(rank=0) pid=25279)[0m language is None, reset current_start_frame to 0
[36m(RolloutGroup(rank=0) pid=25279)[0m videos shape torch.Size([16, 3, 4, 160, 320]) 33
[36m(RolloutGroup(rank=1) pid=25289)[0m language is None, reset current_start_frame to 0
[36m(RolloutGroup(rank=1) pid=25289)[0m videos shape torch.Size([16, 3, 4, 160, 320]) 33
[36m(RolloutGroup(rank=0) pid=25279)[0m Time taken: Total 4.45 seconds, Text Encoder 1.21 seconds, Image Encoder 1.05 seconds, VAE 0.00 seconds, KV Cache Creation 0.43 seconds, Diffusion 1.74 seconds, DIT Compute Steps 3 steps, Scheduler 0.01 seconds
[36m(RolloutGroup(rank=0) pid=25279)[0m language is None, reset current_start_frame to 0
[36m(RolloutGroup(rank=0) pid=25279)[0m videos shape torch.Size([16, 3, 4, 160, 320]) 33
[36m(RolloutGroup(rank=1) pid=25289)[0m Time taken: Total 4.45 seconds, Text Encoder 1.21 seconds, Image Encoder 1.06 seconds, VAE 0.00 seconds, KV Cache Creation 0.43 seconds, Diffusion 1.74 seconds, DIT Compute Steps 3 steps, Scheduler 0.01 seconds
[36m(RolloutGroup(rank=1) pid=25289)[0m language is None, reset current_start_frame to 0
[36m(RolloutGroup(rank=1) pid=25289)[0m videos shape torch.Size([16, 3, 4, 160, 320]) 33
[36m(RolloutGroup(rank=0) pid=25279)[0m Time taken: Total 4.45 seconds, Text Encoder 1.21 seconds, Image Encoder 1.05 seconds, VAE 0.00 seconds, KV Cache Creation 0.44 seconds, Diffusion 1.74 seconds, DIT Compute Steps 3 steps, Scheduler 0.01 seconds[36m(RolloutGroup(rank=0) pid=25279)[0m Generating Rollout Epochs: 100%|██████████| 1/1 [07:15<00:00, 435.08s/it]Generating Rollout Epochs: 100%|██████████| 1/1 [07:15<00:00, 435.08s/it]

[36m(RolloutGroup(rank=0) pid=25279)[0m language is None, reset current_start_frame to 0
[36m(RolloutGroup(rank=0) pid=25279)[0m videos shape torch.Size([16, 3, 4, 160, 320]) 33
[36m(RolloutGroup(rank=1) pid=25289)[0m Time taken: Total 4.45 seconds, Text Encoder 1.21 seconds, Image Encoder 1.06 seconds, VAE 0.00 seconds, KV Cache Creation 0.43 seconds, Diffusion 1.74 seconds, DIT Compute Steps 3 steps, Scheduler 0.01 seconds
[36m(RolloutGroup(rank=1) pid=25289)[0m language is None, reset current_start_frame to 0
[36m(RolloutGroup(rank=1) pid=25289)[0m videos shape torch.Size([16, 3, 4, 160, 320]) 33
[36m(RolloutGroup(rank=0) pid=25279)[0m Time taken: Total 4.45 seconds, Text Encoder 1.21 seconds, Image Encoder 1.05 seconds, VAE 0.00 seconds, KV Cache Creation 0.43 seconds, Diffusion 1.74 seconds, DIT Compute Steps 3 steps, Scheduler 0.01 seconds
[36m(RolloutGroup(rank=0) pid=25279)[0m language is None, reset current_start_frame to 0
[36m(RolloutGroup(rank=0) pid=25279)[0m videos shape torch.Size([16, 3, 4, 160, 320]) 33
[36m(RolloutGroup(rank=1) pid=25289)[0m Time taken: Total 4.45 seconds, Text Encoder 1.21 seconds, Image Encoder 1.06 seconds, VAE 0.00 seconds, KV Cache Creation 0.43 seconds, Diffusion 1.74 seconds, DIT Compute Steps 3 steps, Scheduler 0.01 seconds
[36m(RolloutGroup(rank=1) pid=25289)[0m language is None, reset current_start_frame to 0
[36m(RolloutGroup(rank=1) pid=25289)[0m videos shape torch.Size([16, 3, 4, 160, 320]) 33
[36m(RolloutGroup(rank=0) pid=25279)[0m Time taken: Total 4.45 seconds, Text Encoder 1.21 seconds, Image Encoder 1.06 seconds, VAE 0.00 seconds, KV Cache Creation 0.43 seconds, Diffusion 1.74 seconds, DIT Compute Steps 3 steps, Scheduler 0.01 seconds
[36m(RolloutGroup(rank=0) pid=25279)[0m language is None, reset current_start_frame to 0
[36m(RolloutGroup(rank=0) pid=25279)[0m videos shape torch.Size([16, 3, 4, 160, 320]) 33
[36m(RolloutGroup(rank=1) pid=25289)[0m Time taken: Total 4.45 seconds, Text Encoder 1.21 seconds, Image Encoder 1.06 seconds, VAE 0.00 seconds, KV Cache Creation 0.43 seconds, Diffusion 1.74 seconds, DIT Compute Steps 3 steps, Scheduler 0.01 seconds
[36m(RolloutGroup(rank=1) pid=25289)[0m language is None, reset current_start_frame to 0
[36m(RolloutGroup(rank=1) pid=25289)[0m videos shape torch.Size([16, 3, 4, 160, 320]) 33
[36m(RolloutGroup(rank=0) pid=25279)[0m Time taken: Total 4.45 seconds, Text Encoder 1.21 seconds, Image Encoder 1.06 seconds, VAE 0.00 seconds, KV Cache Creation 0.43 seconds, Diffusion 1.74 seconds, DIT Compute Steps 3 steps, Scheduler 0.01 seconds
[36m(RolloutGroup(rank=0) pid=25279)[0m language is None, reset current_start_frame to 0
[36m(RolloutGroup(rank=0) pid=25279)[0m videos shape torch.Size([16, 3, 4, 160, 320]) 33
[36m(RolloutGroup(rank=1) pid=25289)[0m Time taken: Total 4.45 seconds, Text Encoder 1.21 seconds, Image Encoder 1.06 seconds, VAE 0.00 seconds, KV Cache Creation 0.43 seconds, Diffusion 1.74 seconds, DIT Compute Steps 3 steps, Scheduler 0.01 seconds
[36m(RolloutGroup(rank=1) pid=25289)[0m language is None, reset current_start_frame to 0
[36m(RolloutGroup(rank=1) pid=25289)[0m videos shape torch.Size([16, 3, 4, 160, 320]) 33
[36m(RolloutGroup(rank=0) pid=25279)[0m Time taken: Total 4.45 seconds, Text Encoder 1.21 seconds, Image Encoder 1.05 seconds, VAE 0.00 seconds, KV Cache Creation 0.43 seconds, Diffusion 1.74 seconds, DIT Compute Steps 3 steps, Scheduler 0.01 seconds
[36m(RolloutGroup(rank=0) pid=25279)[0m language is None, reset current_start_frame to 0
[36m(RolloutGroup(rank=0) pid=25279)[0m videos shape torch.Size([16, 3, 4, 160, 320]) 33
[36m(RolloutGroup(rank=1) pid=25289)[0m Time taken: Total 4.45 seconds, Text Encoder 1.21 seconds, Image Encoder 1.06 seconds, VAE 0.00 seconds, KV Cache Creation 0.43 seconds, Diffusion 1.74 seconds, DIT Compute Steps 3 steps, Scheduler 0.01 seconds
[36m(RolloutGroup(rank=1) pid=25289)[0m language is None, reset current_start_frame to 0
[36m(RolloutGroup(rank=1) pid=25289)[0m videos shape torch.Size([16, 3, 4, 160, 320]) 33
[36m(RolloutGroup(rank=0) pid=25279)[0m Time taken: Total 4.45 seconds, Text Encoder 1.21 seconds, Image Encoder 1.05 seconds, VAE 0.00 seconds, KV Cache Creation 0.43 seconds, Diffusion 1.74 seconds, DIT Compute Steps 3 steps, Scheduler 0.01 seconds
[36m(RolloutGroup(rank=0) pid=25279)[0m language is None, reset current_start_frame to 0
[36m(RolloutGroup(rank=0) pid=25279)[0m videos shape torch.Size([16, 3, 4, 160, 320]) 33
[36m(RolloutGroup(rank=1) pid=25289)[0m Time taken: Total 4.45 seconds, Text Encoder 1.21 seconds, Image Encoder 1.06 seconds, VAE 0.00 seconds, KV Cache Creation 0.43 seconds, Diffusion 1.74 seconds, DIT Compute Steps 3 steps, Scheduler 0.01 seconds
[36m(RolloutGroup(rank=1) pid=25289)[0m language is None, reset current_start_frame to 0
[36m(RolloutGroup(rank=1) pid=25289)[0m videos shape torch.Size([16, 3, 4, 160, 320]) 33
[36m(RolloutGroup(rank=0) pid=25279)[0m Time taken: Total 4.45 seconds, Text Encoder 1.21 seconds, Image Encoder 1.05 seconds, VAE 0.00 seconds, KV Cache Creation 0.43 seconds, Diffusion 1.74 seconds, DIT Compute Steps 3 steps, Scheduler 0.01 seconds
[36m(RolloutGroup(rank=0) pid=25279)[0m language is None, reset current_start_frame to 0
[36m(RolloutGroup(rank=0) pid=25279)[0m videos shape torch.Size([16, 3, 4, 160, 320]) 33
[36m(RolloutGroup(rank=1) pid=25289)[0m Time taken: Total 4.45 seconds, Text Encoder 1.21 seconds, Image Encoder 1.06 seconds, VAE 0.00 seconds, KV Cache Creation 0.43 seconds, Diffusion 1.74 seconds, DIT Compute Steps 3 steps, Scheduler 0.01 seconds
[36m(RolloutGroup(rank=1) pid=25289)[0m language is None, reset current_start_frame to 0
[36m(RolloutGroup(rank=1) pid=25289)[0m videos shape torch.Size([16, 3, 4, 160, 320]) 33
[36m(RolloutGroup(rank=0) pid=25279)[0m Time taken: Total 4.45 seconds, Text Encoder 1.21 seconds, Image Encoder 1.05 seconds, VAE 0.00 seconds, KV Cache Creation 0.43 seconds, Diffusion 1.74 seconds, DIT Compute Steps 3 steps, Scheduler 0.01 seconds
[36m(RolloutGroup(rank=0) pid=25279)[0m language is None, reset current_start_frame to 0
[36m(RolloutGroup(rank=0) pid=25279)[0m videos shape torch.Size([16, 3, 4, 160, 320]) 33
[36m(RolloutGroup(rank=1) pid=25289)[0m Time taken: Total 4.45 seconds, Text Encoder 1.21 seconds, Image Encoder 1.06 seconds, VAE 0.00 seconds, KV Cache Creation 0.43 seconds, Diffusion 1.74 seconds, DIT Compute Steps 3 steps, Scheduler 0.01 seconds
[36m(RolloutGroup(rank=1) pid=25289)[0m language is None, reset current_start_frame to 0
[36m(RolloutGroup(rank=1) pid=25289)[0m videos shape torch.Size([16, 3, 4, 160, 320]) 33
[36m(RolloutGroup(rank=0) pid=25279)[0m Time taken: Total 4.45 seconds, Text Encoder 1.21 seconds, Image Encoder 1.05 seconds, VAE 0.00 seconds, KV Cache Creation 0.43 seconds, Diffusion 1.74 seconds, DIT Compute Steps 3 steps, Scheduler 0.01 seconds
[36m(RolloutGroup(rank=1) pid=25289)[0m Time taken: Total 4.45 seconds, Text Encoder 1.21 seconds, Image Encoder 1.06 seconds, VAE 0.00 seconds, KV Cache Creation 0.43 seconds, Diffusion 1.75 seconds, DIT Compute Steps 3 steps, Scheduler 0.01 seconds
[36m(ActorGroup(rank=0) pid=25267)[0m [INFO 14:47:29 ActorGroup-Rank-0][fsdp_actor_worker.py:1726] actor training: start rollout_size_per_rank=64 global_batch_size=64 batch_size_per_rank=16 micro_batch_size=1 gradient_accumulation=16 update_epoch=1 global_batches_per_rank=4 micro_batches_per_global=16 total_micro_batches_per_rank=64
[36m(ActorGroup(rank=0) pid=25267)[0m [INFO 14:47:29 ActorGroup-Rank-0][fsdp_actor_worker.py:1774] actor training: micro-batch start 1/64 epoch=1/1 global_batch=1/4 micro=1/16
[36m(ActorGroup(rank=0) pid=25267)[0m language is None, reset current_start_frame to 0
[36m(ActorGroup(rank=0) pid=25267)[0m videos shape torch.Size([1, 3, 4, 160, 320]) 33
[36m(ActorGroup(rank=1) pid=25268)[0m language is None, reset current_start_frame to 0
[36m(ActorGroup(rank=1) pid=25268)[0m videos shape torch.Size([1, 3, 4, 160, 320]) 33
[36m(ActorGroup(rank=2) pid=25269)[0m language is None, reset current_start_frame to 0
[36m(ActorGroup(rank=2) pid=25269)[0m videos shape torch.Size([1, 3, 4, 160, 320]) 33[36m(ActorGroup(rank=0) pid=25267)[0m /data1/gaobowen/RLinf_dreamzero/.venv-libero-dreamzero/lib/python3.11/site-packages/torch/nn/modules/module.py:938: UserWarning: The .grad attribute of a Tensor that is not a leaf Tensor is being accessed. Its .grad attribute won't be populated during autograd.backward(). If you indeed want the .grad field to be populated for a non-leaf Tensor, use .retain_grad() on the non-leaf Tensor. If you access the non-leaf Tensor by mistake, make sure you access the leaf Tensor instead. See github.com/pytorch/pytorch/pull/30531 for more informations. (Triggered internally at /pytorch/build/aten/src/ATen/core/TensorBody.h:489.)
[36m(ActorGroup(rank=0) pid=25267)[0m   param_grad = param.grad
[36m(ActorGroup(rank=1) pid=25268)[0m /data1/gaobowen/RLinf_dreamzero/.venv-libero-dreamzero/lib/python3.11/site-packages/torch/nn/modules/module.py:938: UserWarning: The .grad attribute of a Tensor that is not a leaf Tensor is being accessed. Its .grad attribute won't be populated during autograd.backward(). If you indeed want the .grad field to be populated for a non-leaf Tensor, use .retain_grad() on the non-leaf Tensor. If you access the non-leaf Tensor by mistake, make sure you access the leaf Tensor instead. See github.com/pytorch/pytorch/pull/30531 for more informations. (Triggered internally at /pytorch/build/aten/src/ATen/core/TensorBody.h:489.)
[36m(ActorGroup(rank=1) pid=25268)[0m   param_grad = param.grad
[36m(ActorGroup(rank=3) pid=25271)[0m /data1/gaobowen/RLinf_dreamzero/.venv-libero-dreamzero/lib/python3.11/site-packages/torch/nn/modules/module.py:938: UserWarning: The .grad attribute of a Tensor that is not a leaf Tensor is being accessed. Its .grad attribute won't be populated during autograd.backward(). If you indeed want the .grad field to be populated for a non-leaf Tensor, use .retain_grad() on the non-leaf Tensor. If you access the non-leaf Tensor by mistake, make sure you access the leaf Tensor instead. See github.com/pytorch/pytorch/pull/30531 for more informations. (Triggered internally at /pytorch/build/aten/src/ATen/core/TensorBody.h:489.)
[36m(ActorGroup(rank=3) pid=25271)[0m   param_grad = param.grad
[36m(ActorGroup(rank=2) pid=25269)[0m /data1/gaobowen/RLinf_dreamzero/.venv-libero-dreamzero/lib/python3.11/site-packages/torch/nn/modules/module.py:938: UserWarning: The .grad attribute of a Tensor that is not a leaf Tensor is being accessed. Its .grad attribute won't be populated during autograd.backward(). If you indeed want the .grad field to be populated for a non-leaf Tensor, use .retain_grad() on the non-leaf Tensor. If you access the non-leaf Tensor by mistake, make sure you access the leaf Tensor instead. See github.com/pytorch/pytorch/pull/30531 for more informations. (Triggered internally at /pytorch/build/aten/src/ATen/core/TensorBody.h:489.)
[36m(ActorGroup(rank=2) pid=25269)[0m   param_grad = param.grad

[36m(ActorGroup(rank=3) pid=25271)[0m language is None, reset current_start_frame to 0
[36m(ActorGroup(rank=3) pid=25271)[0m videos shape torch.Size([1, 3, 4, 160, 320]) 33
[36m(ActorGroup(rank=0) pid=25267)[0m Time taken: Total 5.60 seconds, Text Encoder 0.42 seconds, Image Encoder 0.28 seconds, VAE 0.00 seconds, KV Cache Creation 1.27 seconds, Diffusion 3.59 seconds, DIT Compute Steps 3 steps, Scheduler 0.05 seconds
[36m(ActorGroup(rank=0) pid=25267)[0m [INFO 14:47:35 ActorGroup-Rank-0][fsdp_actor_worker.py:1844] actor training: model forward done 1/64 elapsed=5.77s
[36m(ActorGroup(rank=1) pid=25268)[0m Time taken: Total 5.60 seconds, Text Encoder 0.41 seconds, Image Encoder 0.28 seconds, VAE 0.00 seconds, KV Cache Creation 1.26 seconds, Diffusion 3.59 seconds, DIT Compute Steps 3 steps, Scheduler 0.05 seconds
[36m(ActorGroup(rank=2) pid=25269)[0m Time taken: Total 5.60 seconds, Text Encoder 0.42 seconds, Image Encoder 0.28 seconds, VAE 0.00 seconds, KV Cache Creation 1.27 seconds, Diffusion 3.59 seconds, DIT Compute Steps 3 steps, Scheduler 0.05 seconds
[36m(ActorGroup(rank=3) pid=25271)[0m Time taken: Total 5.61 seconds, Text Encoder 0.41 seconds, Image Encoder 0.28 seconds, VAE 0.00 seconds, KV Cache Creation 1.26 seconds, Diffusion 3.60 seconds, DIT Compute Steps 3 steps, Scheduler 0.06 seconds
[36m(ActorGroup(rank=0) pid=25267)[0m [INFO 14:47:37 ActorGroup-Rank-0][fsdp_actor_worker.py:1980] actor training: backward done 1/64 elapsed=2.04s
[36m(ActorGroup(rank=0) pid=25267)[0m language is None, reset current_start_frame to 0
[36m(ActorGroup(rank=0) pid=25267)[0m videos shape torch.Size([1, 3, 4, 160, 320]) 33
[36m(ActorGroup(rank=1) pid=25268)[0m language is None, reset current_start_frame to 0
[36m(ActorGroup(rank=1) pid=25268)[0m videos shape torch.Size([1, 3, 4, 160, 320]) 33
[36m(ActorGroup(rank=2) pid=25269)[0m language is None, reset current_start_frame to 0
[36m(ActorGroup(rank=2) pid=25269)[0m videos shape torch.Size([1, 3, 4, 160, 320]) 33
[36m(ActorGroup(rank=3) pid=25271)[0m language is None, reset current_start_frame to 0
[36m(ActorGroup(rank=3) pid=25271)[0m videos shape torch.Size([1, 3, 4, 160, 320]) 33
[36m(ActorGroup(rank=0) pid=25267)[0m Time taken: Total 4.65 seconds, Text Encoder 0.17 seconds, Image Encoder 0.13 seconds, VAE 0.00 seconds, KV Cache Creation 1.08 seconds, Diffusion 3.26 seconds, DIT Compute Steps 3 steps, Scheduler 0.01 seconds
[36m(ActorGroup(rank=1) pid=25268)[0m Time taken: Total 4.65 seconds, Text Encoder 0.17 seconds, Image Encoder 0.14 seconds, VAE 0.00 seconds, KV Cache Creation 1.08 seconds, Diffusion 3.26 seconds, DIT Compute Steps 3 steps, Scheduler 0.01 seconds
[36m(ActorGroup(rank=2) pid=25269)[0m Time taken: Total 4.65 seconds, Text Encoder 0.17 seconds, Image Encoder 0.13 seconds, VAE 0.00 seconds, KV Cache Creation 1.08 seconds, Diffusion 3.26 seconds, DIT Compute Steps 3 steps, Scheduler 0.01 seconds
[36m(ActorGroup(rank=3) pid=25271)[0m Time taken: Total 4.65 seconds, Text Encoder 0.16 seconds, Image Encoder 0.14 seconds, VAE 0.00 seconds, KV Cache Creation 1.08 seconds, Diffusion 3.26 seconds, DIT Compute Steps 3 steps, Scheduler 0.01 seconds
[36m(ActorGroup(rank=0) pid=25267)[0m language is None, reset current_start_frame to 0
[36m(ActorGroup(rank=0) pid=25267)[0m videos shape torch.Size([1, 3, 4, 160, 320]) 33
[36m(ActorGroup(rank=1) pid=25268)[0m language is None, reset current_start_frame to 0
[36m(ActorGroup(rank=1) pid=25268)[0m videos shape torch.Size([1, 3, 4, 160, 320]) 33
[36m(ActorGroup(rank=2) pid=25269)[0m language is None, reset current_start_frame to 0
[36m(ActorGroup(rank=2) pid=25269)[0m videos shape torch.Size([1, 3, 4, 160, 320]) 33
[36m(ActorGroup(rank=3) pid=25271)[0m language is None, reset current_start_frame to 0
[36m(ActorGroup(rank=3) pid=25271)[0m videos shape torch.Size([1, 3, 4, 160, 320]) 33
[36m(ActorGroup(rank=0) pid=25267)[0m Time taken: Total 4.60 seconds, Text Encoder 0.17 seconds, Image Encoder 0.13 seconds, VAE 0.00 seconds, KV Cache Creation 1.08 seconds, Diffusion 3.21 seconds, DIT Compute Steps 3 steps, Scheduler 0.01 seconds
[36m(ActorGroup(rank=1) pid=25268)[0m Time taken: Total 4.60 seconds, Text Encoder 0.17 seconds, Image Encoder 0.13 seconds, VAE 0.00 seconds, KV Cache Creation 1.08 seconds, Diffusion 3.21 seconds, DIT Compute Steps 3 steps, Scheduler 0.01 seconds
[36m(ActorGroup(rank=2) pid=25269)[0m Time taken: Total 4.60 seconds, Text Encoder 0.17 seconds, Image Encoder 0.13 seconds, VAE 0.00 seconds, KV Cache Creation 1.08 seconds, Diffusion 3.21 seconds, DIT Compute Steps 3 steps, Scheduler 0.01 seconds
[36m(ActorGroup(rank=3) pid=25271)[0m Time taken: Total 4.61 seconds, Text Encoder 0.16 seconds, Image Encoder 0.13 seconds, VAE 0.00 seconds, KV Cache Creation 1.08 seconds, Diffusion 3.21 seconds, DIT Compute Steps 3 steps, Scheduler 0.01 seconds
[36m(ActorGroup(rank=0) pid=25267)[0m [INFO 14:47:50 ActorGroup-Rank-0][fsdp_actor_worker.py:1774] actor training: micro-batch start 4/64 epoch=1/1 global_batch=1/4 micro=4/16
[36m(ActorGroup(rank=0) pid=25267)[0m language is None, reset current_start_frame to 0
[36m(ActorGroup(rank=0) pid=25267)[0m videos shape torch.Size([1, 3, 4, 160, 320]) 33
[36m(ActorGroup(rank=1) pid=25268)[0m language is None, reset current_start_frame to 0
[36m(ActorGroup(rank=1) pid=25268)[0m videos shape torch.Size([1, 3, 4, 160, 320]) 33
[36m(ActorGroup(rank=2) pid=25269)[0m language is None, reset current_start_frame to 0
[36m(ActorGroup(rank=2) pid=25269)[0m videos shape torch.Size([1, 3, 4, 160, 320]) 33
[36m(ActorGroup(rank=3) pid=25271)[0m language is None, reset current_start_frame to 0
[36m(ActorGroup(rank=3) pid=25271)[0m videos shape torch.Size([1, 3, 4, 160, 320]) 33
[36m(ActorGroup(rank=0) pid=25267)[0m Time taken: Total 5.04 seconds, Text Encoder 0.17 seconds, Image Encoder 0.14 seconds, VAE 0.00 seconds, KV Cache Creation 1.12 seconds, Diffusion 3.62 seconds, DIT Compute Steps 3 steps, Scheduler 0.01 seconds
[36m(ActorGroup(rank=0) pid=25267)[0m [INFO 14:47:55 ActorGroup-Rank-0][fsdp_actor_worker.py:1844] actor training: model forward done 4/64 elapsed=5.15s
[36m(ActorGroup(rank=1) pid=25268)[0m Time taken: Total 5.04 seconds, Text Encoder 0.16 seconds, Image Encoder 0.14 seconds, VAE 0.00 seconds, KV Cache Creation 1.11 seconds, Diffusion 3.62 seconds, DIT Compute Steps 3 steps, Scheduler 0.01 seconds
[36m(ActorGroup(rank=2) pid=25269)[0m Time taken: Total 5.04 seconds, Text Encoder 0.17 seconds, Image Encoder 0.14 seconds, VAE 0.00 seconds, KV Cache Creation 1.12 seconds, Diffusion 3.62 seconds, DIT Compute Steps 3 steps, Scheduler 0.01 seconds
[36m(ActorGroup(rank=3) pid=25271)[0m Time taken: Total 5.04 seconds, Text Encoder 0.17 seconds, Image Encoder 0.14 seconds, VAE 0.00 seconds, KV Cache Creation 1.11 seconds, Diffusion 3.62 seconds, DIT Compute Steps 3 steps, Scheduler 0.01 seconds
[36m(ActorGroup(rank=0) pid=25267)[0m [INFO 14:47:57 ActorGroup-Rank-0][fsdp_actor_worker.py:1980] actor training: backward done 4/64 elapsed=1.94s
[36m(ActorGroup(rank=0) pid=25267)[0m language is None, reset current_start_frame to 0
[36m(ActorGroup(rank=0) pid=25267)[0m videos shape torch.Size([1, 3, 4, 160, 320]) 33
[36m(ActorGroup(rank=1) pid=25268)[0m language is None, reset current_start_frame to 0
[36m(ActorGroup(rank=1) pid=25268)[0m videos shape torch.Size([1, 3, 4, 160, 320]) 33
[36m(ActorGroup(rank=2) pid=25269)[0m language is None, reset current_start_frame to 0
[36m(ActorGroup(rank=2) pid=25269)[0m videos shape torch.Size([1, 3, 4, 160, 320]) 33
[36m(ActorGroup(rank=3) pid=25271)[0m language is None, reset current_start_frame to 0
[36m(ActorGroup(rank=3) pid=25271)[0m videos shape torch.Size([1, 3, 4, 160, 320]) 33
[36m(ActorGroup(rank=0) pid=25267)[0m Time taken: Total 4.61 seconds, Text Encoder 0.17 seconds, Image Encoder 0.13 seconds, VAE 0.00 seconds, KV Cache Creation 1.08 seconds, Diffusion 3.22 seconds, DIT Compute Steps 3 steps, Scheduler 0.01 seconds
[36m(ActorGroup(rank=1) pid=25268)[0m Time taken: Total 4.61 seconds, Text Encoder 0.17 seconds, Image Encoder 0.14 seconds, VAE 0.00 seconds, KV Cache Creation 1.07 seconds, Diffusion 3.22 seconds, DIT Compute Steps 3 steps, Scheduler 0.01 seconds
[36m(ActorGroup(rank=2) pid=25269)[0m Time taken: Total 4.61 seconds, Text Encoder 0.17 seconds, Image Encoder 0.14 seconds, VAE 0.00 seconds, KV Cache Creation 1.07 seconds, Diffusion 3.22 seconds, DIT Compute Steps 3 steps, Scheduler 0.01 seconds
[36m(ActorGroup(rank=3) pid=25271)[0m Time taken: Total 4.61 seconds, Text Encoder 0.17 seconds, Image Encoder 0.14 seconds, VAE 0.00 seconds, KV Cache Creation 1.08 seconds, Diffusion 3.22 seconds, DIT Compute Steps 3 steps, Scheduler 0.01 seconds
[36m(ActorGroup(rank=0) pid=25267)[0m language is None, reset current_start_frame to 0
[36m(ActorGroup(rank=0) pid=25267)[0m videos shape torch.Size([1, 3, 4, 160, 320]) 33
[36m(ActorGroup(rank=1) pid=25268)[0m language is None, reset current_start_frame to 0
[36m(ActorGroup(rank=1) pid=25268)[0m videos shape torch.Size([1, 3, 4, 160, 320]) 33
[36m(ActorGroup(rank=2) pid=25269)[0m language is None, reset current_start_frame to 0
[36m(ActorGroup(rank=2) pid=25269)[0m videos shape torch.Size([1, 3, 4, 160, 320]) 33
[36m(ActorGroup(rank=3) pid=25271)[0m language is None, reset current_start_frame to 0
[36m(ActorGroup(rank=3) pid=25271)[0m videos shape torch.Size([1, 3, 4, 160, 320]) 33
[36m(ActorGroup(rank=0) pid=25267)[0m Time taken: Total 4.62 seconds, Text Encoder 0.17 seconds, Image Encoder 0.13 seconds, VAE 0.00 seconds, KV Cache Creation 1.09 seconds, Diffusion 3.22 seconds, DIT Compute Steps 3 steps, Scheduler 0.01 seconds
[36m(ActorGroup(rank=1) pid=25268)[0m Time taken: Total 4.62 seconds, Text Encoder 0.17 seconds, Image Encoder 0.14 seconds, VAE 0.00 seconds, KV Cache Creation 1.09 seconds, Diffusion 3.22 seconds, DIT Compute Steps 3 steps, Scheduler 0.01 seconds
[36m(ActorGroup(rank=2) pid=25269)[0m Time taken: Total 4.62 seconds, Text Encoder 0.17 seconds, Image Encoder 0.13 seconds, VAE 0.00 seconds, KV Cache Creation 1.09 seconds, Diffusion 3.22 seconds, DIT Compute Steps 3 steps, Scheduler 0.01 seconds
[36m(ActorGroup(rank=3) pid=25271)[0m Time taken: Total 4.62 seconds, Text Encoder 0.17 seconds, Image Encoder 0.14 seconds, VAE 0.00 seconds, KV Cache Creation 1.09 seconds, Diffusion 3.22 seconds, DIT Compute Steps 3 steps, Scheduler 0.01 seconds
[36m(ActorGroup(rank=0) pid=25267)[0m language is None, reset current_start_frame to 0
[36m(ActorGroup(rank=0) pid=25267)[0m videos shape torch.Size([1, 3, 4, 160, 320]) 33
[36m(ActorGroup(rank=1) pid=25268)[0m language is None, reset current_start_frame to 0
[36m(ActorGroup(rank=1) pid=25268)[0m videos shape torch.Size([1, 3, 4, 160, 320]) 33
[36m(ActorGroup(rank=2) pid=25269)[0m language is None, reset current_start_frame to 0
[36m(ActorGroup(rank=2) pid=25269)[0m videos shape torch.Size([1, 3, 4, 160, 320]) 33
[36m(ActorGroup(rank=3) pid=25271)[0m language is None, reset current_start_frame to 0
[36m(ActorGroup(rank=3) pid=25271)[0m videos shape torch.Size([1, 3, 4, 160, 320]) 33
[36m(ActorGroup(rank=0) pid=25267)[0m Time taken: Total 4.59 seconds, Text Encoder 0.17 seconds, Image Encoder 0.13 seconds, VAE 0.00 seconds, KV Cache Creation 1.08 seconds, Diffusion 3.20 seconds, DIT Compute Steps 3 steps, Scheduler 0.01 seconds
[36m(ActorGroup(rank=1) pid=25268)[0m Time taken: Total 4.59 seconds, Text Encoder 0.17 seconds, Image Encoder 0.14 seconds, VAE 0.00 seconds, KV Cache Creation 1.08 seconds, Diffusion 3.20 seconds, DIT Compute Steps 3 steps, Scheduler 0.01 seconds
[36m(ActorGroup(rank=2) pid=25269)[0m Time taken: Total 4.59 seconds, Text Encoder 0.17 seconds, Image Encoder 0.13 seconds, VAE 0.00 seconds, KV Cache Creation 1.08 seconds, Diffusion 3.20 seconds, DIT Compute Steps 3 steps, Scheduler 0.01 seconds
[36m(ActorGroup(rank=3) pid=25271)[0m Time taken: Total 4.59 seconds, Text Encoder 0.17 seconds, Image Encoder 0.14 seconds, VAE 0.00 seconds, KV Cache Creation 1.08 seconds, Diffusion 3.20 seconds, DIT Compute Steps 3 steps, Scheduler 0.01 seconds
[36m(ActorGroup(rank=0) pid=25267)[0m [INFO 14:48:18 ActorGroup-Rank-0][fsdp_actor_worker.py:1774] actor training: micro-batch start 8/64 epoch=1/1 global_batch=1/4 micro=8/16
[36m(ActorGroup(rank=0) pid=25267)[0m language is None, reset current_start_frame to 0
[36m(ActorGroup(rank=0) pid=25267)[0m videos shape torch.Size([1, 3, 4, 160, 320]) 33
[36m(ActorGroup(rank=1) pid=25268)[0m language is None, reset current_start_frame to 0
[36m(ActorGroup(rank=1) pid=25268)[0m videos shape torch.Size([1, 3, 4, 160, 320]) 33
[36m(ActorGroup(rank=2) pid=25269)[0m language is None, reset current_start_frame to 0
[36m(ActorGroup(rank=2) pid=25269)[0m videos shape torch.Size([1, 3, 4, 160, 320]) 33
[36m(ActorGroup(rank=3) pid=25271)[0m language is None, reset current_start_frame to 0
[36m(ActorGroup(rank=3) pid=25271)[0m videos shape torch.Size([1, 3, 4, 160, 320]) 33
[36m(ActorGroup(rank=0) pid=25267)[0m Time taken: Total 4.64 seconds, Text Encoder 0.16 seconds, Image Encoder 0.13 seconds, VAE 0.00 seconds, KV Cache Creation 1.08 seconds, Diffusion 3.25 seconds, DIT Compute Steps 3 steps, Scheduler 0.01 seconds
[36m(ActorGroup(rank=0) pid=25267)[0m [INFO 14:48:22 ActorGroup-Rank-0][fsdp_actor_worker.py:1844] actor training: model forward done 8/64 elapsed=4.73s
[36m(ActorGroup(rank=1) pid=25268)[0m Time taken: Total 4.64 seconds, Text Encoder 0.17 seconds, Image Encoder 0.14 seconds, VAE 0.00 seconds, KV Cache Creation 1.08 seconds, Diffusion 3.25 seconds, DIT Compute Steps 3 steps, Scheduler 0.01 seconds
[36m(ActorGroup(rank=2) pid=25269)[0m Time taken: Total 4.64 seconds, Text Encoder 0.16 seconds, Image Encoder 0.14 seconds, VAE 0.00 seconds, KV Cache Creation 1.08 seconds, Diffusion 3.25 seconds, DIT Compute Steps 3 steps, Scheduler 0.01 seconds
[36m(ActorGroup(rank=3) pid=25271)[0m Time taken: Total 4.64 seconds, Text Encoder 0.17 seconds, Image Encoder 0.14 seconds, VAE 0.00 seconds, KV Cache Creation 1.08 seconds, Diffusion 3.25 seconds, DIT Compute Steps 3 steps, Scheduler 0.01 seconds
[36m(ActorGroup(rank=0) pid=25267)[0m [INFO 14:48:24 ActorGroup-Rank-0][fsdp_actor_worker.py:1980] actor training: backward done 8/64 elapsed=1.96s
[36m(ActorGroup(rank=0) pid=25267)[0m language is None, reset current_start_frame to 0
[36m(ActorGroup(rank=0) pid=25267)[0m videos shape torch.Size([1, 3, 4, 160, 320]) 33
[36m(ActorGroup(rank=1) pid=25268)[0m language is None, reset current_start_frame to 0
[36m(ActorGroup(rank=1) pid=25268)[0m videos shape torch.Size([1, 3, 4, 160, 320]) 33
[36m(ActorGroup(rank=2) pid=25269)[0m language is None, reset current_start_frame to 0
[36m(ActorGroup(rank=2) pid=25269)[0m videos shape torch.Size([1, 3, 4, 160, 320]) 33
[36m(ActorGroup(rank=3) pid=25271)[0m language is None, reset current_start_frame to 0
[36m(ActorGroup(rank=3) pid=25271)[0m videos shape torch.Size([1, 3, 4, 160, 320]) 33
[36m(ActorGroup(rank=0) pid=25267)[0m Time taken: Total 4.94 seconds, Text Encoder 0.17 seconds, Image Encoder 0.14 seconds, VAE 0.00 seconds, KV Cache Creation 1.45 seconds, Diffusion 3.17 seconds, DIT Compute Steps 3 steps, Scheduler 0.01 seconds
[36m(ActorGroup(rank=1) pid=25268)[0m Time taken: Total 4.94 seconds, Text Encoder 0.16 seconds, Image Encoder 0.14 seconds, VAE 0.00 seconds, KV Cache Creation 1.46 seconds, Diffusion 3.17 seconds, DIT Compute Steps 3 steps, Scheduler 0.01 seconds
[36m(ActorGroup(rank=2) pid=25269)[0m Time taken: Total 4.94 seconds, Text Encoder 0.17 seconds, Image Encoder 0.14 seconds, VAE 0.00 seconds, KV Cache Creation 1.45 seconds, Diffusion 3.17 seconds, DIT Compute Steps 3 steps, Scheduler 0.01 seconds
[36m(ActorGroup(rank=3) pid=25271)[0m Time taken: Total 4.94 seconds, Text Encoder 0.17 seconds, Image Encoder 0.14 seconds, VAE 0.00 seconds, KV Cache Creation 1.45 seconds, Diffusion 3.17 seconds, DIT Compute Steps 3 steps, Scheduler 0.01 seconds
[36m(ActorGroup(rank=0) pid=25267)[0m language is None, reset current_start_frame to 0
[36m(ActorGroup(rank=0) pid=25267)[0m videos shape torch.Size([1, 3, 4, 160, 320]) 33
[36m(ActorGroup(rank=1) pid=25268)[0m language is None, reset current_start_frame to 0
[36m(ActorGroup(rank=1) pid=25268)[0m videos shape torch.Size([1, 3, 4, 160, 320]) 33
[36m(ActorGroup(rank=2) pid=25269)[0m language is None, reset current_start_frame to 0
[36m(ActorGroup(rank=2) pid=25269)[0m videos shape torch.Size([1, 3, 4, 160, 320]) 33
[36m(ActorGroup(rank=3) pid=25271)[0m language is None, reset current_start_frame to 0
[36m(ActorGroup(rank=3) pid=25271)[0m videos shape torch.Size([1, 3, 4, 160, 320]) 33
[36m(ActorGroup(rank=0) pid=25267)[0m Time taken: Total 4.56 seconds, Text Encoder 0.17 seconds, Image Encoder 0.14 seconds, VAE 0.00 seconds, KV Cache Creation 1.07 seconds, Diffusion 3.18 seconds, DIT Compute Steps 3 steps, Scheduler 0.01 seconds
[36m(ActorGroup(rank=1) pid=25268)[0m Time taken: Total 4.56 seconds, Text Encoder 0.16 seconds, Image Encoder 0.14 seconds, VAE 0.00 seconds, KV Cache Creation 1.07 seconds, Diffusion 3.18 seconds, DIT Compute Steps 3 steps, Scheduler 0.01 seconds
[36m(ActorGroup(rank=2) pid=25269)[0m Time taken: Total 4.56 seconds, Text Encoder 0.17 seconds, Image Encoder 0.14 seconds, VAE 0.00 seconds, KV Cache Creation 1.07 seconds, Diffusion 3.18 seconds, DIT Compute Steps 3 steps, Scheduler 0.01 seconds
[36m(ActorGroup(rank=3) pid=25271)[0m Time taken: Total 4.56 seconds, Text Encoder 0.17 seconds, Image Encoder 0.14 seconds, VAE 0.00 seconds, KV Cache Creation 1.06 seconds, Diffusion 3.18 seconds, DIT Compute Steps 3 steps, Scheduler 0.01 seconds
[36m(ActorGroup(rank=0) pid=25267)[0m language is None, reset current_start_frame to 0
[36m(ActorGroup(rank=0) pid=25267)[0m videos shape torch.Size([1, 3, 4, 160, 320]) 33
[36m(ActorGroup(rank=1) pid=25268)[0m language is None, reset current_start_frame to 0
[36m(ActorGroup(rank=1) pid=25268)[0m videos shape torch.Size([1, 3, 4, 160, 320]) 33
[36m(ActorGroup(rank=2) pid=25269)[0m language is None, reset current_start_frame to 0
[36m(ActorGroup(rank=2) pid=25269)[0m videos shape torch.Size([1, 3, 4, 160, 320]) 33
[36m(ActorGroup(rank=3) pid=25271)[0m language is None, reset current_start_frame to 0
[36m(ActorGroup(rank=3) pid=25271)[0m videos shape torch.Size([1, 3, 4, 160, 320]) 33
[36m(ActorGroup(rank=0) pid=25267)[0m Time taken: Total 4.53 seconds, Text Encoder 0.17 seconds, Image Encoder 0.14 seconds, VAE 0.00 seconds, KV Cache Creation 1.07 seconds, Diffusion 3.15 seconds, DIT Compute Steps 3 steps, Scheduler 0.01 seconds
[36m(ActorGroup(rank=1) pid=25268)[0m Time taken: Total 4.54 seconds, Text Encoder 0.17 seconds, Image Encoder 0.14 seconds, VAE 0.00 seconds, KV Cache Creation 1.07 seconds, Diffusion 3.16 seconds, DIT Compute Steps 3 steps, Scheduler 0.01 seconds
[36m(ActorGroup(rank=2) pid=25269)[0m Time taken: Total 4.54 seconds, Text Encoder 0.17 seconds, Image Encoder 0.14 seconds, VAE 0.00 seconds, KV Cache Creation 1.07 seconds, Diffusion 3.15 seconds, DIT Compute Steps 3 steps, Scheduler 0.01 seconds
[36m(ActorGroup(rank=3) pid=25271)[0m Time taken: Total 4.54 seconds, Text Encoder 0.17 seconds, Image Encoder 0.14 seconds, VAE 0.00 seconds, KV Cache Creation 1.07 seconds, Diffusion 3.15 seconds, DIT Compute Steps 3 steps, Scheduler 0.01 seconds
[36m(ActorGroup(rank=0) pid=25267)[0m [INFO 14:48:45 ActorGroup-Rank-0][fsdp_actor_worker.py:1774] actor training: micro-batch start 12/64 epoch=1/1 global_batch=1/4 micro=12/16
[36m(ActorGroup(rank=0) pid=25267)[0m language is None, reset current_start_frame to 0
[36m(ActorGroup(rank=0) pid=25267)[0m videos shape torch.Size([1, 3, 4, 160, 320]) 33
[36m(ActorGroup(rank=1) pid=25268)[0m language is None, reset current_start_frame to 0
[36m(ActorGroup(rank=1) pid=25268)[0m videos shape torch.Size([1, 3, 4, 160, 320]) 33
[36m(ActorGroup(rank=2) pid=25269)[0m language is None, reset current_start_frame to 0
[36m(ActorGroup(rank=2) pid=25269)[0m videos shape torch.Size([1, 3, 4, 160, 320]) 33
[36m(ActorGroup(rank=3) pid=25271)[0m language is None, reset current_start_frame to 0
[36m(ActorGroup(rank=3) pid=25271)[0m videos shape torch.Size([1, 3, 4, 160, 320]) 33
[36m(ActorGroup(rank=0) pid=25267)[0m Time taken: Total 4.57 seconds, Text Encoder 0.17 seconds, Image Encoder 0.14 seconds, VAE 0.00 seconds, KV Cache Creation 1.07 seconds, Diffusion 3.18 seconds, DIT Compute Steps 3 steps, Scheduler 0.01 seconds
[36m(ActorGroup(rank=0) pid=25267)[0m [INFO 14:48:49 ActorGroup-Rank-0][fsdp_actor_worker.py:1844] actor training: model forward done 12/64 elapsed=4.66s
[36m(ActorGroup(rank=1) pid=25268)[0m Time taken: Total 4.57 seconds, Text Encoder 0.17 seconds, Image Encoder 0.14 seconds, VAE 0.00 seconds, KV Cache Creation 1.07 seconds, Diffusion 3.18 seconds, DIT Compute Steps 3 steps, Scheduler 0.01 seconds
[36m(ActorGroup(rank=2) pid=25269)[0m Time taken: Total 4.57 seconds, Text Encoder 0.17 seconds, Image Encoder 0.14 seconds, VAE 0.00 seconds, KV Cache Creation 1.07 seconds, Diffusion 3.18 seconds, DIT Compute Steps 3 steps, Scheduler 0.01 seconds
[36m(ActorGroup(rank=3) pid=25271)[0m Time taken: Total 4.57 seconds, Text Encoder 0.17 seconds, Image Encoder 0.14 seconds, VAE 0.00 seconds, KV Cache Creation 1.07 seconds, Diffusion 3.18 seconds, DIT Compute Steps 3 steps, Scheduler 0.01 seconds
[36m(ActorGroup(rank=0) pid=25267)[0m [INFO 14:48:51 ActorGroup-Rank-0][fsdp_actor_worker.py:1980] actor training: backward done 12/64 elapsed=1.96s
[36m(ActorGroup(rank=0) pid=25267)[0m language is None, reset current_start_frame to 0
[36m(ActorGroup(rank=0) pid=25267)[0m videos shape torch.Size([1, 3, 4, 160, 320]) 33
[36m(ActorGroup(rank=1) pid=25268)[0m language is None, reset current_start_frame to 0
[36m(ActorGroup(rank=1) pid=25268)[0m videos shape torch.Size([1, 3, 4, 160, 320]) 33
[36m(ActorGroup(rank=2) pid=25269)[0m language is None, reset current_start_frame to 0
[36m(ActorGroup(rank=2) pid=25269)[0m videos shape torch.Size([1, 3, 4, 160, 320]) 33
[36m(ActorGroup(rank=3) pid=25271)[0m language is None, reset current_start_frame to 0
[36m(ActorGroup(rank=3) pid=25271)[0m videos shape torch.Size([1, 3, 4, 160, 320]) 33
[36m(ActorGroup(rank=0) pid=25267)[0m Time taken: Total 4.92 seconds, Text Encoder 0.16 seconds, Image Encoder 0.14 seconds, VAE 0.00 seconds, KV Cache Creation 1.07 seconds, Diffusion 3.54 seconds, DIT Compute Steps 3 steps, Scheduler 0.01 seconds
[36m(ActorGroup(rank=1) pid=25268)[0m Time taken: Total 4.92 seconds, Text Encoder 0.17 seconds, Image Encoder 0.14 seconds, VAE 0.00 seconds, KV Cache Creation 1.07 seconds, Diffusion 3.54 seconds, DIT Compute Steps 3 steps, Scheduler 0.01 seconds
[36m(ActorGroup(rank=2) pid=25269)[0m Time taken: Total 4.92 seconds, Text Encoder 0.17 seconds, Image Encoder 0.14 seconds, VAE 0.00 seconds, KV Cache Creation 1.07 seconds, Diffusion 3.54 seconds, DIT Compute Steps 3 steps, Scheduler 0.01 seconds
[36m(ActorGroup(rank=3) pid=25271)[0m Time taken: Total 4.92 seconds, Text Encoder 0.17 seconds, Image Encoder 0.14 seconds, VAE 0.00 seconds, KV Cache Creation 1.07 seconds, Diffusion 3.54 seconds, DIT Compute Steps 3 steps, Scheduler 0.01 seconds
[36m(ActorGroup(rank=0) pid=25267)[0m language is None, reset current_start_frame to 0
[36m(ActorGroup(rank=0) pid=25267)[0m videos shape torch.Size([1, 3, 4, 160, 320]) 33
[36m(ActorGroup(rank=1) pid=25268)[0m language is None, reset current_start_frame to 0
[36m(ActorGroup(rank=1) pid=25268)[0m videos shape torch.Size([1, 3, 4, 160, 320]) 33
[36m(ActorGroup(rank=2) pid=25269)[0m language is None, reset current_start_frame to 0
[36m(ActorGroup(rank=2) pid=25269)[0m videos shape torch.Size([1, 3, 4, 160, 320]) 33
[36m(ActorGroup(rank=3) pid=25271)[0m language is None, reset current_start_frame to 0
[36m(ActorGroup(rank=3) pid=25271)[0m videos shape torch.Size([1, 3, 4, 160, 320]) 33
[36m(ActorGroup(rank=0) pid=25267)[0m Time taken: Total 4.55 seconds, Text Encoder 0.17 seconds, Image Encoder 0.13 seconds, VAE 0.00 seconds, KV Cache Creation 1.07 seconds, Diffusion 3.17 seconds, DIT Compute Steps 3 steps, Scheduler 0.01 seconds
[36m(ActorGroup(rank=1) pid=25268)[0m Time taken: Total 4.55 seconds, Text Encoder 0.17 seconds, Image Encoder 0.13 seconds, VAE 0.00 seconds, KV Cache Creation 1.07 seconds, Diffusion 3.17 seconds, DIT Compute Steps 3 steps, Scheduler 0.01 seconds
[36m(ActorGroup(rank=2) pid=25269)[0m Time taken: Total 4.55 seconds, Text Encoder 0.17 seconds, Image Encoder 0.13 seconds, VAE 0.00 seconds, KV Cache Creation 1.07 seconds, Diffusion 3.17 seconds, DIT Compute Steps 3 steps, Scheduler 0.01 seconds
[36m(ActorGroup(rank=3) pid=25271)[0m Time taken: Total 4.55 seconds, Text Encoder 0.17 seconds, Image Encoder 0.13 seconds, VAE 0.00 seconds, KV Cache Creation 1.07 seconds, Diffusion 3.17 seconds, DIT Compute Steps 3 steps, Scheduler 0.01 seconds
[36m(ActorGroup(rank=0) pid=25267)[0m language is None, reset current_start_frame to 0
[36m(ActorGroup(rank=0) pid=25267)[0m videos shape torch.Size([1, 3, 4, 160, 320]) 33
[36m(ActorGroup(rank=1) pid=25268)[0m language is None, reset current_start_frame to 0
[36m(ActorGroup(rank=1) pid=25268)[0m videos shape torch.Size([1, 3, 4, 160, 320]) 33
[36m(ActorGroup(rank=2) pid=25269)[0m language is None, reset current_start_frame to 0
[36m(ActorGroup(rank=2) pid=25269)[0m videos shape torch.Size([1, 3, 4, 160, 320]) 33
[36m(ActorGroup(rank=3) pid=25271)[0m language is None, reset current_start_frame to 0
[36m(ActorGroup(rank=3) pid=25271)[0m videos shape torch.Size([1, 3, 4, 160, 320]) 33
[36m(ActorGroup(rank=0) pid=25267)[0m Time taken: Total 4.56 seconds, Text Encoder 0.17 seconds, Image Encoder 0.14 seconds, VAE 0.00 seconds, KV Cache Creation 1.07 seconds, Diffusion 3.18 seconds, DIT Compute Steps 3 steps, Scheduler 0.01 seconds
[36m(ActorGroup(rank=1) pid=25268)[0m Time taken: Total 4.56 seconds, Text Encoder 0.16 seconds, Image Encoder 0.14 seconds, VAE 0.00 seconds, KV Cache Creation 1.07 seconds, Diffusion 3.18 seconds, DIT Compute Steps 3 steps, Scheduler 0.01 seconds
[36m(ActorGroup(rank=2) pid=25269)[0m Time taken: Total 4.56 seconds, Text Encoder 0.17 seconds, Image Encoder 0.14 seconds, VAE 0.00 seconds, KV Cache Creation 1.07 seconds, Diffusion 3.18 seconds, DIT Compute Steps 3 steps, Scheduler 0.01 seconds
[36m(ActorGroup(rank=3) pid=25271)[0m Time taken: Total 4.56 seconds, Text Encoder 0.16 seconds, Image Encoder 0.14 seconds, VAE 0.00 seconds, KV Cache Creation 1.07 seconds, Diffusion 3.18 seconds, DIT Compute Steps 3 steps, Scheduler 0.01 seconds
[36m(ActorGroup(rank=0) pid=25267)[0m [INFO 14:49:12 ActorGroup-Rank-0][fsdp_actor_worker.py:1774] actor training: micro-batch start 16/64 epoch=1/1 global_batch=1/4 micro=16/16
[36m(ActorGroup(rank=0) pid=25267)[0m language is None, reset current_start_frame to 0
[36m(ActorGroup(rank=0) pid=25267)[0m videos shape torch.Size([1, 3, 4, 160, 320]) 33
[36m(ActorGroup(rank=1) pid=25268)[0m language is None, reset current_start_frame to 0
[36m(ActorGroup(rank=1) pid=25268)[0m videos shape torch.Size([1, 3, 4, 160, 320]) 33
[36m(ActorGroup(rank=2) pid=25269)[0m language is None, reset current_start_frame to 0
[36m(ActorGroup(rank=2) pid=25269)[0m videos shape torch.Size([1, 3, 4, 160, 320]) 33
[36m(ActorGroup(rank=3) pid=25271)[0m language is None, reset current_start_frame to 0
[36m(ActorGroup(rank=3) pid=25271)[0m videos shape torch.Size([1, 3, 4, 160, 320]) 33
[36m(ActorGroup(rank=0) pid=25267)[0m Time taken: Total 4.56 seconds, Text Encoder 0.17 seconds, Image Encoder 0.14 seconds, VAE 0.00 seconds, KV Cache Creation 1.08 seconds, Diffusion 3.17 seconds, DIT Compute Steps 3 steps, Scheduler 0.01 seconds
[36m(ActorGroup(rank=1) pid=25268)[0m Time taken: Total 4.56 seconds, Text Encoder 0.17 seconds, Image Encoder 0.14 seconds, VAE 0.00 seconds, KV Cache Creation 1.07 seconds, Diffusion 3.17 seconds, DIT Compute Steps 3 steps, Scheduler 0.01 seconds
[36m(ActorGroup(rank=2) pid=25269)[0m Time taken: Total 4.56 seconds, Text Encoder 0.17 seconds, Image Encoder 0.14 seconds, VAE 0.00 seconds, KV Cache Creation 1.08 seconds, Diffusion 3.17 seconds, DIT Compute Steps 3 steps, Scheduler 0.01 seconds
[36m(ActorGroup(rank=3) pid=25271)[0m Time taken: Total 4.56 seconds, Text Encoder 0.17 seconds, Image Encoder 0.14 seconds, VAE 0.00 seconds, KV Cache Creation 1.07 seconds, Diffusion 3.17 seconds, DIT Compute Steps 3 steps, Scheduler 0.01 seconds
[36m(ActorGroup(rank=0) pid=25267)[0m [INFO 14:49:17 ActorGroup-Rank-0][fsdp_actor_worker.py:1844] actor training: model forward done 16/64 elapsed=4.66s
[36m(ActorGroup(rank=0) pid=25267)[0m [INFO 14:49:19 ActorGroup-Rank-0][fsdp_actor_worker.py:1980] actor training: backward done 16/64 elapsed=2.12s
[36m(ActorGroup(rank=0) pid=25267)[0m [INFO 14:49:19 ActorGroup-Rank-0][fsdp_actor_worker.py:2001] actor training: global batch done 1/4 epoch=1/1 elapsed=109.94s
[36m(ActorGroup(rank=0) pid=25267)[0m [INFO 14:49:20 ActorGroup-Rank-0][fsdp_actor_worker.py:2014] actor training: empty_cache done global_batch=1/4 elapsed=0.79s
[36m(ActorGroup(rank=0) pid=25267)[0m [INFO 14:49:20 ActorGroup-Rank-0][fsdp_actor_worker.py:2031] actor training: optimizer step done global_batch=1/4 grad_norm=470.747 elapsed=0.11s
[36m(ActorGroup(rank=0) pid=25267)[0m language is None, reset current_start_frame to 0
[36m(ActorGroup(rank=0) pid=25267)[0m videos shape torch.Size([1, 3, 4, 160, 320]) 33
[36m(ActorGroup(rank=1) pid=25268)[0m language is None, reset current_start_frame to 0
[36m(ActorGroup(rank=1) pid=25268)[0m videos shape torch.Size([1, 3, 4, 160, 320]) 33
[36m(ActorGroup(rank=2) pid=25269)[0m language is None, reset current_start_frame to 0
[36m(ActorGroup(rank=2) pid=25269)[0m videos shape torch.Size([1, 3, 4, 160, 320]) 33
[36m(ActorGroup(rank=3) pid=25271)[0m language is None, reset current_start_frame to 0
[36m(ActorGroup(rank=3) pid=25271)[0m videos shape torch.Size([1, 3, 4, 160, 320]) 33
[36m(ActorGroup(rank=0) pid=25267)[0m Time taken: Total 5.41 seconds, Text Encoder 0.21 seconds, Image Encoder 0.14 seconds, VAE 0.00 seconds, KV Cache Creation 1.12 seconds, Diffusion 3.94 seconds, DIT Compute Steps 3 steps, Scheduler 0.01 seconds
[36m(ActorGroup(rank=1) pid=25268)[0m Time taken: Total 5.41 seconds, Text Encoder 0.21 seconds, Image Encoder 0.14 seconds, VAE 0.00 seconds, KV Cache Creation 1.12 seconds, Diffusion 3.94 seconds, DIT Compute Steps 3 steps, Scheduler 0.01 seconds
[36m(ActorGroup(rank=2) pid=25269)[0m Time taken: Total 5.41 seconds, Text Encoder 0.21 seconds, Image Encoder 0.14 seconds, VAE 0.00 seconds, KV Cache Creation 1.12 seconds, Diffusion 3.94 seconds, DIT Compute Steps 3 steps, Scheduler 0.01 seconds
[36m(ActorGroup(rank=3) pid=25271)[0m Time taken: Total 5.41 seconds, Text Encoder 0.21 seconds, Image Encoder 0.13 seconds, VAE 0.00 seconds, KV Cache Creation 1.12 seconds, Diffusion 3.94 seconds, DIT Compute Steps 3 steps, Scheduler 0.01 seconds
[36m(ActorGroup(rank=0) pid=25267)[0m language is None, reset current_start_frame to 0
[36m(ActorGroup(rank=0) pid=25267)[0m videos shape torch.Size([1, 3, 4, 160, 320]) 33
[36m(ActorGroup(rank=1) pid=25268)[0m language is None, reset current_start_frame to 0
[36m(ActorGroup(rank=1) pid=25268)[0m videos shape torch.Size([1, 3, 4, 160, 320]) 33
[36m(ActorGroup(rank=2) pid=25269)[0m language is None, reset current_start_frame to 0
[36m(ActorGroup(rank=2) pid=25269)[0m videos shape torch.Size([1, 3, 4, 160, 320]) 33
[36m(ActorGroup(rank=3) pid=25271)[0m language is None, reset current_start_frame to 0
[36m(ActorGroup(rank=3) pid=25271)[0m videos shape torch.Size([1, 3, 4, 160, 320]) 33
[36m(ActorGroup(rank=0) pid=25267)[0m Time taken: Total 4.54 seconds, Text Encoder 0.17 seconds, Image Encoder 0.14 seconds, VAE 0.00 seconds, KV Cache Creation 1.07 seconds, Diffusion 3.16 seconds, DIT Compute Steps 3 steps, Scheduler 0.01 seconds
[36m(ActorGroup(rank=1) pid=25268)[0m Time taken: Total 4.54 seconds, Text Encoder 0.17 seconds, Image Encoder 0.14 seconds, VAE 0.00 seconds, KV Cache Creation 1.07 seconds, Diffusion 3.16 seconds, DIT Compute Steps 3 steps, Scheduler 0.01 seconds
[36m(ActorGroup(rank=2) pid=25269)[0m Time taken: Total 4.54 seconds, Text Encoder 0.17 seconds, Image Encoder 0.14 seconds, VAE 0.00 seconds, KV Cache Creation 1.07 seconds, Diffusion 3.16 seconds, DIT Compute Steps 3 steps, Scheduler 0.01 seconds
[36m(ActorGroup(rank=3) pid=25271)[0m Time taken: Total 4.54 seconds, Text Encoder 0.17 seconds, Image Encoder 0.14 seconds, VAE 0.00 seconds, KV Cache Creation 1.07 seconds, Diffusion 3.16 seconds, DIT Compute Steps 3 steps, Scheduler 0.01 seconds
[36m(ActorGroup(rank=0) pid=25267)[0m language is None, reset current_start_frame to 0
[36m(ActorGroup(rank=0) pid=25267)[0m videos shape torch.Size([1, 3, 4, 160, 320]) 33
[36m(ActorGroup(rank=1) pid=25268)[0m language is None, reset current_start_frame to 0
[36m(ActorGroup(rank=1) pid=25268)[0m videos shape torch.Size([1, 3, 4, 160, 320]) 33
[36m(ActorGroup(rank=2) pid=25269)[0m language is None, reset current_start_frame to 0
[36m(ActorGroup(rank=2) pid=25269)[0m videos shape torch.Size([1, 3, 4, 160, 320]) 33
[36m(ActorGroup(rank=3) pid=25271)[0m language is None, reset current_start_frame to 0
[36m(ActorGroup(rank=3) pid=25271)[0m videos shape torch.Size([1, 3, 4, 160, 320]) 33
[36m(ActorGroup(rank=0) pid=25267)[0m Time taken: Total 4.62 seconds, Text Encoder 0.16 seconds, Image Encoder 0.14 seconds, VAE 0.00 seconds, KV Cache Creation 1.09 seconds, Diffusion 3.22 seconds, DIT Compute Steps 3 steps, Scheduler 0.01 seconds
[36m(ActorGroup(rank=1) pid=25268)[0m Time taken: Total 4.62 seconds, Text Encoder 0.17 seconds, Image Encoder 0.14 seconds, VAE 0.00 seconds, KV Cache Creation 1.09 seconds, Diffusion 3.22 seconds, DIT Compute Steps 3 steps, Scheduler 0.01 seconds
[36m(ActorGroup(rank=2) pid=25269)[0m Time taken: Total 4.62 seconds, Text Encoder 0.17 seconds, Image Encoder 0.14 seconds, VAE 0.00 seconds, KV Cache Creation 1.09 seconds, Diffusion 3.22 seconds, DIT Compute Steps 3 steps, Scheduler 0.01 seconds
[36m(ActorGroup(rank=3) pid=25271)[0m Time taken: Total 4.62 seconds, Text Encoder 0.17 seconds, Image Encoder 0.14 seconds, VAE 0.00 seconds, KV Cache Creation 1.09 seconds, Diffusion 3.22 seconds, DIT Compute Steps 3 steps, Scheduler 0.01 seconds
[36m(ActorGroup(rank=0) pid=25267)[0m [INFO 14:49:41 ActorGroup-Rank-0][fsdp_actor_worker.py:1774] actor training: micro-batch start 20/64 epoch=1/1 global_batch=2/4 micro=4/16
[36m(ActorGroup(rank=0) pid=25267)[0m language is None, reset current_start_frame to 0
[36m(ActorGroup(rank=0) pid=25267)[0m videos shape torch.Size([1, 3, 4, 160, 320]) 33
[36m(ActorGroup(rank=1) pid=25268)[0m language is None, reset current_start_frame to 0
[36m(ActorGroup(rank=1) pid=25268)[0m videos shape torch.Size([1, 3, 4, 160, 320]) 33
[36m(ActorGroup(rank=2) pid=25269)[0m language is None, reset current_start_frame to 0
[36m(ActorGroup(rank=2) pid=25269)[0m videos shape torch.Size([1, 3, 4, 160, 320]) 33
[36m(ActorGroup(rank=3) pid=25271)[0m language is None, reset current_start_frame to 0
[36m(ActorGroup(rank=3) pid=25271)[0m videos shape torch.Size([1, 3, 4, 160, 320]) 33
[36m(ActorGroup(rank=0) pid=25267)[0m Time taken: Total 4.58 seconds, Text Encoder 0.17 seconds, Image Encoder 0.14 seconds, VAE 0.00 seconds, KV Cache Creation 1.07 seconds, Diffusion 3.19 seconds, DIT Compute Steps 3 steps, Scheduler 0.01 seconds
[36m(ActorGroup(rank=1) pid=25268)[0m Time taken: Total 4.58 seconds, Text Encoder 0.17 seconds, Image Encoder 0.14 seconds, VAE 0.00 seconds, KV Cache Creation 1.07 seconds, Diffusion 3.19 seconds, DIT Compute Steps 3 steps, Scheduler 0.01 seconds
[36m(ActorGroup(rank=2) pid=25269)[0m Time taken: Total 4.58 seconds, Text Encoder 0.17 seconds, Image Encoder 0.13 seconds, VAE 0.00 seconds, KV Cache Creation 1.08 seconds, Diffusion 3.19 seconds, DIT Compute Steps 3 steps, Scheduler 0.01 seconds
[36m(ActorGroup(rank=3) pid=25271)[0m Time taken: Total 4.58 seconds, Text Encoder 0.16 seconds, Image Encoder 0.13 seconds, VAE 0.00 seconds, KV Cache Creation 1.08 seconds, Diffusion 3.19 seconds, DIT Compute Steps 3 steps, Scheduler 0.01 seconds
[36m(ActorGroup(rank=0) pid=25267)[0m [INFO 14:49:46 ActorGroup-Rank-0][fsdp_actor_worker.py:1844] actor training: model forward done 20/64 elapsed=4.67s
[36m(ActorGroup(rank=0) pid=25267)[0m [INFO 14:49:48 ActorGroup-Rank-0][fsdp_actor_worker.py:1980] actor training: backward done 20/64 elapsed=1.96s
[36m(ActorGroup(rank=0) pid=25267)[0m language is None, reset current_start_frame to 0
[36m(ActorGroup(rank=0) pid=25267)[0m videos shape torch.Size([1, 3, 4, 160, 320]) 33
[36m(ActorGroup(rank=1) pid=25268)[0m language is None, reset current_start_frame to 0
[36m(ActorGroup(rank=1) pid=25268)[0m videos shape torch.Size([1, 3, 4, 160, 320]) 33
[36m(ActorGroup(rank=2) pid=25269)[0m language is None, reset current_start_frame to 0
[36m(ActorGroup(rank=2) pid=25269)[0m videos shape torch.Size([1, 3, 4, 160, 320]) 33
[36m(ActorGroup(rank=3) pid=25271)[0m language is None, reset current_start_frame to 0
[36m(ActorGroup(rank=3) pid=25271)[0m videos shape torch.Size([1, 3, 4, 160, 320]) 33
[36m(ActorGroup(rank=0) pid=25267)[0m Time taken: Total 4.96 seconds, Text Encoder 0.17 seconds, Image Encoder 0.14 seconds, VAE 0.00 seconds, KV Cache Creation 1.07 seconds, Diffusion 3.57 seconds, DIT Compute Steps 3 steps, Scheduler 0.01 seconds
[36m(ActorGroup(rank=1) pid=25268)[0m Time taken: Total 4.96 seconds, Text Encoder 0.17 seconds, Image Encoder 0.14 seconds, VAE 0.00 seconds, KV Cache Creation 1.08 seconds, Diffusion 3.57 seconds, DIT Compute Steps 3 steps, Scheduler 0.01 seconds
[36m(ActorGroup(rank=2) pid=25269)[0m Time taken: Total 4.96 seconds, Text Encoder 0.17 seconds, Image Encoder 0.14 seconds, VAE 0.00 seconds, KV Cache Creation 1.07 seconds, Diffusion 3.57 seconds, DIT Compute Steps 3 steps, Scheduler 0.01 seconds
[36m(ActorGroup(rank=3) pid=25271)[0m Time taken: Total 4.96 seconds, Text Encoder 0.17 seconds, Image Encoder 0.14 seconds, VAE 0.00 seconds, KV Cache Creation 1.07 seconds, Diffusion 3.57 seconds, DIT Compute Steps 3 steps, Scheduler 0.01 seconds
[36m(ActorGroup(rank=0) pid=25267)[0m language is None, reset current_start_frame to 0
[36m(ActorGroup(rank=0) pid=25267)[0m videos shape torch.Size([1, 3, 4, 160, 320]) 33
[36m(ActorGroup(rank=1) pid=25268)[0m language is None, reset current_start_frame to 0
[36m(ActorGroup(rank=1) pid=25268)[0m videos shape torch.Size([1, 3, 4, 160, 320]) 33
[36m(ActorGroup(rank=2) pid=25269)[0m language is None, reset current_start_frame to 0
[36m(ActorGroup(rank=2) pid=25269)[0m videos shape torch.Size([1, 3, 4, 160, 320]) 33
[36m(ActorGroup(rank=3) pid=25271)[0m language is None, reset current_start_frame to 0
[36m(ActorGroup(rank=3) pid=25271)[0m videos shape torch.Size([1, 3, 4, 160, 320]) 33
[36m(ActorGroup(rank=0) pid=25267)[0m Time taken: Total 4.58 seconds, Text Encoder 0.17 seconds, Image Encoder 0.14 seconds, VAE 0.00 seconds, KV Cache Creation 1.09 seconds, Diffusion 3.17 seconds, DIT Compute Steps 3 steps, Scheduler 0.01 seconds
[36m(ActorGroup(rank=1) pid=25268)[0m Time taken: Total 4.58 seconds, Text Encoder 0.17 seconds, Image Encoder 0.15 seconds, VAE 0.00 seconds, KV Cache Creation 1.09 seconds, Diffusion 3.17 seconds, DIT Compute Steps 3 steps, Scheduler 0.01 seconds
[36m(ActorGroup(rank=2) pid=25269)[0m Time taken: Total 4.58 seconds, Text Encoder 0.17 seconds, Image Encoder 0.14 seconds, VAE 0.00 seconds, KV Cache Creation 1.09 seconds, Diffusion 3.17 seconds, DIT Compute Steps 3 steps, Scheduler 0.01 seconds
[36m(ActorGroup(rank=3) pid=25271)[0m Time taken: Total 4.58 seconds, Text Encoder 0.17 seconds, Image Encoder 0.14 seconds, VAE 0.00 seconds, KV Cache Creation 1.09 seconds, Diffusion 3.17 seconds, DIT Compute Steps 3 steps, Scheduler 0.01 seconds
[36m(ActorGroup(rank=0) pid=25267)[0m language is None, reset current_start_frame to 0
[36m(ActorGroup(rank=0) pid=25267)[0m videos shape torch.Size([1, 3, 4, 160, 320]) 33
[36m(ActorGroup(rank=1) pid=25268)[0m language is None, reset current_start_frame to 0
[36m(ActorGroup(rank=1) pid=25268)[0m videos shape torch.Size([1, 3, 4, 160, 320]) 33
[36m(ActorGroup(rank=2) pid=25269)[0m language is None, reset current_start_frame to 0
[36m(ActorGroup(rank=2) pid=25269)[0m videos shape torch.Size([1, 3, 4, 160, 320]) 33
[36m(ActorGroup(rank=3) pid=25271)[0m language is None, reset current_start_frame to 0
[36m(ActorGroup(rank=3) pid=25271)[0m videos shape torch.Size([1, 3, 4, 160, 320]) 33
[36m(ActorGroup(rank=0) pid=25267)[0m Time taken: Total 4.55 seconds, Text Encoder 0.17 seconds, Image Encoder 0.14 seconds, VAE 0.00 seconds, KV Cache Creation 1.07 seconds, Diffusion 3.16 seconds, DIT Compute Steps 3 steps, Scheduler 0.01 seconds
[36m(ActorGroup(rank=1) pid=25268)[0m Time taken: Total 4.55 seconds, Text Encoder 0.17 seconds, Image Encoder 0.14 seconds, VAE 0.00 seconds, KV Cache Creation 1.07 seconds, Diffusion 3.16 seconds, DIT Compute Steps 3 steps, Scheduler 0.01 seconds
[36m(ActorGroup(rank=2) pid=25269)[0m Time taken: Total 4.55 seconds, Text Encoder 0.17 seconds, Image Encoder 0.14 seconds, VAE 0.00 seconds, KV Cache Creation 1.07 seconds, Diffusion 3.16 seconds, DIT Compute Steps 3 steps, Scheduler 0.01 seconds
[36m(ActorGroup(rank=3) pid=25271)[0m Time taken: Total 4.55 seconds, Text Encoder 0.17 seconds, Image Encoder 0.14 seconds, VAE 0.00 seconds, KV Cache Creation 1.07 seconds, Diffusion 3.16 seconds, DIT Compute Steps 3 steps, Scheduler 0.01 seconds
[36m(ActorGroup(rank=0) pid=25267)[0m [INFO 14:50:08 ActorGroup-Rank-0][fsdp_actor_worker.py:1774] actor training: micro-batch start 24/64 epoch=1/1 global_batch=2/4 micro=8/16
[36m(ActorGroup(rank=0) pid=25267)[0m language is None, reset current_start_frame to 0
[36m(ActorGroup(rank=0) pid=25267)[0m videos shape torch.Size([1, 3, 4, 160, 320]) 33
[36m(ActorGroup(rank=1) pid=25268)[0m language is None, reset current_start_frame to 0
[36m(ActorGroup(rank=1) pid=25268)[0m videos shape torch.Size([1, 3, 4, 160, 320]) 33
[36m(ActorGroup(rank=2) pid=25269)[0m language is None, reset current_start_frame to 0
[36m(ActorGroup(rank=2) pid=25269)[0m videos shape torch.Size([1, 3, 4, 160, 320]) 33
[36m(ActorGroup(rank=3) pid=25271)[0m language is None, reset current_start_frame to 0
[36m(ActorGroup(rank=3) pid=25271)[0m videos shape torch.Size([1, 3, 4, 160, 320]) 33
[36m(ActorGroup(rank=0) pid=25267)[0m Time taken: Total 4.55 seconds, Text Encoder 0.17 seconds, Image Encoder 0.14 seconds, VAE 0.00 seconds, KV Cache Creation 1.06 seconds, Diffusion 3.17 seconds, DIT Compute Steps 3 steps, Scheduler 0.01 seconds
[36m(ActorGroup(rank=1) pid=25268)[0m Time taken: Total 4.55 seconds, Text Encoder 0.17 seconds, Image Encoder 0.14 seconds, VAE 0.00 seconds, KV Cache Creation 1.06 seconds, Diffusion 3.17 seconds, DIT Compute Steps 3 steps, Scheduler 0.01 seconds
[36m(ActorGroup(rank=2) pid=25269)[0m Time taken: Total 4.55 seconds, Text Encoder 0.17 seconds, Image Encoder 0.14 seconds, VAE 0.00 seconds, KV Cache Creation 1.06 seconds, Diffusion 3.17 seconds, DIT Compute Steps 3 steps, Scheduler 0.01 seconds
[36m(ActorGroup(rank=3) pid=25271)[0m Time taken: Total 4.55 seconds, Text Encoder 0.17 seconds, Image Encoder 0.14 seconds, VAE 0.00 seconds, KV Cache Creation 1.06 seconds, Diffusion 3.17 seconds, DIT Compute Steps 3 steps, Scheduler 0.01 seconds
[36m(ActorGroup(rank=0) pid=25267)[0m [INFO 14:50:13 ActorGroup-Rank-0][fsdp_actor_worker.py:1844] actor training: model forward done 24/64 elapsed=4.65s
[36m(ActorGroup(rank=0) pid=25267)[0m [INFO 14:50:15 ActorGroup-Rank-0][fsdp_actor_worker.py:1980] actor training: backward done 24/64 elapsed=1.98s
[36m(ActorGroup(rank=0) pid=25267)[0m language is None, reset current_start_frame to 0
[36m(ActorGroup(rank=0) pid=25267)[0m videos shape torch.Size([1, 3, 4, 160, 320]) 33
[36m(ActorGroup(rank=1) pid=25268)[0m language is None, reset current_start_frame to 0
[36m(ActorGroup(rank=1) pid=25268)[0m videos shape torch.Size([1, 3, 4, 160, 320]) 33
[36m(ActorGroup(rank=2) pid=25269)[0m language is None, reset current_start_frame to 0
[36m(ActorGroup(rank=2) pid=25269)[0m videos shape torch.Size([1, 3, 4, 160, 320]) 33
[36m(ActorGroup(rank=3) pid=25271)[0m language is None, reset current_start_frame to 0
[36m(ActorGroup(rank=3) pid=25271)[0m videos shape torch.Size([1, 3, 4, 160, 320]) 33
[36m(ActorGroup(rank=0) pid=25267)[0m Time taken: Total 4.94 seconds, Text Encoder 0.17 seconds, Image Encoder 0.14 seconds, VAE 0.00 seconds, KV Cache Creation 1.06 seconds, Diffusion 3.56 seconds, DIT Compute Steps 3 steps, Scheduler 0.01 seconds
[36m(ActorGroup(rank=1) pid=25268)[0m Time taken: Total 4.94 seconds, Text Encoder 0.16 seconds, Image Encoder 0.14 seconds, VAE 0.00 seconds, KV Cache Creation 1.06 seconds, Diffusion 3.56 seconds, DIT Compute Steps 3 steps, Scheduler 0.01 seconds
[36m(ActorGroup(rank=2) pid=25269)[0m Time taken: Total 4.94 seconds, Text Encoder 0.17 seconds, Image Encoder 0.14 seconds, VAE 0.00 seconds, KV Cache Creation 1.06 seconds, Diffusion 3.56 seconds, DIT Compute Steps 3 steps, Scheduler 0.01 seconds
[36m(ActorGroup(rank=3) pid=25271)[0m Time taken: Total 4.94 seconds, Text Encoder 0.16 seconds, Image Encoder 0.14 seconds, VAE 0.00 seconds, KV Cache Creation 1.06 seconds, Diffusion 3.56 seconds, DIT Compute Steps 3 steps, Scheduler 0.01 seconds
[36m(ActorGroup(rank=0) pid=25267)[0m language is None, reset current_start_frame to 0
[36m(ActorGroup(rank=0) pid=25267)[0m videos shape torch.Size([1, 3, 4, 160, 320]) 33
[36m(ActorGroup(rank=1) pid=25268)[0m language is None, reset current_start_frame to 0
[36m(ActorGroup(rank=1) pid=25268)[0m videos shape torch.Size([1, 3, 4, 160, 320]) 33
[36m(ActorGroup(rank=2) pid=25269)[0m language is None, reset current_start_frame to 0
[36m(ActorGroup(rank=2) pid=25269)[0m videos shape torch.Size([1, 3, 4, 160, 320]) 33
[36m(ActorGroup(rank=3) pid=25271)[0m language is None, reset current_start_frame to 0
[36m(ActorGroup(rank=3) pid=25271)[0m videos shape torch.Size([1, 3, 4, 160, 320]) 33
[36m(ActorGroup(rank=0) pid=25267)[0m Time taken: Total 4.54 seconds, Text Encoder 0.17 seconds, Image Encoder 0.14 seconds, VAE 0.00 seconds, KV Cache Creation 1.06 seconds, Diffusion 3.16 seconds, DIT Compute Steps 3 steps, Scheduler 0.01 seconds
[36m(ActorGroup(rank=1) pid=25268)[0m Time taken: Total 4.54 seconds, Text Encoder 0.17 seconds, Image Encoder 0.14 seconds, VAE 0.00 seconds, KV Cache Creation 1.07 seconds, Diffusion 3.16 seconds, DIT Compute Steps 3 steps, Scheduler 0.01 seconds
[36m(ActorGroup(rank=2) pid=25269)[0m Time taken: Total 4.54 seconds, Text Encoder 0.17 seconds, Image Encoder 0.14 seconds, VAE 0.00 seconds, KV Cache Creation 1.06 seconds, Diffusion 3.16 seconds, DIT Compute Steps 3 steps, Scheduler 0.01 seconds
[36m(ActorGroup(rank=3) pid=25271)[0m Time taken: Total 4.54 seconds, Text Encoder 0.17 seconds, Image Encoder 0.14 seconds, VAE 0.00 seconds, KV Cache Creation 1.06 seconds, Diffusion 3.16 seconds, DIT Compute Steps 3 steps, Scheduler 0.01 seconds
[36m(ActorGroup(rank=0) pid=25267)[0m language is None, reset current_start_frame to 0
[36m(ActorGroup(rank=0) pid=25267)[0m videos shape torch.Size([1, 3, 4, 160, 320]) 33
[36m(ActorGroup(rank=1) pid=25268)[0m language is None, reset current_start_frame to 0
[36m(ActorGroup(rank=1) pid=25268)[0m videos shape torch.Size([1, 3, 4, 160, 320]) 33
[36m(ActorGroup(rank=2) pid=25269)[0m language is None, reset current_start_frame to 0
[36m(ActorGroup(rank=2) pid=25269)[0m videos shape torch.Size([1, 3, 4, 160, 320]) 33
[36m(ActorGroup(rank=3) pid=25271)[0m language is None, reset current_start_frame to 0
[36m(ActorGroup(rank=3) pid=25271)[0m videos shape torch.Size([1, 3, 4, 160, 320]) 33
[36m(ActorGroup(rank=0) pid=25267)[0m Time taken: Total 4.54 seconds, Text Encoder 0.17 seconds, Image Encoder 0.14 seconds, VAE 0.00 seconds, KV Cache Creation 1.06 seconds, Diffusion 3.16 seconds, DIT Compute Steps 3 steps, Scheduler 0.01 seconds
[36m(ActorGroup(rank=1) pid=25268)[0m Time taken: Total 4.54 seconds, Text Encoder 0.17 seconds, Image Encoder 0.14 seconds, VAE 0.00 seconds, KV Cache Creation 1.06 seconds, Diffusion 3.16 seconds, DIT Compute Steps 3 steps, Scheduler 0.01 seconds
[36m(ActorGroup(rank=2) pid=25269)[0m Time taken: Total 4.54 seconds, Text Encoder 0.17 seconds, Image Encoder 0.14 seconds, VAE 0.00 seconds, KV Cache Creation 1.06 seconds, Diffusion 3.16 seconds, DIT Compute Steps 3 steps, Scheduler 0.01 seconds
[36m(ActorGroup(rank=3) pid=25271)[0m Time taken: Total 4.54 seconds, Text Encoder 0.17 seconds, Image Encoder 0.14 seconds, VAE 0.00 seconds, KV Cache Creation 1.06 seconds, Diffusion 3.16 seconds, DIT Compute Steps 3 steps, Scheduler 0.01 seconds
[36m(ActorGroup(rank=0) pid=25267)[0m [INFO 14:50:35 ActorGroup-Rank-0][fsdp_actor_worker.py:1774] actor training: micro-batch start 28/64 epoch=1/1 global_batch=2/4 micro=12/16
[36m(ActorGroup(rank=0) pid=25267)[0m language is None, reset current_start_frame to 0
[36m(ActorGroup(rank=0) pid=25267)[0m videos shape torch.Size([1, 3, 4, 160, 320]) 33
[36m(ActorGroup(rank=1) pid=25268)[0m language is None, reset current_start_frame to 0
[36m(ActorGroup(rank=1) pid=25268)[0m videos shape torch.Size([1, 3, 4, 160, 320]) 33
[36m(ActorGroup(rank=2) pid=25269)[0m language is None, reset current_start_frame to 0
[36m(ActorGroup(rank=2) pid=25269)[0m videos shape torch.Size([1, 3, 4, 160, 320]) 33
[36m(ActorGroup(rank=3) pid=25271)[0m language is None, reset current_start_frame to 0
[36m(ActorGroup(rank=3) pid=25271)[0m videos shape torch.Size([1, 3, 4, 160, 320]) 33
[36m(ActorGroup(rank=0) pid=25267)[0m Time taken: Total 4.54 seconds, Text Encoder 0.17 seconds, Image Encoder 0.14 seconds, VAE 0.00 seconds, KV Cache Creation 1.07 seconds, Diffusion 3.16 seconds, DIT Compute Steps 3 steps, Scheduler 0.01 seconds
[36m(ActorGroup(rank=0) pid=25267)[0m [INFO 14:50:40 ActorGroup-Rank-0][fsdp_actor_worker.py:1844] actor training: model forward done 28/64 elapsed=4.63s
[36m(ActorGroup(rank=1) pid=25268)[0m Time taken: Total 4.54 seconds, Text Encoder 0.17 seconds, Image Encoder 0.14 seconds, VAE 0.00 seconds, KV Cache Creation 1.07 seconds, Diffusion 3.16 seconds, DIT Compute Steps 3 steps, Scheduler 0.01 seconds
[36m(ActorGroup(rank=2) pid=25269)[0m Time taken: Total 4.54 seconds, Text Encoder 0.17 seconds, Image Encoder 0.14 seconds, VAE 0.00 seconds, KV Cache Creation 1.07 seconds, Diffusion 3.16 seconds, DIT Compute Steps 3 steps, Scheduler 0.01 seconds
[36m(ActorGroup(rank=3) pid=25271)[0m Time taken: Total 4.54 seconds, Text Encoder 0.17 seconds, Image Encoder 0.13 seconds, VAE 0.00 seconds, KV Cache Creation 1.07 seconds, Diffusion 3.16 seconds, DIT Compute Steps 3 steps, Scheduler 0.01 seconds
[36m(ActorGroup(rank=0) pid=25267)[0m [INFO 14:50:42 ActorGroup-Rank-0][fsdp_actor_worker.py:1980] actor training: backward done 28/64 elapsed=1.96s
[36m(ActorGroup(rank=0) pid=25267)[0m language is None, reset current_start_frame to 0
[36m(ActorGroup(rank=0) pid=25267)[0m videos shape torch.Size([1, 3, 4, 160, 320]) 33
[36m(ActorGroup(rank=1) pid=25268)[0m language is None, reset current_start_frame to 0
[36m(ActorGroup(rank=1) pid=25268)[0m videos shape torch.Size([1, 3, 4, 160, 320]) 33
[36m(ActorGroup(rank=2) pid=25269)[0m language is None, reset current_start_frame to 0
[36m(ActorGroup(rank=2) pid=25269)[0m videos shape torch.Size([1, 3, 4, 160, 320]) 33
[36m(ActorGroup(rank=3) pid=25271)[0m language is None, reset current_start_frame to 0
[36m(ActorGroup(rank=3) pid=25271)[0m videos shape torch.Size([1, 3, 4, 160, 320]) 33
[36m(ActorGroup(rank=0) pid=25267)[0m Time taken: Total 4.55 seconds, Text Encoder 0.17 seconds, Image Encoder 0.14 seconds, VAE 0.00 seconds, KV Cache Creation 1.07 seconds, Diffusion 3.17 seconds, DIT Compute Steps 3 steps, Scheduler 0.01 seconds
[36m(ActorGroup(rank=1) pid=25268)[0m Time taken: Total 4.55 seconds, Text Encoder 0.16 seconds, Image Encoder 0.14 seconds, VAE 0.00 seconds, KV Cache Creation 1.07 seconds, Diffusion 3.16 seconds, DIT Compute Steps 3 steps, Scheduler 0.01 seconds
[36m(ActorGroup(rank=2) pid=25269)[0m Time taken: Total 4.55 seconds, Text Encoder 0.17 seconds, Image Encoder 0.14 seconds, VAE 0.00 seconds, KV Cache Creation 1.07 seconds, Diffusion 3.17 seconds, DIT Compute Steps 3 steps, Scheduler 0.01 seconds
[36m(ActorGroup(rank=3) pid=25271)[0m Time taken: Total 4.55 seconds, Text Encoder 0.17 seconds, Image Encoder 0.14 seconds, VAE 0.00 seconds, KV Cache Creation 1.07 seconds, Diffusion 3.17 seconds, DIT Compute Steps 3 steps, Scheduler 0.01 seconds
[36m(ActorGroup(rank=0) pid=25267)[0m language is None, reset current_start_frame to 0
[36m(ActorGroup(rank=0) pid=25267)[0m videos shape torch.Size([1, 3, 4, 160, 320]) 33
[36m(ActorGroup(rank=1) pid=25268)[0m language is None, reset current_start_frame to 0
[36m(ActorGroup(rank=1) pid=25268)[0m videos shape torch.Size([1, 3, 4, 160, 320]) 33
[36m(ActorGroup(rank=2) pid=25269)[0m language is None, reset current_start_frame to 0
[36m(ActorGroup(rank=2) pid=25269)[0m videos shape torch.Size([1, 3, 4, 160, 320]) 33
[36m(ActorGroup(rank=3) pid=25271)[0m language is None, reset current_start_frame to 0
[36m(ActorGroup(rank=3) pid=25271)[0m videos shape torch.Size([1, 3, 4, 160, 320]) 33
[36m(ActorGroup(rank=0) pid=25267)[0m Time taken: Total 4.96 seconds, Text Encoder 0.17 seconds, Image Encoder 0.14 seconds, VAE 0.00 seconds, KV Cache Creation 1.45 seconds, Diffusion 3.19 seconds, DIT Compute Steps 3 steps, Scheduler 0.01 seconds
[36m(ActorGroup(rank=1) pid=25268)[0m Time taken: Total 4.96 seconds, Text Encoder 0.17 seconds, Image Encoder 0.14 seconds, VAE 0.00 seconds, KV Cache Creation 1.45 seconds, Diffusion 3.19 seconds, DIT Compute Steps 3 steps, Scheduler 0.01 seconds
[36m(ActorGroup(rank=2) pid=25269)[0m Time taken: Total 4.96 seconds, Text Encoder 0.17 seconds, Image Encoder 0.14 seconds, VAE 0.00 seconds, KV Cache Creation 1.45 seconds, Diffusion 3.19 seconds, DIT Compute Steps 3 steps, Scheduler 0.01 seconds
[36m(ActorGroup(rank=3) pid=25271)[0m Time taken: Total 4.96 seconds, Text Encoder 0.17 seconds, Image Encoder 0.14 seconds, VAE 0.00 seconds, KV Cache Creation 1.45 seconds, Diffusion 3.19 seconds, DIT Compute Steps 3 steps, Scheduler 0.01 seconds
[36m(ActorGroup(rank=0) pid=25267)[0m language is None, reset current_start_frame to 0
[36m(ActorGroup(rank=0) pid=25267)[0m videos shape torch.Size([1, 3, 4, 160, 320]) 33
[36m(ActorGroup(rank=1) pid=25268)[0m language is None, reset current_start_frame to 0
[36m(ActorGroup(rank=1) pid=25268)[0m videos shape torch.Size([1, 3, 4, 160, 320]) 33
[36m(ActorGroup(rank=2) pid=25269)[0m language is None, reset current_start_frame to 0
[36m(ActorGroup(rank=2) pid=25269)[0m videos shape torch.Size([1, 3, 4, 160, 320]) 33
[36m(ActorGroup(rank=3) pid=25271)[0m language is None, reset current_start_frame to 0
[36m(ActorGroup(rank=3) pid=25271)[0m videos shape torch.Size([1, 3, 4, 160, 320]) 33
[36m(ActorGroup(rank=0) pid=25267)[0m Time taken: Total 4.54 seconds, Text Encoder 0.17 seconds, Image Encoder 0.14 seconds, VAE 0.00 seconds, KV Cache Creation 1.07 seconds, Diffusion 3.16 seconds, DIT Compute Steps 3 steps, Scheduler 0.01 seconds
[36m(ActorGroup(rank=1) pid=25268)[0m Time taken: Total 4.54 seconds, Text Encoder 0.16 seconds, Image Encoder 0.14 seconds, VAE 0.00 seconds, KV Cache Creation 1.07 seconds, Diffusion 3.16 seconds, DIT Compute Steps 3 steps, Scheduler 0.01 seconds
[36m(ActorGroup(rank=2) pid=25269)[0m Time taken: Total 4.54 seconds, Text Encoder 0.17 seconds, Image Encoder 0.14 seconds, VAE 0.00 seconds, KV Cache Creation 1.07 seconds, Diffusion 3.16 seconds, DIT Compute Steps 3 steps, Scheduler 0.01 seconds
[36m(ActorGroup(rank=3) pid=25271)[0m Time taken: Total 4.54 seconds, Text Encoder 0.17 seconds, Image Encoder 0.14 seconds, VAE 0.00 seconds, KV Cache Creation 1.07 seconds, Diffusion 3.16 seconds, DIT Compute Steps 3 steps, Scheduler 0.01 seconds
[36m(ActorGroup(rank=0) pid=25267)[0m [INFO 14:51:03 ActorGroup-Rank-0][fsdp_actor_worker.py:1774] actor training: micro-batch start 32/64 epoch=1/1 global_batch=2/4 micro=16/16
[36m(ActorGroup(rank=0) pid=25267)[0m language is None, reset current_start_frame to 0
[36m(ActorGroup(rank=0) pid=25267)[0m videos shape torch.Size([1, 3, 4, 160, 320]) 33
[36m(ActorGroup(rank=1) pid=25268)[0m language is None, reset current_start_frame to 0
[36m(ActorGroup(rank=1) pid=25268)[0m videos shape torch.Size([1, 3, 4, 160, 320]) 33
[36m(ActorGroup(rank=2) pid=25269)[0m language is None, reset current_start_frame to 0
[36m(ActorGroup(rank=2) pid=25269)[0m videos shape torch.Size([1, 3, 4, 160, 320]) 33
[36m(ActorGroup(rank=3) pid=25271)[0m language is None, reset current_start_frame to 0
[36m(ActorGroup(rank=3) pid=25271)[0m videos shape torch.Size([1, 3, 4, 160, 320]) 33
[36m(ActorGroup(rank=0) pid=25267)[0m Time taken: Total 4.53 seconds, Text Encoder 0.17 seconds, Image Encoder 0.14 seconds, VAE 0.00 seconds, KV Cache Creation 1.06 seconds, Diffusion 3.15 seconds, DIT Compute Steps 3 steps, Scheduler 0.01 seconds
[36m(ActorGroup(rank=0) pid=25267)[0m [INFO 14:51:07 ActorGroup-Rank-0][fsdp_actor_worker.py:1844] actor training: model forward done 32/64 elapsed=4.63s
[36m(ActorGroup(rank=1) pid=25268)[0m Time taken: Total 4.53 seconds, Text Encoder 0.17 seconds, Image Encoder 0.14 seconds, VAE 0.00 seconds, KV Cache Creation 1.06 seconds, Diffusion 3.15 seconds, DIT Compute Steps 3 steps, Scheduler 0.01 seconds
[36m(ActorGroup(rank=2) pid=25269)[0m Time taken: Total 4.53 seconds, Text Encoder 0.17 seconds, Image Encoder 0.14 seconds, VAE 0.00 seconds, KV Cache Creation 1.06 seconds, Diffusion 3.15 seconds, DIT Compute Steps 3 steps, Scheduler 0.01 seconds
[36m(ActorGroup(rank=3) pid=25271)[0m Time taken: Total 4.53 seconds, Text Encoder 0.17 seconds, Image Encoder 0.14 seconds, VAE 0.00 seconds, KV Cache Creation 1.06 seconds, Diffusion 3.15 seconds, DIT Compute Steps 3 steps, Scheduler 0.01 seconds
[36m(ActorGroup(rank=0) pid=25267)[0m [INFO 14:51:09 ActorGroup-Rank-0][fsdp_actor_worker.py:1980] actor training: backward done 32/64 elapsed=2.10s
[36m(ActorGroup(rank=0) pid=25267)[0m [INFO 14:51:09 ActorGroup-Rank-0][fsdp_actor_worker.py:2001] actor training: global batch done 2/4 epoch=1/1 elapsed=109.71s
[36m(ActorGroup(rank=0) pid=25267)[0m [INFO 14:51:10 ActorGroup-Rank-0][fsdp_actor_worker.py:2014] actor training: empty_cache done global_batch=2/4 elapsed=0.78s
[36m(ActorGroup(rank=0) pid=25267)[0m [INFO 14:51:10 ActorGroup-Rank-0][fsdp_actor_worker.py:2031] actor training: optimizer step done global_batch=2/4 grad_norm=62.3364 elapsed=0.12s
[36m(ActorGroup(rank=0) pid=25267)[0m language is None, reset current_start_frame to 0
[36m(ActorGroup(rank=0) pid=25267)[0m videos shape torch.Size([1, 3, 4, 160, 320]) 33
[36m(ActorGroup(rank=1) pid=25268)[0m language is None, reset current_start_frame to 0
[36m(ActorGroup(rank=1) pid=25268)[0m videos shape torch.Size([1, 3, 4, 160, 320]) 33
[36m(ActorGroup(rank=2) pid=25269)[0m language is None, reset current_start_frame to 0
[36m(ActorGroup(rank=2) pid=25269)[0m videos shape torch.Size([1, 3, 4, 160, 320]) 33
[36m(ActorGroup(rank=3) pid=25271)[0m language is None, reset current_start_frame to 0
[36m(ActorGroup(rank=3) pid=25271)[0m videos shape torch.Size([1, 3, 4, 160, 320]) 33
[36m(ActorGroup(rank=0) pid=25267)[0m Time taken: Total 5.01 seconds, Text Encoder 0.36 seconds, Image Encoder 0.14 seconds, VAE 0.00 seconds, KV Cache Creation 1.08 seconds, Diffusion 3.43 seconds, DIT Compute Steps 3 steps, Scheduler 0.01 seconds
[36m(ActorGroup(rank=1) pid=25268)[0m Time taken: Total 5.01 seconds, Text Encoder 0.36 seconds, Image Encoder 0.14 seconds, VAE 0.00 seconds, KV Cache Creation 1.08 seconds, Diffusion 3.43 seconds, DIT Compute Steps 3 steps, Scheduler 0.01 seconds
[36m(ActorGroup(rank=2) pid=25269)[0m Time taken: Total 5.01 seconds, Text Encoder 0.36 seconds, Image Encoder 0.14 seconds, VAE 0.00 seconds, KV Cache Creation 1.08 seconds, Diffusion 3.43 seconds, DIT Compute Steps 3 steps, Scheduler 0.01 seconds
[36m(ActorGroup(rank=3) pid=25271)[0m Time taken: Total 5.01 seconds, Text Encoder 0.36 seconds, Image Encoder 0.13 seconds, VAE 0.00 seconds, KV Cache Creation 1.08 seconds, Diffusion 3.43 seconds, DIT Compute Steps 3 steps, Scheduler 0.01 seconds
[36m(ActorGroup(rank=0) pid=25267)[0m language is None, reset current_start_frame to 0
[36m(ActorGroup(rank=0) pid=25267)[0m videos shape torch.Size([1, 3, 4, 160, 320]) 33
[36m(ActorGroup(rank=1) pid=25268)[0m language is None, reset current_start_frame to 0
[36m(ActorGroup(rank=1) pid=25268)[0m videos shape torch.Size([1, 3, 4, 160, 320]) 33
[36m(ActorGroup(rank=2) pid=25269)[0m language is None, reset current_start_frame to 0
[36m(ActorGroup(rank=2) pid=25269)[0m videos shape torch.Size([1, 3, 4, 160, 320]) 33
[36m(ActorGroup(rank=3) pid=25271)[0m language is None, reset current_start_frame to 0
[36m(ActorGroup(rank=3) pid=25271)[0m videos shape torch.Size([1, 3, 4, 160, 320]) 33
[36m(ActorGroup(rank=0) pid=25267)[0m Time taken: Total 4.93 seconds, Text Encoder 0.17 seconds, Image Encoder 0.14 seconds, VAE 0.00 seconds, KV Cache Creation 1.08 seconds, Diffusion 3.53 seconds, DIT Compute Steps 3 steps, Scheduler 0.01 seconds
[36m(ActorGroup(rank=1) pid=25268)[0m Time taken: Total 4.93 seconds, Text Encoder 0.17 seconds, Image Encoder 0.14 seconds, VAE 0.00 seconds, KV Cache Creation 1.08 seconds, Diffusion 3.53 seconds, DIT Compute Steps 3 steps, Scheduler 0.01 seconds
[36m(ActorGroup(rank=2) pid=25269)[0m Time taken: Total 4.93 seconds, Text Encoder 0.17 seconds, Image Encoder 0.14 seconds, VAE 0.00 seconds, KV Cache Creation 1.08 seconds, Diffusion 3.53 seconds, DIT Compute Steps 3 steps, Scheduler 0.01 seconds
[36m(ActorGroup(rank=3) pid=25271)[0m Time taken: Total 4.93 seconds, Text Encoder 0.17 seconds, Image Encoder 0.14 seconds, VAE 0.00 seconds, KV Cache Creation 1.08 seconds, Diffusion 3.53 seconds, DIT Compute Steps 3 steps, Scheduler 0.01 seconds
[36m(ActorGroup(rank=0) pid=25267)[0m language is None, reset current_start_frame to 0
[36m(ActorGroup(rank=0) pid=25267)[0m videos shape torch.Size([1, 3, 4, 160, 320]) 33
[36m(ActorGroup(rank=1) pid=25268)[0m language is None, reset current_start_frame to 0
[36m(ActorGroup(rank=1) pid=25268)[0m videos shape torch.Size([1, 3, 4, 160, 320]) 33
[36m(ActorGroup(rank=2) pid=25269)[0m language is None, reset current_start_frame to 0
[36m(ActorGroup(rank=2) pid=25269)[0m videos shape torch.Size([1, 3, 4, 160, 320]) 33
[36m(ActorGroup(rank=3) pid=25271)[0m language is None, reset current_start_frame to 0
[36m(ActorGroup(rank=3) pid=25271)[0m videos shape torch.Size([1, 3, 4, 160, 320]) 33
[36m(ActorGroup(rank=0) pid=25267)[0m Time taken: Total 4.55 seconds, Text Encoder 0.16 seconds, Image Encoder 0.14 seconds, VAE 0.00 seconds, KV Cache Creation 1.10 seconds, Diffusion 3.13 seconds, DIT Compute Steps 3 steps, Scheduler 0.01 seconds
[36m(ActorGroup(rank=1) pid=25268)[0m Time taken: Total 4.55 seconds, Text Encoder 0.17 seconds, Image Encoder 0.14 seconds, VAE 0.00 seconds, KV Cache Creation 1.10 seconds, Diffusion 3.13 seconds, DIT Compute Steps 3 steps, Scheduler 0.01 seconds
[36m(ActorGroup(rank=2) pid=25269)[0m Time taken: Total 4.55 seconds, Text Encoder 0.17 seconds, Image Encoder 0.14 seconds, VAE 0.00 seconds, KV Cache Creation 1.10 seconds, Diffusion 3.13 seconds, DIT Compute Steps 3 steps, Scheduler 0.01 seconds
[36m(ActorGroup(rank=3) pid=25271)[0m Time taken: Total 4.55 seconds, Text Encoder 0.17 seconds, Image Encoder 0.14 seconds, VAE 0.00 seconds, KV Cache Creation 1.10 seconds, Diffusion 3.13 seconds, DIT Compute Steps 3 steps, Scheduler 0.01 seconds
[36m(ActorGroup(rank=0) pid=25267)[0m [INFO 14:51:32 ActorGroup-Rank-0][fsdp_actor_worker.py:1774] actor training: micro-batch start 36/64 epoch=1/1 global_batch=3/4 micro=4/16
[36m(ActorGroup(rank=0) pid=25267)[0m language is None, reset current_start_frame to 0
[36m(ActorGroup(rank=0) pid=25267)[0m videos shape torch.Size([1, 3, 4, 160, 320]) 33
[36m(ActorGroup(rank=1) pid=25268)[0m language is None, reset current_start_frame to 0
[36m(ActorGroup(rank=1) pid=25268)[0m videos shape torch.Size([1, 3, 4, 160, 320]) 33
[36m(ActorGroup(rank=2) pid=25269)[0m language is None, reset current_start_frame to 0
[36m(ActorGroup(rank=2) pid=25269)[0m videos shape torch.Size([1, 3, 4, 160, 320]) 33
[36m(ActorGroup(rank=3) pid=25271)[0m language is None, reset current_start_frame to 0
[36m(ActorGroup(rank=3) pid=25271)[0m videos shape torch.Size([1, 3, 4, 160, 320]) 33
[36m(ActorGroup(rank=0) pid=25267)[0m Time taken: Total 4.53 seconds, Text Encoder 0.16 seconds, Image Encoder 0.14 seconds, VAE 0.00 seconds, KV Cache Creation 1.06 seconds, Diffusion 3.16 seconds, DIT Compute Steps 3 steps, Scheduler 0.01 seconds
[36m(ActorGroup(rank=0) pid=25267)[0m [INFO 14:51:36 ActorGroup-Rank-0][fsdp_actor_worker.py:1844] actor training: model forward done 36/64 elapsed=4.62s
[36m(ActorGroup(rank=1) pid=25268)[0m Time taken: Total 4.53 seconds, Text Encoder 0.17 seconds, Image Encoder 0.14 seconds, VAE 0.00 seconds, KV Cache Creation 1.06 seconds, Diffusion 3.16 seconds, DIT Compute Steps 3 steps, Scheduler 0.01 seconds
[36m(ActorGroup(rank=2) pid=25269)[0m Time taken: Total 4.53 seconds, Text Encoder 0.17 seconds, Image Encoder 0.14 seconds, VAE 0.00 seconds, KV Cache Creation 1.06 seconds, Diffusion 3.16 seconds, DIT Compute Steps 3 steps, Scheduler 0.01 seconds
[36m(ActorGroup(rank=3) pid=25271)[0m Time taken: Total 4.53 seconds, Text Encoder 0.17 seconds, Image Encoder 0.14 seconds, VAE 0.00 seconds, KV Cache Creation 1.06 seconds, Diffusion 3.16 seconds, DIT Compute Steps 3 steps, Scheduler 0.01 seconds
[36m(ActorGroup(rank=0) pid=25267)[0m [INFO 14:51:38 ActorGroup-Rank-0][fsdp_actor_worker.py:1980] actor training: backward done 36/64 elapsed=1.97s
[36m(ActorGroup(rank=0) pid=25267)[0m language is None, reset current_start_frame to 0
[36m(ActorGroup(rank=0) pid=25267)[0m videos shape torch.Size([1, 3, 4, 160, 320]) 33
[36m(ActorGroup(rank=1) pid=25268)[0m language is None, reset current_start_frame to 0
[36m(ActorGroup(rank=1) pid=25268)[0m videos shape torch.Size([1, 3, 4, 160, 320]) 33
[36m(ActorGroup(rank=2) pid=25269)[0m language is None, reset current_start_frame to 0
[36m(ActorGroup(rank=2) pid=25269)[0m videos shape torch.Size([1, 3, 4, 160, 320]) 33
[36m(ActorGroup(rank=3) pid=25271)[0m language is None, reset current_start_frame to 0
[36m(ActorGroup(rank=3) pid=25271)[0m videos shape torch.Size([1, 3, 4, 160, 320]) 33
[36m(ActorGroup(rank=0) pid=25267)[0m Time taken: Total 4.51 seconds, Text Encoder 0.17 seconds, Image Encoder 0.14 seconds, VAE 0.00 seconds, KV Cache Creation 1.05 seconds, Diffusion 3.14 seconds, DIT Compute Steps 3 steps, Scheduler 0.01 seconds
[36m(ActorGroup(rank=1) pid=25268)[0m Time taken: Total 4.51 seconds, Text Encoder 0.17 seconds, Image Encoder 0.14 seconds, VAE 0.00 seconds, KV Cache Creation 1.05 seconds, Diffusion 3.14 seconds, DIT Compute Steps 3 steps, Scheduler 0.01 seconds
[36m(ActorGroup(rank=2) pid=25269)[0m Time taken: Total 4.51 seconds, Text Encoder 0.17 seconds, Image Encoder 0.14 seconds, VAE 0.00 seconds, KV Cache Creation 1.05 seconds, Diffusion 3.14 seconds, DIT Compute Steps 3 steps, Scheduler 0.01 seconds
[36m(ActorGroup(rank=3) pid=25271)[0m Time taken: Total 4.51 seconds, Text Encoder 0.17 seconds, Image Encoder 0.14 seconds, VAE 0.00 seconds, KV Cache Creation 1.05 seconds, Diffusion 3.14 seconds, DIT Compute Steps 3 steps, Scheduler 0.01 seconds
[36m(ActorGroup(rank=0) pid=25267)[0m language is None, reset current_start_frame to 0
[36m(ActorGroup(rank=0) pid=25267)[0m videos shape torch.Size([1, 3, 4, 160, 320]) 33
[36m(ActorGroup(rank=1) pid=25268)[0m language is None, reset current_start_frame to 0
[36m(ActorGroup(rank=1) pid=25268)[0m videos shape torch.Size([1, 3, 4, 160, 320]) 33
[36m(ActorGroup(rank=2) pid=25269)[0m language is None, reset current_start_frame to 0
[36m(ActorGroup(rank=2) pid=25269)[0m videos shape torch.Size([1, 3, 4, 160, 320]) 33
[36m(ActorGroup(rank=3) pid=25271)[0m language is None, reset current_start_frame to 0
[36m(ActorGroup(rank=3) pid=25271)[0m videos shape torch.Size([1, 3, 4, 160, 320]) 33
[36m(ActorGroup(rank=0) pid=25267)[0m Time taken: Total 4.89 seconds, Text Encoder 0.17 seconds, Image Encoder 0.14 seconds, VAE 0.00 seconds, KV Cache Creation 1.05 seconds, Diffusion 3.52 seconds, DIT Compute Steps 3 steps, Scheduler 0.01 seconds
[36m(ActorGroup(rank=1) pid=25268)[0m Time taken: Total 4.89 seconds, Text Encoder 0.17 seconds, Image Encoder 0.14 seconds, VAE 0.00 seconds, KV Cache Creation 1.05 seconds, Diffusion 3.52 seconds, DIT Compute Steps 3 steps, Scheduler 0.01 seconds
[36m(ActorGroup(rank=2) pid=25269)[0m Time taken: Total 4.89 seconds, Text Encoder 0.17 seconds, Image Encoder 0.14 seconds, VAE 0.00 seconds, KV Cache Creation 1.05 seconds, Diffusion 3.52 seconds, DIT Compute Steps 3 steps, Scheduler 0.01 seconds
[36m(ActorGroup(rank=3) pid=25271)[0m Time taken: Total 4.89 seconds, Text Encoder 0.17 seconds, Image Encoder 0.14 seconds, VAE 0.00 seconds, KV Cache Creation 1.06 seconds, Diffusion 3.52 seconds, DIT Compute Steps 3 steps, Scheduler 0.01 seconds
[36m(ActorGroup(rank=0) pid=25267)[0m language is None, reset current_start_frame to 0
[36m(ActorGroup(rank=0) pid=25267)[0m videos shape torch.Size([1, 3, 4, 160, 320]) 33
[36m(ActorGroup(rank=1) pid=25268)[0m language is None, reset current_start_frame to 0
[36m(ActorGroup(rank=1) pid=25268)[0m videos shape torch.Size([1, 3, 4, 160, 320]) 33
[36m(ActorGroup(rank=2) pid=25269)[0m language is None, reset current_start_frame to 0
[36m(ActorGroup(rank=2) pid=25269)[0m videos shape torch.Size([1, 3, 4, 160, 320]) 33
[36m(ActorGroup(rank=3) pid=25271)[0m language is None, reset current_start_frame to 0
[36m(ActorGroup(rank=3) pid=25271)[0m videos shape torch.Size([1, 3, 4, 160, 320]) 33
[36m(ActorGroup(rank=0) pid=25267)[0m Time taken: Total 4.50 seconds, Text Encoder 0.17 seconds, Image Encoder 0.14 seconds, VAE 0.00 seconds, KV Cache Creation 1.05 seconds, Diffusion 3.13 seconds, DIT Compute Steps 3 steps, Scheduler 0.01 seconds
[36m(ActorGroup(rank=1) pid=25268)[0m Time taken: Total 4.50 seconds, Text Encoder 0.16 seconds, Image Encoder 0.14 seconds, VAE 0.00 seconds, KV Cache Creation 1.05 seconds, Diffusion 3.13 seconds, DIT Compute Steps 3 steps, Scheduler 0.01 seconds
[36m(ActorGroup(rank=2) pid=25269)[0m Time taken: Total 4.50 seconds, Text Encoder 0.17 seconds, Image Encoder 0.14 seconds, VAE 0.00 seconds, KV Cache Creation 1.05 seconds, Diffusion 3.13 seconds, DIT Compute Steps 3 steps, Scheduler 0.01 seconds
[36m(ActorGroup(rank=3) pid=25271)[0m Time taken: Total 4.50 seconds, Text Encoder 0.16 seconds, Image Encoder 0.14 seconds, VAE 0.00 seconds, KV Cache Creation 1.05 seconds, Diffusion 3.13 seconds, DIT Compute Steps 3 steps, Scheduler 0.01 seconds
[36m(ActorGroup(rank=0) pid=25267)[0m [INFO 14:51:59 ActorGroup-Rank-0][fsdp_actor_worker.py:1774] actor training: micro-batch start 40/64 epoch=1/1 global_batch=3/4 micro=8/16
[36m(ActorGroup(rank=0) pid=25267)[0m language is None, reset current_start_frame to 0
[36m(ActorGroup(rank=0) pid=25267)[0m videos shape torch.Size([1, 3, 4, 160, 320]) 33
[36m(ActorGroup(rank=1) pid=25268)[0m language is None, reset current_start_frame to 0
[36m(ActorGroup(rank=1) pid=25268)[0m videos shape torch.Size([1, 3, 4, 160, 320]) 33
[36m(ActorGroup(rank=2) pid=25269)[0m language is None, reset current_start_frame to 0
[36m(ActorGroup(rank=2) pid=25269)[0m videos shape torch.Size([1, 3, 4, 160, 320]) 33
[36m(ActorGroup(rank=3) pid=25271)[0m language is None, reset current_start_frame to 0
[36m(ActorGroup(rank=3) pid=25271)[0m videos shape torch.Size([1, 3, 4, 160, 320]) 33
[36m(ActorGroup(rank=0) pid=25267)[0m Time taken: Total 4.54 seconds, Text Encoder 0.17 seconds, Image Encoder 0.14 seconds, VAE 0.00 seconds, KV Cache Creation 1.05 seconds, Diffusion 3.18 seconds, DIT Compute Steps 3 steps, Scheduler 0.01 seconds
[36m(ActorGroup(rank=0) pid=25267)[0m [INFO 14:52:03 ActorGroup-Rank-0][fsdp_actor_worker.py:1844] actor training: model forward done 40/64 elapsed=4.63s
[36m(ActorGroup(rank=1) pid=25268)[0m Time taken: Total 4.55 seconds, Text Encoder 0.17 seconds, Image Encoder 0.14 seconds, VAE 0.00 seconds, KV Cache Creation 1.05 seconds, Diffusion 3.18 seconds, DIT Compute Steps 3 steps, Scheduler 0.01 seconds
[36m(ActorGroup(rank=2) pid=25269)[0m Time taken: Total 4.54 seconds, Text Encoder 0.17 seconds, Image Encoder 0.14 seconds, VAE 0.00 seconds, KV Cache Creation 1.05 seconds, Diffusion 3.18 seconds, DIT Compute Steps 3 steps, Scheduler 0.01 seconds
[36m(ActorGroup(rank=3) pid=25271)[0m Time taken: Total 4.55 seconds, Text Encoder 0.17 seconds, Image Encoder 0.14 seconds, VAE 0.00 seconds, KV Cache Creation 1.05 seconds, Diffusion 3.18 seconds, DIT Compute Steps 3 steps, Scheduler 0.01 seconds
[36m(ActorGroup(rank=0) pid=25267)[0m [INFO 14:52:05 ActorGroup-Rank-0][fsdp_actor_worker.py:1980] actor training: backward done 40/64 elapsed=1.95s
[36m(ActorGroup(rank=0) pid=25267)[0m language is None, reset current_start_frame to 0
[36m(ActorGroup(rank=0) pid=25267)[0m videos shape torch.Size([1, 3, 4, 160, 320]) 33
[36m(ActorGroup(rank=1) pid=25268)[0m language is None, reset current_start_frame to 0
[36m(ActorGroup(rank=1) pid=25268)[0m videos shape torch.Size([1, 3, 4, 160, 320]) 33
[36m(ActorGroup(rank=2) pid=25269)[0m language is None, reset current_start_frame to 0
[36m(ActorGroup(rank=2) pid=25269)[0m videos shape torch.Size([1, 3, 4, 160, 320]) 33
[36m(ActorGroup(rank=3) pid=25271)[0m language is None, reset current_start_frame to 0
[36m(ActorGroup(rank=3) pid=25271)[0m videos shape torch.Size([1, 3, 4, 160, 320]) 33
[36m(ActorGroup(rank=0) pid=25267)[0m Time taken: Total 4.51 seconds, Text Encoder 0.17 seconds, Image Encoder 0.13 seconds, VAE 0.00 seconds, KV Cache Creation 1.06 seconds, Diffusion 3.14 seconds, DIT Compute Steps 3 steps, Scheduler 0.01 seconds
[36m(ActorGroup(rank=1) pid=25268)[0m Time taken: Total 4.51 seconds, Text Encoder 0.17 seconds, Image Encoder 0.13 seconds, VAE 0.00 seconds, KV Cache Creation 1.06 seconds, Diffusion 3.14 seconds, DIT Compute Steps 3 steps, Scheduler 0.01 seconds
[36m(ActorGroup(rank=2) pid=25269)[0m Time taken: Total 4.51 seconds, Text Encoder 0.17 seconds, Image Encoder 0.13 seconds, VAE 0.00 seconds, KV Cache Creation 1.06 seconds, Diffusion 3.14 seconds, DIT Compute Steps 3 steps, Scheduler 0.01 seconds
[36m(ActorGroup(rank=3) pid=25271)[0m Time taken: Total 4.51 seconds, Text Encoder 0.17 seconds, Image Encoder 0.13 seconds, VAE 0.00 seconds, KV Cache Creation 1.06 seconds, Diffusion 3.14 seconds, DIT Compute Steps 3 steps, Scheduler 0.01 seconds
[36m(ActorGroup(rank=0) pid=25267)[0m language is None, reset current_start_frame to 0
[36m(ActorGroup(rank=0) pid=25267)[0m videos shape torch.Size([1, 3, 4, 160, 320]) 33
[36m(ActorGroup(rank=1) pid=25268)[0m language is None, reset current_start_frame to 0
[36m(ActorGroup(rank=1) pid=25268)[0m videos shape torch.Size([1, 3, 4, 160, 320]) 33
[36m(ActorGroup(rank=2) pid=25269)[0m language is None, reset current_start_frame to 0
[36m(ActorGroup(rank=2) pid=25269)[0m videos shape torch.Size([1, 3, 4, 160, 320]) 33
[36m(ActorGroup(rank=3) pid=25271)[0m language is None, reset current_start_frame to 0
[36m(ActorGroup(rank=3) pid=25271)[0m videos shape torch.Size([1, 3, 4, 160, 320]) 33
[36m(ActorGroup(rank=0) pid=25267)[0m Time taken: Total 4.89 seconds, Text Encoder 0.17 seconds, Image Encoder 0.13 seconds, VAE 0.00 seconds, KV Cache Creation 1.06 seconds, Diffusion 3.53 seconds, DIT Compute Steps 3 steps, Scheduler 0.01 seconds
[36m(ActorGroup(rank=1) pid=25268)[0m Time taken: Total 4.89 seconds, Text Encoder 0.17 seconds, Image Encoder 0.13 seconds, VAE 0.00 seconds, KV Cache Creation 1.06 seconds, Diffusion 3.53 seconds, DIT Compute Steps 3 steps, Scheduler 0.01 seconds
[36m(ActorGroup(rank=2) pid=25269)[0m Time taken: Total 4.89 seconds, Text Encoder 0.17 seconds, Image Encoder 0.13 seconds, VAE 0.00 seconds, KV Cache Creation 1.06 seconds, Diffusion 3.53 seconds, DIT Compute Steps 3 steps, Scheduler 0.01 seconds
[36m(ActorGroup(rank=3) pid=25271)[0m Time taken: Total 4.89 seconds, Text Encoder 0.17 seconds, Image Encoder 0.13 seconds, VAE 0.00 seconds, KV Cache Creation 1.06 seconds, Diffusion 3.53 seconds, DIT Compute Steps 3 steps, Scheduler 0.01 seconds
[36m(ActorGroup(rank=0) pid=25267)[0m language is None, reset current_start_frame to 0
[36m(ActorGroup(rank=0) pid=25267)[0m videos shape torch.Size([1, 3, 4, 160, 320]) 33
[36m(ActorGroup(rank=1) pid=25268)[0m language is None, reset current_start_frame to 0
[36m(ActorGroup(rank=1) pid=25268)[0m videos shape torch.Size([1, 3, 4, 160, 320]) 33
[36m(ActorGroup(rank=2) pid=25269)[0m language is None, reset current_start_frame to 0
[36m(ActorGroup(rank=2) pid=25269)[0m videos shape torch.Size([1, 3, 4, 160, 320]) 33
[36m(ActorGroup(rank=3) pid=25271)[0m language is None, reset current_start_frame to 0
[36m(ActorGroup(rank=3) pid=25271)[0m videos shape torch.Size([1, 3, 4, 160, 320]) 33
[36m(ActorGroup(rank=0) pid=25267)[0m Time taken: Total 4.53 seconds, Text Encoder 0.17 seconds, Image Encoder 0.14 seconds, VAE 0.00 seconds, KV Cache Creation 1.06 seconds, Diffusion 3.14 seconds, DIT Compute Steps 3 steps, Scheduler 0.01 seconds
[36m(ActorGroup(rank=1) pid=25268)[0m Time taken: Total 4.52 seconds, Text Encoder 0.17 seconds, Image Encoder 0.14 seconds, VAE 0.00 seconds, KV Cache Creation 1.06 seconds, Diffusion 3.14 seconds, DIT Compute Steps 3 steps, Scheduler 0.01 seconds
[36m(ActorGroup(rank=2) pid=25269)[0m Time taken: Total 4.52 seconds, Text Encoder 0.17 seconds, Image Encoder 0.14 seconds, VAE 0.00 seconds, KV Cache Creation 1.06 seconds, Diffusion 3.14 seconds, DIT Compute Steps 3 steps, Scheduler 0.01 seconds
[36m(ActorGroup(rank=3) pid=25271)[0m Time taken: Total 4.52 seconds, Text Encoder 0.17 seconds, Image Encoder 0.14 seconds, VAE 0.00 seconds, KV Cache Creation 1.07 seconds, Diffusion 3.14 seconds, DIT Compute Steps 3 steps, Scheduler 0.01 seconds
[36m(ActorGroup(rank=0) pid=25267)[0m [INFO 14:52:26 ActorGroup-Rank-0][fsdp_actor_worker.py:1774] actor training: micro-batch start 44/64 epoch=1/1 global_batch=3/4 micro=12/16
[36m(ActorGroup(rank=0) pid=25267)[0m language is None, reset current_start_frame to 0
[36m(ActorGroup(rank=0) pid=25267)[0m videos shape torch.Size([1, 3, 4, 160, 320]) 33
[36m(ActorGroup(rank=3) pid=25271)[0m language is None, reset current_start_frame to 0
[36m(ActorGroup(rank=3) pid=25271)[0m videos shape torch.Size([1, 3, 4, 160, 320]) 33
[36m(ActorGroup(rank=1) pid=25268)[0m language is None, reset current_start_frame to 0
[36m(ActorGroup(rank=1) pid=25268)[0m videos shape torch.Size([1, 3, 4, 160, 320]) 33
[36m(ActorGroup(rank=2) pid=25269)[0m language is None, reset current_start_frame to 0
[36m(ActorGroup(rank=2) pid=25269)[0m videos shape torch.Size([1, 3, 4, 160, 320]) 33
[36m(ActorGroup(rank=0) pid=25267)[0m Time taken: Total 4.50 seconds, Text Encoder 0.17 seconds, Image Encoder 0.14 seconds, VAE 0.00 seconds, KV Cache Creation 1.06 seconds, Diffusion 3.13 seconds, DIT Compute Steps 3 steps, Scheduler 0.01 seconds
[36m(ActorGroup(rank=1) pid=25268)[0m Time taken: Total 4.50 seconds, Text Encoder 0.17 seconds, Image Encoder 0.14 seconds, VAE 0.00 seconds, KV Cache Creation 1.06 seconds, Diffusion 3.13 seconds, DIT Compute Steps 3 steps, Scheduler 0.01 seconds
[36m(ActorGroup(rank=2) pid=25269)[0m Time taken: Total 4.50 seconds, Text Encoder 0.17 seconds, Image Encoder 0.14 seconds, VAE 0.00 seconds, KV Cache Creation 1.06 seconds, Diffusion 3.13 seconds, DIT Compute Steps 3 steps, Scheduler 0.01 seconds
[36m(ActorGroup(rank=3) pid=25271)[0m Time taken: Total 4.50 seconds, Text Encoder 0.17 seconds, Image Encoder 0.14 seconds, VAE 0.00 seconds, KV Cache Creation 1.05 seconds, Diffusion 3.13 seconds, DIT Compute Steps 3 steps, Scheduler 0.01 seconds
[36m(ActorGroup(rank=0) pid=25267)[0m [INFO 14:52:30 ActorGroup-Rank-0][fsdp_actor_worker.py:1844] actor training: model forward done 44/64 elapsed=4.59s
[36m(ActorGroup(rank=0) pid=25267)[0m [INFO 14:52:32 ActorGroup-Rank-0][fsdp_actor_worker.py:1980] actor training: backward done 44/64 elapsed=1.97s
[36m(ActorGroup(rank=0) pid=25267)[0m language is None, reset current_start_frame to 0
[36m(ActorGroup(rank=0) pid=25267)[0m videos shape torch.Size([1, 3, 4, 160, 320]) 33
[36m(ActorGroup(rank=1) pid=25268)[0m language is None, reset current_start_frame to 0
[36m(ActorGroup(rank=1) pid=25268)[0m videos shape torch.Size([1, 3, 4, 160, 320]) 33
[36m(ActorGroup(rank=2) pid=25269)[0m language is None, reset current_start_frame to 0
[36m(ActorGroup(rank=2) pid=25269)[0m videos shape torch.Size([1, 3, 4, 160, 320]) 33
[36m(ActorGroup(rank=3) pid=25271)[0m language is None, reset current_start_frame to 0
[36m(ActorGroup(rank=3) pid=25271)[0m videos shape torch.Size([1, 3, 4, 160, 320]) 33
[36m(ActorGroup(rank=0) pid=25267)[0m Time taken: Total 4.51 seconds, Text Encoder 0.17 seconds, Image Encoder 0.14 seconds, VAE 0.00 seconds, KV Cache Creation 1.06 seconds, Diffusion 3.14 seconds, DIT Compute Steps 3 steps, Scheduler 0.01 seconds
[36m(ActorGroup(rank=1) pid=25268)[0m Time taken: Total 4.51 seconds, Text Encoder 0.17 seconds, Image Encoder 0.14 seconds, VAE 0.00 seconds, KV Cache Creation 1.06 seconds, Diffusion 3.14 seconds, DIT Compute Steps 3 steps, Scheduler 0.01 seconds
[36m(ActorGroup(rank=2) pid=25269)[0m Time taken: Total 4.51 seconds, Text Encoder 0.17 seconds, Image Encoder 0.14 seconds, VAE 0.00 seconds, KV Cache Creation 1.05 seconds, Diffusion 3.14 seconds, DIT Compute Steps 3 steps, Scheduler 0.01 seconds
[36m(ActorGroup(rank=3) pid=25271)[0m Time taken: Total 4.51 seconds, Text Encoder 0.17 seconds, Image Encoder 0.14 seconds, VAE 0.00 seconds, KV Cache Creation 1.06 seconds, Diffusion 3.14 seconds, DIT Compute Steps 3 steps, Scheduler 0.01 seconds
[36m(ActorGroup(rank=0) pid=25267)[0m language is None, reset current_start_frame to 0
[36m(ActorGroup(rank=0) pid=25267)[0m videos shape torch.Size([1, 3, 4, 160, 320]) 33
[36m(ActorGroup(rank=1) pid=25268)[0m language is None, reset current_start_frame to 0
[36m(ActorGroup(rank=1) pid=25268)[0m videos shape torch.Size([1, 3, 4, 160, 320]) 33
[36m(ActorGroup(rank=2) pid=25269)[0m language is None, reset current_start_frame to 0
[36m(ActorGroup(rank=2) pid=25269)[0m videos shape torch.Size([1, 3, 4, 160, 320]) 33
[36m(ActorGroup(rank=3) pid=25271)[0m language is None, reset current_start_frame to 0
[36m(ActorGroup(rank=3) pid=25271)[0m videos shape torch.Size([1, 3, 4, 160, 320]) 33
[36m(ActorGroup(rank=0) pid=25267)[0m Time taken: Total 4.50 seconds, Text Encoder 0.17 seconds, Image Encoder 0.14 seconds, VAE 0.00 seconds, KV Cache Creation 1.05 seconds, Diffusion 3.13 seconds, DIT Compute Steps 3 steps, Scheduler 0.01 seconds
[36m(ActorGroup(rank=1) pid=25268)[0m Time taken: Total 4.50 seconds, Text Encoder 0.17 seconds, Image Encoder 0.14 seconds, VAE 0.00 seconds, KV Cache Creation 1.05 seconds, Diffusion 3.13 seconds, DIT Compute Steps 3 steps, Scheduler 0.01 seconds
[36m(ActorGroup(rank=2) pid=25269)[0m Time taken: Total 4.50 seconds, Text Encoder 0.17 seconds, Image Encoder 0.14 seconds, VAE 0.00 seconds, KV Cache Creation 1.05 seconds, Diffusion 3.13 seconds, DIT Compute Steps 3 steps, Scheduler 0.01 seconds
[36m(ActorGroup(rank=3) pid=25271)[0m Time taken: Total 4.50 seconds, Text Encoder 0.17 seconds, Image Encoder 0.14 seconds, VAE 0.00 seconds, KV Cache Creation 1.05 seconds, Diffusion 3.13 seconds, DIT Compute Steps 3 steps, Scheduler 0.01 seconds
[36m(ActorGroup(rank=0) pid=25267)[0m language is None, reset current_start_frame to 0
[36m(ActorGroup(rank=0) pid=25267)[0m videos shape torch.Size([1, 3, 4, 160, 320]) 33
[36m(ActorGroup(rank=1) pid=25268)[0m language is None, reset current_start_frame to 0
[36m(ActorGroup(rank=1) pid=25268)[0m videos shape torch.Size([1, 3, 4, 160, 320]) 33
[36m(ActorGroup(rank=2) pid=25269)[0m language is None, reset current_start_frame to 0
[36m(ActorGroup(rank=2) pid=25269)[0m videos shape torch.Size([1, 3, 4, 160, 320]) 33
[36m(ActorGroup(rank=3) pid=25271)[0m language is None, reset current_start_frame to 0
[36m(ActorGroup(rank=3) pid=25271)[0m videos shape torch.Size([1, 3, 4, 160, 320]) 33
[36m(ActorGroup(rank=0) pid=25267)[0m Time taken: Total 4.84 seconds, Text Encoder 0.17 seconds, Image Encoder 0.14 seconds, VAE 0.00 seconds, KV Cache Creation 1.38 seconds, Diffusion 3.14 seconds, DIT Compute Steps 3 steps, Scheduler 0.01 seconds
[36m(ActorGroup(rank=1) pid=25268)[0m Time taken: Total 4.83 seconds, Text Encoder 0.17 seconds, Image Encoder 0.14 seconds, VAE 0.00 seconds, KV Cache Creation 1.38 seconds, Diffusion 3.14 seconds, DIT Compute Steps 3 steps, Scheduler 0.01 seconds
[36m(ActorGroup(rank=2) pid=25269)[0m Time taken: Total 4.83 seconds, Text Encoder 0.17 seconds, Image Encoder 0.14 seconds, VAE 0.00 seconds, KV Cache Creation 1.38 seconds, Diffusion 3.14 seconds, DIT Compute Steps 3 steps, Scheduler 0.01 seconds
[36m(ActorGroup(rank=3) pid=25271)[0m Time taken: Total 4.83 seconds, Text Encoder 0.17 seconds, Image Encoder 0.14 seconds, VAE 0.00 seconds, KV Cache Creation 1.38 seconds, Diffusion 3.14 seconds, DIT Compute Steps 3 steps, Scheduler 0.01 seconds
[36m(ActorGroup(rank=0) pid=25267)[0m [INFO 14:52:53 ActorGroup-Rank-0][fsdp_actor_worker.py:1774] actor training: micro-batch start 48/64 epoch=1/1 global_batch=3/4 micro=16/16
[36m(ActorGroup(rank=0) pid=25267)[0m language is None, reset current_start_frame to 0
[36m(ActorGroup(rank=0) pid=25267)[0m videos shape torch.Size([1, 3, 4, 160, 320]) 33
[36m(ActorGroup(rank=1) pid=25268)[0m language is None, reset current_start_frame to 0
[36m(ActorGroup(rank=1) pid=25268)[0m videos shape torch.Size([1, 3, 4, 160, 320]) 33
[36m(ActorGroup(rank=2) pid=25269)[0m language is None, reset current_start_frame to 0
[36m(ActorGroup(rank=2) pid=25269)[0m videos shape torch.Size([1, 3, 4, 160, 320]) 33
[36m(ActorGroup(rank=3) pid=25271)[0m language is None, reset current_start_frame to 0
[36m(ActorGroup(rank=3) pid=25271)[0m videos shape torch.Size([1, 3, 4, 160, 320]) 33
[36m(ActorGroup(rank=0) pid=25267)[0m Time taken: Total 4.51 seconds, Text Encoder 0.17 seconds, Image Encoder 0.14 seconds, VAE 0.00 seconds, KV Cache Creation 1.05 seconds, Diffusion 3.15 seconds, DIT Compute Steps 3 steps, Scheduler 0.01 seconds
[36m(ActorGroup(rank=1) pid=25268)[0m Time taken: Total 4.51 seconds, Text Encoder 0.17 seconds, Image Encoder 0.14 seconds, VAE 0.00 seconds, KV Cache Creation 1.05 seconds, Diffusion 3.15 seconds, DIT Compute Steps 3 steps, Scheduler 0.01 seconds
[36m(ActorGroup(rank=2) pid=25269)[0m Time taken: Total 4.51 seconds, Text Encoder 0.17 seconds, Image Encoder 0.14 seconds, VAE 0.00 seconds, KV Cache Creation 1.05 seconds, Diffusion 3.15 seconds, DIT Compute Steps 3 steps, Scheduler 0.01 seconds
[36m(ActorGroup(rank=3) pid=25271)[0m Time taken: Total 4.51 seconds, Text Encoder 0.17 seconds, Image Encoder 0.14 seconds, VAE 0.00 seconds, KV Cache Creation 1.05 seconds, Diffusion 3.15 seconds, DIT Compute Steps 3 steps, Scheduler 0.01 seconds
[36m(ActorGroup(rank=0) pid=25267)[0m [INFO 14:52:57 ActorGroup-Rank-0][fsdp_actor_worker.py:1844] actor training: model forward done 48/64 elapsed=4.60s
[36m(ActorGroup(rank=0) pid=25267)[0m [INFO 14:53:00 ActorGroup-Rank-0][fsdp_actor_worker.py:1980] actor training: backward done 48/64 elapsed=2.12s
[36m(ActorGroup(rank=0) pid=25267)[0m [INFO 14:53:00 ActorGroup-Rank-0][fsdp_actor_worker.py:2001] actor training: global batch done 3/4 epoch=1/1 elapsed=109.20s
[36m(ActorGroup(rank=0) pid=25267)[0m [INFO 14:53:00 ActorGroup-Rank-0][fsdp_actor_worker.py:2014] actor training: empty_cache done global_batch=3/4 elapsed=0.79s
[36m(ActorGroup(rank=0) pid=25267)[0m [INFO 14:53:00 ActorGroup-Rank-0][fsdp_actor_worker.py:2031] actor training: optimizer step done global_batch=3/4 grad_norm=14.9671 elapsed=0.10s
[36m(ActorGroup(rank=0) pid=25267)[0m language is None, reset current_start_frame to 0
[36m(ActorGroup(rank=0) pid=25267)[0m videos shape torch.Size([1, 3, 4, 160, 320]) 33
[36m(ActorGroup(rank=1) pid=25268)[0m language is None, reset current_start_frame to 0
[36m(ActorGroup(rank=1) pid=25268)[0m videos shape torch.Size([1, 3, 4, 160, 320]) 33
[36m(ActorGroup(rank=2) pid=25269)[0m language is None, reset current_start_frame to 0
[36m(ActorGroup(rank=2) pid=25269)[0m videos shape torch.Size([1, 3, 4, 160, 320]) 33
[36m(ActorGroup(rank=3) pid=25271)[0m language is None, reset current_start_frame to 0
[36m(ActorGroup(rank=3) pid=25271)[0m videos shape torch.Size([1, 3, 4, 160, 320]) 33
[36m(ActorGroup(rank=0) pid=25267)[0m Time taken: Total 4.95 seconds, Text Encoder 0.20 seconds, Image Encoder 0.14 seconds, VAE 0.00 seconds, KV Cache Creation 1.08 seconds, Diffusion 3.52 seconds, DIT Compute Steps 3 steps, Scheduler 0.01 seconds
[36m(ActorGroup(rank=1) pid=25268)[0m Time taken: Total 4.95 seconds, Text Encoder 0.20 seconds, Image Encoder 0.14 seconds, VAE 0.00 seconds, KV Cache Creation 1.08 seconds, Diffusion 3.52 seconds, DIT Compute Steps 3 steps, Scheduler 0.01 seconds
[36m(ActorGroup(rank=2) pid=25269)[0m Time taken: Total 4.95 seconds, Text Encoder 0.20 seconds, Image Encoder 0.14 seconds, VAE 0.00 seconds, KV Cache Creation 1.08 seconds, Diffusion 3.52 seconds, DIT Compute Steps 3 steps, Scheduler 0.01 seconds
[36m(ActorGroup(rank=3) pid=25271)[0m Time taken: Total 4.95 seconds, Text Encoder 0.20 seconds, Image Encoder 0.14 seconds, VAE 0.00 seconds, KV Cache Creation 1.08 seconds, Diffusion 3.52 seconds, DIT Compute Steps 3 steps, Scheduler 0.01 seconds
[36m(ActorGroup(rank=0) pid=25267)[0m language is None, reset current_start_frame to 0
[36m(ActorGroup(rank=0) pid=25267)[0m videos shape torch.Size([1, 3, 4, 160, 320]) 33
[36m(ActorGroup(rank=1) pid=25268)[0m language is None, reset current_start_frame to 0
[36m(ActorGroup(rank=1) pid=25268)[0m videos shape torch.Size([1, 3, 4, 160, 320]) 33
[36m(ActorGroup(rank=2) pid=25269)[0m language is None, reset current_start_frame to 0
[36m(ActorGroup(rank=2) pid=25269)[0m videos shape torch.Size([1, 3, 4, 160, 320]) 33
[36m(ActorGroup(rank=3) pid=25271)[0m language is None, reset current_start_frame to 0
[36m(ActorGroup(rank=3) pid=25271)[0m videos shape torch.Size([1, 3, 4, 160, 320]) 33
[36m(ActorGroup(rank=0) pid=25267)[0m Time taken: Total 4.54 seconds, Text Encoder 0.17 seconds, Image Encoder 0.14 seconds, VAE 0.00 seconds, KV Cache Creation 1.06 seconds, Diffusion 3.16 seconds, DIT Compute Steps 3 steps, Scheduler 0.01 seconds
[36m(ActorGroup(rank=1) pid=25268)[0m Time taken: Total 4.54 seconds, Text Encoder 0.17 seconds, Image Encoder 0.14 seconds, VAE 0.00 seconds, KV Cache Creation 1.06 seconds, Diffusion 3.16 seconds, DIT Compute Steps 3 steps, Scheduler 0.01 seconds
[36m(ActorGroup(rank=2) pid=25269)[0m Time taken: Total 4.54 seconds, Text Encoder 0.17 seconds, Image Encoder 0.14 seconds, VAE 0.00 seconds, KV Cache Creation 1.06 seconds, Diffusion 3.16 seconds, DIT Compute Steps 3 steps, Scheduler 0.01 seconds
[36m(ActorGroup(rank=3) pid=25271)[0m Time taken: Total 4.54 seconds, Text Encoder 0.17 seconds, Image Encoder 0.14 seconds, VAE 0.00 seconds, KV Cache Creation 1.06 seconds, Diffusion 3.16 seconds, DIT Compute Steps 3 steps, Scheduler 0.01 seconds
[36m(ActorGroup(rank=0) pid=25267)[0m language is None, reset current_start_frame to 0
[36m(ActorGroup(rank=0) pid=25267)[0m videos shape torch.Size([1, 3, 4, 160, 320]) 33
[36m(ActorGroup(rank=1) pid=25268)[0m language is None, reset current_start_frame to 0
[36m(ActorGroup(rank=1) pid=25268)[0m videos shape torch.Size([1, 3, 4, 160, 320]) 33
[36m(ActorGroup(rank=2) pid=25269)[0m language is None, reset current_start_frame to 0
[36m(ActorGroup(rank=2) pid=25269)[0m videos shape torch.Size([1, 3, 4, 160, 320]) 33
[36m(ActorGroup(rank=3) pid=25271)[0m language is None, reset current_start_frame to 0
[36m(ActorGroup(rank=3) pid=25271)[0m videos shape torch.Size([1, 3, 4, 160, 320]) 33
[36m(ActorGroup(rank=0) pid=25267)[0m Time taken: Total 4.88 seconds, Text Encoder 0.17 seconds, Image Encoder 0.14 seconds, VAE 0.00 seconds, KV Cache Creation 1.42 seconds, Diffusion 3.14 seconds, DIT Compute Steps 3 steps, Scheduler 0.01 seconds
[36m(ActorGroup(rank=1) pid=25268)[0m Time taken: Total 4.88 seconds, Text Encoder 0.17 seconds, Image Encoder 0.14 seconds, VAE 0.00 seconds, KV Cache Creation 1.42 seconds, Diffusion 3.14 seconds, DIT Compute Steps 3 steps, Scheduler 0.01 seconds
[36m(ActorGroup(rank=2) pid=25269)[0m Time taken: Total 4.88 seconds, Text Encoder 0.17 seconds, Image Encoder 0.14 seconds, VAE 0.00 seconds, KV Cache Creation 1.42 seconds, Diffusion 3.14 seconds, DIT Compute Steps 3 steps, Scheduler 0.01 seconds
[36m(ActorGroup(rank=3) pid=25271)[0m Time taken: Total 4.88 seconds, Text Encoder 0.17 seconds, Image Encoder 0.14 seconds, VAE 0.00 seconds, KV Cache Creation 1.42 seconds, Diffusion 3.14 seconds, DIT Compute Steps 3 steps, Scheduler 0.01 seconds
[36m(ActorGroup(rank=0) pid=25267)[0m [INFO 14:53:22 ActorGroup-Rank-0][fsdp_actor_worker.py:1774] actor training: micro-batch start 52/64 epoch=1/1 global_batch=4/4 micro=4/16
[36m(ActorGroup(rank=0) pid=25267)[0m language is None, reset current_start_frame to 0
[36m(ActorGroup(rank=0) pid=25267)[0m videos shape torch.Size([1, 3, 4, 160, 320]) 33
[36m(ActorGroup(rank=1) pid=25268)[0m language is None, reset current_start_frame to 0
[36m(ActorGroup(rank=1) pid=25268)[0m videos shape torch.Size([1, 3, 4, 160, 320]) 33
[36m(ActorGroup(rank=2) pid=25269)[0m language is None, reset current_start_frame to 0
[36m(ActorGroup(rank=2) pid=25269)[0m videos shape torch.Size([1, 3, 4, 160, 320]) 33
[36m(ActorGroup(rank=3) pid=25271)[0m language is None, reset current_start_frame to 0
[36m(ActorGroup(rank=3) pid=25271)[0m videos shape torch.Size([1, 3, 4, 160, 320]) 33
[36m(ActorGroup(rank=0) pid=25267)[0m Time taken: Total 4.54 seconds, Text Encoder 0.17 seconds, Image Encoder 0.14 seconds, VAE 0.00 seconds, KV Cache Creation 1.06 seconds, Diffusion 3.17 seconds, DIT Compute Steps 3 steps, Scheduler 0.01 seconds
[36m(ActorGroup(rank=1) pid=25268)[0m Time taken: Total 4.54 seconds, Text Encoder 0.17 seconds, Image Encoder 0.14 seconds, VAE 0.00 seconds, KV Cache Creation 1.05 seconds, Diffusion 3.17 seconds, DIT Compute Steps 3 steps, Scheduler 0.01 seconds
[36m(ActorGroup(rank=2) pid=25269)[0m Time taken: Total 4.54 seconds, Text Encoder 0.17 seconds, Image Encoder 0.14 seconds, VAE 0.00 seconds, KV Cache Creation 1.06 seconds, Diffusion 3.17 seconds, DIT Compute Steps 3 steps, Scheduler 0.01 seconds
[36m(ActorGroup(rank=3) pid=25271)[0m Time taken: Total 4.54 seconds, Text Encoder 0.17 seconds, Image Encoder 0.14 seconds, VAE 0.00 seconds, KV Cache Creation 1.06 seconds, Diffusion 3.17 seconds, DIT Compute Steps 3 steps, Scheduler 0.01 seconds
[36m(ActorGroup(rank=0) pid=25267)[0m [INFO 14:53:26 ActorGroup-Rank-0][fsdp_actor_worker.py:1844] actor training: model forward done 52/64 elapsed=4.63s
[36m(ActorGroup(rank=0) pid=25267)[0m [INFO 14:53:28 ActorGroup-Rank-0][fsdp_actor_worker.py:1980] actor training: backward done 52/64 elapsed=1.97s
[36m(ActorGroup(rank=0) pid=25267)[0m language is None, reset current_start_frame to 0
[36m(ActorGroup(rank=0) pid=25267)[0m videos shape torch.Size([1, 3, 4, 160, 320]) 33
[36m(ActorGroup(rank=1) pid=25268)[0m language is None, reset current_start_frame to 0
[36m(ActorGroup(rank=1) pid=25268)[0m videos shape torch.Size([1, 3, 4, 160, 320]) 33
[36m(ActorGroup(rank=2) pid=25269)[0m language is None, reset current_start_frame to 0
[36m(ActorGroup(rank=2) pid=25269)[0m videos shape torch.Size([1, 3, 4, 160, 320]) 33
[36m(ActorGroup(rank=3) pid=25271)[0m language is None, reset current_start_frame to 0
[36m(ActorGroup(rank=3) pid=25271)[0m videos shape torch.Size([1, 3, 4, 160, 320]) 33
[36m(ActorGroup(rank=0) pid=25267)[0m Time taken: Total 4.53 seconds, Text Encoder 0.16 seconds, Image Encoder 0.14 seconds, VAE 0.00 seconds, KV Cache Creation 1.06 seconds, Diffusion 3.15 seconds, DIT Compute Steps 3 steps, Scheduler 0.01 seconds
[36m(ActorGroup(rank=1) pid=25268)[0m Time taken: Total 4.53 seconds, Text Encoder 0.17 seconds, Image Encoder 0.14 seconds, VAE 0.00 seconds, KV Cache Creation 1.06 seconds, Diffusion 3.15 seconds, DIT Compute Steps 3 steps, Scheduler 0.01 seconds
[36m(ActorGroup(rank=2) pid=25269)[0m Time taken: Total 4.53 seconds, Text Encoder 0.17 seconds, Image Encoder 0.14 seconds, VAE 0.00 seconds, KV Cache Creation 1.06 seconds, Diffusion 3.15 seconds, DIT Compute Steps 3 steps, Scheduler 0.01 seconds
[36m(ActorGroup(rank=3) pid=25271)[0m Time taken: Total 4.53 seconds, Text Encoder 0.17 seconds, Image Encoder 0.14 seconds, VAE 0.00 seconds, KV Cache Creation 1.06 seconds, Diffusion 3.15 seconds, DIT Compute Steps 3 steps, Scheduler 0.01 seconds
[36m(ActorGroup(rank=0) pid=25267)[0m language is None, reset current_start_frame to 0
[36m(ActorGroup(rank=0) pid=25267)[0m videos shape torch.Size([1, 3, 4, 160, 320]) 33
[36m(ActorGroup(rank=1) pid=25268)[0m language is None, reset current_start_frame to 0
[36m(ActorGroup(rank=1) pid=25268)[0m videos shape torch.Size([1, 3, 4, 160, 320]) 33
[36m(ActorGroup(rank=2) pid=25269)[0m language is None, reset current_start_frame to 0
[36m(ActorGroup(rank=2) pid=25269)[0m videos shape torch.Size([1, 3, 4, 160, 320]) 33
[36m(ActorGroup(rank=3) pid=25271)[0m language is None, reset current_start_frame to 0
[36m(ActorGroup(rank=3) pid=25271)[0m videos shape torch.Size([1, 3, 4, 160, 320]) 33
[36m(ActorGroup(rank=0) pid=25267)[0m Time taken: Total 4.51 seconds, Text Encoder 0.17 seconds, Image Encoder 0.14 seconds, VAE 0.00 seconds, KV Cache Creation 1.06 seconds, Diffusion 3.15 seconds, DIT Compute Steps 3 steps, Scheduler 0.01 seconds
[36m(ActorGroup(rank=1) pid=25268)[0m Time taken: Total 4.51 seconds, Text Encoder 0.17 seconds, Image Encoder 0.14 seconds, VAE 0.00 seconds, KV Cache Creation 1.05 seconds, Diffusion 3.15 seconds, DIT Compute Steps 3 steps, Scheduler 0.01 seconds
[36m(ActorGroup(rank=2) pid=25269)[0m Time taken: Total 4.51 seconds, Text Encoder 0.17 seconds, Image Encoder 0.14 seconds, VAE 0.00 seconds, KV Cache Creation 1.05 seconds, Diffusion 3.15 seconds, DIT Compute Steps 3 steps, Scheduler 0.01 seconds
[36m(ActorGroup(rank=3) pid=25271)[0m Time taken: Total 4.51 seconds, Text Encoder 0.17 seconds, Image Encoder 0.14 seconds, VAE 0.00 seconds, KV Cache Creation 1.05 seconds, Diffusion 3.15 seconds, DIT Compute Steps 3 steps, Scheduler 0.01 seconds
[36m(ActorGroup(rank=0) pid=25267)[0m language is None, reset current_start_frame to 0
[36m(ActorGroup(rank=0) pid=25267)[0m videos shape torch.Size([1, 3, 4, 160, 320]) 33
[36m(ActorGroup(rank=1) pid=25268)[0m language is None, reset current_start_frame to 0
[36m(ActorGroup(rank=1) pid=25268)[0m videos shape torch.Size([1, 3, 4, 160, 320]) 33
[36m(ActorGroup(rank=2) pid=25269)[0m language is None, reset current_start_frame to 0
[36m(ActorGroup(rank=2) pid=25269)[0m videos shape torch.Size([1, 3, 4, 160, 320]) 33
[36m(ActorGroup(rank=3) pid=25271)[0m language is None, reset current_start_frame to 0
[36m(ActorGroup(rank=3) pid=25271)[0m videos shape torch.Size([1, 3, 4, 160, 320]) 33
[36m(ActorGroup(rank=0) pid=25267)[0m Time taken: Total 4.92 seconds, Text Encoder 0.17 seconds, Image Encoder 0.14 seconds, VAE 0.00 seconds, KV Cache Creation 1.07 seconds, Diffusion 3.55 seconds, DIT Compute Steps 3 steps, Scheduler 0.01 seconds
[36m(ActorGroup(rank=1) pid=25268)[0m Time taken: Total 4.93 seconds, Text Encoder 0.17 seconds, Image Encoder 0.14 seconds, VAE 0.00 seconds, KV Cache Creation 1.06 seconds, Diffusion 3.55 seconds, DIT Compute Steps 3 steps, Scheduler 0.01 seconds
[36m(ActorGroup(rank=2) pid=25269)[0m Time taken: Total 4.92 seconds, Text Encoder 0.17 seconds, Image Encoder 0.14 seconds, VAE 0.00 seconds, KV Cache Creation 1.06 seconds, Diffusion 3.55 seconds, DIT Compute Steps 3 steps, Scheduler 0.01 seconds
[36m(ActorGroup(rank=3) pid=25271)[0m Time taken: Total 4.93 seconds, Text Encoder 0.17 seconds, Image Encoder 0.14 seconds, VAE 0.00 seconds, KV Cache Creation 1.06 seconds, Diffusion 3.55 seconds, DIT Compute Steps 3 steps, Scheduler 0.01 seconds
[36m(ActorGroup(rank=0) pid=25267)[0m [INFO 14:53:49 ActorGroup-Rank-0][fsdp_actor_worker.py:1774] actor training: micro-batch start 56/64 epoch=1/1 global_batch=4/4 micro=8/16
[36m(ActorGroup(rank=0) pid=25267)[0m language is None, reset current_start_frame to 0
[36m(ActorGroup(rank=0) pid=25267)[0m videos shape torch.Size([1, 3, 4, 160, 320]) 33
[36m(ActorGroup(rank=1) pid=25268)[0m language is None, reset current_start_frame to 0
[36m(ActorGroup(rank=1) pid=25268)[0m videos shape torch.Size([1, 3, 4, 160, 320]) 33
[36m(ActorGroup(rank=2) pid=25269)[0m language is None, reset current_start_frame to 0
[36m(ActorGroup(rank=2) pid=25269)[0m videos shape torch.Size([1, 3, 4, 160, 320]) 33
[36m(ActorGroup(rank=3) pid=25271)[0m language is None, reset current_start_frame to 0
[36m(ActorGroup(rank=3) pid=25271)[0m videos shape torch.Size([1, 3, 4, 160, 320]) 33
[36m(ActorGroup(rank=0) pid=25267)[0m Time taken: Total 4.51 seconds, Text Encoder 0.17 seconds, Image Encoder 0.14 seconds, VAE 0.00 seconds, KV Cache Creation 1.06 seconds, Diffusion 3.14 seconds, DIT Compute Steps 3 steps, Scheduler 0.01 seconds
[36m(ActorGroup(rank=0) pid=25267)[0m [INFO 14:53:53 ActorGroup-Rank-0][fsdp_actor_worker.py:1844] actor training: model forward done 56/64 elapsed=4.59s
[36m(ActorGroup(rank=1) pid=25268)[0m Time taken: Total 4.51 seconds, Text Encoder 0.16 seconds, Image Encoder 0.14 seconds, VAE 0.00 seconds, KV Cache Creation 1.06 seconds, Diffusion 3.13 seconds, DIT Compute Steps 3 steps, Scheduler 0.01 seconds
[36m(ActorGroup(rank=2) pid=25269)[0m Time taken: Total 4.51 seconds, Text Encoder 0.17 seconds, Image Encoder 0.14 seconds, VAE 0.00 seconds, KV Cache Creation 1.06 seconds, Diffusion 3.13 seconds, DIT Compute Steps 3 steps, Scheduler 0.01 seconds
[36m(ActorGroup(rank=3) pid=25271)[0m Time taken: Total 4.51 seconds, Text Encoder 0.17 seconds, Image Encoder 0.14 seconds, VAE 0.00 seconds, KV Cache Creation 1.06 seconds, Diffusion 3.13 seconds, DIT Compute Steps 3 steps, Scheduler 0.01 seconds
[36m(ActorGroup(rank=0) pid=25267)[0m [INFO 14:53:55 ActorGroup-Rank-0][fsdp_actor_worker.py:1980] actor training: backward done 56/64 elapsed=1.96s
[36m(ActorGroup(rank=0) pid=25267)[0m language is None, reset current_start_frame to 0
[36m(ActorGroup(rank=0) pid=25267)[0m videos shape torch.Size([1, 3, 4, 160, 320]) 33
[36m(ActorGroup(rank=1) pid=25268)[0m language is None, reset current_start_frame to 0
[36m(ActorGroup(rank=1) pid=25268)[0m videos shape torch.Size([1, 3, 4, 160, 320]) 33
[36m(ActorGroup(rank=2) pid=25269)[0m language is None, reset current_start_frame to 0
[36m(ActorGroup(rank=2) pid=25269)[0m videos shape torch.Size([1, 3, 4, 160, 320]) 33
[36m(ActorGroup(rank=3) pid=25271)[0m language is None, reset current_start_frame to 0
[36m(ActorGroup(rank=3) pid=25271)[0m videos shape torch.Size([1, 3, 4, 160, 320]) 33
[36m(ActorGroup(rank=0) pid=25267)[0m Time taken: Total 4.50 seconds, Text Encoder 0.17 seconds, Image Encoder 0.14 seconds, VAE 0.00 seconds, KV Cache Creation 1.06 seconds, Diffusion 3.13 seconds, DIT Compute Steps 3 steps, Scheduler 0.01 seconds
[36m(ActorGroup(rank=1) pid=25268)[0m Time taken: Total 4.50 seconds, Text Encoder 0.17 seconds, Image Encoder 0.14 seconds, VAE 0.00 seconds, KV Cache Creation 1.06 seconds, Diffusion 3.13 seconds, DIT Compute Steps 3 steps, Scheduler 0.01 seconds
[36m(ActorGroup(rank=2) pid=25269)[0m Time taken: Total 4.50 seconds, Text Encoder 0.17 seconds, Image Encoder 0.14 seconds, VAE 0.00 seconds, KV Cache Creation 1.06 seconds, Diffusion 3.13 seconds, DIT Compute Steps 3 steps, Scheduler 0.01 seconds
[36m(ActorGroup(rank=3) pid=25271)[0m Time taken: Total 4.50 seconds, Text Encoder 0.17 seconds, Image Encoder 0.14 seconds, VAE 0.00 seconds, KV Cache Creation 1.06 seconds, Diffusion 3.13 seconds, DIT Compute Steps 3 steps, Scheduler 0.01 seconds
[36m(ActorGroup(rank=0) pid=25267)[0m language is None, reset current_start_frame to 0
[36m(ActorGroup(rank=0) pid=25267)[0m videos shape torch.Size([1, 3, 4, 160, 320]) 33
[36m(ActorGroup(rank=1) pid=25268)[0m language is None, reset current_start_frame to 0
[36m(ActorGroup(rank=1) pid=25268)[0m videos shape torch.Size([1, 3, 4, 160, 320]) 33
[36m(ActorGroup(rank=2) pid=25269)[0m language is None, reset current_start_frame to 0
[36m(ActorGroup(rank=2) pid=25269)[0m videos shape torch.Size([1, 3, 4, 160, 320]) 33
[36m(ActorGroup(rank=3) pid=25271)[0m language is None, reset current_start_frame to 0
[36m(ActorGroup(rank=3) pid=25271)[0m videos shape torch.Size([1, 3, 4, 160, 320]) 33
[36m(ActorGroup(rank=0) pid=25267)[0m Time taken: Total 4.50 seconds, Text Encoder 0.17 seconds, Image Encoder 0.14 seconds, VAE 0.00 seconds, KV Cache Creation 1.05 seconds, Diffusion 3.13 seconds, DIT Compute Steps 3 steps, Scheduler 0.01 seconds
[36m(ActorGroup(rank=1) pid=25268)[0m Time taken: Total 4.50 seconds, Text Encoder 0.17 seconds, Image Encoder 0.14 seconds, VAE 0.00 seconds, KV Cache Creation 1.05 seconds, Diffusion 3.13 seconds, DIT Compute Steps 3 steps, Scheduler 0.01 seconds
[36m(ActorGroup(rank=2) pid=25269)[0m Time taken: Total 4.50 seconds, Text Encoder 0.17 seconds, Image Encoder 0.14 seconds, VAE 0.00 seconds, KV Cache Creation 1.05 seconds, Diffusion 3.13 seconds, DIT Compute Steps 3 steps, Scheduler 0.01 seconds
[36m(ActorGroup(rank=3) pid=25271)[0m Time taken: Total 4.50 seconds, Text Encoder 0.17 seconds, Image Encoder 0.14 seconds, VAE 0.00 seconds, KV Cache Creation 1.05 seconds, Diffusion 3.13 seconds, DIT Compute Steps 3 steps, Scheduler 0.01 seconds
[36m(ActorGroup(rank=0) pid=25267)[0m language is None, reset current_start_frame to 0
[36m(ActorGroup(rank=0) pid=25267)[0m videos shape torch.Size([1, 3, 4, 160, 320]) 33
[36m(ActorGroup(rank=1) pid=25268)[0m language is None, reset current_start_frame to 0
[36m(ActorGroup(rank=1) pid=25268)[0m videos shape torch.Size([1, 3, 4, 160, 320]) 33
[36m(ActorGroup(rank=2) pid=25269)[0m language is None, reset current_start_frame to 0
[36m(ActorGroup(rank=2) pid=25269)[0m videos shape torch.Size([1, 3, 4, 160, 320]) 33
[36m(ActorGroup(rank=3) pid=25271)[0m language is None, reset current_start_frame to 0
[36m(ActorGroup(rank=3) pid=25271)[0m videos shape torch.Size([1, 3, 4, 160, 320]) 33
[36m(ActorGroup(rank=0) pid=25267)[0m Time taken: Total 4.88 seconds, Text Encoder 0.17 seconds, Image Encoder 0.14 seconds, VAE 0.00 seconds, KV Cache Creation 1.06 seconds, Diffusion 3.51 seconds, DIT Compute Steps 3 steps, Scheduler 0.01 seconds
[36m(ActorGroup(rank=1) pid=25268)[0m Time taken: Total 4.88 seconds, Text Encoder 0.17 seconds, Image Encoder 0.14 seconds, VAE 0.00 seconds, KV Cache Creation 1.06 seconds, Diffusion 3.50 seconds, DIT Compute Steps 3 steps, Scheduler 0.01 seconds
[36m(ActorGroup(rank=2) pid=25269)[0m Time taken: Total 4.88 seconds, Text Encoder 0.17 seconds, Image Encoder 0.14 seconds, VAE 0.00 seconds, KV Cache Creation 1.06 seconds, Diffusion 3.50 seconds, DIT Compute Steps 3 steps, Scheduler 0.01 seconds
[36m(ActorGroup(rank=3) pid=25271)[0m Time taken: Total 4.88 seconds, Text Encoder 0.17 seconds, Image Encoder 0.14 seconds, VAE 0.00 seconds, KV Cache Creation 1.06 seconds, Diffusion 3.51 seconds, DIT Compute Steps 3 steps, Scheduler 0.01 seconds
[36m(ActorGroup(rank=0) pid=25267)[0m [INFO 14:54:16 ActorGroup-Rank-0][fsdp_actor_worker.py:1774] actor training: micro-batch start 60/64 epoch=1/1 global_batch=4/4 micro=12/16
[36m(ActorGroup(rank=0) pid=25267)[0m language is None, reset current_start_frame to 0
[36m(ActorGroup(rank=0) pid=25267)[0m videos shape torch.Size([1, 3, 4, 160, 320]) 33
[36m(ActorGroup(rank=1) pid=25268)[0m language is None, reset current_start_frame to 0
[36m(ActorGroup(rank=1) pid=25268)[0m videos shape torch.Size([1, 3, 4, 160, 320]) 33
[36m(ActorGroup(rank=2) pid=25269)[0m language is None, reset current_start_frame to 0
[36m(ActorGroup(rank=2) pid=25269)[0m videos shape torch.Size([1, 3, 4, 160, 320]) 33
[36m(ActorGroup(rank=3) pid=25271)[0m language is None, reset current_start_frame to 0
[36m(ActorGroup(rank=3) pid=25271)[0m videos shape torch.Size([1, 3, 4, 160, 320]) 33
[36m(ActorGroup(rank=0) pid=25267)[0m Time taken: Total 4.50 seconds, Text Encoder 0.17 seconds, Image Encoder 0.14 seconds, VAE 0.00 seconds, KV Cache Creation 1.06 seconds, Diffusion 3.13 seconds, DIT Compute Steps 3 steps, Scheduler 0.01 seconds
[36m(ActorGroup(rank=0) pid=25267)[0m [INFO 14:54:20 ActorGroup-Rank-0][fsdp_actor_worker.py:1844] actor training: model forward done 60/64 elapsed=4.59s
[36m(ActorGroup(rank=1) pid=25268)[0m Time taken: Total 4.50 seconds, Text Encoder 0.17 seconds, Image Encoder 0.14 seconds, VAE 0.00 seconds, KV Cache Creation 1.05 seconds, Diffusion 3.13 seconds, DIT Compute Steps 3 steps, Scheduler 0.01 seconds
[36m(ActorGroup(rank=2) pid=25269)[0m Time taken: Total 4.50 seconds, Text Encoder 0.16 seconds, Image Encoder 0.14 seconds, VAE 0.00 seconds, KV Cache Creation 1.06 seconds, Diffusion 3.13 seconds, DIT Compute Steps 3 steps, Scheduler 0.01 seconds
[36m(ActorGroup(rank=3) pid=25271)[0m Time taken: Total 4.50 seconds, Text Encoder 0.17 seconds, Image Encoder 0.14 seconds, VAE 0.00 seconds, KV Cache Creation 1.05 seconds, Diffusion 3.13 seconds, DIT Compute Steps 3 steps, Scheduler 0.01 seconds
[36m(ActorGroup(rank=0) pid=25267)[0m [INFO 14:54:22 ActorGroup-Rank-0][fsdp_actor_worker.py:1980] actor training: backward done 60/64 elapsed=1.96s
[36m(ActorGroup(rank=0) pid=25267)[0m language is None, reset current_start_frame to 0
[36m(ActorGroup(rank=0) pid=25267)[0m videos shape torch.Size([1, 3, 4, 160, 320]) 33
[36m(ActorGroup(rank=1) pid=25268)[0m language is None, reset current_start_frame to 0
[36m(ActorGroup(rank=1) pid=25268)[0m videos shape torch.Size([1, 3, 4, 160, 320]) 33
[36m(ActorGroup(rank=2) pid=25269)[0m language is None, reset current_start_frame to 0
[36m(ActorGroup(rank=2) pid=25269)[0m videos shape torch.Size([1, 3, 4, 160, 320]) 33
[36m(ActorGroup(rank=3) pid=25271)[0m language is None, reset current_start_frame to 0
[36m(ActorGroup(rank=3) pid=25271)[0m videos shape torch.Size([1, 3, 4, 160, 320]) 33
[36m(ActorGroup(rank=0) pid=25267)[0m Time taken: Total 4.51 seconds, Text Encoder 0.17 seconds, Image Encoder 0.14 seconds, VAE 0.00 seconds, KV Cache Creation 1.05 seconds, Diffusion 3.14 seconds, DIT Compute Steps 3 steps, Scheduler 0.01 seconds
[36m(ActorGroup(rank=1) pid=25268)[0m Time taken: Total 4.50 seconds, Text Encoder 0.16 seconds, Image Encoder 0.14 seconds, VAE 0.00 seconds, KV Cache Creation 1.05 seconds, Diffusion 3.14 seconds, DIT Compute Steps 3 steps, Scheduler 0.01 seconds
[36m(ActorGroup(rank=2) pid=25269)[0m Time taken: Total 4.51 seconds, Text Encoder 0.17 seconds, Image Encoder 0.14 seconds, VAE 0.00 seconds, KV Cache Creation 1.05 seconds, Diffusion 3.14 seconds, DIT Compute Steps 3 steps, Scheduler 0.01 seconds
[36m(ActorGroup(rank=3) pid=25271)[0m Time taken: Total 4.51 seconds, Text Encoder 0.17 seconds, Image Encoder 0.14 seconds, VAE 0.00 seconds, KV Cache Creation 1.05 seconds, Diffusion 3.14 seconds, DIT Compute Steps 3 steps, Scheduler 0.01 seconds
[36m(ActorGroup(rank=0) pid=25267)[0m language is None, reset current_start_frame to 0
[36m(ActorGroup(rank=0) pid=25267)[0m videos shape torch.Size([1, 3, 4, 160, 320]) 33
[36m(ActorGroup(rank=1) pid=25268)[0m language is None, reset current_start_frame to 0
[36m(ActorGroup(rank=1) pid=25268)[0m videos shape torch.Size([1, 3, 4, 160, 320]) 33
[36m(ActorGroup(rank=2) pid=25269)[0m language is None, reset current_start_frame to 0
[36m(ActorGroup(rank=2) pid=25269)[0m videos shape torch.Size([1, 3, 4, 160, 320]) 33
[36m(ActorGroup(rank=3) pid=25271)[0m language is None, reset current_start_frame to 0
[36m(ActorGroup(rank=3) pid=25271)[0m videos shape torch.Size([1, 3, 4, 160, 320]) 33
[36m(ActorGroup(rank=0) pid=25267)[0m Time taken: Total 4.53 seconds, Text Encoder 0.16 seconds, Image Encoder 0.14 seconds, VAE 0.00 seconds, KV Cache Creation 1.06 seconds, Diffusion 3.16 seconds, DIT Compute Steps 3 steps, Scheduler 0.01 seconds
[36m(ActorGroup(rank=1) pid=25268)[0m Time taken: Total 4.53 seconds, Text Encoder 0.17 seconds, Image Encoder 0.14 seconds, VAE 0.00 seconds, KV Cache Creation 1.06 seconds, Diffusion 3.16 seconds, DIT Compute Steps 3 steps, Scheduler 0.01 seconds
[36m(ActorGroup(rank=2) pid=25269)[0m Time taken: Total 4.53 seconds, Text Encoder 0.17 seconds, Image Encoder 0.14 seconds, VAE 0.00 seconds, KV Cache Creation 1.06 seconds, Diffusion 3.16 seconds, DIT Compute Steps 3 steps, Scheduler 0.01 seconds
[36m(ActorGroup(rank=3) pid=25271)[0m Time taken: Total 4.53 seconds, Text Encoder 0.17 seconds, Image Encoder 0.14 seconds, VAE 0.00 seconds, KV Cache Creation 1.06 seconds, Diffusion 3.16 seconds, DIT Compute Steps 3 steps, Scheduler 0.01 seconds
[36m(ActorGroup(rank=0) pid=25267)[0m language is None, reset current_start_frame to 0
[36m(ActorGroup(rank=0) pid=25267)[0m videos shape torch.Size([1, 3, 4, 160, 320]) 33
[36m(ActorGroup(rank=1) pid=25268)[0m language is None, reset current_start_frame to 0
[36m(ActorGroup(rank=1) pid=25268)[0m videos shape torch.Size([1, 3, 4, 160, 320]) 33
[36m(ActorGroup(rank=2) pid=25269)[0m language is None, reset current_start_frame to 0
[36m(ActorGroup(rank=2) pid=25269)[0m videos shape torch.Size([1, 3, 4, 160, 320]) 33
[36m(ActorGroup(rank=3) pid=25271)[0m language is None, reset current_start_frame to 0
[36m(ActorGroup(rank=3) pid=25271)[0m videos shape torch.Size([1, 3, 4, 160, 320]) 33
[36m(ActorGroup(rank=0) pid=25267)[0m Time taken: Total 4.87 seconds, Text Encoder 0.17 seconds, Image Encoder 0.14 seconds, VAE 0.00 seconds, KV Cache Creation 1.07 seconds, Diffusion 3.49 seconds, DIT Compute Steps 3 steps, Scheduler 0.01 seconds
[36m(ActorGroup(rank=1) pid=25268)[0m Time taken: Total 4.87 seconds, Text Encoder 0.17 seconds, Image Encoder 0.14 seconds, VAE 0.00 seconds, KV Cache Creation 1.06 seconds, Diffusion 3.49 seconds, DIT Compute Steps 3 steps, Scheduler 0.01 seconds
[36m(ActorGroup(rank=2) pid=25269)[0m Time taken: Total 4.87 seconds, Text Encoder 0.17 seconds, Image Encoder 0.14 seconds, VAE 0.00 seconds, KV Cache Creation 1.07 seconds, Diffusion 3.49 seconds, DIT Compute Steps 3 steps, Scheduler 0.01 seconds
[36m(ActorGroup(rank=3) pid=25271)[0m Time taken: Total 4.87 seconds, Text Encoder 0.17 seconds, Image Encoder 0.14 seconds, VAE 0.00 seconds, KV Cache Creation 1.07 seconds, Diffusion 3.49 seconds, DIT Compute Steps 3 steps, Scheduler 0.01 seconds
[36m(ActorGroup(rank=0) pid=25267)[0m [INFO 14:54:42 ActorGroup-Rank-0][fsdp_actor_worker.py:1774] actor training: micro-batch start 64/64 epoch=1/1 global_batch=4/4 micro=16/16
[36m(ActorGroup(rank=0) pid=25267)[0m language is None, reset current_start_frame to 0
[36m(ActorGroup(rank=0) pid=25267)[0m videos shape torch.Size([1, 3, 4, 160, 320]) 33
[36m(ActorGroup(rank=1) pid=25268)[0m language is None, reset current_start_frame to 0
[36m(ActorGroup(rank=1) pid=25268)[0m videos shape torch.Size([1, 3, 4, 160, 320]) 33
[36m(ActorGroup(rank=2) pid=25269)[0m language is None, reset current_start_frame to 0
[36m(ActorGroup(rank=2) pid=25269)[0m videos shape torch.Size([1, 3, 4, 160, 320]) 33
[36m(ActorGroup(rank=3) pid=25271)[0m language is None, reset current_start_frame to 0
[36m(ActorGroup(rank=3) pid=25271)[0m videos shape torch.Size([1, 3, 4, 160, 320]) 33
[36m(ActorGroup(rank=0) pid=25267)[0m Time taken: Total 4.55 seconds, Text Encoder 0.17 seconds, Image Encoder 0.14 seconds, VAE 0.00 seconds, KV Cache Creation 1.07 seconds, Diffusion 3.17 seconds, DIT Compute Steps 3 steps, Scheduler 0.01 seconds
[36m(ActorGroup(rank=0) pid=25267)[0m [INFO 14:54:47 ActorGroup-Rank-0][fsdp_actor_worker.py:1844] actor training: model forward done 64/64 elapsed=4.63s
[36m(ActorGroup(rank=1) pid=25268)[0m Time taken: Total 4.55 seconds, Text Encoder 0.17 seconds, Image Encoder 0.14 seconds, VAE 0.00 seconds, KV Cache Creation 1.06 seconds, Diffusion 3.17 seconds, DIT Compute Steps 3 steps, Scheduler 0.01 seconds
[36m(ActorGroup(rank=2) pid=25269)[0m Time taken: Total 4.55 seconds, Text Encoder 0.17 seconds, Image Encoder 0.14 seconds, VAE 0.00 seconds, KV Cache Creation 1.06 seconds, Diffusion 3.17 seconds, DIT Compute Steps 3 steps, Scheduler 0.01 seconds
[36m(ActorGroup(rank=3) pid=25271)[0m Time taken: Total 4.54 seconds, Text Encoder 0.17 seconds, Image Encoder 0.14 seconds, VAE 0.00 seconds, KV Cache Creation 1.06 seconds, Diffusion 3.17 seconds, DIT Compute Steps 3 steps, Scheduler 0.01 seconds
[36m(ActorGroup(rank=0) pid=25267)[0m [INFO 14:54:49 ActorGroup-Rank-0][fsdp_actor_worker.py:1980] actor training: backward done 64/64 elapsed=2.08s
[36m(ActorGroup(rank=0) pid=25267)[0m [INFO 14:54:49 ActorGroup-Rank-0][fsdp_actor_worker.py:2001] actor training: global batch done 4/4 epoch=1/1 elapsed=108.87s
[36m(ActorGroup(rank=0) pid=25267)[0m [INFO 14:54:50 ActorGroup-Rank-0][fsdp_actor_worker.py:2014] actor training: empty_cache done global_batch=4/4 elapsed=0.80s
[36m(ActorGroup(rank=0) pid=25267)[0m [INFO 14:54:50 ActorGroup-Rank-0][fsdp_actor_worker.py:2031] actor training: optimizer step done global_batch=4/4 grad_norm=71.8017 elapsed=0.09s

╭──────────────────────────────────────────────────────────────────────────────────────────────────────────────────────╮
├──────────────────────────────────────────────────── Metric Table ────────────────────────────────────────────────────┤
│ Global Step:    1/2 │ Progress: ████████████████████░░░░░░░░░░░░░░░░░░░░ │  50.0%                                    │
│ Elapsed: 14:44 │ ETA: 14:44 │ Step Time: 884.068s                                                                    │
├──────────────────────────────────────────────────────── Time ────────────────────────────────────────────────────────┤
│                                                                                                                      │
│actor/run_training=441.8               │cal_adv_and_returns=0.0049             │env/compute_bootstrap_rewards=3.75e-04│
│env/env_interact_step=7.384            │env/interact=435.9                     │env/recv_rollout_results=407.4        │
│env/run_interact_once=435.9            │generate_rollouts=437.9                │rollout/generate_one_epoch=435.2      │
│rollout/predict=405.9                  │step=884.0                             │sync_weights=4.400                    │
│                                                                                                                      │
├──────────────────────────────────────────────────── Environment ─────────────────────────────────────────────────────┤
│                                                                                                                      │
│episode_len=128.0                      │num_trajectories=32                    │return=0.875                          │
│reward=0.009210426                     │success_once=0.875                     │                                      │
│                                                                                                                      │
├────────────────────────────────────────────────────── Rollout ───────────────────────────────────────────────────────┤
│                                                                                                                      │
│advantages_max=1.187                   │advantages_mean=-0.199                 │advantages_min=-3.985                 │
│returns_max=1.000                      │returns_mean=0.563                     │returns_min=-1.000                    │
│rewards=0.0063                         │                                       │                                      │
│                                                                                                                      │
├─────────────────────────────────────────────────── Training/Actor ───────────────────────────────────────────────────┤
│                                                                                                                      │
│actor/approx_kl=97.247                 │actor/clip_fraction=0.250              │actor/clipped_ratio=0.737             │
│actor/dual_cliped_ratio=0.0000         │actor/entropy_loss=0.0000              │actor/grad_norm=155.0                 │
│actor/lr=1.00e-05                      │actor/policy_loss=0.303                │actor/policy_loss_abs=0.554           │
│actor/ratio=0.398                      │actor/ratio_abs=0.694                  │actor/total_loss=0.048                │
│                                                                                                                      │[36m(RolloutGroup(rank=0) pid=25279)[0m Generating Rollout Epochs:   0%|          | 0/1 [00:00<?, ?it/s]

├────────────────────────────────────────────────── Training/Critic ───────────────────────────────────────────────────┤
│                                                                                                                      │
│critic/explained_variance=0.0000       │critic/lr=1.00e-04                     │critic/value_clip_ratio=0.0000        │
│critic/value_loss=0.459                │                                       │                                      │
│                                                                                                                      │
╰──────────────────────────────────────────────────────────────────────────────────────────────────────────────────────╯

[36m(ActorGroup(rank=0) pid=25267)[0m [INFO 14:54:51 ActorGroup-Rank-0][fsdp_actor_worker.py:2049] actor training: reducing metrics
[36m(ActorGroup(rank=0) pid=25267)[0m [INFO 14:54:51 ActorGroup-Rank-0][fsdp_actor_worker.py:2053] actor training: done elapsed=441.74s
[36m(ActorGroup(rank=0) pid=25267)[0m [INFO 14:54:51 ActorGroup-Rank-0][fsdp_actor_worker.py:1351] sync_model_to_rollout: collecting rollout state_dict
[36m(ActorGroup(rank=1) pid=25268)[0m [INFO 14:54:51 ActorGroup-Rank-1][fsdp_actor_worker.py:1351] sync_model_to_rollout: collecting rollout state_dict
[36m(ActorGroup(rank=2) pid=25269)[0m [INFO 14:54:51 ActorGroup-Rank-2][fsdp_actor_worker.py:1351] sync_model_to_rollout: collecting rollout state_dict
[36m(ActorGroup(rank=3) pid=25271)[0m [INFO 14:54:51 ActorGroup-Rank-3][fsdp_actor_worker.py:1351] sync_model_to_rollout: collecting rollout state_dict
[36m(ActorGroup(rank=0) pid=25267)[0m [INFO 14:54:52 ActorGroup-Rank-0][fsdp_actor_worker.py:1360] sync_model_to_rollout: state_dict_keys=614 sync_names=614 version=0
[36m(ActorGroup(rank=0) pid=25267)[0m [INFO 14:54:52 ActorGroup-Rank-0][fsdp_actor_worker.py:1414] sync_model_to_rollout: syncing weights
[36m(ActorGroup(rank=1) pid=25268)[0m [INFO 14:54:52 ActorGroup-Rank-1][fsdp_actor_worker.py:1360] sync_model_to_rollout: state_dict_keys=614 sync_names=614 version=0
[36m(ActorGroup(rank=1) pid=25268)[0m [INFO 14:54:52 ActorGroup-Rank-1][fsdp_actor_worker.py:1414] sync_model_to_rollout: syncing weights
[36m(ActorGroup(rank=2) pid=25269)[0m [INFO 14:54:52 ActorGroup-Rank-2][fsdp_actor_worker.py:1360] sync_model_to_rollout: state_dict_keys=614 sync_names=614 version=0
[36m(ActorGroup(rank=2) pid=25269)[0m [INFO 14:54:52 ActorGroup-Rank-2][fsdp_actor_worker.py:1414] sync_model_to_rollout: syncing weights
[36m(ActorGroup(rank=3) pid=25271)[0m [INFO 14:54:52 ActorGroup-Rank-3][fsdp_actor_worker.py:1360] sync_model_to_rollout: state_dict_keys=614 sync_names=614 version=0
[36m(ActorGroup(rank=3) pid=25271)[0m [INFO 14:54:52 ActorGroup-Rank-3][fsdp_actor_worker.py:1414] sync_model_to_rollout: syncing weights
[36m(ActorGroup(rank=0) pid=25267)[0m [INFO 14:54:52 ActorGroup-Rank-0][fsdp_actor_worker.py:1416] sync_model_to_rollout: weights synced
[36m(ActorGroup(rank=1) pid=25268)[0m [INFO 14:54:52 ActorGroup-Rank-1][fsdp_actor_worker.py:1416] sync_model_to_rollout: weights synced
[36m(ActorGroup(rank=2) pid=25269)[0m [INFO 14:54:52 ActorGroup-Rank-2][fsdp_actor_worker.py:1416] sync_model_to_rollout: weights synced
[36m(ActorGroup(rank=3) pid=25271)[0m [INFO 14:54:52 ActorGroup-Rank-3][fsdp_actor_worker.py:1416] sync_model_to_rollout: weights synced
[36m(RolloutGroup(rank=0) pid=25279)[0m language is None, reset current_start_frame to 0
[36m(RolloutGroup(rank=0) pid=25279)[0m videos shape torch.Size([16, 3, 4, 160, 320]) 33
[36m(RolloutGroup(rank=1) pid=25289)[0m language is None, reset current_start_frame to 0
[36m(RolloutGroup(rank=1) pid=25289)[0m videos shape torch.Size([16, 3, 4, 160, 320]) 33
[36m(RolloutGroup(rank=0) pid=25279)[0m Time taken: Total 4.47 seconds, Text Encoder 1.23 seconds, Image Encoder 1.05 seconds, VAE 0.00 seconds, KV Cache Creation 0.43 seconds, Diffusion 1.74 seconds, DIT Compute Steps 3 steps, Scheduler 0.01 seconds
[36m(RolloutGroup(rank=0) pid=25279)[0m language is None, reset current_start_frame to 0
[36m(RolloutGroup(rank=0) pid=25279)[0m videos shape torch.Size([16, 3, 4, 160, 320]) 33
[36m(RolloutGroup(rank=1) pid=25289)[0m Time taken: Total 4.47 seconds, Text Encoder 1.24 seconds, Image Encoder 1.05 seconds, VAE 0.00 seconds, KV Cache Creation 0.43 seconds, Diffusion 1.74 seconds, DIT Compute Steps 3 steps, Scheduler 0.01 seconds
[36m(RolloutGroup(rank=1) pid=25289)[0m language is None, reset current_start_frame to 0
[36m(RolloutGroup(rank=1) pid=25289)[0m videos shape torch.Size([16, 3, 4, 160, 320]) 33
[36m(RolloutGroup(rank=0) pid=25279)[0m Time taken: Total 4.44 seconds, Text Encoder 1.21 seconds, Image Encoder 1.05 seconds, VAE 0.00 seconds, KV Cache Creation 0.43 seconds, Diffusion 1.74 seconds, DIT Compute Steps 3 steps, Scheduler 0.01 seconds
[36m(RolloutGroup(rank=0) pid=25279)[0m language is None, reset current_start_frame to 0
[36m(RolloutGroup(rank=0) pid=25279)[0m videos shape torch.Size([16, 3, 4, 160, 320]) 33
[36m(RolloutGroup(rank=1) pid=25289)[0m Time taken: Total 4.45 seconds, Text Encoder 1.21 seconds, Image Encoder 1.05 seconds, VAE 0.00 seconds, KV Cache Creation 0.43 seconds, Diffusion 1.74 seconds, DIT Compute Steps 3 steps, Scheduler 0.01 seconds
[36m(RolloutGroup(rank=1) pid=25289)[0m language is None, reset current_start_frame to 0
[36m(RolloutGroup(rank=1) pid=25289)[0m videos shape torch.Size([16, 3, 4, 160, 320]) 33
[36m(RolloutGroup(rank=0) pid=25279)[0m Time taken: Total 4.45 seconds, Text Encoder 1.21 seconds, Image Encoder 1.05 seconds, VAE 0.00 seconds, KV Cache Creation 0.43 seconds, Diffusion 1.74 seconds, DIT Compute Steps 3 steps, Scheduler 0.01 seconds
[36m(RolloutGroup(rank=0) pid=25279)[0m language is None, reset current_start_frame to 0
[36m(RolloutGroup(rank=0) pid=25279)[0m videos shape torch.Size([16, 3, 4, 160, 320]) 33
[36m(RolloutGroup(rank=1) pid=25289)[0m Time taken: Total 4.45 seconds, Text Encoder 1.21 seconds, Image Encoder 1.05 seconds, VAE 0.00 seconds, KV Cache Creation 0.43 seconds, Diffusion 1.74 seconds, DIT Compute Steps 3 steps, Scheduler 0.01 seconds
[36m(RolloutGroup(rank=1) pid=25289)[0m language is None, reset current_start_frame to 0
[36m(RolloutGroup(rank=1) pid=25289)[0m videos shape torch.Size([16, 3, 4, 160, 320]) 33
[36m(RolloutGroup(rank=0) pid=25279)[0m Time taken: Total 4.45 seconds, Text Encoder 1.21 seconds, Image Encoder 1.05 seconds, VAE 0.00 seconds, KV Cache Creation 0.43 seconds, Diffusion 1.74 seconds, DIT Compute Steps 3 steps, Scheduler 0.01 seconds
[36m(RolloutGroup(rank=0) pid=25279)[0m language is None, reset current_start_frame to 0
[36m(RolloutGroup(rank=0) pid=25279)[0m videos shape torch.Size([16, 3, 4, 160, 320]) 33
[36m(RolloutGroup(rank=1) pid=25289)[0m Time taken: Total 4.45 seconds, Text Encoder 1.21 seconds, Image Encoder 1.06 seconds, VAE 0.00 seconds, KV Cache Creation 0.43 seconds, Diffusion 1.74 seconds, DIT Compute Steps 3 steps, Scheduler 0.01 seconds
[36m(RolloutGroup(rank=1) pid=25289)[0m language is None, reset current_start_frame to 0
[36m(RolloutGroup(rank=1) pid=25289)[0m videos shape torch.Size([16, 3, 4, 160, 320]) 33
[36m(RolloutGroup(rank=0) pid=25279)[0m Time taken: Total 4.45 seconds, Text Encoder 1.21 seconds, Image Encoder 1.05 seconds, VAE 0.00 seconds, KV Cache Creation 0.43 seconds, Diffusion 1.74 seconds, DIT Compute Steps 3 steps, Scheduler 0.01 seconds
[36m(RolloutGroup(rank=0) pid=25279)[0m language is None, reset current_start_frame to 0
[36m(RolloutGroup(rank=0) pid=25279)[0m videos shape torch.Size([16, 3, 4, 160, 320]) 33
[36m(RolloutGroup(rank=1) pid=25289)[0m Time taken: Total 4.44 seconds, Text Encoder 1.21 seconds, Image Encoder 1.06 seconds, VAE 0.00 seconds, KV Cache Creation 0.43 seconds, Diffusion 1.74 seconds, DIT Compute Steps 3 steps, Scheduler 0.01 seconds
[36m(RolloutGroup(rank=1) pid=25289)[0m language is None, reset current_start_frame to 0
[36m(RolloutGroup(rank=1) pid=25289)[0m videos shape torch.Size([16, 3, 4, 160, 320]) 33
[36m(RolloutGroup(rank=0) pid=25279)[0m Time taken: Total 4.45 seconds, Text Encoder 1.21 seconds, Image Encoder 1.05 seconds, VAE 0.00 seconds, KV Cache Creation 0.43 seconds, Diffusion 1.74 seconds, DIT Compute Steps 3 steps, Scheduler 0.01 seconds
[36m(RolloutGroup(rank=0) pid=25279)[0m language is None, reset current_start_frame to 0
[36m(RolloutGroup(rank=0) pid=25279)[0m videos shape torch.Size([16, 3, 4, 160, 320]) 33
[36m(RolloutGroup(rank=1) pid=25289)[0m Time taken: Total 4.45 seconds, Text Encoder 1.21 seconds, Image Encoder 1.06 seconds, VAE 0.00 seconds, KV Cache Creation 0.43 seconds, Diffusion 1.74 seconds, DIT Compute Steps 3 steps, Scheduler 0.01 seconds
[36m(RolloutGroup(rank=1) pid=25289)[0m language is None, reset current_start_frame to 0
[36m(RolloutGroup(rank=1) pid=25289)[0m videos shape torch.Size([16, 3, 4, 160, 320]) 33
[36m(RolloutGroup(rank=0) pid=25279)[0m Time taken: Total 4.45 seconds, Text Encoder 1.21 seconds, Image Encoder 1.05 seconds, VAE 0.00 seconds, KV Cache Creation 0.43 seconds, Diffusion 1.74 seconds, DIT Compute Steps 3 steps, Scheduler 0.01 seconds
[36m(RolloutGroup(rank=0) pid=25279)[0m language is None, reset current_start_frame to 0
[36m(RolloutGroup(rank=0) pid=25279)[0m videos shape torch.Size([16, 3, 4, 160, 320]) 33
[36m(RolloutGroup(rank=1) pid=25289)[0m Time taken: Total 4.45 seconds, Text Encoder 1.21 seconds, Image Encoder 1.06 seconds, VAE 0.00 seconds, KV Cache Creation 0.43 seconds, Diffusion 1.74 seconds, DIT Compute Steps 3 steps, Scheduler 0.01 seconds
[36m(RolloutGroup(rank=1) pid=25289)[0m language is None, reset current_start_frame to 0
[36m(RolloutGroup(rank=1) pid=25289)[0m videos shape torch.Size([16, 3, 4, 160, 320]) 33
[36m(RolloutGroup(rank=0) pid=25279)[0m Time taken: Total 4.45 seconds, Text Encoder 1.21 seconds, Image Encoder 1.05 seconds, VAE 0.00 seconds, KV Cache Creation 0.43 seconds, Diffusion 1.74 seconds, DIT Compute Steps 3 steps, Scheduler 0.01 seconds
[36m(RolloutGroup(rank=0) pid=25279)[0m language is None, reset current_start_frame to 0
[36m(RolloutGroup(rank=0) pid=25279)[0m videos shape torch.Size([16, 3, 4, 160, 320]) 33
[36m(RolloutGroup(rank=1) pid=25289)[0m Time taken: Total 4.45 seconds, Text Encoder 1.21 seconds, Image Encoder 1.06 seconds, VAE 0.00 seconds, KV Cache Creation 0.43 seconds, Diffusion 1.74 seconds, DIT Compute Steps 3 steps, Scheduler 0.01 seconds
[36m(RolloutGroup(rank=1) pid=25289)[0m language is None, reset current_start_frame to 0
[36m(RolloutGroup(rank=1) pid=25289)[0m videos shape torch.Size([16, 3, 4, 160, 320]) 33
[36m(RolloutGroup(rank=0) pid=25279)[0m Time taken: Total 4.45 seconds, Text Encoder 1.21 seconds, Image Encoder 1.05 seconds, VAE 0.00 seconds, KV Cache Creation 0.43 seconds, Diffusion 1.74 seconds, DIT Compute Steps 3 steps, Scheduler 0.01 seconds
[36m(RolloutGroup(rank=0) pid=25279)[0m language is None, reset current_start_frame to 0
[36m(RolloutGroup(rank=0) pid=25279)[0m videos shape torch.Size([16, 3, 4, 160, 320]) 33
[36m(RolloutGroup(rank=1) pid=25289)[0m Time taken: Total 4.45 seconds, Text Encoder 1.21 seconds, Image Encoder 1.06 seconds, VAE 0.00 seconds, KV Cache Creation 0.43 seconds, Diffusion 1.74 seconds, DIT Compute Steps 3 steps, Scheduler 0.01 seconds
[36m(RolloutGroup(rank=1) pid=25289)[0m language is None, reset current_start_frame to 0
[36m(RolloutGroup(rank=1) pid=25289)[0m videos shape torch.Size([16, 3, 4, 160, 320]) 33
[36m(RolloutGroup(rank=0) pid=25279)[0m Time taken: Total 4.45 seconds, Text Encoder 1.21 seconds, Image Encoder 1.05 seconds, VAE 0.00 seconds, KV Cache Creation 0.43 seconds, Diffusion 1.74 seconds, DIT Compute Steps 3 steps, Scheduler 0.01 seconds
[36m(RolloutGroup(rank=1) pid=25289)[0m Time taken: Total 4.45 seconds, Text Encoder 1.21 seconds, Image Encoder 1.06 seconds, VAE 0.00 seconds, KV Cache Creation 0.43 seconds, Diffusion 1.74 seconds, DIT Compute Steps 3 steps, Scheduler 0.01 seconds
[36m(RolloutGroup(rank=0) pid=25279)[0m language is None, reset current_start_frame to 0
[36m(RolloutGroup(rank=0) pid=25279)[0m videos shape torch.Size([16, 3, 4, 160, 320]) 33
[36m(RolloutGroup(rank=1) pid=25289)[0m language is None, reset current_start_frame to 0
[36m(RolloutGroup(rank=1) pid=25289)[0m videos shape torch.Size([16, 3, 4, 160, 320]) 33
[36m(RolloutGroup(rank=0) pid=25279)[0m Time taken: Total 4.45 seconds, Text Encoder 1.21 seconds, Image Encoder 1.05 seconds, VAE 0.00 seconds, KV Cache Creation 0.43 seconds, Diffusion 1.74 seconds, DIT Compute Steps 3 steps, Scheduler 0.01 seconds
[36m(RolloutGroup(rank=0) pid=25279)[0m language is None, reset current_start_frame to 0
[36m(RolloutGroup(rank=0) pid=25279)[0m videos shape torch.Size([16, 3, 4, 160, 320]) 33
[36m(RolloutGroup(rank=1) pid=25289)[0m Time taken: Total 4.45 seconds, Text Encoder 1.21 seconds, Image Encoder 1.06 seconds, VAE 0.00 seconds, KV Cache Creation 0.43 seconds, Diffusion 1.74 seconds, DIT Compute Steps 3 steps, Scheduler 0.01 seconds
[36m(RolloutGroup(rank=1) pid=25289)[0m language is None, reset current_start_frame to 0
[36m(RolloutGroup(rank=1) pid=25289)[0m videos shape torch.Size([16, 3, 4, 160, 320]) 33
[36m(RolloutGroup(rank=0) pid=25279)[0m Time taken: Total 4.45 seconds, Text Encoder 1.21 seconds, Image Encoder 1.05 seconds, VAE 0.00 seconds, KV Cache Creation 0.43 seconds, Diffusion 1.74 seconds, DIT Compute Steps 3 steps, Scheduler 0.01 seconds
[36m(RolloutGroup(rank=0) pid=25279)[0m language is None, reset current_start_frame to 0
[36m(RolloutGroup(rank=0) pid=25279)[0m videos shape torch.Size([16, 3, 4, 160, 320]) 33
[36m(RolloutGroup(rank=1) pid=25289)[0m Time taken: Total 4.45 seconds, Text Encoder 1.21 seconds, Image Encoder 1.06 seconds, VAE 0.00 seconds, KV Cache Creation 0.43 seconds, Diffusion 1.74 seconds, DIT Compute Steps 3 steps, Scheduler 0.01 seconds
[36m(RolloutGroup(rank=1) pid=25289)[0m language is None, reset current_start_frame to 0
[36m(RolloutGroup(rank=1) pid=25289)[0m videos shape torch.Size([16, 3, 4, 160, 320]) 33
[36m(RolloutGroup(rank=0) pid=25279)[0m Time taken: Total 4.44 seconds, Text Encoder 1.21 seconds, Image Encoder 1.05 seconds, VAE 0.00 seconds, KV Cache Creation 0.43 seconds, Diffusion 1.74 seconds, DIT Compute Steps 3 steps, Scheduler 0.01 seconds
[36m(RolloutGroup(rank=0) pid=25279)[0m language is None, reset current_start_frame to 0
[36m(RolloutGroup(rank=0) pid=25279)[0m videos shape torch.Size([16, 3, 4, 160, 320]) 33
[36m(RolloutGroup(rank=1) pid=25289)[0m Time taken: Total 4.45 seconds, Text Encoder 1.21 seconds, Image Encoder 1.06 seconds, VAE 0.00 seconds, KV Cache Creation 0.43 seconds, Diffusion 1.74 seconds, DIT Compute Steps 3 steps, Scheduler 0.01 seconds
[36m(RolloutGroup(rank=1) pid=25289)[0m language is None, reset current_start_frame to 0
[36m(RolloutGroup(rank=1) pid=25289)[0m videos shape torch.Size([16, 3, 4, 160, 320]) 33
[36m(RolloutGroup(rank=0) pid=25279)[0m Time taken: Total 4.44 seconds, Text Encoder 1.21 seconds, Image Encoder 1.06 seconds, VAE 0.00 seconds, KV Cache Creation 0.43 seconds, Diffusion 1.74 seconds, DIT Compute Steps 3 steps, Scheduler 0.01 seconds
[36m(RolloutGroup(rank=0) pid=25279)[0m language is None, reset current_start_frame to 0
[36m(RolloutGroup(rank=0) pid=25279)[0m videos shape torch.Size([16, 3, 4, 160, 320]) 33
[36m(RolloutGroup(rank=1) pid=25289)[0m Time taken: Total 4.45 seconds, Text Encoder 1.21 seconds, Image Encoder 1.06 seconds, VAE 0.00 seconds, KV Cache Creation 0.43 seconds, Diffusion 1.74 seconds, DIT Compute Steps 3 steps, Scheduler 0.01 seconds
[36m(RolloutGroup(rank=1) pid=25289)[0m language is None, reset current_start_frame to 0
[36m(RolloutGroup(rank=1) pid=25289)[0m videos shape torch.Size([16, 3, 4, 160, 320]) 33
[36m(RolloutGroup(rank=0) pid=25279)[0m Time taken: Total 4.45 seconds, Text Encoder 1.21 seconds, Image Encoder 1.05 seconds, VAE 0.00 seconds, KV Cache Creation 0.43 seconds, Diffusion 1.74 seconds, DIT Compute Steps 3 steps, Scheduler 0.01 seconds
[36m(RolloutGroup(rank=0) pid=25279)[0m language is None, reset current_start_frame to 0
[36m(RolloutGroup(rank=0) pid=25279)[0m videos shape torch.Size([16, 3, 4, 160, 320]) 33
[36m(RolloutGroup(rank=1) pid=25289)[0m Time taken: Total 4.45 seconds, Text Encoder 1.21 seconds, Image Encoder 1.06 seconds, VAE 0.00 seconds, KV Cache Creation 0.43 seconds, Diffusion 1.74 seconds, DIT Compute Steps 3 steps, Scheduler 0.01 seconds
[36m(RolloutGroup(rank=1) pid=25289)[0m language is None, reset current_start_frame to 0
[36m(RolloutGroup(rank=1) pid=25289)[0m videos shape torch.Size([16, 3, 4, 160, 320]) 33
[36m(RolloutGroup(rank=0) pid=25279)[0m Time taken: Total 4.44 seconds, Text Encoder 1.21 seconds, Image Encoder 1.05 seconds, VAE 0.00 seconds, KV Cache Creation 0.43 seconds, Diffusion 1.74 seconds, DIT Compute Steps 3 steps, Scheduler 0.01 seconds
[36m(RolloutGroup(rank=0) pid=25279)[0m language is None, reset current_start_frame to 0
[36m(RolloutGroup(rank=0) pid=25279)[0m videos shape torch.Size([16, 3, 4, 160, 320]) 33
[36m(RolloutGroup(rank=1) pid=25289)[0m Time taken: Total 4.45 seconds, Text Encoder 1.21 seconds, Image Encoder 1.06 seconds, VAE 0.00 seconds, KV Cache Creation 0.43 seconds, Diffusion 1.74 seconds, DIT Compute Steps 3 steps, Scheduler 0.01 seconds
[36m(RolloutGroup(rank=1) pid=25289)[0m language is None, reset current_start_frame to 0
[36m(RolloutGroup(rank=1) pid=25289)[0m videos shape torch.Size([16, 3, 4, 160, 320]) 33
[36m(RolloutGroup(rank=0) pid=25279)[0m Time taken: Total 4.44 seconds, Text Encoder 1.21 seconds, Image Encoder 1.05 seconds, VAE 0.00 seconds, KV Cache Creation 0.43 seconds, Diffusion 1.74 seconds, DIT Compute Steps 3 steps, Scheduler 0.01 seconds
[36m(RolloutGroup(rank=0) pid=25279)[0m language is None, reset current_start_frame to 0
[36m(RolloutGroup(rank=0) pid=25279)[0m videos shape torch.Size([16, 3, 4, 160, 320]) 33
[36m(RolloutGroup(rank=1) pid=25289)[0m Time taken: Total 4.45 seconds, Text Encoder 1.21 seconds, Image Encoder 1.06 seconds, VAE 0.00 seconds, KV Cache Creation 0.43 seconds, Diffusion 1.74 seconds, DIT Compute Steps 3 steps, Scheduler 0.01 seconds
[36m(RolloutGroup(rank=1) pid=25289)[0m language is None, reset current_start_frame to 0
[36m(RolloutGroup(rank=1) pid=25289)[0m videos shape torch.Size([16, 3, 4, 160, 320]) 33
[36m(RolloutGroup(rank=0) pid=25279)[0m Time taken: Total 4.45 seconds, Text Encoder 1.21 seconds, Image Encoder 1.05 seconds, VAE 0.00 seconds, KV Cache Creation 0.43 seconds, Diffusion 1.74 seconds, DIT Compute Steps 3 steps, Scheduler 0.01 seconds
[36m(RolloutGroup(rank=0) pid=25279)[0m language is None, reset current_start_frame to 0
[36m(RolloutGroup(rank=0) pid=25279)[0m videos shape torch.Size([16, 3, 4, 160, 320]) 33
[36m(RolloutGroup(rank=1) pid=25289)[0m Time taken: Total 4.45 seconds, Text Encoder 1.21 seconds, Image Encoder 1.06 seconds, VAE 0.00 seconds, KV Cache Creation 0.43 seconds, Diffusion 1.74 seconds, DIT Compute Steps 3 steps, Scheduler 0.01 seconds
[36m(RolloutGroup(rank=1) pid=25289)[0m language is None, reset current_start_frame to 0
[36m(RolloutGroup(rank=1) pid=25289)[0m videos shape torch.Size([16, 3, 4, 160, 320]) 33
[36m(RolloutGroup(rank=0) pid=25279)[0m Time taken: Total 4.44 seconds, Text Encoder 1.21 seconds, Image Encoder 1.05 seconds, VAE 0.00 seconds, KV Cache Creation 0.43 seconds, Diffusion 1.74 seconds, DIT Compute Steps 3 steps, Scheduler 0.01 seconds
[36m(RolloutGroup(rank=0) pid=25279)[0m language is None, reset current_start_frame to 0
[36m(RolloutGroup(rank=0) pid=25279)[0m videos shape torch.Size([16, 3, 4, 160, 320]) 33
[36m(RolloutGroup(rank=1) pid=25289)[0m Time taken: Total 4.45 seconds, Text Encoder 1.21 seconds, Image Encoder 1.06 seconds, VAE 0.00 seconds, KV Cache Creation 0.43 seconds, Diffusion 1.74 seconds, DIT Compute Steps 3 steps, Scheduler 0.01 seconds
[36m(RolloutGroup(rank=1) pid=25289)[0m language is None, reset current_start_frame to 0
[36m(RolloutGroup(rank=1) pid=25289)[0m videos shape torch.Size([16, 3, 4, 160, 320]) 33
[36m(RolloutGroup(rank=0) pid=25279)[0m Time taken: Total 4.45 seconds, Text Encoder 1.21 seconds, Image Encoder 1.06 seconds, VAE 0.00 seconds, KV Cache Creation 0.43 seconds, Diffusion 1.74 seconds, DIT Compute Steps 3 steps, Scheduler 0.01 seconds
[36m(RolloutGroup(rank=1) pid=25289)[0m Time taken: Total 4.45 seconds, Text Encoder 1.21 seconds, Image Encoder 1.06 seconds, VAE 0.00 seconds, KV Cache Creation 0.43 seconds, Diffusion 1.74 seconds, DIT Compute Steps 3 steps, Scheduler 0.01 seconds
[36m(RolloutGroup(rank=0) pid=25279)[0m language is None, reset current_start_frame to 0
[36m(RolloutGroup(rank=0) pid=25279)[0m videos shape torch.Size([16, 3, 4, 160, 320]) 33
[36m(RolloutGroup(rank=1) pid=25289)[0m language is None, reset current_start_frame to 0
[36m(RolloutGroup(rank=1) pid=25289)[0m videos shape torch.Size([16, 3, 4, 160, 320]) 33
[36m(RolloutGroup(rank=0) pid=25279)[0m Time taken: Total 4.45 seconds, Text Encoder 1.21 seconds, Image Encoder 1.05 seconds, VAE 0.00 seconds, KV Cache Creation 0.43 seconds, Diffusion 1.74 seconds, DIT Compute Steps 3 steps, Scheduler 0.01 seconds
[36m(RolloutGroup(rank=0) pid=25279)[0m language is None, reset current_start_frame to 0
[36m(RolloutGroup(rank=0) pid=25279)[0m videos shape torch.Size([16, 3, 4, 160, 320]) 33
[36m(RolloutGroup(rank=1) pid=25289)[0m Time taken: Total 4.45 seconds, Text Encoder 1.21 seconds, Image Encoder 1.06 seconds, VAE 0.00 seconds, KV Cache Creation 0.43 seconds, Diffusion 1.74 seconds, DIT Compute Steps 3 steps, Scheduler 0.01 seconds
[36m(RolloutGroup(rank=1) pid=25289)[0m language is None, reset current_start_frame to 0
[36m(RolloutGroup(rank=1) pid=25289)[0m videos shape torch.Size([16, 3, 4, 160, 320]) 33
[36m(RolloutGroup(rank=0) pid=25279)[0m Time taken: Total 4.45 seconds, Text Encoder 1.21 seconds, Image Encoder 1.06 seconds, VAE 0.00 seconds, KV Cache Creation 0.43 seconds, Diffusion 1.74 seconds, DIT Compute Steps 3 steps, Scheduler 0.01 seconds
[36m(RolloutGroup(rank=0) pid=25279)[0m language is None, reset current_start_frame to 0
[36m(RolloutGroup(rank=0) pid=25279)[0m videos shape torch.Size([16, 3, 4, 160, 320]) 33
[36m(RolloutGroup(rank=1) pid=25289)[0m Time taken: Total 4.45 seconds, Text Encoder 1.21 seconds, Image Encoder 1.06 seconds, VAE 0.00 seconds, KV Cache Creation 0.43 seconds, Diffusion 1.74 seconds, DIT Compute Steps 3 steps, Scheduler 0.01 seconds
[36m(RolloutGroup(rank=1) pid=25289)[0m language is None, reset current_start_frame to 0
[36m(RolloutGroup(rank=1) pid=25289)[0m videos shape torch.Size([16, 3, 4, 160, 320]) 33
[36m(RolloutGroup(rank=0) pid=25279)[0m Time taken: Total 4.45 seconds, Text Encoder 1.21 seconds, Image Encoder 1.06 seconds, VAE 0.00 seconds, KV Cache Creation 0.43 seconds, Diffusion 1.74 seconds, DIT Compute Steps 3 steps, Scheduler 0.01 seconds
[36m(RolloutGroup(rank=0) pid=25279)[0m language is None, reset current_start_frame to 0
[36m(RolloutGroup(rank=0) pid=25279)[0m videos shape torch.Size([16, 3, 4, 160, 320]) 33
[36m(RolloutGroup(rank=1) pid=25289)[0m Time taken: Total 4.45 seconds, Text Encoder 1.21 seconds, Image Encoder 1.06 seconds, VAE 0.00 seconds, KV Cache Creation 0.43 seconds, Diffusion 1.74 seconds, DIT Compute Steps 3 steps, Scheduler 0.01 seconds
[36m(RolloutGroup(rank=1) pid=25289)[0m language is None, reset current_start_frame to 0
[36m(RolloutGroup(rank=1) pid=25289)[0m videos shape torch.Size([16, 3, 4, 160, 320]) 33
[36m(RolloutGroup(rank=0) pid=25279)[0m Time taken: Total 4.45 seconds, Text Encoder 1.21 seconds, Image Encoder 1.06 seconds, VAE 0.00 seconds, KV Cache Creation 0.43 seconds, Diffusion 1.74 seconds, DIT Compute Steps 3 steps, Scheduler 0.01 seconds
[36m(RolloutGroup(rank=0) pid=25279)[0m language is None, reset current_start_frame to 0
[36m(RolloutGroup(rank=0) pid=25279)[0m videos shape torch.Size([16, 3, 4, 160, 320]) 33
[36m(RolloutGroup(rank=1) pid=25289)[0m Time taken: Total 4.45 seconds, Text Encoder 1.21 seconds, Image Encoder 1.06 seconds, VAE 0.00 seconds, KV Cache Creation 0.43 seconds, Diffusion 1.74 seconds, DIT Compute Steps 3 steps, Scheduler 0.01 seconds
[36m(RolloutGroup(rank=1) pid=25289)[0m language is None, reset current_start_frame to 0
[36m(RolloutGroup(rank=1) pid=25289)[0m videos shape torch.Size([16, 3, 4, 160, 320]) 33
[36m(RolloutGroup(rank=0) pid=25279)[0m Time taken: Total 4.45 seconds, Text Encoder 1.21 seconds, Image Encoder 1.06 seconds, VAE 0.00 seconds, KV Cache Creation 0.43 seconds, Diffusion 1.74 seconds, DIT Compute Steps 3 steps, Scheduler 0.01 seconds
[36m(RolloutGroup(rank=0) pid=25279)[0m language is None, reset current_start_frame to 0
[36m(RolloutGroup(rank=0) pid=25279)[0m videos shape torch.Size([16, 3, 4, 160, 320]) 33
[36m(RolloutGroup(rank=1) pid=25289)[0m Time taken: Total 4.45 seconds, Text Encoder 1.21 seconds, Image Encoder 1.06 seconds, VAE 0.00 seconds, KV Cache Creation 0.43 seconds, Diffusion 1.74 seconds, DIT Compute Steps 3 steps, Scheduler 0.01 seconds
[36m(RolloutGroup(rank=1) pid=25289)[0m language is None, reset current_start_frame to 0
[36m(RolloutGroup(rank=1) pid=25289)[0m videos shape torch.Size([16, 3, 4, 160, 320]) 33
[36m(RolloutGroup(rank=0) pid=25279)[0m Time taken: Total 4.44 seconds, Text Encoder 1.21 seconds, Image Encoder 1.05 seconds, VAE 0.00 seconds, KV Cache Creation 0.43 seconds, Diffusion 1.74 seconds, DIT Compute Steps 3 steps, Scheduler 0.01 seconds
[36m(RolloutGroup(rank=0) pid=25279)[0m language is None, reset current_start_frame to 0
[36m(RolloutGroup(rank=0) pid=25279)[0m videos shape torch.Size([16, 3, 4, 160, 320]) 33
[36m(RolloutGroup(rank=1) pid=25289)[0m Time taken: Total 4.45 seconds, Text Encoder 1.21 seconds, Image Encoder 1.06 seconds, VAE 0.00 seconds, KV Cache Creation 0.43 seconds, Diffusion 1.74 seconds, DIT Compute Steps 3 steps, Scheduler 0.01 seconds
[36m(RolloutGroup(rank=1) pid=25289)[0m language is None, reset current_start_frame to 0
[36m(RolloutGroup(rank=1) pid=25289)[0m videos shape torch.Size([16, 3, 4, 160, 320]) 33
[36m(RolloutGroup(rank=0) pid=25279)[0m Time taken: Total 4.44 seconds, Text Encoder 1.21 seconds, Image Encoder 1.05 seconds, VAE 0.00 seconds, KV Cache Creation 0.43 seconds, Diffusion 1.74 seconds, DIT Compute Steps 3 steps, Scheduler 0.01 seconds
[36m(RolloutGroup(rank=0) pid=25279)[0m language is None, reset current_start_frame to 0
[36m(RolloutGroup(rank=0) pid=25279)[0m videos shape torch.Size([16, 3, 4, 160, 320]) 33
[36m(RolloutGroup(rank=1) pid=25289)[0m Time taken: Total 4.45 seconds, Text Encoder 1.21 seconds, Image Encoder 1.06 seconds, VAE 0.00 seconds, KV Cache Creation 0.43 seconds, Diffusion 1.74 seconds, DIT Compute Steps 3 steps, Scheduler 0.01 seconds
[36m(RolloutGroup(rank=1) pid=25289)[0m language is None, reset current_start_frame to 0
[36m(RolloutGroup(rank=1) pid=25289)[0m videos shape torch.Size([16, 3, 4, 160, 320]) 33
[36m(RolloutGroup(rank=0) pid=25279)[0m Time taken: Total 4.44 seconds, Text Encoder 1.21 seconds, Image Encoder 1.05 seconds, VAE 0.00 seconds, KV Cache Creation 0.43 seconds, Diffusion 1.74 seconds, DIT Compute Steps 3 steps, Scheduler 0.01 seconds
[36m(RolloutGroup(rank=0) pid=25279)[0m language is None, reset current_start_frame to 0
[36m(RolloutGroup(rank=0) pid=25279)[0m videos shape torch.Size([16, 3, 4, 160, 320]) 33
[36m(RolloutGroup(rank=1) pid=25289)[0m Time taken: Total 4.45 seconds, Text Encoder 1.21 seconds, Image Encoder 1.06 seconds, VAE 0.00 seconds, KV Cache Creation 0.43 seconds, Diffusion 1.74 seconds, DIT Compute Steps 3 steps, Scheduler 0.01 seconds
[36m(RolloutGroup(rank=1) pid=25289)[0m language is None, reset current_start_frame to 0
[36m(RolloutGroup(rank=1) pid=25289)[0m videos shape torch.Size([16, 3, 4, 160, 320]) 33
[36m(RolloutGroup(rank=0) pid=25279)[0m Time taken: Total 4.44 seconds, Text Encoder 1.21 seconds, Image Encoder 1.05 seconds, VAE 0.00 seconds, KV Cache Creation 0.43 seconds, Diffusion 1.74 seconds, DIT Compute Steps 3 steps, Scheduler 0.01 seconds
[36m(RolloutGroup(rank=0) pid=25279)[0m language is None, reset current_start_frame to 0
[36m(RolloutGroup(rank=0) pid=25279)[0m videos shape torch.Size([16, 3, 4, 160, 320]) 33
[36m(RolloutGroup(rank=1) pid=25289)[0m Time taken: Total 4.45 seconds, Text Encoder 1.21 seconds, Image Encoder 1.06 seconds, VAE 0.00 seconds, KV Cache Creation 0.43 seconds, Diffusion 1.74 seconds, DIT Compute Steps 3 steps, Scheduler 0.01 seconds
[36m(RolloutGroup(rank=1) pid=25289)[0m language is None, reset current_start_frame to 0
[36m(RolloutGroup(rank=1) pid=25289)[0m videos shape torch.Size([16, 3, 4, 160, 320]) 33
[36m(RolloutGroup(rank=0) pid=25279)[0m Time taken: Total 4.44 seconds, Text Encoder 1.21 seconds, Image Encoder 1.05 seconds, VAE 0.00 seconds, KV Cache Creation 0.43 seconds, Diffusion 1.74 seconds, DIT Compute Steps 3 steps, Scheduler 0.01 seconds
[36m(RolloutGroup(rank=1) pid=25289)[0m Time taken: Total 4.45 seconds, Text Encoder 1.21 seconds, Image Encoder 1.06 seconds, VAE 0.00 seconds, KV Cache Creation 0.43 seconds, Diffusion 1.74 seconds, DIT Compute Steps 3 steps, Scheduler 0.01 seconds
[36m(RolloutGroup(rank=0) pid=25279)[0m language is None, reset current_start_frame to 0
[36m(RolloutGroup(rank=0) pid=25279)[0m videos shape torch.Size([16, 3, 4, 160, 320]) 33
[36m(RolloutGroup(rank=1) pid=25289)[0m language is None, reset current_start_frame to 0
[36m(RolloutGroup(rank=1) pid=25289)[0m videos shape torch.Size([16, 3, 4, 160, 320]) 33
[36m(RolloutGroup(rank=0) pid=25279)[0m Time taken: Total 4.44 seconds, Text Encoder 1.21 seconds, Image Encoder 1.05 seconds, VAE 0.00 seconds, KV Cache Creation 0.43 seconds, Diffusion 1.74 seconds, DIT Compute Steps 3 steps, Scheduler 0.01 seconds
[36m(RolloutGroup(rank=0) pid=25279)[0m language is None, reset current_start_frame to 0
[36m(RolloutGroup(rank=0) pid=25279)[0m videos shape torch.Size([16, 3, 4, 160, 320]) 33
[36m(RolloutGroup(rank=1) pid=25289)[0m Time taken: Total 4.45 seconds, Text Encoder 1.21 seconds, Image Encoder 1.06 seconds, VAE 0.00 seconds, KV Cache Creation 0.43 seconds, Diffusion 1.74 seconds, DIT Compute Steps 3 steps, Scheduler 0.01 seconds
[36m(RolloutGroup(rank=1) pid=25289)[0m language is None, reset current_start_frame to 0
[36m(RolloutGroup(rank=1) pid=25289)[0m videos shape torch.Size([16, 3, 4, 160, 320]) 33
[36m(RolloutGroup(rank=0) pid=25279)[0m Time taken: Total 4.44 seconds, Text Encoder 1.21 seconds, Image Encoder 1.05 seconds, VAE 0.00 seconds, KV Cache Creation 0.43 seconds, Diffusion 1.74 seconds, DIT Compute Steps 3 steps, Scheduler 0.01 seconds
[36m(RolloutGroup(rank=0) pid=25279)[0m language is None, reset current_start_frame to 0
[36m(RolloutGroup(rank=0) pid=25279)[0m videos shape torch.Size([16, 3, 4, 160, 320]) 33
[36m(RolloutGroup(rank=1) pid=25289)[0m Time taken: Total 4.45 seconds, Text Encoder 1.21 seconds, Image Encoder 1.06 seconds, VAE 0.00 seconds, KV Cache Creation 0.43 seconds, Diffusion 1.74 seconds, DIT Compute Steps 3 steps, Scheduler 0.01 seconds
[36m(RolloutGroup(rank=1) pid=25289)[0m language is None, reset current_start_frame to 0
[36m(RolloutGroup(rank=1) pid=25289)[0m videos shape torch.Size([16, 3, 4, 160, 320]) 33
[36m(RolloutGroup(rank=0) pid=25279)[0m Time taken: Total 4.44 seconds, Text Encoder 1.21 seconds, Image Encoder 1.05 seconds, VAE 0.00 seconds, KV Cache Creation 0.43 seconds, Diffusion 1.74 seconds, DIT Compute Steps 3 steps, Scheduler 0.01 seconds
[36m(RolloutGroup(rank=0) pid=25279)[0m language is None, reset current_start_frame to 0
[36m(RolloutGroup(rank=0) pid=25279)[0m videos shape torch.Size([16, 3, 4, 160, 320]) 33
[36m(RolloutGroup(rank=1) pid=25289)[0m Time taken: Total 4.45 seconds, Text Encoder 1.21 seconds, Image Encoder 1.06 seconds, VAE 0.00 seconds, KV Cache Creation 0.43 seconds, Diffusion 1.74 seconds, DIT Compute Steps 3 steps, Scheduler 0.01 seconds
[36m(RolloutGroup(rank=1) pid=25289)[0m language is None, reset current_start_frame to 0
[36m(RolloutGroup(rank=1) pid=25289)[0m videos shape torch.Size([16, 3, 4, 160, 320]) 33
[36m(RolloutGroup(rank=0) pid=25279)[0m Time taken: Total 4.44 seconds, Text Encoder 1.21 seconds, Image Encoder 1.05 seconds, VAE 0.00 seconds, KV Cache Creation 0.43 seconds, Diffusion 1.74 seconds, DIT Compute Steps 3 steps, Scheduler 0.01 seconds
[36m(RolloutGroup(rank=0) pid=25279)[0m language is None, reset current_start_frame to 0
[36m(RolloutGroup(rank=0) pid=25279)[0m videos shape torch.Size([16, 3, 4, 160, 320]) 33
[36m(RolloutGroup(rank=1) pid=25289)[0m Time taken: Total 4.45 seconds, Text Encoder 1.21 seconds, Image Encoder 1.06 seconds, VAE 0.00 seconds, KV Cache Creation 0.43 seconds, Diffusion 1.74 seconds, DIT Compute Steps 3 steps, Scheduler 0.01 seconds
[36m(RolloutGroup(rank=1) pid=25289)[0m language is None, reset current_start_frame to 0
[36m(RolloutGroup(rank=1) pid=25289)[0m videos shape torch.Size([16, 3, 4, 160, 320]) 33
[36m(RolloutGroup(rank=0) pid=25279)[0m Time taken: Total 4.45 seconds, Text Encoder 1.21 seconds, Image Encoder 1.06 seconds, VAE 0.00 seconds, KV Cache Creation 0.43 seconds, Diffusion 1.74 seconds, DIT Compute Steps 3 steps, Scheduler 0.01 seconds
[36m(RolloutGroup(rank=0) pid=25279)[0m language is None, reset current_start_frame to 0
[36m(RolloutGroup(rank=0) pid=25279)[0m videos shape torch.Size([16, 3, 4, 160, 320]) 33
[36m(RolloutGroup(rank=1) pid=25289)[0m Time taken: Total 4.45 seconds, Text Encoder 1.21 seconds, Image Encoder 1.06 seconds, VAE 0.00 seconds, KV Cache Creation 0.43 seconds, Diffusion 1.74 seconds, DIT Compute Steps 3 steps, Scheduler 0.01 seconds
[36m(RolloutGroup(rank=1) pid=25289)[0m language is None, reset current_start_frame to 0
[36m(RolloutGroup(rank=1) pid=25289)[0m videos shape torch.Size([16, 3, 4, 160, 320]) 33
[36m(RolloutGroup(rank=0) pid=25279)[0m Time taken: Total 4.45 seconds, Text Encoder 1.21 seconds, Image Encoder 1.06 seconds, VAE 0.00 seconds, KV Cache Creation 0.43 seconds, Diffusion 1.74 seconds, DIT Compute Steps 3 steps, Scheduler 0.01 seconds
[36m(RolloutGroup(rank=0) pid=25279)[0m language is None, reset current_start_frame to 0
[36m(RolloutGroup(rank=0) pid=25279)[0m videos shape torch.Size([16, 3, 4, 160, 320]) 33
[36m(RolloutGroup(rank=1) pid=25289)[0m Time taken: Total 4.45 seconds, Text Encoder 1.21 seconds, Image Encoder 1.06 seconds, VAE 0.00 seconds, KV Cache Creation 0.43 seconds, Diffusion 1.74 seconds, DIT Compute Steps 3 steps, Scheduler 0.01 seconds
[36m(RolloutGroup(rank=1) pid=25289)[0m language is None, reset current_start_frame to 0
[36m(RolloutGroup(rank=1) pid=25289)[0m videos shape torch.Size([16, 3, 4, 160, 320]) 33
[36m(RolloutGroup(rank=0) pid=25279)[0m Time taken: Total 4.44 seconds, Text Encoder 1.21 seconds, Image Encoder 1.05 seconds, VAE 0.00 seconds, KV Cache Creation 0.43 seconds, Diffusion 1.74 seconds, DIT Compute Steps 3 steps, Scheduler 0.01 seconds
[36m(RolloutGroup(rank=0) pid=25279)[0m language is None, reset current_start_frame to 0
[36m(RolloutGroup(rank=0) pid=25279)[0m videos shape torch.Size([16, 3, 4, 160, 320]) 33
[36m(RolloutGroup(rank=1) pid=25289)[0m Time taken: Total 4.45 seconds, Text Encoder 1.21 seconds, Image Encoder 1.06 seconds, VAE 0.00 seconds, KV Cache Creation 0.43 seconds, Diffusion 1.74 seconds, DIT Compute Steps 3 steps, Scheduler 0.01 seconds
[36m(RolloutGroup(rank=1) pid=25289)[0m language is None, reset current_start_frame to 0
[36m(RolloutGroup(rank=1) pid=25289)[0m videos shape torch.Size([16, 3, 4, 160, 320]) 33
[36m(RolloutGroup(rank=0) pid=25279)[0m Time taken: Total 4.45 seconds, Text Encoder 1.21 seconds, Image Encoder 1.05 seconds, VAE 0.00 seconds, KV Cache Creation 0.43 seconds, Diffusion 1.74 seconds, DIT Compute Steps 3 steps, Scheduler 0.01 seconds
[36m(RolloutGroup(rank=0) pid=25279)[0m language is None, reset current_start_frame to 0
[36m(RolloutGroup(rank=0) pid=25279)[0m videos shape torch.Size([16, 3, 4, 160, 320]) 33
[36m(RolloutGroup(rank=1) pid=25289)[0m Time taken: Total 4.45 seconds, Text Encoder 1.21 seconds, Image Encoder 1.06 seconds, VAE 0.00 seconds, KV Cache Creation 0.43 seconds, Diffusion 1.74 seconds, DIT Compute Steps 3 steps, Scheduler 0.01 seconds
[36m(RolloutGroup(rank=1) pid=25289)[0m language is None, reset current_start_frame to 0
[36m(RolloutGroup(rank=1) pid=25289)[0m videos shape torch.Size([16, 3, 4, 160, 320]) 33
[36m(RolloutGroup(rank=0) pid=25279)[0m Time taken: Total 4.45 seconds, Text Encoder 1.21 seconds, Image Encoder 1.05 seconds, VAE 0.00 seconds, KV Cache Creation 0.43 seconds, Diffusion 1.74 seconds, DIT Compute Steps 3 steps, Scheduler 0.01 seconds
[36m(RolloutGroup(rank=0) pid=25279)[0m language is None, reset current_start_frame to 0
[36m(RolloutGroup(rank=0) pid=25279)[0m videos shape torch.Size([16, 3, 4, 160, 320]) 33
[36m(RolloutGroup(rank=1) pid=25289)[0m Time taken: Total 4.45 seconds, Text Encoder 1.21 seconds, Image Encoder 1.06 seconds, VAE 0.00 seconds, KV Cache Creation 0.43 seconds, Diffusion 1.74 seconds, DIT Compute Steps 3 steps, Scheduler 0.01 seconds
[36m(RolloutGroup(rank=1) pid=25289)[0m language is None, reset current_start_frame to 0
[36m(RolloutGroup(rank=1) pid=25289)[0m videos shape torch.Size([16, 3, 4, 160, 320]) 33
[36m(RolloutGroup(rank=0) pid=25279)[0m Time taken: Total 4.44 seconds, Text Encoder 1.21 seconds, Image Encoder 1.05 seconds, VAE 0.00 seconds, KV Cache Creation 0.43 seconds, Diffusion 1.74 seconds, DIT Compute Steps 3 steps, Scheduler 0.01 seconds
[36m(RolloutGroup(rank=1) pid=25289)[0m Time taken: Total 4.45 seconds, Text Encoder 1.21 seconds, Image Encoder 1.06 seconds, VAE 0.00 seconds, KV Cache Creation 0.43 seconds, Diffusion 1.74 seconds, DIT Compute Steps 3 steps, Scheduler 0.01 seconds
[36m(RolloutGroup(rank=0) pid=25279)[0m language is None, reset current_start_frame to 0
[36m(RolloutGroup(rank=0) pid=25279)[0m videos shape torch.Size([16, 3, 4, 160, 320]) 33
[36m(RolloutGroup(rank=1) pid=25289)[0m language is None, reset current_start_frame to 0
[36m(RolloutGroup(rank=1) pid=25289)[0m videos shape torch.Size([16, 3, 4, 160, 320]) 33
[36m(RolloutGroup(rank=0) pid=25279)[0m Time taken: Total 4.44 seconds, Text Encoder 1.21 seconds, Image Encoder 1.05 seconds, VAE 0.00 seconds, KV Cache Creation 0.43 seconds, Diffusion 1.74 seconds, DIT Compute Steps 3 steps, Scheduler 0.01 seconds
[36m(RolloutGroup(rank=0) pid=25279)[0m language is None, reset current_start_frame to 0
[36m(RolloutGroup(rank=0) pid=25279)[0m videos shape torch.Size([16, 3, 4, 160, 320]) 33
[36m(RolloutGroup(rank=1) pid=25289)[0m Time taken: Total 4.45 seconds, Text Encoder 1.21 seconds, Image Encoder 1.06 seconds, VAE 0.00 seconds, KV Cache Creation 0.43 seconds, Diffusion 1.74 seconds, DIT Compute Steps 3 steps, Scheduler 0.01 seconds
[36m(RolloutGroup(rank=1) pid=25289)[0m language is None, reset current_start_frame to 0
[36m(RolloutGroup(rank=1) pid=25289)[0m videos shape torch.Size([16, 3, 4, 160, 320]) 33
[36m(RolloutGroup(rank=0) pid=25279)[0m Time taken: Total 4.44 seconds, Text Encoder 1.21 seconds, Image Encoder 1.05 seconds, VAE 0.00 seconds, KV Cache Creation 0.43 seconds, Diffusion 1.74 seconds, DIT Compute Steps 3 steps, Scheduler 0.01 seconds
[36m(RolloutGroup(rank=0) pid=25279)[0m language is None, reset current_start_frame to 0
[36m(RolloutGroup(rank=0) pid=25279)[0m videos shape torch.Size([16, 3, 4, 160, 320]) 33
[36m(RolloutGroup(rank=1) pid=25289)[0m Time taken: Total 4.45 seconds, Text Encoder 1.21 seconds, Image Encoder 1.06 seconds, VAE 0.00 seconds, KV Cache Creation 0.43 seconds, Diffusion 1.74 seconds, DIT Compute Steps 3 steps, Scheduler 0.01 seconds
[36m(RolloutGroup(rank=1) pid=25289)[0m language is None, reset current_start_frame to 0
[36m(RolloutGroup(rank=1) pid=25289)[0m videos shape torch.Size([16, 3, 4, 160, 320]) 33
[36m(RolloutGroup(rank=0) pid=25279)[0m Time taken: Total 4.44 seconds, Text Encoder 1.21 seconds, Image Encoder 1.05 seconds, VAE 0.00 seconds, KV Cache Creation 0.43 seconds, Diffusion 1.74 seconds, DIT Compute Steps 3 steps, Scheduler 0.01 seconds
[36m(RolloutGroup(rank=0) pid=25279)[0m language is None, reset current_start_frame to 0
[36m(RolloutGroup(rank=0) pid=25279)[0m videos shape torch.Size([16, 3, 4, 160, 320]) 33
[36m(RolloutGroup(rank=1) pid=25289)[0m Time taken: Total 4.44 seconds, Text Encoder 1.21 seconds, Image Encoder 1.06 seconds, VAE 0.00 seconds, KV Cache Creation 0.43 seconds, Diffusion 1.74 seconds, DIT Compute Steps 3 steps, Scheduler 0.01 seconds
[36m(RolloutGroup(rank=1) pid=25289)[0m language is None, reset current_start_frame to 0
[36m(RolloutGroup(rank=1) pid=25289)[0m videos shape torch.Size([16, 3, 4, 160, 320]) 33
[36m(RolloutGroup(rank=0) pid=25279)[0m Time taken: Total 4.44 seconds, Text Encoder 1.21 seconds, Image Encoder 1.05 seconds, VAE 0.00 seconds, KV Cache Creation 0.43 seconds, Diffusion 1.74 seconds, DIT Compute Steps 3 steps, Scheduler 0.01 seconds
[36m(RolloutGroup(rank=0) pid=25279)[0m language is None, reset current_start_frame to 0
[36m(RolloutGroup(rank=0) pid=25279)[0m videos shape torch.Size([16, 3, 4, 160, 320]) 33
[36m(RolloutGroup(rank=1) pid=25289)[0m Time taken: Total 4.45 seconds, Text Encoder 1.21 seconds, Image Encoder 1.06 seconds, VAE 0.00 seconds, KV Cache Creation 0.43 seconds, Diffusion 1.74 seconds, DIT Compute Steps 3 steps, Scheduler 0.01 seconds
[36m(RolloutGroup(rank=1) pid=25289)[0m language is None, reset current_start_frame to 0
[36m(RolloutGroup(rank=1) pid=25289)[0m videos shape torch.Size([16, 3, 4, 160, 320]) 33
[36m(RolloutGroup(rank=0) pid=25279)[0m Time taken: Total 4.44 seconds, Text Encoder 1.21 seconds, Image Encoder 1.05 seconds, VAE 0.00 seconds, KV Cache Creation 0.43 seconds, Diffusion 1.74 seconds, DIT Compute Steps 3 steps, Scheduler 0.01 seconds
[36m(RolloutGroup(rank=0) pid=25279)[0m language is None, reset current_start_frame to 0
[36m(RolloutGroup(rank=0) pid=25279)[0m videos shape torch.Size([16, 3, 4, 160, 320]) 33
[36m(RolloutGroup(rank=1) pid=25289)[0m Time taken: Total 4.45 seconds, Text Encoder 1.21 seconds, Image Encoder 1.06 seconds, VAE 0.00 seconds, KV Cache Creation 0.43 seconds, Diffusion 1.74 seconds, DIT Compute Steps 3 steps, Scheduler 0.01 seconds
[36m(RolloutGroup(rank=1) pid=25289)[0m language is None, reset current_start_frame to 0
[36m(RolloutGroup(rank=1) pid=25289)[0m videos shape torch.Size([16, 3, 4, 160, 320]) 33
[36m(RolloutGroup(rank=0) pid=25279)[0m Time taken: Total 4.44 seconds, Text Encoder 1.21 seconds, Image Encoder 1.05 seconds, VAE 0.00 seconds, KV Cache Creation 0.43 seconds, Diffusion 1.74 seconds, DIT Compute Steps 3 steps, Scheduler 0.01 seconds
[36m(RolloutGroup(rank=0) pid=25279)[0m language is None, reset current_start_frame to 0
[36m(RolloutGroup(rank=0) pid=25279)[0m videos shape torch.Size([16, 3, 4, 160, 320]) 33
[36m(RolloutGroup(rank=1) pid=25289)[0m Time taken: Total 4.45 seconds, Text Encoder 1.21 seconds, Image Encoder 1.06 seconds, VAE 0.00 seconds, KV Cache Creation 0.43 seconds, Diffusion 1.74 seconds, DIT Compute Steps 3 steps, Scheduler 0.01 seconds
[36m(RolloutGroup(rank=1) pid=25289)[0m language is None, reset current_start_frame to 0
[36m(RolloutGroup(rank=1) pid=25289)[0m videos shape torch.Size([16, 3, 4, 160, 320]) 33
[36m(RolloutGroup(rank=0) pid=25279)[0m Time taken: Total 4.44 seconds, Text Encoder 1.21 seconds, Image Encoder 1.06 seconds, VAE 0.00 seconds, KV Cache Creation 0.43 seconds, Diffusion 1.74 seconds, DIT Compute Steps 3 steps, Scheduler 0.01 seconds
[36m(RolloutGroup(rank=0) pid=25279)[0m language is None, reset current_start_frame to 0
[36m(RolloutGroup(rank=0) pid=25279)[0m videos shape torch.Size([16, 3, 4, 160, 320]) 33
[36m(RolloutGroup(rank=1) pid=25289)[0m Time taken: Total 4.45 seconds, Text Encoder 1.21 seconds, Image Encoder 1.06 seconds, VAE 0.00 seconds, KV Cache Creation 0.43 seconds, Diffusion 1.74 seconds, DIT Compute Steps 3 steps, Scheduler 0.01 seconds
[36m(RolloutGroup(rank=1) pid=25289)[0m language is None, reset current_start_frame to 0
[36m(RolloutGroup(rank=1) pid=25289)[0m videos shape torch.Size([16, 3, 4, 160, 320]) 33
[36m(RolloutGroup(rank=0) pid=25279)[0m Time taken: Total 4.44 seconds, Text Encoder 1.21 seconds, Image Encoder 1.05 seconds, VAE 0.00 seconds, KV Cache Creation 0.43 seconds, Diffusion 1.74 seconds, DIT Compute Steps 3 steps, Scheduler 0.01 seconds
[36m(RolloutGroup(rank=0) pid=25279)[0m language is None, reset current_start_frame to 0
[36m(RolloutGroup(rank=0) pid=25279)[0m videos shape torch.Size([16, 3, 4, 160, 320]) 33
[36m(RolloutGroup(rank=1) pid=25289)[0m Time taken: Total 4.45 seconds, Text Encoder 1.21 seconds, Image Encoder 1.06 seconds, VAE 0.00 seconds, KV Cache Creation 0.43 seconds, Diffusion 1.74 seconds, DIT Compute Steps 3 steps, Scheduler 0.01 seconds
[36m(RolloutGroup(rank=1) pid=25289)[0m language is None, reset current_start_frame to 0
[36m(RolloutGroup(rank=1) pid=25289)[0m videos shape torch.Size([16, 3, 4, 160, 320]) 33
[36m(RolloutGroup(rank=0) pid=25279)[0m Time taken: Total 4.44 seconds, Text Encoder 1.21 seconds, Image Encoder 1.05 seconds, VAE 0.00 seconds, KV Cache Creation 0.43 seconds, Diffusion 1.74 seconds, DIT Compute Steps 3 steps, Scheduler 0.01 seconds
[36m(RolloutGroup(rank=0) pid=25279)[0m language is None, reset current_start_frame to 0
[36m(RolloutGroup(rank=0) pid=25279)[0m videos shape torch.Size([16, 3, 4, 160, 320]) 33
[36m(RolloutGroup(rank=1) pid=25289)[0m Time taken: Total 4.45 seconds, Text Encoder 1.21 seconds, Image Encoder 1.06 seconds, VAE 0.00 seconds, KV Cache Creation 0.43 seconds, Diffusion 1.74 seconds, DIT Compute Steps 3 steps, Scheduler 0.01 seconds
[36m(RolloutGroup(rank=1) pid=25289)[0m language is None, reset current_start_frame to 0
[36m(RolloutGroup(rank=1) pid=25289)[0m videos shape torch.Size([16, 3, 4, 160, 320]) 33
[36m(RolloutGroup(rank=0) pid=25279)[0m Time taken: Total 4.44 seconds, Text Encoder 1.21 seconds, Image Encoder 1.05 seconds, VAE 0.00 seconds, KV Cache Creation 0.43 seconds, Diffusion 1.74 seconds, DIT Compute Steps 3 steps, Scheduler 0.01 seconds
[36m(RolloutGroup(rank=1) pid=25289)[0m Time taken: Total 4.45 seconds, Text Encoder 1.21 seconds, Image Encoder 1.06 seconds, VAE 0.00 seconds, KV Cache Creation 0.43 seconds, Diffusion 1.74 seconds, DIT Compute Steps 3 steps, Scheduler 0.01 seconds
[36m(RolloutGroup(rank=0) pid=25279)[0m language is None, reset current_start_frame to 0
[36m(RolloutGroup(rank=0) pid=25279)[0m videos shape torch.Size([16, 3, 4, 160, 320]) 33
[36m(RolloutGroup(rank=1) pid=25289)[0m language is None, reset current_start_frame to 0
[36m(RolloutGroup(rank=1) pid=25289)[0m videos shape torch.Size([16, 3, 4, 160, 320]) 33
[36m(RolloutGroup(rank=0) pid=25279)[0m Time taken: Total 4.45 seconds, Text Encoder 1.21 seconds, Image Encoder 1.05 seconds, VAE 0.00 seconds, KV Cache Creation 0.43 seconds, Diffusion 1.74 seconds, DIT Compute Steps 3 steps, Scheduler 0.01 seconds
[36m(RolloutGroup(rank=0) pid=25279)[0m language is None, reset current_start_frame to 0
[36m(RolloutGroup(rank=0) pid=25279)[0m videos shape torch.Size([16, 3, 4, 160, 320]) 33
[36m(RolloutGroup(rank=1) pid=25289)[0m Time taken: Total 4.45 seconds, Text Encoder 1.21 seconds, Image Encoder 1.06 seconds, VAE 0.00 seconds, KV Cache Creation 0.43 seconds, Diffusion 1.74 seconds, DIT Compute Steps 3 steps, Scheduler 0.01 seconds
[36m(RolloutGroup(rank=1) pid=25289)[0m language is None, reset current_start_frame to 0
[36m(RolloutGroup(rank=1) pid=25289)[0m videos shape torch.Size([16, 3, 4, 160, 320]) 33
[36m(RolloutGroup(rank=0) pid=25279)[0m Time taken: Total 4.45 seconds, Text Encoder 1.21 seconds, Image Encoder 1.05 seconds, VAE 0.00 seconds, KV Cache Creation 0.43 seconds, Diffusion 1.74 seconds, DIT Compute Steps 3 steps, Scheduler 0.01 seconds
[36m(RolloutGroup(rank=0) pid=25279)[0m language is None, reset current_start_frame to 0
[36m(RolloutGroup(rank=0) pid=25279)[0m videos shape torch.Size([16, 3, 4, 160, 320]) 33
[36m(RolloutGroup(rank=1) pid=25289)[0m Time taken: Total 4.45 seconds, Text Encoder 1.21 seconds, Image Encoder 1.06 seconds, VAE 0.00 seconds, KV Cache Creation 0.43 seconds, Diffusion 1.74 seconds, DIT Compute Steps 3 steps, Scheduler 0.01 seconds
[36m(RolloutGroup(rank=1) pid=25289)[0m language is None, reset current_start_frame to 0
[36m(RolloutGroup(rank=1) pid=25289)[0m videos shape torch.Size([16, 3, 4, 160, 320]) 33
[36m(RolloutGroup(rank=0) pid=25279)[0m Time taken: Total 4.45 seconds, Text Encoder 1.21 seconds, Image Encoder 1.05 seconds, VAE 0.00 seconds, KV Cache Creation 0.43 seconds, Diffusion 1.74 seconds, DIT Compute Steps 3 steps, Scheduler 0.01 seconds
[36m(RolloutGroup(rank=0) pid=25279)[0m language is None, reset current_start_frame to 0
[36m(RolloutGroup(rank=0) pid=25279)[0m videos shape torch.Size([16, 3, 4, 160, 320]) 33
[36m(RolloutGroup(rank=1) pid=25289)[0m Time taken: Total 4.45 seconds, Text Encoder 1.21 seconds, Image Encoder 1.06 seconds, VAE 0.00 seconds, KV Cache Creation 0.43 seconds, Diffusion 1.74 seconds, DIT Compute Steps 3 steps, Scheduler 0.01 seconds
[36m(RolloutGroup(rank=1) pid=25289)[0m language is None, reset current_start_frame to 0
[36m(RolloutGroup(rank=1) pid=25289)[0m videos shape torch.Size([16, 3, 4, 160, 320]) 33
[36m(RolloutGroup(rank=0) pid=25279)[0m Time taken: Total 4.44 seconds, Text Encoder 1.21 seconds, Image Encoder 1.06 seconds, VAE 0.00 seconds, KV Cache Creation 0.43 seconds, Diffusion 1.74 seconds, DIT Compute Steps 3 steps, Scheduler 0.01 seconds
[36m(RolloutGroup(rank=0) pid=25279)[0m language is None, reset current_start_frame to 0
[36m(RolloutGroup(rank=0) pid=25279)[0m videos shape torch.Size([16, 3, 4, 160, 320]) 33
[36m(RolloutGroup(rank=1) pid=25289)[0m Time taken: Total 4.45 seconds, Text Encoder 1.21 seconds, Image Encoder 1.06 seconds, VAE 0.00 seconds, KV Cache Creation 0.43 seconds, Diffusion 1.74 seconds, DIT Compute Steps 3 steps, Scheduler 0.01 seconds
[36m(RolloutGroup(rank=1) pid=25289)[0m language is None, reset current_start_frame to 0
[36m(RolloutGroup(rank=1) pid=25289)[0m videos shape torch.Size([16, 3, 4, 160, 320]) 33
[36m(RolloutGroup(rank=0) pid=25279)[0m Time taken: Total 4.44 seconds, Text Encoder 1.21 seconds, Image Encoder 1.05 seconds, VAE 0.00 seconds, KV Cache Creation 0.43 seconds, Diffusion 1.74 seconds, DIT Compute Steps 3 steps, Scheduler 0.01 seconds
[36m(RolloutGroup(rank=0) pid=25279)[0m language is None, reset current_start_frame to 0
[36m(RolloutGroup(rank=0) pid=25279)[0m videos shape torch.Size([16, 3, 4, 160, 320]) 33
[36m(RolloutGroup(rank=1) pid=25289)[0m Time taken: Total 4.45 seconds, Text Encoder 1.21 seconds, Image Encoder 1.06 seconds, VAE 0.00 seconds, KV Cache Creation 0.43 seconds, Diffusion 1.74 seconds, DIT Compute Steps 3 steps, Scheduler 0.01 seconds
[36m(RolloutGroup(rank=1) pid=25289)[0m language is None, reset current_start_frame to 0
[36m(RolloutGroup(rank=1) pid=25289)[0m videos shape torch.Size([16, 3, 4, 160, 320]) 33
[36m(RolloutGroup(rank=0) pid=25279)[0m Time taken: Total 4.44 seconds, Text Encoder 1.21 seconds, Image Encoder 1.05 seconds, VAE 0.00 seconds, KV Cache Creation 0.43 seconds, Diffusion 1.74 seconds, DIT Compute Steps 3 steps, Scheduler 0.01 seconds
[36m(RolloutGroup(rank=0) pid=25279)[0m language is None, reset current_start_frame to 0
[36m(RolloutGroup(rank=0) pid=25279)[0m videos shape torch.Size([16, 3, 4, 160, 320]) 33
[36m(RolloutGroup(rank=1) pid=25289)[0m Time taken: Total 4.45 seconds, Text Encoder 1.21 seconds, Image Encoder 1.06 seconds, VAE 0.00 seconds, KV Cache Creation 0.43 seconds, Diffusion 1.74 seconds, DIT Compute Steps 3 steps, Scheduler 0.01 seconds
[36m(RolloutGroup(rank=1) pid=25289)[0m language is None, reset current_start_frame to 0
[36m(RolloutGroup(rank=1) pid=25289)[0m videos shape torch.Size([16, 3, 4, 160, 320]) 33
[36m(RolloutGroup(rank=0) pid=25279)[0m Time taken: Total 4.44 seconds, Text Encoder 1.21 seconds, Image Encoder 1.05 seconds, VAE 0.00 seconds, KV Cache Creation 0.43 seconds, Diffusion 1.74 seconds, DIT Compute Steps 3 steps, Scheduler 0.01 seconds
[36m(RolloutGroup(rank=0) pid=25279)[0m language is None, reset current_start_frame to 0
[36m(RolloutGroup(rank=0) pid=25279)[0m videos shape torch.Size([16, 3, 4, 160, 320]) 33
[36m(RolloutGroup(rank=1) pid=25289)[0m Time taken: Total 4.45 seconds, Text Encoder 1.21 seconds, Image Encoder 1.06 seconds, VAE 0.00 seconds, KV Cache Creation 0.43 seconds, Diffusion 1.74 seconds, DIT Compute Steps 3 steps, Scheduler 0.01 seconds
[36m(RolloutGroup(rank=1) pid=25289)[0m language is None, reset current_start_frame to 0
[36m(RolloutGroup(rank=1) pid=25289)[0m videos shape torch.Size([16, 3, 4, 160, 320]) 33
[36m(RolloutGroup(rank=0) pid=25279)[0m Time taken: Total 4.44 seconds, Text Encoder 1.21 seconds, Image Encoder 1.05 seconds, VAE 0.00 seconds, KV Cache Creation 0.43 seconds, Diffusion 1.74 seconds, DIT Compute Steps 3 steps, Scheduler 0.01 seconds
[36m(RolloutGroup(rank=0) pid=25279)[0m language is None, reset current_start_frame to 0
[36m(RolloutGroup(rank=0) pid=25279)[0m videos shape torch.Size([16, 3, 4, 160, 320]) 33
[36m(RolloutGroup(rank=1) pid=25289)[0m Time taken: Total 4.45 seconds, Text Encoder 1.21 seconds, Image Encoder 1.06 seconds, VAE 0.00 seconds, KV Cache Creation 0.43 seconds, Diffusion 1.74 seconds, DIT Compute Steps 3 steps, Scheduler 0.01 seconds
[36m(RolloutGroup(rank=1) pid=25289)[0m language is None, reset current_start_frame to 0
[36m(RolloutGroup(rank=1) pid=25289)[0m videos shape torch.Size([16, 3, 4, 160, 320]) 33
[36m(RolloutGroup(rank=0) pid=25279)[0m Time taken: Total 4.44 seconds, Text Encoder 1.21 seconds, Image Encoder 1.05 seconds, VAE 0.00 seconds, KV Cache Creation 0.43 seconds, Diffusion 1.74 seconds, DIT Compute Steps 3 steps, Scheduler 0.01 seconds
[36m(RolloutGroup(rank=0) pid=25279)[0m language is None, reset current_start_frame to 0
[36m(RolloutGroup(rank=0) pid=25279)[0m videos shape torch.Size([16, 3, 4, 160, 320]) 33
[36m(RolloutGroup(rank=1) pid=25289)[0m Time taken: Total 4.45 seconds, Text Encoder 1.21 seconds, Image Encoder 1.06 seconds, VAE 0.00 seconds, KV Cache Creation 0.43 seconds, Diffusion 1.74 seconds, DIT Compute Steps 3 steps, Scheduler 0.01 seconds
[36m(RolloutGroup(rank=1) pid=25289)[0m language is None, reset current_start_frame to 0
[36m(RolloutGroup(rank=1) pid=25289)[0m videos shape torch.Size([16, 3, 4, 160, 320]) 33
[36m(RolloutGroup(rank=0) pid=25279)[0m Time taken: Total 4.44 seconds, Text Encoder 1.21 seconds, Image Encoder 1.05 seconds, VAE 0.00 seconds, KV Cache Creation 0.43 seconds, Diffusion 1.74 seconds, DIT Compute Steps 3 steps, Scheduler 0.01 seconds
[36m(RolloutGroup(rank=1) pid=25289)[0m Time taken: Total 4.45 seconds, Text Encoder 1.21 seconds, Image Encoder 1.06 seconds, VAE 0.00 seconds, KV Cache Creation 0.43 seconds, Diffusion 1.74 seconds, DIT Compute Steps 3 steps, Scheduler 0.01 seconds
[36m(RolloutGroup(rank=0) pid=25279)[0m language is None, reset current_start_frame to 0
[36m(RolloutGroup(rank=0) pid=25279)[0m videos shape torch.Size([16, 3, 4, 160, 320]) 33
[36m(RolloutGroup(rank=1) pid=25289)[0m language is None, reset current_start_frame to 0
[36m(RolloutGroup(rank=1) pid=25289)[0m videos shape torch.Size([16, 3, 4, 160, 320]) 33
[36m(RolloutGroup(rank=0) pid=25279)[0m Time taken: Total 4.44 seconds, Text Encoder 1.21 seconds, Image Encoder 1.05 seconds, VAE 0.00 seconds, KV Cache Creation 0.43 seconds, Diffusion 1.74 seconds, DIT Compute Steps 3 steps, Scheduler 0.01 seconds
[36m(RolloutGroup(rank=0) pid=25279)[0m language is None, reset current_start_frame to 0
[36m(RolloutGroup(rank=0) pid=25279)[0m videos shape torch.Size([16, 3, 4, 160, 320]) 33
[36m(RolloutGroup(rank=1) pid=25289)[0m Time taken: Total 4.45 seconds, Text Encoder 1.21 seconds, Image Encoder 1.06 seconds, VAE 0.00 seconds, KV Cache Creation 0.43 seconds, Diffusion 1.74 seconds, DIT Compute Steps 3 steps, Scheduler 0.01 seconds
[36m(RolloutGroup(rank=1) pid=25289)[0m language is None, reset current_start_frame to 0
[36m(RolloutGroup(rank=1) pid=25289)[0m videos shape torch.Size([16, 3, 4, 160, 320]) 33
[36m(RolloutGroup(rank=0) pid=25279)[0m Time taken: Total 4.45 seconds, Text Encoder 1.21 seconds, Image Encoder 1.05 seconds, VAE 0.00 seconds, KV Cache Creation 0.43 seconds, Diffusion 1.74 seconds, DIT Compute Steps 3 steps, Scheduler 0.01 seconds
[36m(RolloutGroup(rank=0) pid=25279)[0m language is None, reset current_start_frame to 0
[36m(RolloutGroup(rank=0) pid=25279)[0m videos shape torch.Size([16, 3, 4, 160, 320]) 33
[36m(RolloutGroup(rank=1) pid=25289)[0m Time taken: Total 4.45 seconds, Text Encoder 1.21 seconds, Image Encoder 1.06 seconds, VAE 0.00 seconds, KV Cache Creation 0.43 seconds, Diffusion 1.74 seconds, DIT Compute Steps 3 steps, Scheduler 0.01 seconds
[36m(RolloutGroup(rank=1) pid=25289)[0m language is None, reset current_start_frame to 0
[36m(RolloutGroup(rank=1) pid=25289)[0m videos shape torch.Size([16, 3, 4, 160, 320]) 33
[36m(RolloutGroup(rank=0) pid=25279)[0m Time taken: Total 4.45 seconds, Text Encoder 1.21 seconds, Image Encoder 1.05 seconds, VAE 0.00 seconds, KV Cache Creation 0.43 seconds, Diffusion 1.74 seconds, DIT Compute Steps 3 steps, Scheduler 0.01 seconds
[36m(RolloutGroup(rank=0) pid=25279)[0m language is None, reset current_start_frame to 0
[36m(RolloutGroup(rank=0) pid=25279)[0m videos shape torch.Size([16, 3, 4, 160, 320]) 33
[36m(RolloutGroup(rank=1) pid=25289)[0m Time taken: Total 4.45 seconds, Text Encoder 1.21 seconds, Image Encoder 1.06 seconds, VAE 0.00 seconds, KV Cache Creation 0.43 seconds, Diffusion 1.74 seconds, DIT Compute Steps 3 steps, Scheduler 0.01 seconds
[36m(RolloutGroup(rank=1) pid=25289)[0m language is None, reset current_start_frame to 0
[36m(RolloutGroup(rank=1) pid=25289)[0m videos shape torch.Size([16, 3, 4, 160, 320]) 33
[36m(RolloutGroup(rank=0) pid=25279)[0m Time taken: Total 4.45 seconds, Text Encoder 1.21 seconds, Image Encoder 1.05 seconds, VAE 0.00 seconds, KV Cache Creation 0.43 seconds, Diffusion 1.74 seconds, DIT Compute Steps 3 steps, Scheduler 0.01 seconds
[36m(RolloutGroup(rank=0) pid=25279)[0m language is None, reset current_start_frame to 0
[36m(RolloutGroup(rank=0) pid=25279)[0m videos shape torch.Size([16, 3, 4, 160, 320]) 33
[36m(RolloutGroup(rank=1) pid=25289)[0m Time taken: Total 4.45 seconds, Text Encoder 1.21 seconds, Image Encoder 1.06 seconds, VAE 0.00 seconds, KV Cache Creation 0.43 seconds, Diffusion 1.74 seconds, DIT Compute Steps 3 steps, Scheduler 0.01 seconds
[36m(RolloutGroup(rank=1) pid=25289)[0m language is None, reset current_start_frame to 0
[36m(RolloutGroup(rank=1) pid=25289)[0m videos shape torch.Size([16, 3, 4, 160, 320]) 33
[36m(RolloutGroup(rank=0) pid=25279)[0m Time taken: Total 4.45 seconds, Text Encoder 1.21 seconds, Image Encoder 1.05 seconds, VAE 0.00 seconds, KV Cache Creation 0.43 seconds, Diffusion 1.74 seconds, DIT Compute Steps 3 steps, Scheduler 0.01 seconds
[36m(RolloutGroup(rank=0) pid=25279)[0m language is None, reset current_start_frame to 0
[36m(RolloutGroup(rank=0) pid=25279)[0m videos shape torch.Size([16, 3, 4, 160, 320]) 33
[36m(RolloutGroup(rank=1) pid=25289)[0m Time taken: Total 4.45 seconds, Text Encoder 1.21 seconds, Image Encoder 1.06 seconds, VAE 0.00 seconds, KV Cache Creation 0.43 seconds, Diffusion 1.74 seconds, DIT Compute Steps 3 steps, Scheduler 0.01 seconds
[36m(RolloutGroup(rank=1) pid=25289)[0m language is None, reset current_start_frame to 0
[36m(RolloutGroup(rank=1) pid=25289)[0m videos shape torch.Size([16, 3, 4, 160, 320]) 33
[36m(RolloutGroup(rank=0) pid=25279)[0m Time taken: Total 4.45 seconds, Text Encoder 1.21 seconds, Image Encoder 1.05 seconds, VAE 0.00 seconds, KV Cache Creation 0.43 seconds, Diffusion 1.74 seconds, DIT Compute Steps 3 steps, Scheduler 0.01 seconds
[36m(RolloutGroup(rank=0) pid=25279)[0m language is None, reset current_start_frame to 0
[36m(RolloutGroup(rank=0) pid=25279)[0m videos shape torch.Size([16, 3, 4, 160, 320]) 33
[36m(RolloutGroup(rank=1) pid=25289)[0m Time taken: Total 4.45 seconds, Text Encoder 1.21 seconds, Image Encoder 1.06 seconds, VAE 0.00 seconds, KV Cache Creation 0.43 seconds, Diffusion 1.74 seconds, DIT Compute Steps 3 steps, Scheduler 0.01 seconds
[36m(RolloutGroup(rank=1) pid=25289)[0m language is None, reset current_start_frame to 0
[36m(RolloutGroup(rank=1) pid=25289)[0m videos shape torch.Size([16, 3, 4, 160, 320]) 33
[36m(RolloutGroup(rank=0) pid=25279)[0m Time taken: Total 4.45 seconds, Text Encoder 1.21 seconds, Image Encoder 1.05 seconds, VAE 0.00 seconds, KV Cache Creation 0.43 seconds, Diffusion 1.74 seconds, DIT Compute Steps 3 steps, Scheduler 0.01 seconds
[36m(RolloutGroup(rank=0) pid=25279)[0m language is None, reset current_start_frame to 0
[36m(RolloutGroup(rank=0) pid=25279)[0m videos shape torch.Size([16, 3, 4, 160, 320]) 33
[36m(RolloutGroup(rank=1) pid=25289)[0m Time taken: Total 4.45 seconds, Text Encoder 1.21 seconds, Image Encoder 1.06 seconds, VAE 0.00 seconds, KV Cache Creation 0.43 seconds, Diffusion 1.74 seconds, DIT Compute Steps 3 steps, Scheduler 0.01 seconds
[36m(RolloutGroup(rank=1) pid=25289)[0m language is None, reset current_start_frame to 0
[36m(RolloutGroup(rank=1) pid=25289)[0m videos shape torch.Size([16, 3, 4, 160, 320]) 33
[36m(RolloutGroup(rank=0) pid=25279)[0m Time taken: Total 4.45 seconds, Text Encoder 1.21 seconds, Image Encoder 1.05 seconds, VAE 0.00 seconds, KV Cache Creation 0.43 seconds, Diffusion 1.74 seconds, DIT Compute Steps 3 steps, Scheduler 0.01 seconds
[36m(RolloutGroup(rank=0) pid=25279)[0m language is None, reset current_start_frame to 0
[36m(RolloutGroup(rank=0) pid=25279)[0m videos shape torch.Size([16, 3, 4, 160, 320]) 33
[36m(RolloutGroup(rank=1) pid=25289)[0m Time taken: Total 4.45 seconds, Text Encoder 1.21 seconds, Image Encoder 1.06 seconds, VAE 0.00 seconds, KV Cache Creation 0.43 seconds, Diffusion 1.74 seconds, DIT Compute Steps 3 steps, Scheduler 0.01 seconds
[36m(RolloutGroup(rank=1) pid=25289)[0m language is None, reset current_start_frame to 0
[36m(RolloutGroup(rank=1) pid=25289)[0m videos shape torch.Size([16, 3, 4, 160, 320]) 33
[36m(RolloutGroup(rank=0) pid=25279)[0m Time taken: Total 4.45 seconds, Text Encoder 1.21 seconds, Image Encoder 1.05 seconds, VAE 0.00 seconds, KV Cache Creation 0.43 seconds, Diffusion 1.74 seconds, DIT Compute Steps 3 steps, Scheduler 0.01 seconds
[36m(RolloutGroup(rank=0) pid=25279)[0m language is None, reset current_start_frame to 0
[36m(RolloutGroup(rank=0) pid=25279)[0m videos shape torch.Size([16, 3, 4, 160, 320]) 33
[36m(RolloutGroup(rank=1) pid=25289)[0m Time taken: Total 4.45 seconds, Text Encoder 1.21 seconds, Image Encoder 1.06 seconds, VAE 0.00 seconds, KV Cache Creation 0.43 seconds, Diffusion 1.74 seconds, DIT Compute Steps 3 steps, Scheduler 0.01 seconds
[36m(RolloutGroup(rank=1) pid=25289)[0m language is None, reset current_start_frame to 0
[36m(RolloutGroup(rank=1) pid=25289)[0m videos shape torch.Size([16, 3, 4, 160, 320]) 33
[36m(RolloutGroup(rank=0) pid=25279)[0m Time taken: Total 4.45 seconds, Text Encoder 1.21 seconds, Image Encoder 1.05 seconds, VAE 0.00 seconds, KV Cache Creation 0.43 seconds, Diffusion 1.74 seconds, DIT Compute Steps 3 steps, Scheduler 0.01 seconds
[36m(RolloutGroup(rank=1) pid=25289)[0m Time taken: Total 4.45 seconds, Text Encoder 1.21 seconds, Image Encoder 1.06 seconds, VAE 0.00 seconds, KV Cache Creation 0.43 seconds, Diffusion 1.74 seconds, DIT Compute Steps 3 steps, Scheduler 0.01 seconds
[36m(RolloutGroup(rank=0) pid=25279)[0m language is None, reset current_start_frame to 0
[36m(RolloutGroup(rank=0) pid=25279)[0m videos shape torch.Size([16, 3, 4, 160, 320]) 33
[36m(RolloutGroup(rank=1) pid=25289)[0m language is None, reset current_start_frame to 0
[36m(RolloutGroup(rank=1) pid=25289)[0m videos shape torch.Size([16, 3, 4, 160, 320]) 33
[36m(RolloutGroup(rank=0) pid=25279)[0m Time taken: Total 4.44 seconds, Text Encoder 1.21 seconds, Image Encoder 1.05 seconds, VAE 0.00 seconds, KV Cache Creation 0.43 seconds, Diffusion 1.74 seconds, DIT Compute Steps 3 steps, Scheduler 0.01 seconds
[36m(RolloutGroup(rank=0) pid=25279)[0m language is None, reset current_start_frame to 0
[36m(RolloutGroup(rank=0) pid=25279)[0m videos shape torch.Size([16, 3, 4, 160, 320]) 33
[36m(RolloutGroup(rank=1) pid=25289)[0m Time taken: Total 4.45 seconds, Text Encoder 1.21 seconds, Image Encoder 1.06 seconds, VAE 0.00 seconds, KV Cache Creation 0.43 seconds, Diffusion 1.74 seconds, DIT Compute Steps 3 steps, Scheduler 0.01 seconds
[36m(RolloutGroup(rank=1) pid=25289)[0m language is None, reset current_start_frame to 0
[36m(RolloutGroup(rank=1) pid=25289)[0m videos shape torch.Size([16, 3, 4, 160, 320]) 33
[36m(RolloutGroup(rank=0) pid=25279)[0m Time taken: Total 4.44 seconds, Text Encoder 1.21 seconds, Image Encoder 1.05 seconds, VAE 0.00 seconds, KV Cache Creation 0.43 seconds, Diffusion 1.74 seconds, DIT Compute Steps 3 steps, Scheduler 0.01 seconds
[36m(RolloutGroup(rank=0) pid=25279)[0m language is None, reset current_start_frame to 0
[36m(RolloutGroup(rank=0) pid=25279)[0m videos shape torch.Size([16, 3, 4, 160, 320]) 33
[36m(RolloutGroup(rank=1) pid=25289)[0m Time taken: Total 4.45 seconds, Text Encoder 1.21 seconds, Image Encoder 1.06 seconds, VAE 0.00 seconds, KV Cache Creation 0.43 seconds, Diffusion 1.74 seconds, DIT Compute Steps 3 steps, Scheduler 0.01 seconds
[36m(RolloutGroup(rank=1) pid=25289)[0m language is None, reset current_start_frame to 0
[36m(RolloutGroup(rank=1) pid=25289)[0m videos shape torch.Size([16, 3, 4, 160, 320]) 33
[36m(RolloutGroup(rank=0) pid=25279)[0m Time taken: Total 4.45 seconds, Text Encoder 1.21 seconds, Image Encoder 1.05 seconds, VAE 0.00 seconds, KV Cache Creation 0.43 seconds, Diffusion 1.74 seconds, DIT Compute Steps 3 steps, Scheduler 0.01 seconds
[36m(RolloutGroup(rank=0) pid=25279)[0m language is None, reset current_start_frame to 0
[36m(RolloutGroup(rank=0) pid=25279)[0m videos shape torch.Size([16, 3, 4, 160, 320]) 33
[36m(RolloutGroup(rank=1) pid=25289)[0m Time taken: Total 4.45 seconds, Text Encoder 1.21 seconds, Image Encoder 1.06 seconds, VAE 0.00 seconds, KV Cache Creation 0.43 seconds, Diffusion 1.74 seconds, DIT Compute Steps 3 steps, Scheduler 0.01 seconds
[36m(RolloutGroup(rank=1) pid=25289)[0m language is None, reset current_start_frame to 0
[36m(RolloutGroup(rank=1) pid=25289)[0m videos shape torch.Size([16, 3, 4, 160, 320]) 33
[36m(RolloutGroup(rank=0) pid=25279)[0m Time taken: Total 4.44 seconds, Text Encoder 1.21 seconds, Image Encoder 1.05 seconds, VAE 0.00 seconds, KV Cache Creation 0.43 seconds, Diffusion 1.74 seconds, DIT Compute Steps 3 steps, Scheduler 0.01 seconds
[36m(RolloutGroup(rank=0) pid=25279)[0m language is None, reset current_start_frame to 0
[36m(RolloutGroup(rank=0) pid=25279)[0m videos shape torch.Size([16, 3, 4, 160, 320]) 33
[36m(RolloutGroup(rank=1) pid=25289)[0m Time taken: Total 4.45 seconds, Text Encoder 1.21 seconds, Image Encoder 1.06 seconds, VAE 0.00 seconds, KV Cache Creation 0.43 seconds, Diffusion 1.74 seconds, DIT Compute Steps 3 steps, Scheduler 0.01 seconds
[36m(RolloutGroup(rank=1) pid=25289)[0m language is None, reset current_start_frame to 0
[36m(RolloutGroup(rank=1) pid=25289)[0m videos shape torch.Size([16, 3, 4, 160, 320]) 33
[36m(RolloutGroup(rank=0) pid=25279)[0m Time taken: Total 4.45 seconds, Text Encoder 1.21 seconds, Image Encoder 1.05 seconds, VAE 0.00 seconds, KV Cache Creation 0.43 seconds, Diffusion 1.74 seconds, DIT Compute Steps 3 steps, Scheduler 0.01 seconds
[36m(RolloutGroup(rank=0) pid=25279)[0m language is None, reset current_start_frame to 0
[36m(RolloutGroup(rank=0) pid=25279)[0m videos shape torch.Size([16, 3, 4, 160, 320]) 33
[36m(RolloutGroup(rank=1) pid=25289)[0m Time taken: Total 4.45 seconds, Text Encoder 1.21 seconds, Image Encoder 1.06 seconds, VAE 0.00 seconds, KV Cache Creation 0.43 seconds, Diffusion 1.74 seconds, DIT Compute Steps 3 steps, Scheduler 0.01 seconds
[36m(RolloutGroup(rank=1) pid=25289)[0m language is None, reset current_start_frame to 0
[36m(RolloutGroup(rank=1) pid=25289)[0m videos shape torch.Size([16, 3, 4, 160, 320]) 33
[36m(RolloutGroup(rank=0) pid=25279)[0m Time taken: Total 4.45 seconds, Text Encoder 1.21 seconds, Image Encoder 1.05 seconds, VAE 0.00 seconds, KV Cache Creation 0.43 seconds, Diffusion 1.74 seconds, DIT Compute Steps 3 steps, Scheduler 0.01 seconds
[36m(RolloutGroup(rank=0) pid=25279)[0m language is None, reset current_start_frame to 0
[36m(RolloutGroup(rank=0) pid=25279)[0m videos shape torch.Size([16, 3, 4, 160, 320]) 33
[36m(RolloutGroup(rank=1) pid=25289)[0m Time taken: Total 4.45 seconds, Text Encoder 1.21 seconds, Image Encoder 1.06 seconds, VAE 0.00 seconds, KV Cache Creation 0.43 seconds, Diffusion 1.74 seconds, DIT Compute Steps 3 steps, Scheduler 0.01 seconds
[36m(RolloutGroup(rank=1) pid=25289)[0m language is None, reset current_start_frame to 0
[36m(RolloutGroup(rank=1) pid=25289)[0m videos shape torch.Size([16, 3, 4, 160, 320]) 33
[36m(RolloutGroup(rank=0) pid=25279)[0m Time taken: Total 4.45 seconds, Text Encoder 1.21 seconds, Image Encoder 1.06 seconds, VAE 0.00 seconds, KV Cache Creation 0.44 seconds, Diffusion 1.74 seconds, DIT Compute Steps 3 steps, Scheduler 0.01 seconds
[36m(RolloutGroup(rank=0) pid=25279)[0m language is None, reset current_start_frame to 0
[36m(RolloutGroup(rank=0) pid=25279)[0m videos shape torch.Size([16, 3, 4, 160, 320]) 33
[36m(RolloutGroup(rank=1) pid=25289)[0m Time taken: Total 4.45 seconds, Text Encoder 1.21 seconds, Image Encoder 1.06 seconds, VAE 0.00 seconds, KV Cache Creation 0.43 seconds, Diffusion 1.74 seconds, DIT Compute Steps 3 steps, Scheduler 0.01 seconds
[36m(RolloutGroup(rank=1) pid=25289)[0m language is None, reset current_start_frame to 0
[36m(RolloutGroup(rank=1) pid=25289)[0m videos shape torch.Size([16, 3, 4, 160, 320]) 33
[36m(RolloutGroup(rank=0) pid=25279)[0m Time taken: Total 4.45 seconds, Text Encoder 1.21 seconds, Image Encoder 1.06 seconds, VAE 0.00 seconds, KV Cache Creation 0.44 seconds, Diffusion 1.74 seconds, DIT Compute Steps 3 steps, Scheduler 0.01 seconds
[36m(RolloutGroup(rank=0) pid=25279)[0m language is None, reset current_start_frame to 0
[36m(RolloutGroup(rank=0) pid=25279)[0m videos shape torch.Size([16, 3, 4, 160, 320]) 33
[36m(RolloutGroup(rank=1) pid=25289)[0m Time taken: Total 4.45 seconds, Text Encoder 1.21 seconds, Image Encoder 1.06 seconds, VAE 0.00 seconds, KV Cache Creation 0.43 seconds, Diffusion 1.74 seconds, DIT Compute Steps 3 steps, Scheduler 0.01 seconds
[36m(RolloutGroup(rank=1) pid=25289)[0m language is None, reset current_start_frame to 0
[36m(RolloutGroup(rank=1) pid=25289)[0m videos shape torch.Size([16, 3, 4, 160, 320]) 33
[36m(RolloutGroup(rank=0) pid=25279)[0m Time taken: Total 4.45 seconds, Text Encoder 1.21 seconds, Image Encoder 1.05 seconds, VAE 0.00 seconds, KV Cache Creation 0.43 seconds, Diffusion 1.74 seconds, DIT Compute Steps 3 steps, Scheduler 0.01 seconds
[36m(RolloutGroup(rank=0) pid=25279)[0m language is None, reset current_start_frame to 0
[36m(RolloutGroup(rank=0) pid=25279)[0m videos shape torch.Size([16, 3, 4, 160, 320]) 33
[36m(RolloutGroup(rank=1) pid=25289)[0m Time taken: Total 4.45 seconds, Text Encoder 1.21 seconds, Image Encoder 1.06 seconds, VAE 0.00 seconds, KV Cache Creation 0.43 seconds, Diffusion 1.74 seconds, DIT Compute Steps 3 steps, Scheduler 0.01 seconds
[36m(RolloutGroup(rank=1) pid=25289)[0m language is None, reset current_start_frame to 0
[36m(RolloutGroup(rank=1) pid=25289)[0m videos shape torch.Size([16, 3, 4, 160, 320]) 33
[36m(RolloutGroup(rank=0) pid=25279)[0m Time taken: Total 4.45 seconds, Text Encoder 1.21 seconds, Image Encoder 1.05 seconds, VAE 0.00 seconds, KV Cache Creation 0.43 seconds, Diffusion 1.74 seconds, DIT Compute Steps 3 steps, Scheduler 0.01 seconds
[36m(RolloutGroup(rank=1) pid=25289)[0m Time taken: Total 4.45 seconds, Text Encoder 1.21 seconds, Image Encoder 1.06 seconds, VAE 0.00 seconds, KV Cache Creation 0.43 seconds, Diffusion 1.74 seconds, DIT Compute Steps 3 steps, Scheduler 0.01 seconds
[36m(RolloutGroup(rank=0) pid=25279)[0m language is None, reset current_start_frame to 0
[36m(RolloutGroup(rank=0) pid=25279)[0m videos shape torch.Size([16, 3, 4, 160, 320]) 33
[36m(RolloutGroup(rank=1) pid=25289)[0m language is None, reset current_start_frame to 0
[36m(RolloutGroup(rank=1) pid=25289)[0m videos shape torch.Size([16, 3, 4, 160, 320]) 33
[36m(RolloutGroup(rank=0) pid=25279)[0m Time taken: Total 4.44 seconds, Text Encoder 1.21 seconds, Image Encoder 1.05 seconds, VAE 0.00 seconds, KV Cache Creation 0.43 seconds, Diffusion 1.74 seconds, DIT Compute Steps 3 steps, Scheduler 0.01 seconds
[36m(RolloutGroup(rank=0) pid=25279)[0m language is None, reset current_start_frame to 0
[36m(RolloutGroup(rank=0) pid=25279)[0m videos shape torch.Size([16, 3, 4, 160, 320]) 33
[36m(RolloutGroup(rank=1) pid=25289)[0m Time taken: Total 4.45 seconds, Text Encoder 1.21 seconds, Image Encoder 1.06 seconds, VAE 0.00 seconds, KV Cache Creation 0.43 seconds, Diffusion 1.74 seconds, DIT Compute Steps 3 steps, Scheduler 0.01 seconds[36m(RolloutGroup(rank=0) pid=25279)[0m Generating Rollout Epochs: 100%|██████████| 1/1 [07:13<00:00, 433.62s/it]Generating Rollout Epochs: 100%|██████████| 1/1 [07:13<00:00, 433.62s/it]

[36m(RolloutGroup(rank=1) pid=25289)[0m language is None, reset current_start_frame to 0
[36m(RolloutGroup(rank=1) pid=25289)[0m videos shape torch.Size([16, 3, 4, 160, 320]) 33
[36m(RolloutGroup(rank=0) pid=25279)[0m Time taken: Total 4.45 seconds, Text Encoder 1.21 seconds, Image Encoder 1.05 seconds, VAE 0.00 seconds, KV Cache Creation 0.43 seconds, Diffusion 1.74 seconds, DIT Compute Steps 3 steps, Scheduler 0.01 seconds
[36m(RolloutGroup(rank=0) pid=25279)[0m language is None, reset current_start_frame to 0
[36m(RolloutGroup(rank=0) pid=25279)[0m videos shape torch.Size([16, 3, 4, 160, 320]) 33
[36m(RolloutGroup(rank=1) pid=25289)[0m Time taken: Total 4.45 seconds, Text Encoder 1.21 seconds, Image Encoder 1.06 seconds, VAE 0.00 seconds, KV Cache Creation 0.43 seconds, Diffusion 1.74 seconds, DIT Compute Steps 3 steps, Scheduler 0.01 seconds
[36m(RolloutGroup(rank=1) pid=25289)[0m language is None, reset current_start_frame to 0
[36m(RolloutGroup(rank=1) pid=25289)[0m videos shape torch.Size([16, 3, 4, 160, 320]) 33
[36m(RolloutGroup(rank=0) pid=25279)[0m Time taken: Total 4.45 seconds, Text Encoder 1.21 seconds, Image Encoder 1.05 seconds, VAE 0.00 seconds, KV Cache Creation 0.43 seconds, Diffusion 1.74 seconds, DIT Compute Steps 3 steps, Scheduler 0.01 seconds
[36m(RolloutGroup(rank=0) pid=25279)[0m language is None, reset current_start_frame to 0
[36m(RolloutGroup(rank=0) pid=25279)[0m videos shape torch.Size([16, 3, 4, 160, 320]) 33
[36m(RolloutGroup(rank=1) pid=25289)[0m Time taken: Total 4.45 seconds, Text Encoder 1.21 seconds, Image Encoder 1.06 seconds, VAE 0.00 seconds, KV Cache Creation 0.43 seconds, Diffusion 1.74 seconds, DIT Compute Steps 3 steps, Scheduler 0.01 seconds
[36m(RolloutGroup(rank=1) pid=25289)[0m language is None, reset current_start_frame to 0
[36m(RolloutGroup(rank=1) pid=25289)[0m videos shape torch.Size([16, 3, 4, 160, 320]) 33
[36m(RolloutGroup(rank=0) pid=25279)[0m Time taken: Total 4.44 seconds, Text Encoder 1.21 seconds, Image Encoder 1.05 seconds, VAE 0.00 seconds, KV Cache Creation 0.43 seconds, Diffusion 1.74 seconds, DIT Compute Steps 3 steps, Scheduler 0.01 seconds
[36m(RolloutGroup(rank=0) pid=25279)[0m language is None, reset current_start_frame to 0
[36m(RolloutGroup(rank=0) pid=25279)[0m videos shape torch.Size([16, 3, 4, 160, 320]) 33
[36m(RolloutGroup(rank=1) pid=25289)[0m Time taken: Total 4.45 seconds, Text Encoder 1.21 seconds, Image Encoder 1.06 seconds, VAE 0.00 seconds, KV Cache Creation 0.43 seconds, Diffusion 1.74 seconds, DIT Compute Steps 3 steps, Scheduler 0.01 seconds
[36m(RolloutGroup(rank=1) pid=25289)[0m language is None, reset current_start_frame to 0
[36m(RolloutGroup(rank=1) pid=25289)[0m videos shape torch.Size([16, 3, 4, 160, 320]) 33
[36m(RolloutGroup(rank=0) pid=25279)[0m Time taken: Total 4.44 seconds, Text Encoder 1.21 seconds, Image Encoder 1.05 seconds, VAE 0.00 seconds, KV Cache Creation 0.43 seconds, Diffusion 1.74 seconds, DIT Compute Steps 3 steps, Scheduler 0.01 seconds
[36m(RolloutGroup(rank=0) pid=25279)[0m language is None, reset current_start_frame to 0
[36m(RolloutGroup(rank=0) pid=25279)[0m videos shape torch.Size([16, 3, 4, 160, 320]) 33
[36m(RolloutGroup(rank=1) pid=25289)[0m Time taken: Total 4.45 seconds, Text Encoder 1.21 seconds, Image Encoder 1.06 seconds, VAE 0.00 seconds, KV Cache Creation 0.43 seconds, Diffusion 1.74 seconds, DIT Compute Steps 3 steps, Scheduler 0.01 seconds
[36m(RolloutGroup(rank=1) pid=25289)[0m language is None, reset current_start_frame to 0
[36m(RolloutGroup(rank=1) pid=25289)[0m videos shape torch.Size([16, 3, 4, 160, 320]) 33
[36m(RolloutGroup(rank=0) pid=25279)[0m Time taken: Total 4.44 seconds, Text Encoder 1.21 seconds, Image Encoder 1.05 seconds, VAE 0.00 seconds, KV Cache Creation 0.43 seconds, Diffusion 1.74 seconds, DIT Compute Steps 3 steps, Scheduler 0.01 seconds
[36m(RolloutGroup(rank=0) pid=25279)[0m language is None, reset current_start_frame to 0
[36m(RolloutGroup(rank=0) pid=25279)[0m videos shape torch.Size([16, 3, 4, 160, 320]) 33
[36m(RolloutGroup(rank=1) pid=25289)[0m Time taken: Total 4.45 seconds, Text Encoder 1.21 seconds, Image Encoder 1.06 seconds, VAE 0.00 seconds, KV Cache Creation 0.43 seconds, Diffusion 1.74 seconds, DIT Compute Steps 3 steps, Scheduler 0.01 seconds
[36m(RolloutGroup(rank=1) pid=25289)[0m language is None, reset current_start_frame to 0
[36m(RolloutGroup(rank=1) pid=25289)[0m videos shape torch.Size([16, 3, 4, 160, 320]) 33
[36m(RolloutGroup(rank=0) pid=25279)[0m Time taken: Total 4.45 seconds, Text Encoder 1.21 seconds, Image Encoder 1.05 seconds, VAE 0.00 seconds, KV Cache Creation 0.43 seconds, Diffusion 1.74 seconds, DIT Compute Steps 3 steps, Scheduler 0.01 seconds
[36m(RolloutGroup(rank=0) pid=25279)[0m language is None, reset current_start_frame to 0
[36m(RolloutGroup(rank=0) pid=25279)[0m videos shape torch.Size([16, 3, 4, 160, 320]) 33
[36m(RolloutGroup(rank=1) pid=25289)[0m Time taken: Total 4.45 seconds, Text Encoder 1.21 seconds, Image Encoder 1.06 seconds, VAE 0.00 seconds, KV Cache Creation 0.43 seconds, Diffusion 1.74 seconds, DIT Compute Steps 3 steps, Scheduler 0.01 seconds
[36m(RolloutGroup(rank=1) pid=25289)[0m language is None, reset current_start_frame to 0
[36m(RolloutGroup(rank=1) pid=25289)[0m videos shape torch.Size([16, 3, 4, 160, 320]) 33
[36m(RolloutGroup(rank=0) pid=25279)[0m Time taken: Total 4.45 seconds, Text Encoder 1.21 seconds, Image Encoder 1.05 seconds, VAE 0.00 seconds, KV Cache Creation 0.43 seconds, Diffusion 1.74 seconds, DIT Compute Steps 3 steps, Scheduler 0.01 seconds
[36m(RolloutGroup(rank=0) pid=25279)[0m language is None, reset current_start_frame to 0
[36m(RolloutGroup(rank=0) pid=25279)[0m videos shape torch.Size([16, 3, 4, 160, 320]) 33
[36m(RolloutGroup(rank=1) pid=25289)[0m Time taken: Total 4.45 seconds, Text Encoder 1.21 seconds, Image Encoder 1.06 seconds, VAE 0.00 seconds, KV Cache Creation 0.43 seconds, Diffusion 1.74 seconds, DIT Compute Steps 3 steps, Scheduler 0.01 seconds
[36m(RolloutGroup(rank=1) pid=25289)[0m language is None, reset current_start_frame to 0
[36m(RolloutGroup(rank=1) pid=25289)[0m videos shape torch.Size([16, 3, 4, 160, 320]) 33
[36m(RolloutGroup(rank=0) pid=25279)[0m Time taken: Total 4.44 seconds, Text Encoder 1.21 seconds, Image Encoder 1.05 seconds, VAE 0.00 seconds, KV Cache Creation 0.43 seconds, Diffusion 1.74 seconds, DIT Compute Steps 3 steps, Scheduler 0.01 seconds
[36m(RolloutGroup(rank=0) pid=25279)[0m language is None, reset current_start_frame to 0
[36m(RolloutGroup(rank=0) pid=25279)[0m videos shape torch.Size([16, 3, 4, 160, 320]) 33
[36m(RolloutGroup(rank=1) pid=25289)[0m Time taken: Total 4.45 seconds, Text Encoder 1.21 seconds, Image Encoder 1.06 seconds, VAE 0.00 seconds, KV Cache Creation 0.43 seconds, Diffusion 1.74 seconds, DIT Compute Steps 3 steps, Scheduler 0.01 seconds
[36m(RolloutGroup(rank=1) pid=25289)[0m language is None, reset current_start_frame to 0
[36m(RolloutGroup(rank=1) pid=25289)[0m videos shape torch.Size([16, 3, 4, 160, 320]) 33
[36m(RolloutGroup(rank=0) pid=25279)[0m Time taken: Total 4.45 seconds, Text Encoder 1.21 seconds, Image Encoder 1.05 seconds, VAE 0.00 seconds, KV Cache Creation 0.43 seconds, Diffusion 1.74 seconds, DIT Compute Steps 3 steps, Scheduler 0.01 seconds
[36m(RolloutGroup(rank=1) pid=25289)[0m Time taken: Total 4.45 seconds, Text Encoder 1.21 seconds, Image Encoder 1.06 seconds, VAE 0.00 seconds, KV Cache Creation 0.43 seconds, Diffusion 1.74 seconds, DIT Compute Steps 3 steps, Scheduler 0.01 seconds
[36m(ActorGroup(rank=0) pid=25267)[0m [INFO 15:02:10 ActorGroup-Rank-0][fsdp_actor_worker.py:1726] actor training: start rollout_size_per_rank=64 global_batch_size=64 batch_size_per_rank=16 micro_batch_size=1 gradient_accumulation=16 update_epoch=1 global_batches_per_rank=4 micro_batches_per_global=16 total_micro_batches_per_rank=64
[36m(ActorGroup(rank=0) pid=25267)[0m [INFO 15:02:10 ActorGroup-Rank-0][fsdp_actor_worker.py:1774] actor training: micro-batch start 1/64 epoch=1/1 global_batch=1/4 micro=1/16
[36m(ActorGroup(rank=1) pid=25268)[0m language is None, reset current_start_frame to 0
[36m(ActorGroup(rank=1) pid=25268)[0m videos shape torch.Size([1, 3, 4, 160, 320]) 33
[36m(ActorGroup(rank=0) pid=25267)[0m language is None, reset current_start_frame to 0
[36m(ActorGroup(rank=0) pid=25267)[0m videos shape torch.Size([1, 3, 4, 160, 320]) 33
[36m(ActorGroup(rank=2) pid=25269)[0m language is None, reset current_start_frame to 0
[36m(ActorGroup(rank=2) pid=25269)[0m videos shape torch.Size([1, 3, 4, 160, 320]) 33
[36m(ActorGroup(rank=3) pid=25271)[0m language is None, reset current_start_frame to 0
[36m(ActorGroup(rank=3) pid=25271)[0m videos shape torch.Size([1, 3, 4, 160, 320]) 33
[36m(ActorGroup(rank=0) pid=25267)[0m Time taken: Total 5.04 seconds, Text Encoder 0.25 seconds, Image Encoder 0.13 seconds, VAE 0.00 seconds, KV Cache Creation 1.08 seconds, Diffusion 3.57 seconds, DIT Compute Steps 3 steps, Scheduler 0.01 seconds
[36m(ActorGroup(rank=0) pid=25267)[0m [INFO 15:02:15 ActorGroup-Rank-0][fsdp_actor_worker.py:1844] actor training: model forward done 1/64 elapsed=5.21s
[36m(ActorGroup(rank=1) pid=25268)[0m Time taken: Total 5.05 seconds, Text Encoder 0.25 seconds, Image Encoder 0.14 seconds, VAE 0.00 seconds, KV Cache Creation 1.08 seconds, Diffusion 3.57 seconds, DIT Compute Steps 3 steps, Scheduler 0.01 seconds
[36m(ActorGroup(rank=2) pid=25269)[0m Time taken: Total 5.04 seconds, Text Encoder 0.24 seconds, Image Encoder 0.14 seconds, VAE 0.00 seconds, KV Cache Creation 1.08 seconds, Diffusion 3.57 seconds, DIT Compute Steps 3 steps, Scheduler 0.01 seconds
[36m(ActorGroup(rank=3) pid=25271)[0m Time taken: Total 5.04 seconds, Text Encoder 0.25 seconds, Image Encoder 0.13 seconds, VAE 0.00 seconds, KV Cache Creation 1.08 seconds, Diffusion 3.57 seconds, DIT Compute Steps 3 steps, Scheduler 0.01 seconds
[36m(ActorGroup(rank=0) pid=25267)[0m [INFO 15:02:17 ActorGroup-Rank-0][fsdp_actor_worker.py:1980] actor training: backward done 1/64 elapsed=1.98s
[36m(ActorGroup(rank=0) pid=25267)[0m language is None, reset current_start_frame to 0
[36m(ActorGroup(rank=0) pid=25267)[0m videos shape torch.Size([1, 3, 4, 160, 320]) 33
[36m(ActorGroup(rank=1) pid=25268)[0m language is None, reset current_start_frame to 0
[36m(ActorGroup(rank=1) pid=25268)[0m videos shape torch.Size([1, 3, 4, 160, 320]) 33
[36m(ActorGroup(rank=2) pid=25269)[0m language is None, reset current_start_frame to 0
[36m(ActorGroup(rank=2) pid=25269)[0m videos shape torch.Size([1, 3, 4, 160, 320]) 33
[36m(ActorGroup(rank=3) pid=25271)[0m language is None, reset current_start_frame to 0
[36m(ActorGroup(rank=3) pid=25271)[0m videos shape torch.Size([1, 3, 4, 160, 320]) 33
[36m(ActorGroup(rank=0) pid=25267)[0m Time taken: Total 4.51 seconds, Text Encoder 0.16 seconds, Image Encoder 0.13 seconds, VAE 0.00 seconds, KV Cache Creation 1.05 seconds, Diffusion 3.15 seconds, DIT Compute Steps 3 steps, Scheduler 0.01 seconds
[36m(ActorGroup(rank=1) pid=25268)[0m Time taken: Total 4.51 seconds, Text Encoder 0.16 seconds, Image Encoder 0.13 seconds, VAE 0.00 seconds, KV Cache Creation 1.05 seconds, Diffusion 3.15 seconds, DIT Compute Steps 3 steps, Scheduler 0.01 seconds
[36m(ActorGroup(rank=2) pid=25269)[0m Time taken: Total 4.51 seconds, Text Encoder 0.17 seconds, Image Encoder 0.13 seconds, VAE 0.00 seconds, KV Cache Creation 1.05 seconds, Diffusion 3.15 seconds, DIT Compute Steps 3 steps, Scheduler 0.01 seconds
[36m(ActorGroup(rank=3) pid=25271)[0m Time taken: Total 4.51 seconds, Text Encoder 0.17 seconds, Image Encoder 0.13 seconds, VAE 0.00 seconds, KV Cache Creation 1.05 seconds, Diffusion 3.15 seconds, DIT Compute Steps 3 steps, Scheduler 0.01 seconds
[36m(ActorGroup(rank=0) pid=25267)[0m language is None, reset current_start_frame to 0
[36m(ActorGroup(rank=0) pid=25267)[0m videos shape torch.Size([1, 3, 4, 160, 320]) 33
[36m(ActorGroup(rank=1) pid=25268)[0m language is None, reset current_start_frame to 0
[36m(ActorGroup(rank=1) pid=25268)[0m videos shape torch.Size([1, 3, 4, 160, 320]) 33
[36m(ActorGroup(rank=2) pid=25269)[0m language is None, reset current_start_frame to 0
[36m(ActorGroup(rank=2) pid=25269)[0m videos shape torch.Size([1, 3, 4, 160, 320]) 33
[36m(ActorGroup(rank=3) pid=25271)[0m language is None, reset current_start_frame to 0
[36m(ActorGroup(rank=3) pid=25271)[0m videos shape torch.Size([1, 3, 4, 160, 320]) 33
[36m(ActorGroup(rank=0) pid=25267)[0m Time taken: Total 4.47 seconds, Text Encoder 0.17 seconds, Image Encoder 0.13 seconds, VAE 0.00 seconds, KV Cache Creation 1.06 seconds, Diffusion 3.10 seconds, DIT Compute Steps 3 steps, Scheduler 0.01 seconds
[36m(ActorGroup(rank=1) pid=25268)[0m Time taken: Total 4.47 seconds, Text Encoder 0.17 seconds, Image Encoder 0.13 seconds, VAE 0.00 seconds, KV Cache Creation 1.05 seconds, Diffusion 3.10 seconds, DIT Compute Steps 3 steps, Scheduler 0.01 seconds
[36m(ActorGroup(rank=2) pid=25269)[0m Time taken: Total 4.47 seconds, Text Encoder 0.16 seconds, Image Encoder 0.13 seconds, VAE 0.00 seconds, KV Cache Creation 1.06 seconds, Diffusion 3.10 seconds, DIT Compute Steps 3 steps, Scheduler 0.01 seconds
[36m(ActorGroup(rank=3) pid=25271)[0m Time taken: Total 4.47 seconds, Text Encoder 0.16 seconds, Image Encoder 0.13 seconds, VAE 0.00 seconds, KV Cache Creation 1.06 seconds, Diffusion 3.10 seconds, DIT Compute Steps 3 steps, Scheduler 0.01 seconds
[36m(ActorGroup(rank=0) pid=25267)[0m [INFO 15:02:30 ActorGroup-Rank-0][fsdp_actor_worker.py:1774] actor training: micro-batch start 4/64 epoch=1/1 global_batch=1/4 micro=4/16
[36m(ActorGroup(rank=0) pid=25267)[0m language is None, reset current_start_frame to 0
[36m(ActorGroup(rank=0) pid=25267)[0m videos shape torch.Size([1, 3, 4, 160, 320]) 33
[36m(ActorGroup(rank=1) pid=25268)[0m language is None, reset current_start_frame to 0
[36m(ActorGroup(rank=1) pid=25268)[0m videos shape torch.Size([1, 3, 4, 160, 320]) 33
[36m(ActorGroup(rank=2) pid=25269)[0m language is None, reset current_start_frame to 0
[36m(ActorGroup(rank=2) pid=25269)[0m videos shape torch.Size([1, 3, 4, 160, 320]) 33
[36m(ActorGroup(rank=3) pid=25271)[0m language is None, reset current_start_frame to 0
[36m(ActorGroup(rank=3) pid=25271)[0m videos shape torch.Size([1, 3, 4, 160, 320]) 33
[36m(ActorGroup(rank=0) pid=25267)[0m Time taken: Total 4.86 seconds, Text Encoder 0.16 seconds, Image Encoder 0.13 seconds, VAE 0.00 seconds, KV Cache Creation 1.05 seconds, Diffusion 3.50 seconds, DIT Compute Steps 3 steps, Scheduler 0.01 seconds
[36m(ActorGroup(rank=0) pid=25267)[0m [INFO 15:02:35 ActorGroup-Rank-0][fsdp_actor_worker.py:1844] actor training: model forward done 4/64 elapsed=4.95s
[36m(ActorGroup(rank=1) pid=25268)[0m Time taken: Total 4.86 seconds, Text Encoder 0.16 seconds, Image Encoder 0.13 seconds, VAE 0.00 seconds, KV Cache Creation 1.05 seconds, Diffusion 3.50 seconds, DIT Compute Steps 3 steps, Scheduler 0.01 seconds
[36m(ActorGroup(rank=2) pid=25269)[0m Time taken: Total 4.86 seconds, Text Encoder 0.16 seconds, Image Encoder 0.13 seconds, VAE 0.00 seconds, KV Cache Creation 1.05 seconds, Diffusion 3.50 seconds, DIT Compute Steps 3 steps, Scheduler 0.01 seconds
[36m(ActorGroup(rank=3) pid=25271)[0m Time taken: Total 4.86 seconds, Text Encoder 0.16 seconds, Image Encoder 0.13 seconds, VAE 0.00 seconds, KV Cache Creation 1.05 seconds, Diffusion 3.50 seconds, DIT Compute Steps 3 steps, Scheduler 0.01 seconds
[36m(ActorGroup(rank=0) pid=25267)[0m [INFO 15:02:37 ActorGroup-Rank-0][fsdp_actor_worker.py:1980] actor training: backward done 4/64 elapsed=1.96s
[36m(ActorGroup(rank=0) pid=25267)[0m language is None, reset current_start_frame to 0
[36m(ActorGroup(rank=0) pid=25267)[0m videos shape torch.Size([1, 3, 4, 160, 320]) 33
[36m(ActorGroup(rank=1) pid=25268)[0m language is None, reset current_start_frame to 0
[36m(ActorGroup(rank=1) pid=25268)[0m videos shape torch.Size([1, 3, 4, 160, 320]) 33
[36m(ActorGroup(rank=2) pid=25269)[0m language is None, reset current_start_frame to 0
[36m(ActorGroup(rank=2) pid=25269)[0m videos shape torch.Size([1, 3, 4, 160, 320]) 33
[36m(ActorGroup(rank=3) pid=25271)[0m language is None, reset current_start_frame to 0
[36m(ActorGroup(rank=3) pid=25271)[0m videos shape torch.Size([1, 3, 4, 160, 320]) 33
[36m(ActorGroup(rank=0) pid=25267)[0m Time taken: Total 4.48 seconds, Text Encoder 0.16 seconds, Image Encoder 0.13 seconds, VAE 0.00 seconds, KV Cache Creation 1.06 seconds, Diffusion 3.11 seconds, DIT Compute Steps 3 steps, Scheduler 0.01 seconds
[36m(ActorGroup(rank=1) pid=25268)[0m Time taken: Total 4.48 seconds, Text Encoder 0.17 seconds, Image Encoder 0.13 seconds, VAE 0.00 seconds, KV Cache Creation 1.06 seconds, Diffusion 3.11 seconds, DIT Compute Steps 3 steps, Scheduler 0.01 seconds
[36m(ActorGroup(rank=2) pid=25269)[0m Time taken: Total 4.48 seconds, Text Encoder 0.17 seconds, Image Encoder 0.13 seconds, VAE 0.00 seconds, KV Cache Creation 1.06 seconds, Diffusion 3.11 seconds, DIT Compute Steps 3 steps, Scheduler 0.01 seconds
[36m(ActorGroup(rank=3) pid=25271)[0m Time taken: Total 4.48 seconds, Text Encoder 0.17 seconds, Image Encoder 0.13 seconds, VAE 0.00 seconds, KV Cache Creation 1.06 seconds, Diffusion 3.11 seconds, DIT Compute Steps 3 steps, Scheduler 0.01 seconds
[36m(ActorGroup(rank=0) pid=25267)[0m language is None, reset current_start_frame to 0
[36m(ActorGroup(rank=0) pid=25267)[0m videos shape torch.Size([1, 3, 4, 160, 320]) 33
[36m(ActorGroup(rank=1) pid=25268)[0m language is None, reset current_start_frame to 0
[36m(ActorGroup(rank=1) pid=25268)[0m videos shape torch.Size([1, 3, 4, 160, 320]) 33
[36m(ActorGroup(rank=2) pid=25269)[0m language is None, reset current_start_frame to 0
[36m(ActorGroup(rank=2) pid=25269)[0m videos shape torch.Size([1, 3, 4, 160, 320]) 33
[36m(ActorGroup(rank=3) pid=25271)[0m language is None, reset current_start_frame to 0
[36m(ActorGroup(rank=3) pid=25271)[0m videos shape torch.Size([1, 3, 4, 160, 320]) 33
[36m(ActorGroup(rank=0) pid=25267)[0m Time taken: Total 4.50 seconds, Text Encoder 0.17 seconds, Image Encoder 0.13 seconds, VAE 0.00 seconds, KV Cache Creation 1.06 seconds, Diffusion 3.13 seconds, DIT Compute Steps 3 steps, Scheduler 0.01 seconds
[36m(ActorGroup(rank=1) pid=25268)[0m Time taken: Total 4.50 seconds, Text Encoder 0.17 seconds, Image Encoder 0.14 seconds, VAE 0.00 seconds, KV Cache Creation 1.06 seconds, Diffusion 3.13 seconds, DIT Compute Steps 3 steps, Scheduler 0.01 seconds
[36m(ActorGroup(rank=2) pid=25269)[0m Time taken: Total 4.50 seconds, Text Encoder 0.17 seconds, Image Encoder 0.14 seconds, VAE 0.00 seconds, KV Cache Creation 1.06 seconds, Diffusion 3.13 seconds, DIT Compute Steps 3 steps, Scheduler 0.01 seconds
[36m(ActorGroup(rank=3) pid=25271)[0m Time taken: Total 4.50 seconds, Text Encoder 0.17 seconds, Image Encoder 0.13 seconds, VAE 0.00 seconds, KV Cache Creation 1.06 seconds, Diffusion 3.13 seconds, DIT Compute Steps 3 steps, Scheduler 0.01 seconds
[36m(ActorGroup(rank=0) pid=25267)[0m language is None, reset current_start_frame to 0
[36m(ActorGroup(rank=0) pid=25267)[0m videos shape torch.Size([1, 3, 4, 160, 320]) 33
[36m(ActorGroup(rank=1) pid=25268)[0m language is None, reset current_start_frame to 0
[36m(ActorGroup(rank=1) pid=25268)[0m videos shape torch.Size([1, 3, 4, 160, 320]) 33
[36m(ActorGroup(rank=2) pid=25269)[0m language is None, reset current_start_frame to 0
[36m(ActorGroup(rank=2) pid=25269)[0m videos shape torch.Size([1, 3, 4, 160, 320]) 33
[36m(ActorGroup(rank=3) pid=25271)[0m language is None, reset current_start_frame to 0
[36m(ActorGroup(rank=3) pid=25271)[0m videos shape torch.Size([1, 3, 4, 160, 320]) 33
[36m(ActorGroup(rank=0) pid=25267)[0m Time taken: Total 4.52 seconds, Text Encoder 0.16 seconds, Image Encoder 0.14 seconds, VAE 0.00 seconds, KV Cache Creation 1.06 seconds, Diffusion 3.14 seconds, DIT Compute Steps 3 steps, Scheduler 0.01 seconds
[36m(ActorGroup(rank=1) pid=25268)[0m Time taken: Total 4.52 seconds, Text Encoder 0.17 seconds, Image Encoder 0.14 seconds, VAE 0.00 seconds, KV Cache Creation 1.06 seconds, Diffusion 3.14 seconds, DIT Compute Steps 3 steps, Scheduler 0.01 seconds
[36m(ActorGroup(rank=2) pid=25269)[0m Time taken: Total 4.52 seconds, Text Encoder 0.16 seconds, Image Encoder 0.14 seconds, VAE 0.00 seconds, KV Cache Creation 1.06 seconds, Diffusion 3.14 seconds, DIT Compute Steps 3 steps, Scheduler 0.01 seconds
[36m(ActorGroup(rank=3) pid=25271)[0m Time taken: Total 4.52 seconds, Text Encoder 0.17 seconds, Image Encoder 0.14 seconds, VAE 0.00 seconds, KV Cache Creation 1.06 seconds, Diffusion 3.14 seconds, DIT Compute Steps 3 steps, Scheduler 0.01 seconds
[36m(ActorGroup(rank=0) pid=25267)[0m [INFO 15:02:57 ActorGroup-Rank-0][fsdp_actor_worker.py:1774] actor training: micro-batch start 8/64 epoch=1/1 global_batch=1/4 micro=8/16
[36m(ActorGroup(rank=0) pid=25267)[0m language is None, reset current_start_frame to 0
[36m(ActorGroup(rank=0) pid=25267)[0m videos shape torch.Size([1, 3, 4, 160, 320]) 33
[36m(ActorGroup(rank=1) pid=25268)[0m language is None, reset current_start_frame to 0
[36m(ActorGroup(rank=1) pid=25268)[0m videos shape torch.Size([1, 3, 4, 160, 320]) 33
[36m(ActorGroup(rank=2) pid=25269)[0m language is None, reset current_start_frame to 0
[36m(ActorGroup(rank=2) pid=25269)[0m videos shape torch.Size([1, 3, 4, 160, 320]) 33
[36m(ActorGroup(rank=3) pid=25271)[0m language is None, reset current_start_frame to 0
[36m(ActorGroup(rank=3) pid=25271)[0m videos shape torch.Size([1, 3, 4, 160, 320]) 33
[36m(ActorGroup(rank=0) pid=25267)[0m Time taken: Total 4.51 seconds, Text Encoder 0.17 seconds, Image Encoder 0.13 seconds, VAE 0.00 seconds, KV Cache Creation 1.07 seconds, Diffusion 3.13 seconds, DIT Compute Steps 3 steps, Scheduler 0.01 seconds
[36m(ActorGroup(rank=0) pid=25267)[0m [INFO 15:03:02 ActorGroup-Rank-0][fsdp_actor_worker.py:1844] actor training: model forward done 8/64 elapsed=4.60s
[36m(ActorGroup(rank=1) pid=25268)[0m Time taken: Total 4.51 seconds, Text Encoder 0.16 seconds, Image Encoder 0.14 seconds, VAE 0.00 seconds, KV Cache Creation 1.06 seconds, Diffusion 3.13 seconds, DIT Compute Steps 3 steps, Scheduler 0.01 seconds
[36m(ActorGroup(rank=2) pid=25269)[0m Time taken: Total 4.51 seconds, Text Encoder 0.17 seconds, Image Encoder 0.13 seconds, VAE 0.00 seconds, KV Cache Creation 1.07 seconds, Diffusion 3.13 seconds, DIT Compute Steps 3 steps, Scheduler 0.01 seconds
[36m(ActorGroup(rank=3) pid=25271)[0m Time taken: Total 4.51 seconds, Text Encoder 0.17 seconds, Image Encoder 0.13 seconds, VAE 0.00 seconds, KV Cache Creation 1.07 seconds, Diffusion 3.13 seconds, DIT Compute Steps 3 steps, Scheduler 0.01 seconds
[36m(ActorGroup(rank=0) pid=25267)[0m [INFO 15:03:04 ActorGroup-Rank-0][fsdp_actor_worker.py:1980] actor training: backward done 8/64 elapsed=1.98s
[36m(ActorGroup(rank=0) pid=25267)[0m language is None, reset current_start_frame to 0
[36m(ActorGroup(rank=0) pid=25267)[0m videos shape torch.Size([1, 3, 4, 160, 320]) 33
[36m(ActorGroup(rank=1) pid=25268)[0m language is None, reset current_start_frame to 0
[36m(ActorGroup(rank=1) pid=25268)[0m videos shape torch.Size([1, 3, 4, 160, 320]) 33
[36m(ActorGroup(rank=2) pid=25269)[0m language is None, reset current_start_frame to 0
[36m(ActorGroup(rank=2) pid=25269)[0m videos shape torch.Size([1, 3, 4, 160, 320]) 33
[36m(ActorGroup(rank=3) pid=25271)[0m language is None, reset current_start_frame to 0
[36m(ActorGroup(rank=3) pid=25271)[0m videos shape torch.Size([1, 3, 4, 160, 320]) 33
[36m(ActorGroup(rank=0) pid=25267)[0m Time taken: Total 4.83 seconds, Text Encoder 0.17 seconds, Image Encoder 0.14 seconds, VAE 0.00 seconds, KV Cache Creation 1.37 seconds, Diffusion 3.14 seconds, DIT Compute Steps 3 steps, Scheduler 0.01 seconds
[36m(ActorGroup(rank=1) pid=25268)[0m Time taken: Total 4.83 seconds, Text Encoder 0.16 seconds, Image Encoder 0.14 seconds, VAE 0.00 seconds, KV Cache Creation 1.37 seconds, Diffusion 3.14 seconds, DIT Compute Steps 3 steps, Scheduler 0.01 seconds
[36m(ActorGroup(rank=2) pid=25269)[0m Time taken: Total 4.83 seconds, Text Encoder 0.17 seconds, Image Encoder 0.14 seconds, VAE 0.00 seconds, KV Cache Creation 1.37 seconds, Diffusion 3.14 seconds, DIT Compute Steps 3 steps, Scheduler 0.01 seconds
[36m(ActorGroup(rank=3) pid=25271)[0m Time taken: Total 4.83 seconds, Text Encoder 0.17 seconds, Image Encoder 0.14 seconds, VAE 0.00 seconds, KV Cache Creation 1.37 seconds, Diffusion 3.14 seconds, DIT Compute Steps 3 steps, Scheduler 0.01 seconds
[36m(ActorGroup(rank=0) pid=25267)[0m language is None, reset current_start_frame to 0
[36m(ActorGroup(rank=0) pid=25267)[0m videos shape torch.Size([1, 3, 4, 160, 320]) 33
[36m(ActorGroup(rank=1) pid=25268)[0m language is None, reset current_start_frame to 0
[36m(ActorGroup(rank=1) pid=25268)[0m videos shape torch.Size([1, 3, 4, 160, 320]) 33
[36m(ActorGroup(rank=2) pid=25269)[0m language is None, reset current_start_frame to 0
[36m(ActorGroup(rank=2) pid=25269)[0m videos shape torch.Size([1, 3, 4, 160, 320]) 33
[36m(ActorGroup(rank=3) pid=25271)[0m language is None, reset current_start_frame to 0
[36m(ActorGroup(rank=3) pid=25271)[0m videos shape torch.Size([1, 3, 4, 160, 320]) 33
[36m(ActorGroup(rank=0) pid=25267)[0m Time taken: Total 4.51 seconds, Text Encoder 0.17 seconds, Image Encoder 0.14 seconds, VAE 0.00 seconds, KV Cache Creation 1.06 seconds, Diffusion 3.14 seconds, DIT Compute Steps 3 steps, Scheduler 0.01 seconds
[36m(ActorGroup(rank=1) pid=25268)[0m Time taken: Total 4.51 seconds, Text Encoder 0.17 seconds, Image Encoder 0.14 seconds, VAE 0.00 seconds, KV Cache Creation 1.06 seconds, Diffusion 3.14 seconds, DIT Compute Steps 3 steps, Scheduler 0.01 seconds
[36m(ActorGroup(rank=2) pid=25269)[0m Time taken: Total 4.51 seconds, Text Encoder 0.17 seconds, Image Encoder 0.14 seconds, VAE 0.00 seconds, KV Cache Creation 1.06 seconds, Diffusion 3.14 seconds, DIT Compute Steps 3 steps, Scheduler 0.01 seconds
[36m(ActorGroup(rank=3) pid=25271)[0m Time taken: Total 4.51 seconds, Text Encoder 0.17 seconds, Image Encoder 0.14 seconds, VAE 0.00 seconds, KV Cache Creation 1.06 seconds, Diffusion 3.14 seconds, DIT Compute Steps 3 steps, Scheduler 0.01 seconds
[36m(ActorGroup(rank=0) pid=25267)[0m language is None, reset current_start_frame to 0
[36m(ActorGroup(rank=0) pid=25267)[0m videos shape torch.Size([1, 3, 4, 160, 320]) 33
[36m(ActorGroup(rank=1) pid=25268)[0m language is None, reset current_start_frame to 0
[36m(ActorGroup(rank=1) pid=25268)[0m videos shape torch.Size([1, 3, 4, 160, 320]) 33
[36m(ActorGroup(rank=2) pid=25269)[0m language is None, reset current_start_frame to 0
[36m(ActorGroup(rank=2) pid=25269)[0m videos shape torch.Size([1, 3, 4, 160, 320]) 33
[36m(ActorGroup(rank=3) pid=25271)[0m language is None, reset current_start_frame to 0
[36m(ActorGroup(rank=3) pid=25271)[0m videos shape torch.Size([1, 3, 4, 160, 320]) 33
[36m(ActorGroup(rank=0) pid=25267)[0m Time taken: Total 4.55 seconds, Text Encoder 0.17 seconds, Image Encoder 0.14 seconds, VAE 0.00 seconds, KV Cache Creation 1.06 seconds, Diffusion 3.17 seconds, DIT Compute Steps 3 steps, Scheduler 0.01 seconds
[36m(ActorGroup(rank=1) pid=25268)[0m Time taken: Total 4.55 seconds, Text Encoder 0.17 seconds, Image Encoder 0.14 seconds, VAE 0.00 seconds, KV Cache Creation 1.07 seconds, Diffusion 3.17 seconds, DIT Compute Steps 3 steps, Scheduler 0.01 seconds
[36m(ActorGroup(rank=2) pid=25269)[0m Time taken: Total 4.55 seconds, Text Encoder 0.17 seconds, Image Encoder 0.14 seconds, VAE 0.00 seconds, KV Cache Creation 1.07 seconds, Diffusion 3.17 seconds, DIT Compute Steps 3 steps, Scheduler 0.01 seconds
[36m(ActorGroup(rank=3) pid=25271)[0m Time taken: Total 4.55 seconds, Text Encoder 0.17 seconds, Image Encoder 0.14 seconds, VAE 0.00 seconds, KV Cache Creation 1.07 seconds, Diffusion 3.17 seconds, DIT Compute Steps 3 steps, Scheduler 0.01 seconds
[36m(ActorGroup(rank=0) pid=25267)[0m [INFO 15:03:24 ActorGroup-Rank-0][fsdp_actor_worker.py:1774] actor training: micro-batch start 12/64 epoch=1/1 global_batch=1/4 micro=12/16
[36m(ActorGroup(rank=0) pid=25267)[0m language is None, reset current_start_frame to 0
[36m(ActorGroup(rank=0) pid=25267)[0m videos shape torch.Size([1, 3, 4, 160, 320]) 33
[36m(ActorGroup(rank=1) pid=25268)[0m language is None, reset current_start_frame to 0
[36m(ActorGroup(rank=1) pid=25268)[0m videos shape torch.Size([1, 3, 4, 160, 320]) 33
[36m(ActorGroup(rank=2) pid=25269)[0m language is None, reset current_start_frame to 0
[36m(ActorGroup(rank=2) pid=25269)[0m videos shape torch.Size([1, 3, 4, 160, 320]) 33
[36m(ActorGroup(rank=3) pid=25271)[0m language is None, reset current_start_frame to 0
[36m(ActorGroup(rank=3) pid=25271)[0m videos shape torch.Size([1, 3, 4, 160, 320]) 33
[36m(ActorGroup(rank=0) pid=25267)[0m Time taken: Total 4.57 seconds, Text Encoder 0.17 seconds, Image Encoder 0.14 seconds, VAE 0.00 seconds, KV Cache Creation 1.07 seconds, Diffusion 3.19 seconds, DIT Compute Steps 3 steps, Scheduler 0.01 seconds
[36m(ActorGroup(rank=0) pid=25267)[0m [INFO 15:03:29 ActorGroup-Rank-0][fsdp_actor_worker.py:1844] actor training: model forward done 12/64 elapsed=4.66s
[36m(ActorGroup(rank=1) pid=25268)[0m Time taken: Total 4.57 seconds, Text Encoder 0.17 seconds, Image Encoder 0.14 seconds, VAE 0.00 seconds, KV Cache Creation 1.07 seconds, Diffusion 3.19 seconds, DIT Compute Steps 3 steps, Scheduler 0.01 seconds
[36m(ActorGroup(rank=2) pid=25269)[0m Time taken: Total 4.57 seconds, Text Encoder 0.17 seconds, Image Encoder 0.14 seconds, VAE 0.00 seconds, KV Cache Creation 1.07 seconds, Diffusion 3.19 seconds, DIT Compute Steps 3 steps, Scheduler 0.01 seconds
[36m(ActorGroup(rank=3) pid=25271)[0m Time taken: Total 4.57 seconds, Text Encoder 0.17 seconds, Image Encoder 0.14 seconds, VAE 0.00 seconds, KV Cache Creation 1.07 seconds, Diffusion 3.19 seconds, DIT Compute Steps 3 steps, Scheduler 0.01 seconds
[36m(ActorGroup(rank=0) pid=25267)[0m [INFO 15:03:31 ActorGroup-Rank-0][fsdp_actor_worker.py:1980] actor training: backward done 12/64 elapsed=1.98s
[36m(ActorGroup(rank=0) pid=25267)[0m language is None, reset current_start_frame to 0
[36m(ActorGroup(rank=0) pid=25267)[0m videos shape torch.Size([1, 3, 4, 160, 320]) 33
[36m(ActorGroup(rank=1) pid=25268)[0m language is None, reset current_start_frame to 0
[36m(ActorGroup(rank=1) pid=25268)[0m videos shape torch.Size([1, 3, 4, 160, 320]) 33
[36m(ActorGroup(rank=2) pid=25269)[0m language is None, reset current_start_frame to 0
[36m(ActorGroup(rank=2) pid=25269)[0m videos shape torch.Size([1, 3, 4, 160, 320]) 33
[36m(ActorGroup(rank=3) pid=25271)[0m language is None, reset current_start_frame to 0
[36m(ActorGroup(rank=3) pid=25271)[0m videos shape torch.Size([1, 3, 4, 160, 320]) 33
[36m(ActorGroup(rank=0) pid=25267)[0m Time taken: Total 4.90 seconds, Text Encoder 0.17 seconds, Image Encoder 0.14 seconds, VAE 0.00 seconds, KV Cache Creation 1.06 seconds, Diffusion 3.52 seconds, DIT Compute Steps 3 steps, Scheduler 0.01 seconds
[36m(ActorGroup(rank=1) pid=25268)[0m Time taken: Total 4.90 seconds, Text Encoder 0.17 seconds, Image Encoder 0.14 seconds, VAE 0.00 seconds, KV Cache Creation 1.06 seconds, Diffusion 3.52 seconds, DIT Compute Steps 3 steps, Scheduler 0.01 seconds
[36m(ActorGroup(rank=2) pid=25269)[0m Time taken: Total 4.91 seconds, Text Encoder 0.17 seconds, Image Encoder 0.14 seconds, VAE 0.00 seconds, KV Cache Creation 1.06 seconds, Diffusion 3.52 seconds, DIT Compute Steps 3 steps, Scheduler 0.01 seconds
[36m(ActorGroup(rank=3) pid=25271)[0m Time taken: Total 4.91 seconds, Text Encoder 0.17 seconds, Image Encoder 0.14 seconds, VAE 0.00 seconds, KV Cache Creation 1.06 seconds, Diffusion 3.52 seconds, DIT Compute Steps 3 steps, Scheduler 0.01 seconds
[36m(ActorGroup(rank=0) pid=25267)[0m language is None, reset current_start_frame to 0
[36m(ActorGroup(rank=0) pid=25267)[0m videos shape torch.Size([1, 3, 4, 160, 320]) 33
[36m(ActorGroup(rank=1) pid=25268)[0m language is None, reset current_start_frame to 0
[36m(ActorGroup(rank=1) pid=25268)[0m videos shape torch.Size([1, 3, 4, 160, 320]) 33
[36m(ActorGroup(rank=2) pid=25269)[0m language is None, reset current_start_frame to 0
[36m(ActorGroup(rank=2) pid=25269)[0m videos shape torch.Size([1, 3, 4, 160, 320]) 33
[36m(ActorGroup(rank=3) pid=25271)[0m language is None, reset current_start_frame to 0
[36m(ActorGroup(rank=3) pid=25271)[0m videos shape torch.Size([1, 3, 4, 160, 320]) 33
[36m(ActorGroup(rank=0) pid=25267)[0m Time taken: Total 4.51 seconds, Text Encoder 0.17 seconds, Image Encoder 0.14 seconds, VAE 0.00 seconds, KV Cache Creation 1.06 seconds, Diffusion 3.13 seconds, DIT Compute Steps 3 steps, Scheduler 0.01 seconds
[36m(ActorGroup(rank=1) pid=25268)[0m Time taken: Total 4.51 seconds, Text Encoder 0.16 seconds, Image Encoder 0.14 seconds, VAE 0.00 seconds, KV Cache Creation 1.07 seconds, Diffusion 3.13 seconds, DIT Compute Steps 3 steps, Scheduler 0.01 seconds
[36m(ActorGroup(rank=2) pid=25269)[0m Time taken: Total 4.51 seconds, Text Encoder 0.17 seconds, Image Encoder 0.14 seconds, VAE 0.00 seconds, KV Cache Creation 1.06 seconds, Diffusion 3.13 seconds, DIT Compute Steps 3 steps, Scheduler 0.01 seconds
[36m(ActorGroup(rank=3) pid=25271)[0m Time taken: Total 4.51 seconds, Text Encoder 0.16 seconds, Image Encoder 0.14 seconds, VAE 0.00 seconds, KV Cache Creation 1.06 seconds, Diffusion 3.13 seconds, DIT Compute Steps 3 steps, Scheduler 0.01 seconds
[36m(ActorGroup(rank=0) pid=25267)[0m language is None, reset current_start_frame to 0
[36m(ActorGroup(rank=0) pid=25267)[0m videos shape torch.Size([1, 3, 4, 160, 320]) 33
[36m(ActorGroup(rank=1) pid=25268)[0m language is None, reset current_start_frame to 0
[36m(ActorGroup(rank=1) pid=25268)[0m videos shape torch.Size([1, 3, 4, 160, 320]) 33
[36m(ActorGroup(rank=2) pid=25269)[0m language is None, reset current_start_frame to 0
[36m(ActorGroup(rank=2) pid=25269)[0m videos shape torch.Size([1, 3, 4, 160, 320]) 33
[36m(ActorGroup(rank=3) pid=25271)[0m language is None, reset current_start_frame to 0
[36m(ActorGroup(rank=3) pid=25271)[0m videos shape torch.Size([1, 3, 4, 160, 320]) 33
[36m(ActorGroup(rank=0) pid=25267)[0m Time taken: Total 4.58 seconds, Text Encoder 0.17 seconds, Image Encoder 0.14 seconds, VAE 0.00 seconds, KV Cache Creation 1.07 seconds, Diffusion 3.20 seconds, DIT Compute Steps 3 steps, Scheduler 0.01 seconds
[36m(ActorGroup(rank=1) pid=25268)[0m Time taken: Total 4.58 seconds, Text Encoder 0.17 seconds, Image Encoder 0.14 seconds, VAE 0.00 seconds, KV Cache Creation 1.07 seconds, Diffusion 3.20 seconds, DIT Compute Steps 3 steps, Scheduler 0.01 seconds
[36m(ActorGroup(rank=2) pid=25269)[0m Time taken: Total 4.58 seconds, Text Encoder 0.17 seconds, Image Encoder 0.14 seconds, VAE 0.00 seconds, KV Cache Creation 1.07 seconds, Diffusion 3.20 seconds, DIT Compute Steps 3 steps, Scheduler 0.01 seconds
[36m(ActorGroup(rank=3) pid=25271)[0m Time taken: Total 4.58 seconds, Text Encoder 0.17 seconds, Image Encoder 0.14 seconds, VAE 0.00 seconds, KV Cache Creation 1.07 seconds, Diffusion 3.20 seconds, DIT Compute Steps 3 steps, Scheduler 0.01 seconds
[36m(ActorGroup(rank=0) pid=25267)[0m [INFO 15:03:51 ActorGroup-Rank-0][fsdp_actor_worker.py:1774] actor training: micro-batch start 16/64 epoch=1/1 global_batch=1/4 micro=16/16
[36m(ActorGroup(rank=0) pid=25267)[0m language is None, reset current_start_frame to 0
[36m(ActorGroup(rank=0) pid=25267)[0m videos shape torch.Size([1, 3, 4, 160, 320]) 33
[36m(ActorGroup(rank=1) pid=25268)[0m language is None, reset current_start_frame to 0
[36m(ActorGroup(rank=1) pid=25268)[0m videos shape torch.Size([1, 3, 4, 160, 320]) 33
[36m(ActorGroup(rank=2) pid=25269)[0m language is None, reset current_start_frame to 0
[36m(ActorGroup(rank=2) pid=25269)[0m videos shape torch.Size([1, 3, 4, 160, 320]) 33
[36m(ActorGroup(rank=3) pid=25271)[0m language is None, reset current_start_frame to 0
[36m(ActorGroup(rank=3) pid=25271)[0m videos shape torch.Size([1, 3, 4, 160, 320]) 33
[36m(ActorGroup(rank=0) pid=25267)[0m Time taken: Total 4.53 seconds, Text Encoder 0.17 seconds, Image Encoder 0.14 seconds, VAE 0.00 seconds, KV Cache Creation 1.06 seconds, Diffusion 3.15 seconds, DIT Compute Steps 3 steps, Scheduler 0.01 seconds
[36m(ActorGroup(rank=0) pid=25267)[0m [INFO 15:03:56 ActorGroup-Rank-0][fsdp_actor_worker.py:1844] actor training: model forward done 16/64 elapsed=4.62s
[36m(ActorGroup(rank=1) pid=25268)[0m Time taken: Total 4.53 seconds, Text Encoder 0.17 seconds, Image Encoder 0.14 seconds, VAE 0.00 seconds, KV Cache Creation 1.06 seconds, Diffusion 3.15 seconds, DIT Compute Steps 3 steps, Scheduler 0.01 seconds
[36m(ActorGroup(rank=2) pid=25269)[0m Time taken: Total 4.53 seconds, Text Encoder 0.17 seconds, Image Encoder 0.14 seconds, VAE 0.00 seconds, KV Cache Creation 1.06 seconds, Diffusion 3.15 seconds, DIT Compute Steps 3 steps, Scheduler 0.01 seconds
[36m(ActorGroup(rank=3) pid=25271)[0m Time taken: Total 4.53 seconds, Text Encoder 0.17 seconds, Image Encoder 0.14 seconds, VAE 0.00 seconds, KV Cache Creation 1.06 seconds, Diffusion 3.15 seconds, DIT Compute Steps 3 steps, Scheduler 0.01 seconds
[36m(ActorGroup(rank=0) pid=25267)[0m [INFO 15:03:58 ActorGroup-Rank-0][fsdp_actor_worker.py:1980] actor training: backward done 16/64 elapsed=2.13s
[36m(ActorGroup(rank=0) pid=25267)[0m [INFO 15:03:58 ActorGroup-Rank-0][fsdp_actor_worker.py:2001] actor training: global batch done 1/4 epoch=1/1 elapsed=108.36s
[36m(ActorGroup(rank=0) pid=25267)[0m [INFO 15:03:59 ActorGroup-Rank-0][fsdp_actor_worker.py:2014] actor training: empty_cache done global_batch=1/4 elapsed=0.84s
[36m(ActorGroup(rank=0) pid=25267)[0m [INFO 15:03:59 ActorGroup-Rank-0][fsdp_actor_worker.py:2031] actor training: optimizer step done global_batch=1/4 grad_norm=67.3736 elapsed=0.11s
[36m(ActorGroup(rank=0) pid=25267)[0m language is None, reset current_start_frame to 0
[36m(ActorGroup(rank=0) pid=25267)[0m videos shape torch.Size([1, 3, 4, 160, 320]) 33
[36m(ActorGroup(rank=1) pid=25268)[0m language is None, reset current_start_frame to 0
[36m(ActorGroup(rank=1) pid=25268)[0m videos shape torch.Size([1, 3, 4, 160, 320]) 33
[36m(ActorGroup(rank=2) pid=25269)[0m language is None, reset current_start_frame to 0
[36m(ActorGroup(rank=2) pid=25269)[0m videos shape torch.Size([1, 3, 4, 160, 320]) 33
[36m(ActorGroup(rank=3) pid=25271)[0m language is None, reset current_start_frame to 0
[36m(ActorGroup(rank=3) pid=25271)[0m videos shape torch.Size([1, 3, 4, 160, 320]) 33
[36m(ActorGroup(rank=0) pid=25267)[0m Time taken: Total 5.38 seconds, Text Encoder 0.20 seconds, Image Encoder 0.13 seconds, VAE 0.00 seconds, KV Cache Creation 1.11 seconds, Diffusion 3.93 seconds, DIT Compute Steps 3 steps, Scheduler 0.01 seconds
[36m(ActorGroup(rank=1) pid=25268)[0m Time taken: Total 5.38 seconds, Text Encoder 0.20 seconds, Image Encoder 0.14 seconds, VAE 0.00 seconds, KV Cache Creation 1.11 seconds, Diffusion 3.93 seconds, DIT Compute Steps 3 steps, Scheduler 0.01 seconds
[36m(ActorGroup(rank=2) pid=25269)[0m Time taken: Total 5.38 seconds, Text Encoder 0.20 seconds, Image Encoder 0.14 seconds, VAE 0.00 seconds, KV Cache Creation 1.11 seconds, Diffusion 3.93 seconds, DIT Compute Steps 3 steps, Scheduler 0.01 seconds
[36m(ActorGroup(rank=3) pid=25271)[0m Time taken: Total 5.38 seconds, Text Encoder 0.20 seconds, Image Encoder 0.14 seconds, VAE 0.00 seconds, KV Cache Creation 1.11 seconds, Diffusion 3.93 seconds, DIT Compute Steps 3 steps, Scheduler 0.01 seconds
[36m(ActorGroup(rank=0) pid=25267)[0m language is None, reset current_start_frame to 0
[36m(ActorGroup(rank=0) pid=25267)[0m videos shape torch.Size([1, 3, 4, 160, 320]) 33
[36m(ActorGroup(rank=1) pid=25268)[0m language is None, reset current_start_frame to 0
[36m(ActorGroup(rank=1) pid=25268)[0m videos shape torch.Size([1, 3, 4, 160, 320]) 33
[36m(ActorGroup(rank=2) pid=25269)[0m language is None, reset current_start_frame to 0
[36m(ActorGroup(rank=2) pid=25269)[0m videos shape torch.Size([1, 3, 4, 160, 320]) 33
[36m(ActorGroup(rank=3) pid=25271)[0m language is None, reset current_start_frame to 0
[36m(ActorGroup(rank=3) pid=25271)[0m videos shape torch.Size([1, 3, 4, 160, 320]) 33
[36m(ActorGroup(rank=0) pid=25267)[0m Time taken: Total 4.53 seconds, Text Encoder 0.17 seconds, Image Encoder 0.14 seconds, VAE 0.00 seconds, KV Cache Creation 1.06 seconds, Diffusion 3.15 seconds, DIT Compute Steps 3 steps, Scheduler 0.01 seconds
[36m(ActorGroup(rank=1) pid=25268)[0m Time taken: Total 4.53 seconds, Text Encoder 0.17 seconds, Image Encoder 0.14 seconds, VAE 0.00 seconds, KV Cache Creation 1.06 seconds, Diffusion 3.15 seconds, DIT Compute Steps 3 steps, Scheduler 0.01 seconds
[36m(ActorGroup(rank=2) pid=25269)[0m Time taken: Total 4.53 seconds, Text Encoder 0.17 seconds, Image Encoder 0.14 seconds, VAE 0.00 seconds, KV Cache Creation 1.06 seconds, Diffusion 3.15 seconds, DIT Compute Steps 3 steps, Scheduler 0.01 seconds
[36m(ActorGroup(rank=3) pid=25271)[0m Time taken: Total 4.53 seconds, Text Encoder 0.17 seconds, Image Encoder 0.14 seconds, VAE 0.00 seconds, KV Cache Creation 1.06 seconds, Diffusion 3.15 seconds, DIT Compute Steps 3 steps, Scheduler 0.01 seconds
[36m(ActorGroup(rank=0) pid=25267)[0m language is None, reset current_start_frame to 0
[36m(ActorGroup(rank=0) pid=25267)[0m videos shape torch.Size([1, 3, 4, 160, 320]) 33
[36m(ActorGroup(rank=1) pid=25268)[0m language is None, reset current_start_frame to 0
[36m(ActorGroup(rank=1) pid=25268)[0m videos shape torch.Size([1, 3, 4, 160, 320]) 33
[36m(ActorGroup(rank=2) pid=25269)[0m language is None, reset current_start_frame to 0
[36m(ActorGroup(rank=2) pid=25269)[0m videos shape torch.Size([1, 3, 4, 160, 320]) 33
[36m(ActorGroup(rank=3) pid=25271)[0m language is None, reset current_start_frame to 0
[36m(ActorGroup(rank=3) pid=25271)[0m videos shape torch.Size([1, 3, 4, 160, 320]) 33
[36m(ActorGroup(rank=0) pid=25267)[0m Time taken: Total 4.52 seconds, Text Encoder 0.16 seconds, Image Encoder 0.14 seconds, VAE 0.00 seconds, KV Cache Creation 1.06 seconds, Diffusion 3.14 seconds, DIT Compute Steps 3 steps, Scheduler 0.01 seconds
[36m(ActorGroup(rank=1) pid=25268)[0m Time taken: Total 4.52 seconds, Text Encoder 0.17 seconds, Image Encoder 0.14 seconds, VAE 0.00 seconds, KV Cache Creation 1.06 seconds, Diffusion 3.14 seconds, DIT Compute Steps 3 steps, Scheduler 0.01 seconds
[36m(ActorGroup(rank=2) pid=25269)[0m Time taken: Total 4.52 seconds, Text Encoder 0.16 seconds, Image Encoder 0.14 seconds, VAE 0.00 seconds, KV Cache Creation 1.06 seconds, Diffusion 3.14 seconds, DIT Compute Steps 3 steps, Scheduler 0.01 seconds
[36m(ActorGroup(rank=3) pid=25271)[0m Time taken: Total 4.52 seconds, Text Encoder 0.17 seconds, Image Encoder 0.14 seconds, VAE 0.00 seconds, KV Cache Creation 1.06 seconds, Diffusion 3.14 seconds, DIT Compute Steps 3 steps, Scheduler 0.01 seconds
[36m(ActorGroup(rank=0) pid=25267)[0m [INFO 15:04:20 ActorGroup-Rank-0][fsdp_actor_worker.py:1774] actor training: micro-batch start 20/64 epoch=1/1 global_batch=2/4 micro=4/16
[36m(ActorGroup(rank=0) pid=25267)[0m language is None, reset current_start_frame to 0
[36m(ActorGroup(rank=0) pid=25267)[0m videos shape torch.Size([1, 3, 4, 160, 320]) 33
[36m(ActorGroup(rank=1) pid=25268)[0m language is None, reset current_start_frame to 0
[36m(ActorGroup(rank=1) pid=25268)[0m videos shape torch.Size([1, 3, 4, 160, 320]) 33
[36m(ActorGroup(rank=2) pid=25269)[0m language is None, reset current_start_frame to 0
[36m(ActorGroup(rank=2) pid=25269)[0m videos shape torch.Size([1, 3, 4, 160, 320]) 33
[36m(ActorGroup(rank=3) pid=25271)[0m language is None, reset current_start_frame to 0
[36m(ActorGroup(rank=3) pid=25271)[0m videos shape torch.Size([1, 3, 4, 160, 320]) 33
[36m(ActorGroup(rank=0) pid=25267)[0m Time taken: Total 4.51 seconds, Text Encoder 0.17 seconds, Image Encoder 0.14 seconds, VAE 0.00 seconds, KV Cache Creation 1.06 seconds, Diffusion 3.13 seconds, DIT Compute Steps 3 steps, Scheduler 0.01 seconds
[36m(ActorGroup(rank=0) pid=25267)[0m [INFO 15:04:25 ActorGroup-Rank-0][fsdp_actor_worker.py:1844] actor training: model forward done 20/64 elapsed=4.65s
[36m(ActorGroup(rank=1) pid=25268)[0m Time taken: Total 4.51 seconds, Text Encoder 0.17 seconds, Image Encoder 0.14 seconds, VAE 0.00 seconds, KV Cache Creation 1.06 seconds, Diffusion 3.13 seconds, DIT Compute Steps 3 steps, Scheduler 0.01 seconds
[36m(ActorGroup(rank=2) pid=25269)[0m Time taken: Total 4.51 seconds, Text Encoder 0.17 seconds, Image Encoder 0.14 seconds, VAE 0.00 seconds, KV Cache Creation 1.06 seconds, Diffusion 3.13 seconds, DIT Compute Steps 3 steps, Scheduler 0.01 seconds
[36m(ActorGroup(rank=3) pid=25271)[0m Time taken: Total 4.51 seconds, Text Encoder 0.17 seconds, Image Encoder 0.14 seconds, VAE 0.00 seconds, KV Cache Creation 1.06 seconds, Diffusion 3.13 seconds, DIT Compute Steps 3 steps, Scheduler 0.01 seconds
[36m(ActorGroup(rank=0) pid=25267)[0m [INFO 15:04:27 ActorGroup-Rank-0][fsdp_actor_worker.py:1980] actor training: backward done 20/64 elapsed=1.97s
[36m(ActorGroup(rank=0) pid=25267)[0m language is None, reset current_start_frame to 0
[36m(ActorGroup(rank=0) pid=25267)[0m videos shape torch.Size([1, 3, 4, 160, 320]) 33
[36m(ActorGroup(rank=1) pid=25268)[0m language is None, reset current_start_frame to 0
[36m(ActorGroup(rank=1) pid=25268)[0m videos shape torch.Size([1, 3, 4, 160, 320]) 33
[36m(ActorGroup(rank=2) pid=25269)[0m language is None, reset current_start_frame to 0
[36m(ActorGroup(rank=2) pid=25269)[0m videos shape torch.Size([1, 3, 4, 160, 320]) 33
[36m(ActorGroup(rank=3) pid=25271)[0m language is None, reset current_start_frame to 0
[36m(ActorGroup(rank=3) pid=25271)[0m videos shape torch.Size([1, 3, 4, 160, 320]) 33
[36m(ActorGroup(rank=0) pid=25267)[0m Time taken: Total 4.84 seconds, Text Encoder 0.17 seconds, Image Encoder 0.14 seconds, VAE 0.00 seconds, KV Cache Creation 1.06 seconds, Diffusion 3.46 seconds, DIT Compute Steps 3 steps, Scheduler 0.01 seconds
[36m(ActorGroup(rank=1) pid=25268)[0m Time taken: Total 4.84 seconds, Text Encoder 0.17 seconds, Image Encoder 0.14 seconds, VAE 0.00 seconds, KV Cache Creation 1.06 seconds, Diffusion 3.46 seconds, DIT Compute Steps 3 steps, Scheduler 0.01 seconds
[36m(ActorGroup(rank=2) pid=25269)[0m Time taken: Total 4.84 seconds, Text Encoder 0.17 seconds, Image Encoder 0.14 seconds, VAE 0.00 seconds, KV Cache Creation 1.06 seconds, Diffusion 3.46 seconds, DIT Compute Steps 3 steps, Scheduler 0.01 seconds
[36m(ActorGroup(rank=3) pid=25271)[0m Time taken: Total 4.84 seconds, Text Encoder 0.17 seconds, Image Encoder 0.14 seconds, VAE 0.00 seconds, KV Cache Creation 1.06 seconds, Diffusion 3.46 seconds, DIT Compute Steps 3 steps, Scheduler 0.01 seconds
[36m(ActorGroup(rank=0) pid=25267)[0m language is None, reset current_start_frame to 0
[36m(ActorGroup(rank=0) pid=25267)[0m videos shape torch.Size([1, 3, 4, 160, 320]) 33
[36m(ActorGroup(rank=1) pid=25268)[0m language is None, reset current_start_frame to 0
[36m(ActorGroup(rank=1) pid=25268)[0m videos shape torch.Size([1, 3, 4, 160, 320]) 33
[36m(ActorGroup(rank=2) pid=25269)[0m language is None, reset current_start_frame to 0
[36m(ActorGroup(rank=2) pid=25269)[0m videos shape torch.Size([1, 3, 4, 160, 320]) 33
[36m(ActorGroup(rank=3) pid=25271)[0m language is None, reset current_start_frame to 0
[36m(ActorGroup(rank=3) pid=25271)[0m videos shape torch.Size([1, 3, 4, 160, 320]) 33
[36m(ActorGroup(rank=0) pid=25267)[0m Time taken: Total 4.52 seconds, Text Encoder 0.17 seconds, Image Encoder 0.14 seconds, VAE 0.00 seconds, KV Cache Creation 1.06 seconds, Diffusion 3.14 seconds, DIT Compute Steps 3 steps, Scheduler 0.01 seconds
[36m(ActorGroup(rank=1) pid=25268)[0m Time taken: Total 4.52 seconds, Text Encoder 0.17 seconds, Image Encoder 0.14 seconds, VAE 0.00 seconds, KV Cache Creation 1.06 seconds, Diffusion 3.14 seconds, DIT Compute Steps 3 steps, Scheduler 0.01 seconds
[36m(ActorGroup(rank=2) pid=25269)[0m Time taken: Total 4.52 seconds, Text Encoder 0.17 seconds, Image Encoder 0.14 seconds, VAE 0.00 seconds, KV Cache Creation 1.06 seconds, Diffusion 3.14 seconds, DIT Compute Steps 3 steps, Scheduler 0.01 seconds
[36m(ActorGroup(rank=3) pid=25271)[0m Time taken: Total 4.52 seconds, Text Encoder 0.16 seconds, Image Encoder 0.14 seconds, VAE 0.00 seconds, KV Cache Creation 1.07 seconds, Diffusion 3.14 seconds, DIT Compute Steps 3 steps, Scheduler 0.01 seconds
[36m(ActorGroup(rank=0) pid=25267)[0m language is None, reset current_start_frame to 0
[36m(ActorGroup(rank=0) pid=25267)[0m videos shape torch.Size([1, 3, 4, 160, 320]) 33
[36m(ActorGroup(rank=1) pid=25268)[0m language is None, reset current_start_frame to 0
[36m(ActorGroup(rank=1) pid=25268)[0m videos shape torch.Size([1, 3, 4, 160, 320]) 33
[36m(ActorGroup(rank=2) pid=25269)[0m language is None, reset current_start_frame to 0
[36m(ActorGroup(rank=2) pid=25269)[0m videos shape torch.Size([1, 3, 4, 160, 320]) 33
[36m(ActorGroup(rank=3) pid=25271)[0m language is None, reset current_start_frame to 0
[36m(ActorGroup(rank=3) pid=25271)[0m videos shape torch.Size([1, 3, 4, 160, 320]) 33
[36m(ActorGroup(rank=0) pid=25267)[0m Time taken: Total 4.51 seconds, Text Encoder 0.17 seconds, Image Encoder 0.14 seconds, VAE 0.00 seconds, KV Cache Creation 1.06 seconds, Diffusion 3.14 seconds, DIT Compute Steps 3 steps, Scheduler 0.01 seconds
[36m(ActorGroup(rank=1) pid=25268)[0m Time taken: Total 4.51 seconds, Text Encoder 0.17 seconds, Image Encoder 0.14 seconds, VAE 0.00 seconds, KV Cache Creation 1.06 seconds, Diffusion 3.14 seconds, DIT Compute Steps 3 steps, Scheduler 0.01 seconds
[36m(ActorGroup(rank=2) pid=25269)[0m Time taken: Total 4.52 seconds, Text Encoder 0.16 seconds, Image Encoder 0.14 seconds, VAE 0.00 seconds, KV Cache Creation 1.06 seconds, Diffusion 3.14 seconds, DIT Compute Steps 3 steps, Scheduler 0.01 seconds
[36m(ActorGroup(rank=3) pid=25271)[0m Time taken: Total 4.51 seconds, Text Encoder 0.17 seconds, Image Encoder 0.14 seconds, VAE 0.00 seconds, KV Cache Creation 1.06 seconds, Diffusion 3.14 seconds, DIT Compute Steps 3 steps, Scheduler 0.01 seconds
[36m(ActorGroup(rank=0) pid=25267)[0m [INFO 15:04:47 ActorGroup-Rank-0][fsdp_actor_worker.py:1774] actor training: micro-batch start 24/64 epoch=1/1 global_batch=2/4 micro=8/16
[36m(ActorGroup(rank=0) pid=25267)[0m language is None, reset current_start_frame to 0
[36m(ActorGroup(rank=0) pid=25267)[0m videos shape torch.Size([1, 3, 4, 160, 320]) 33
[36m(ActorGroup(rank=1) pid=25268)[0m language is None, reset current_start_frame to 0
[36m(ActorGroup(rank=1) pid=25268)[0m videos shape torch.Size([1, 3, 4, 160, 320]) 33
[36m(ActorGroup(rank=2) pid=25269)[0m language is None, reset current_start_frame to 0
[36m(ActorGroup(rank=2) pid=25269)[0m videos shape torch.Size([1, 3, 4, 160, 320]) 33
[36m(ActorGroup(rank=3) pid=25271)[0m language is None, reset current_start_frame to 0
[36m(ActorGroup(rank=3) pid=25271)[0m videos shape torch.Size([1, 3, 4, 160, 320]) 33
[36m(ActorGroup(rank=0) pid=25267)[0m Time taken: Total 4.51 seconds, Text Encoder 0.17 seconds, Image Encoder 0.14 seconds, VAE 0.00 seconds, KV Cache Creation 1.05 seconds, Diffusion 3.14 seconds, DIT Compute Steps 3 steps, Scheduler 0.01 seconds
[36m(ActorGroup(rank=0) pid=25267)[0m [INFO 15:04:52 ActorGroup-Rank-0][fsdp_actor_worker.py:1844] actor training: model forward done 24/64 elapsed=4.59s
[36m(ActorGroup(rank=1) pid=25268)[0m Time taken: Total 4.51 seconds, Text Encoder 0.16 seconds, Image Encoder 0.14 seconds, VAE 0.00 seconds, KV Cache Creation 1.05 seconds, Diffusion 3.14 seconds, DIT Compute Steps 3 steps, Scheduler 0.01 seconds
[36m(ActorGroup(rank=2) pid=25269)[0m Time taken: Total 4.51 seconds, Text Encoder 0.17 seconds, Image Encoder 0.14 seconds, VAE 0.00 seconds, KV Cache Creation 1.06 seconds, Diffusion 3.14 seconds, DIT Compute Steps 3 steps, Scheduler 0.01 seconds
[36m(ActorGroup(rank=3) pid=25271)[0m Time taken: Total 4.51 seconds, Text Encoder 0.17 seconds, Image Encoder 0.14 seconds, VAE 0.00 seconds, KV Cache Creation 1.05 seconds, Diffusion 3.14 seconds, DIT Compute Steps 3 steps, Scheduler 0.01 seconds
[36m(ActorGroup(rank=0) pid=25267)[0m [INFO 15:04:54 ActorGroup-Rank-0][fsdp_actor_worker.py:1980] actor training: backward done 24/64 elapsed=1.95s
[36m(ActorGroup(rank=0) pid=25267)[0m language is None, reset current_start_frame to 0
[36m(ActorGroup(rank=0) pid=25267)[0m videos shape torch.Size([1, 3, 4, 160, 320]) 33
[36m(ActorGroup(rank=1) pid=25268)[0m language is None, reset current_start_frame to 0
[36m(ActorGroup(rank=1) pid=25268)[0m videos shape torch.Size([1, 3, 4, 160, 320]) 33
[36m(ActorGroup(rank=2) pid=25269)[0m language is None, reset current_start_frame to 0
[36m(ActorGroup(rank=2) pid=25269)[0m videos shape torch.Size([1, 3, 4, 160, 320]) 33
[36m(ActorGroup(rank=3) pid=25271)[0m language is None, reset current_start_frame to 0
[36m(ActorGroup(rank=3) pid=25271)[0m videos shape torch.Size([1, 3, 4, 160, 320]) 33
[36m(ActorGroup(rank=0) pid=25267)[0m Time taken: Total 4.52 seconds, Text Encoder 0.17 seconds, Image Encoder 0.14 seconds, VAE 0.00 seconds, KV Cache Creation 1.06 seconds, Diffusion 3.14 seconds, DIT Compute Steps 3 steps, Scheduler 0.01 seconds
[36m(ActorGroup(rank=1) pid=25268)[0m Time taken: Total 4.52 seconds, Text Encoder 0.17 seconds, Image Encoder 0.14 seconds, VAE 0.00 seconds, KV Cache Creation 1.06 seconds, Diffusion 3.14 seconds, DIT Compute Steps 3 steps, Scheduler 0.01 seconds
[36m(ActorGroup(rank=2) pid=25269)[0m Time taken: Total 4.52 seconds, Text Encoder 0.17 seconds, Image Encoder 0.14 seconds, VAE 0.00 seconds, KV Cache Creation 1.06 seconds, Diffusion 3.14 seconds, DIT Compute Steps 3 steps, Scheduler 0.01 seconds
[36m(ActorGroup(rank=3) pid=25271)[0m Time taken: Total 4.52 seconds, Text Encoder 0.17 seconds, Image Encoder 0.14 seconds, VAE 0.00 seconds, KV Cache Creation 1.06 seconds, Diffusion 3.14 seconds, DIT Compute Steps 3 steps, Scheduler 0.01 seconds
[36m(ActorGroup(rank=0) pid=25267)[0m language is None, reset current_start_frame to 0
[36m(ActorGroup(rank=0) pid=25267)[0m videos shape torch.Size([1, 3, 4, 160, 320]) 33
[36m(ActorGroup(rank=1) pid=25268)[0m language is None, reset current_start_frame to 0
[36m(ActorGroup(rank=1) pid=25268)[0m videos shape torch.Size([1, 3, 4, 160, 320]) 33
[36m(ActorGroup(rank=2) pid=25269)[0m language is None, reset current_start_frame to 0
[36m(ActorGroup(rank=2) pid=25269)[0m videos shape torch.Size([1, 3, 4, 160, 320]) 33
[36m(ActorGroup(rank=3) pid=25271)[0m language is None, reset current_start_frame to 0
[36m(ActorGroup(rank=3) pid=25271)[0m videos shape torch.Size([1, 3, 4, 160, 320]) 33
[36m(ActorGroup(rank=0) pid=25267)[0m Time taken: Total 4.84 seconds, Text Encoder 0.17 seconds, Image Encoder 0.14 seconds, VAE 0.00 seconds, KV Cache Creation 1.38 seconds, Diffusion 3.15 seconds, DIT Compute Steps 3 steps, Scheduler 0.01 seconds
[36m(ActorGroup(rank=1) pid=25268)[0m Time taken: Total 4.84 seconds, Text Encoder 0.17 seconds, Image Encoder 0.14 seconds, VAE 0.00 seconds, KV Cache Creation 1.37 seconds, Diffusion 3.15 seconds, DIT Compute Steps 3 steps, Scheduler 0.01 seconds
[36m(ActorGroup(rank=2) pid=25269)[0m Time taken: Total 4.84 seconds, Text Encoder 0.16 seconds, Image Encoder 0.14 seconds, VAE 0.00 seconds, KV Cache Creation 1.37 seconds, Diffusion 3.15 seconds, DIT Compute Steps 3 steps, Scheduler 0.01 seconds
[36m(ActorGroup(rank=3) pid=25271)[0m Time taken: Total 4.84 seconds, Text Encoder 0.16 seconds, Image Encoder 0.14 seconds, VAE 0.00 seconds, KV Cache Creation 1.37 seconds, Diffusion 3.15 seconds, DIT Compute Steps 3 steps, Scheduler 0.01 seconds
[36m(ActorGroup(rank=0) pid=25267)[0m language is None, reset current_start_frame to 0
[36m(ActorGroup(rank=0) pid=25267)[0m videos shape torch.Size([1, 3, 4, 160, 320]) 33
[36m(ActorGroup(rank=1) pid=25268)[0m language is None, reset current_start_frame to 0
[36m(ActorGroup(rank=1) pid=25268)[0m videos shape torch.Size([1, 3, 4, 160, 320]) 33
[36m(ActorGroup(rank=2) pid=25269)[0m language is None, reset current_start_frame to 0
[36m(ActorGroup(rank=2) pid=25269)[0m videos shape torch.Size([1, 3, 4, 160, 320]) 33
[36m(ActorGroup(rank=3) pid=25271)[0m language is None, reset current_start_frame to 0
[36m(ActorGroup(rank=3) pid=25271)[0m videos shape torch.Size([1, 3, 4, 160, 320]) 33
[36m(ActorGroup(rank=0) pid=25267)[0m Time taken: Total 4.54 seconds, Text Encoder 0.17 seconds, Image Encoder 0.14 seconds, VAE 0.00 seconds, KV Cache Creation 1.06 seconds, Diffusion 3.16 seconds, DIT Compute Steps 3 steps, Scheduler 0.01 seconds
[36m(ActorGroup(rank=1) pid=25268)[0m Time taken: Total 4.54 seconds, Text Encoder 0.17 seconds, Image Encoder 0.14 seconds, VAE 0.00 seconds, KV Cache Creation 1.06 seconds, Diffusion 3.16 seconds, DIT Compute Steps 3 steps, Scheduler 0.01 seconds
[36m(ActorGroup(rank=2) pid=25269)[0m Time taken: Total 4.54 seconds, Text Encoder 0.17 seconds, Image Encoder 0.14 seconds, VAE 0.00 seconds, KV Cache Creation 1.07 seconds, Diffusion 3.16 seconds, DIT Compute Steps 3 steps, Scheduler 0.01 seconds
[36m(ActorGroup(rank=3) pid=25271)[0m Time taken: Total 4.54 seconds, Text Encoder 0.17 seconds, Image Encoder 0.14 seconds, VAE 0.00 seconds, KV Cache Creation 1.06 seconds, Diffusion 3.16 seconds, DIT Compute Steps 3 steps, Scheduler 0.01 seconds
[36m(ActorGroup(rank=0) pid=25267)[0m [INFO 15:05:14 ActorGroup-Rank-0][fsdp_actor_worker.py:1774] actor training: micro-batch start 28/64 epoch=1/1 global_batch=2/4 micro=12/16
[36m(ActorGroup(rank=0) pid=25267)[0m language is None, reset current_start_frame to 0
[36m(ActorGroup(rank=0) pid=25267)[0m videos shape torch.Size([1, 3, 4, 160, 320]) 33
[36m(ActorGroup(rank=1) pid=25268)[0m language is None, reset current_start_frame to 0
[36m(ActorGroup(rank=1) pid=25268)[0m videos shape torch.Size([1, 3, 4, 160, 320]) 33
[36m(ActorGroup(rank=2) pid=25269)[0m language is None, reset current_start_frame to 0
[36m(ActorGroup(rank=2) pid=25269)[0m videos shape torch.Size([1, 3, 4, 160, 320]) 33
[36m(ActorGroup(rank=3) pid=25271)[0m language is None, reset current_start_frame to 0
[36m(ActorGroup(rank=3) pid=25271)[0m videos shape torch.Size([1, 3, 4, 160, 320]) 33
[36m(ActorGroup(rank=0) pid=25267)[0m Time taken: Total 4.56 seconds, Text Encoder 0.17 seconds, Image Encoder 0.14 seconds, VAE 0.00 seconds, KV Cache Creation 1.07 seconds, Diffusion 3.18 seconds, DIT Compute Steps 3 steps, Scheduler 0.01 seconds
[36m(ActorGroup(rank=0) pid=25267)[0m [INFO 15:05:19 ActorGroup-Rank-0][fsdp_actor_worker.py:1844] actor training: model forward done 28/64 elapsed=4.64s
[36m(ActorGroup(rank=1) pid=25268)[0m Time taken: Total 4.56 seconds, Text Encoder 0.17 seconds, Image Encoder 0.14 seconds, VAE 0.00 seconds, KV Cache Creation 1.06 seconds, Diffusion 3.18 seconds, DIT Compute Steps 3 steps, Scheduler 0.01 seconds
[36m(ActorGroup(rank=2) pid=25269)[0m Time taken: Total 4.56 seconds, Text Encoder 0.16 seconds, Image Encoder 0.14 seconds, VAE 0.00 seconds, KV Cache Creation 1.07 seconds, Diffusion 3.18 seconds, DIT Compute Steps 3 steps, Scheduler 0.01 seconds
[36m(ActorGroup(rank=3) pid=25271)[0m Time taken: Total 4.56 seconds, Text Encoder 0.17 seconds, Image Encoder 0.14 seconds, VAE 0.00 seconds, KV Cache Creation 1.07 seconds, Diffusion 3.18 seconds, DIT Compute Steps 3 steps, Scheduler 0.01 seconds
[36m(ActorGroup(rank=0) pid=25267)[0m [INFO 15:05:21 ActorGroup-Rank-0][fsdp_actor_worker.py:1980] actor training: backward done 28/64 elapsed=1.97s
[36m(ActorGroup(rank=0) pid=25267)[0m language is None, reset current_start_frame to 0
[36m(ActorGroup(rank=0) pid=25267)[0m videos shape torch.Size([1, 3, 4, 160, 320]) 33
[36m(ActorGroup(rank=1) pid=25268)[0m language is None, reset current_start_frame to 0
[36m(ActorGroup(rank=1) pid=25268)[0m videos shape torch.Size([1, 3, 4, 160, 320]) 33
[36m(ActorGroup(rank=2) pid=25269)[0m language is None, reset current_start_frame to 0
[36m(ActorGroup(rank=2) pid=25269)[0m videos shape torch.Size([1, 3, 4, 160, 320]) 33
[36m(ActorGroup(rank=3) pid=25271)[0m language is None, reset current_start_frame to 0
[36m(ActorGroup(rank=3) pid=25271)[0m videos shape torch.Size([1, 3, 4, 160, 320]) 33
[36m(ActorGroup(rank=0) pid=25267)[0m Time taken: Total 4.51 seconds, Text Encoder 0.17 seconds, Image Encoder 0.14 seconds, VAE 0.00 seconds, KV Cache Creation 1.06 seconds, Diffusion 3.13 seconds, DIT Compute Steps 3 steps, Scheduler 0.01 seconds
[36m(ActorGroup(rank=1) pid=25268)[0m Time taken: Total 4.51 seconds, Text Encoder 0.17 seconds, Image Encoder 0.14 seconds, VAE 0.00 seconds, KV Cache Creation 1.06 seconds, Diffusion 3.13 seconds, DIT Compute Steps 3 steps, Scheduler 0.01 seconds
[36m(ActorGroup(rank=2) pid=25269)[0m Time taken: Total 4.51 seconds, Text Encoder 0.16 seconds, Image Encoder 0.14 seconds, VAE 0.00 seconds, KV Cache Creation 1.07 seconds, Diffusion 3.13 seconds, DIT Compute Steps 3 steps, Scheduler 0.01 seconds
[36m(ActorGroup(rank=3) pid=25271)[0m Time taken: Total 4.51 seconds, Text Encoder 0.17 seconds, Image Encoder 0.14 seconds, VAE 0.00 seconds, KV Cache Creation 1.06 seconds, Diffusion 3.13 seconds, DIT Compute Steps 3 steps, Scheduler 0.01 seconds
[36m(ActorGroup(rank=0) pid=25267)[0m language is None, reset current_start_frame to 0
[36m(ActorGroup(rank=0) pid=25267)[0m videos shape torch.Size([1, 3, 4, 160, 320]) 33
[36m(ActorGroup(rank=1) pid=25268)[0m language is None, reset current_start_frame to 0
[36m(ActorGroup(rank=1) pid=25268)[0m videos shape torch.Size([1, 3, 4, 160, 320]) 33
[36m(ActorGroup(rank=2) pid=25269)[0m language is None, reset current_start_frame to 0
[36m(ActorGroup(rank=2) pid=25269)[0m videos shape torch.Size([1, 3, 4, 160, 320]) 33
[36m(ActorGroup(rank=3) pid=25271)[0m language is None, reset current_start_frame to 0
[36m(ActorGroup(rank=3) pid=25271)[0m videos shape torch.Size([1, 3, 4, 160, 320]) 33
[36m(ActorGroup(rank=0) pid=25267)[0m Time taken: Total 4.90 seconds, Text Encoder 0.16 seconds, Image Encoder 0.14 seconds, VAE 0.00 seconds, KV Cache Creation 1.44 seconds, Diffusion 3.15 seconds, DIT Compute Steps 3 steps, Scheduler 0.01 seconds
[36m(ActorGroup(rank=1) pid=25268)[0m Time taken: Total 4.90 seconds, Text Encoder 0.17 seconds, Image Encoder 0.14 seconds, VAE 0.00 seconds, KV Cache Creation 1.44 seconds, Diffusion 3.15 seconds, DIT Compute Steps 3 steps, Scheduler 0.01 seconds
[36m(ActorGroup(rank=2) pid=25269)[0m Time taken: Total 4.91 seconds, Text Encoder 0.17 seconds, Image Encoder 0.14 seconds, VAE 0.00 seconds, KV Cache Creation 1.44 seconds, Diffusion 3.15 seconds, DIT Compute Steps 3 steps, Scheduler 0.01 seconds
[36m(ActorGroup(rank=3) pid=25271)[0m Time taken: Total 4.91 seconds, Text Encoder 0.17 seconds, Image Encoder 0.13 seconds, VAE 0.00 seconds, KV Cache Creation 1.44 seconds, Diffusion 3.15 seconds, DIT Compute Steps 3 steps, Scheduler 0.01 seconds
[36m(ActorGroup(rank=0) pid=25267)[0m language is None, reset current_start_frame to 0
[36m(ActorGroup(rank=0) pid=25267)[0m videos shape torch.Size([1, 3, 4, 160, 320]) 33
[36m(ActorGroup(rank=1) pid=25268)[0m language is None, reset current_start_frame to 0
[36m(ActorGroup(rank=1) pid=25268)[0m videos shape torch.Size([1, 3, 4, 160, 320]) 33
[36m(ActorGroup(rank=2) pid=25269)[0m language is None, reset current_start_frame to 0
[36m(ActorGroup(rank=2) pid=25269)[0m videos shape torch.Size([1, 3, 4, 160, 320]) 33
[36m(ActorGroup(rank=3) pid=25271)[0m language is None, reset current_start_frame to 0
[36m(ActorGroup(rank=3) pid=25271)[0m videos shape torch.Size([1, 3, 4, 160, 320]) 33
[36m(ActorGroup(rank=0) pid=25267)[0m Time taken: Total 4.54 seconds, Text Encoder 0.17 seconds, Image Encoder 0.13 seconds, VAE 0.00 seconds, KV Cache Creation 1.06 seconds, Diffusion 3.17 seconds, DIT Compute Steps 3 steps, Scheduler 0.01 seconds
[36m(ActorGroup(rank=1) pid=25268)[0m Time taken: Total 4.54 seconds, Text Encoder 0.17 seconds, Image Encoder 0.13 seconds, VAE 0.00 seconds, KV Cache Creation 1.06 seconds, Diffusion 3.17 seconds, DIT Compute Steps 3 steps, Scheduler 0.01 seconds
[36m(ActorGroup(rank=2) pid=25269)[0m Time taken: Total 4.54 seconds, Text Encoder 0.17 seconds, Image Encoder 0.13 seconds, VAE 0.00 seconds, KV Cache Creation 1.06 seconds, Diffusion 3.17 seconds, DIT Compute Steps 3 steps, Scheduler 0.01 seconds
[36m(ActorGroup(rank=3) pid=25271)[0m Time taken: Total 4.54 seconds, Text Encoder 0.17 seconds, Image Encoder 0.13 seconds, VAE 0.00 seconds, KV Cache Creation 1.06 seconds, Diffusion 3.17 seconds, DIT Compute Steps 3 steps, Scheduler 0.01 seconds
[36m(ActorGroup(rank=0) pid=25267)[0m [INFO 15:05:41 ActorGroup-Rank-0][fsdp_actor_worker.py:1774] actor training: micro-batch start 32/64 epoch=1/1 global_batch=2/4 micro=16/16
[36m(ActorGroup(rank=0) pid=25267)[0m language is None, reset current_start_frame to 0
[36m(ActorGroup(rank=0) pid=25267)[0m videos shape torch.Size([1, 3, 4, 160, 320]) 33
[36m(ActorGroup(rank=1) pid=25268)[0m language is None, reset current_start_frame to 0
[36m(ActorGroup(rank=1) pid=25268)[0m videos shape torch.Size([1, 3, 4, 160, 320]) 33
[36m(ActorGroup(rank=2) pid=25269)[0m language is None, reset current_start_frame to 0
[36m(ActorGroup(rank=2) pid=25269)[0m videos shape torch.Size([1, 3, 4, 160, 320]) 33
[36m(ActorGroup(rank=3) pid=25271)[0m language is None, reset current_start_frame to 0
[36m(ActorGroup(rank=3) pid=25271)[0m videos shape torch.Size([1, 3, 4, 160, 320]) 33
[36m(ActorGroup(rank=0) pid=25267)[0m Time taken: Total 4.54 seconds, Text Encoder 0.17 seconds, Image Encoder 0.14 seconds, VAE 0.00 seconds, KV Cache Creation 1.07 seconds, Diffusion 3.16 seconds, DIT Compute Steps 3 steps, Scheduler 0.01 seconds
[36m(ActorGroup(rank=0) pid=25267)[0m [INFO 15:05:46 ActorGroup-Rank-0][fsdp_actor_worker.py:1844] actor training: model forward done 32/64 elapsed=4.63s
[36m(ActorGroup(rank=1) pid=25268)[0m Time taken: Total 4.54 seconds, Text Encoder 0.17 seconds, Image Encoder 0.14 seconds, VAE 0.00 seconds, KV Cache Creation 1.07 seconds, Diffusion 3.16 seconds, DIT Compute Steps 3 steps, Scheduler 0.01 seconds
[36m(ActorGroup(rank=2) pid=25269)[0m Time taken: Total 4.55 seconds, Text Encoder 0.17 seconds, Image Encoder 0.14 seconds, VAE 0.00 seconds, KV Cache Creation 1.07 seconds, Diffusion 3.16 seconds, DIT Compute Steps 3 steps, Scheduler 0.01 seconds
[36m(ActorGroup(rank=3) pid=25271)[0m Time taken: Total 4.54 seconds, Text Encoder 0.17 seconds, Image Encoder 0.14 seconds, VAE 0.00 seconds, KV Cache Creation 1.06 seconds, Diffusion 3.16 seconds, DIT Compute Steps 3 steps, Scheduler 0.01 seconds
[36m(ActorGroup(rank=0) pid=25267)[0m [INFO 15:05:48 ActorGroup-Rank-0][fsdp_actor_worker.py:1980] actor training: backward done 32/64 elapsed=2.09s
[36m(ActorGroup(rank=0) pid=25267)[0m [INFO 15:05:48 ActorGroup-Rank-0][fsdp_actor_worker.py:2001] actor training: global batch done 2/4 epoch=1/1 elapsed=108.96s
[36m(ActorGroup(rank=0) pid=25267)[0m [INFO 15:05:49 ActorGroup-Rank-0][fsdp_actor_worker.py:2014] actor training: empty_cache done global_batch=2/4 elapsed=0.85s
[36m(ActorGroup(rank=0) pid=25267)[0m [INFO 15:05:49 ActorGroup-Rank-0][fsdp_actor_worker.py:2031] actor training: optimizer step done global_batch=2/4 grad_norm=82.747 elapsed=0.10s
[36m(ActorGroup(rank=0) pid=25267)[0m language is None, reset current_start_frame to 0
[36m(ActorGroup(rank=0) pid=25267)[0m videos shape torch.Size([1, 3, 4, 160, 320]) 33
[36m(ActorGroup(rank=1) pid=25268)[0m language is None, reset current_start_frame to 0
[36m(ActorGroup(rank=1) pid=25268)[0m videos shape torch.Size([1, 3, 4, 160, 320]) 33
[36m(ActorGroup(rank=2) pid=25269)[0m language is None, reset current_start_frame to 0
[36m(ActorGroup(rank=2) pid=25269)[0m videos shape torch.Size([1, 3, 4, 160, 320]) 33
[36m(ActorGroup(rank=3) pid=25271)[0m language is None, reset current_start_frame to 0
[36m(ActorGroup(rank=3) pid=25271)[0m videos shape torch.Size([1, 3, 4, 160, 320]) 33
[36m(ActorGroup(rank=0) pid=25267)[0m Time taken: Total 5.00 seconds, Text Encoder 0.21 seconds, Image Encoder 0.13 seconds, VAE 0.00 seconds, KV Cache Creation 1.16 seconds, Diffusion 3.49 seconds, DIT Compute Steps 3 steps, Scheduler 0.01 seconds
[36m(ActorGroup(rank=1) pid=25268)[0m Time taken: Total 5.00 seconds, Text Encoder 0.21 seconds, Image Encoder 0.14 seconds, VAE 0.00 seconds, KV Cache Creation 1.16 seconds, Diffusion 3.49 seconds, DIT Compute Steps 3 steps, Scheduler 0.01 seconds
[36m(ActorGroup(rank=2) pid=25269)[0m Time taken: Total 5.00 seconds, Text Encoder 0.21 seconds, Image Encoder 0.14 seconds, VAE 0.00 seconds, KV Cache Creation 1.16 seconds, Diffusion 3.49 seconds, DIT Compute Steps 3 steps, Scheduler 0.01 seconds
[36m(ActorGroup(rank=3) pid=25271)[0m Time taken: Total 5.00 seconds, Text Encoder 0.21 seconds, Image Encoder 0.13 seconds, VAE 0.00 seconds, KV Cache Creation 1.16 seconds, Diffusion 3.49 seconds, DIT Compute Steps 3 steps, Scheduler 0.01 seconds
[36m(ActorGroup(rank=0) pid=25267)[0m language is None, reset current_start_frame to 0
[36m(ActorGroup(rank=0) pid=25267)[0m videos shape torch.Size([1, 3, 4, 160, 320]) 33
[36m(ActorGroup(rank=1) pid=25268)[0m language is None, reset current_start_frame to 0
[36m(ActorGroup(rank=1) pid=25268)[0m videos shape torch.Size([1, 3, 4, 160, 320]) 33
[36m(ActorGroup(rank=2) pid=25269)[0m language is None, reset current_start_frame to 0
[36m(ActorGroup(rank=2) pid=25269)[0m videos shape torch.Size([1, 3, 4, 160, 320]) 33
[36m(ActorGroup(rank=3) pid=25271)[0m language is None, reset current_start_frame to 0
[36m(ActorGroup(rank=3) pid=25271)[0m videos shape torch.Size([1, 3, 4, 160, 320]) 33
[36m(ActorGroup(rank=0) pid=25267)[0m Time taken: Total 4.90 seconds, Text Encoder 0.17 seconds, Image Encoder 0.14 seconds, VAE 0.00 seconds, KV Cache Creation 1.06 seconds, Diffusion 3.52 seconds, DIT Compute Steps 3 steps, Scheduler 0.01 seconds
[36m(ActorGroup(rank=1) pid=25268)[0m Time taken: Total 4.90 seconds, Text Encoder 0.17 seconds, Image Encoder 0.14 seconds, VAE 0.00 seconds, KV Cache Creation 1.06 seconds, Diffusion 3.52 seconds, DIT Compute Steps 3 steps, Scheduler 0.01 seconds
[36m(ActorGroup(rank=2) pid=25269)[0m Time taken: Total 4.90 seconds, Text Encoder 0.16 seconds, Image Encoder 0.14 seconds, VAE 0.00 seconds, KV Cache Creation 1.06 seconds, Diffusion 3.52 seconds, DIT Compute Steps 3 steps, Scheduler 0.01 seconds
[36m(ActorGroup(rank=3) pid=25271)[0m Time taken: Total 4.90 seconds, Text Encoder 0.17 seconds, Image Encoder 0.14 seconds, VAE 0.00 seconds, KV Cache Creation 1.06 seconds, Diffusion 3.52 seconds, DIT Compute Steps 3 steps, Scheduler 0.01 seconds
[36m(ActorGroup(rank=0) pid=25267)[0m language is None, reset current_start_frame to 0
[36m(ActorGroup(rank=0) pid=25267)[0m videos shape torch.Size([1, 3, 4, 160, 320]) 33
[36m(ActorGroup(rank=1) pid=25268)[0m language is None, reset current_start_frame to 0
[36m(ActorGroup(rank=1) pid=25268)[0m videos shape torch.Size([1, 3, 4, 160, 320]) 33
[36m(ActorGroup(rank=2) pid=25269)[0m language is None, reset current_start_frame to 0
[36m(ActorGroup(rank=2) pid=25269)[0m videos shape torch.Size([1, 3, 4, 160, 320]) 33
[36m(ActorGroup(rank=3) pid=25271)[0m language is None, reset current_start_frame to 0
[36m(ActorGroup(rank=3) pid=25271)[0m videos shape torch.Size([1, 3, 4, 160, 320]) 33
[36m(ActorGroup(rank=0) pid=25267)[0m Time taken: Total 4.50 seconds, Text Encoder 0.17 seconds, Image Encoder 0.14 seconds, VAE 0.00 seconds, KV Cache Creation 1.06 seconds, Diffusion 3.13 seconds, DIT Compute Steps 3 steps, Scheduler 0.01 seconds
[36m(ActorGroup(rank=1) pid=25268)[0m Time taken: Total 4.50 seconds, Text Encoder 0.17 seconds, Image Encoder 0.14 seconds, VAE 0.00 seconds, KV Cache Creation 1.05 seconds, Diffusion 3.13 seconds, DIT Compute Steps 3 steps, Scheduler 0.01 seconds
[36m(ActorGroup(rank=2) pid=25269)[0m Time taken: Total 4.50 seconds, Text Encoder 0.17 seconds, Image Encoder 0.14 seconds, VAE 0.00 seconds, KV Cache Creation 1.06 seconds, Diffusion 3.13 seconds, DIT Compute Steps 3 steps, Scheduler 0.01 seconds
[36m(ActorGroup(rank=3) pid=25271)[0m Time taken: Total 4.50 seconds, Text Encoder 0.17 seconds, Image Encoder 0.14 seconds, VAE 0.00 seconds, KV Cache Creation 1.05 seconds, Diffusion 3.13 seconds, DIT Compute Steps 3 steps, Scheduler 0.01 seconds
[36m(ActorGroup(rank=0) pid=25267)[0m [INFO 15:06:10 ActorGroup-Rank-0][fsdp_actor_worker.py:1774] actor training: micro-batch start 36/64 epoch=1/1 global_batch=3/4 micro=4/16
[36m(ActorGroup(rank=0) pid=25267)[0m language is None, reset current_start_frame to 0
[36m(ActorGroup(rank=0) pid=25267)[0m videos shape torch.Size([1, 3, 4, 160, 320]) 33
[36m(ActorGroup(rank=1) pid=25268)[0m language is None, reset current_start_frame to 0
[36m(ActorGroup(rank=1) pid=25268)[0m videos shape torch.Size([1, 3, 4, 160, 320]) 33
[36m(ActorGroup(rank=2) pid=25269)[0m language is None, reset current_start_frame to 0
[36m(ActorGroup(rank=2) pid=25269)[0m videos shape torch.Size([1, 3, 4, 160, 320]) 33
[36m(ActorGroup(rank=3) pid=25271)[0m language is None, reset current_start_frame to 0
[36m(ActorGroup(rank=3) pid=25271)[0m videos shape torch.Size([1, 3, 4, 160, 320]) 33
[36m(ActorGroup(rank=0) pid=25267)[0m Time taken: Total 4.49 seconds, Text Encoder 0.17 seconds, Image Encoder 0.14 seconds, VAE 0.00 seconds, KV Cache Creation 1.06 seconds, Diffusion 3.12 seconds, DIT Compute Steps 3 steps, Scheduler 0.01 seconds
[36m(ActorGroup(rank=1) pid=25268)[0m Time taken: Total 4.49 seconds, Text Encoder 0.17 seconds, Image Encoder 0.14 seconds, VAE 0.00 seconds, KV Cache Creation 1.06 seconds, Diffusion 3.12 seconds, DIT Compute Steps 3 steps, Scheduler 0.01 seconds
[36m(ActorGroup(rank=2) pid=25269)[0m Time taken: Total 4.49 seconds, Text Encoder 0.17 seconds, Image Encoder 0.14 seconds, VAE 0.00 seconds, KV Cache Creation 1.06 seconds, Diffusion 3.12 seconds, DIT Compute Steps 3 steps, Scheduler 0.01 seconds
[36m(ActorGroup(rank=3) pid=25271)[0m Time taken: Total 4.49 seconds, Text Encoder 0.17 seconds, Image Encoder 0.14 seconds, VAE 0.00 seconds, KV Cache Creation 1.05 seconds, Diffusion 3.12 seconds, DIT Compute Steps 3 steps, Scheduler 0.01 seconds
[36m(ActorGroup(rank=0) pid=25267)[0m [INFO 15:06:15 ActorGroup-Rank-0][fsdp_actor_worker.py:1844] actor training: model forward done 36/64 elapsed=4.58s
[36m(ActorGroup(rank=0) pid=25267)[0m [INFO 15:06:17 ActorGroup-Rank-0][fsdp_actor_worker.py:1980] actor training: backward done 36/64 elapsed=1.93s
[36m(ActorGroup(rank=0) pid=25267)[0m language is None, reset current_start_frame to 0
[36m(ActorGroup(rank=0) pid=25267)[0m videos shape torch.Size([1, 3, 4, 160, 320]) 33
[36m(ActorGroup(rank=1) pid=25268)[0m language is None, reset current_start_frame to 0
[36m(ActorGroup(rank=1) pid=25268)[0m videos shape torch.Size([1, 3, 4, 160, 320]) 33
[36m(ActorGroup(rank=2) pid=25269)[0m language is None, reset current_start_frame to 0
[36m(ActorGroup(rank=2) pid=25269)[0m videos shape torch.Size([1, 3, 4, 160, 320]) 33
[36m(ActorGroup(rank=3) pid=25271)[0m language is None, reset current_start_frame to 0
[36m(ActorGroup(rank=3) pid=25271)[0m videos shape torch.Size([1, 3, 4, 160, 320]) 33
[36m(ActorGroup(rank=0) pid=25267)[0m Time taken: Total 4.50 seconds, Text Encoder 0.17 seconds, Image Encoder 0.14 seconds, VAE 0.00 seconds, KV Cache Creation 1.06 seconds, Diffusion 3.13 seconds, DIT Compute Steps 3 steps, Scheduler 0.01 seconds
[36m(ActorGroup(rank=1) pid=25268)[0m Time taken: Total 4.50 seconds, Text Encoder 0.17 seconds, Image Encoder 0.14 seconds, VAE 0.00 seconds, KV Cache Creation 1.06 seconds, Diffusion 3.13 seconds, DIT Compute Steps 3 steps, Scheduler 0.01 seconds
[36m(ActorGroup(rank=2) pid=25269)[0m Time taken: Total 4.51 seconds, Text Encoder 0.17 seconds, Image Encoder 0.14 seconds, VAE 0.00 seconds, KV Cache Creation 1.06 seconds, Diffusion 3.13 seconds, DIT Compute Steps 3 steps, Scheduler 0.01 seconds
[36m(ActorGroup(rank=3) pid=25271)[0m Time taken: Total 4.50 seconds, Text Encoder 0.17 seconds, Image Encoder 0.14 seconds, VAE 0.00 seconds, KV Cache Creation 1.06 seconds, Diffusion 3.13 seconds, DIT Compute Steps 3 steps, Scheduler 0.01 seconds
[36m(ActorGroup(rank=0) pid=25267)[0m language is None, reset current_start_frame to 0
[36m(ActorGroup(rank=0) pid=25267)[0m videos shape torch.Size([1, 3, 4, 160, 320]) 33
[36m(ActorGroup(rank=1) pid=25268)[0m language is None, reset current_start_frame to 0
[36m(ActorGroup(rank=1) pid=25268)[0m videos shape torch.Size([1, 3, 4, 160, 320]) 33
[36m(ActorGroup(rank=2) pid=25269)[0m language is None, reset current_start_frame to 0
[36m(ActorGroup(rank=2) pid=25269)[0m videos shape torch.Size([1, 3, 4, 160, 320]) 33
[36m(ActorGroup(rank=3) pid=25271)[0m language is None, reset current_start_frame to 0
[36m(ActorGroup(rank=3) pid=25271)[0m videos shape torch.Size([1, 3, 4, 160, 320]) 33
[36m(ActorGroup(rank=0) pid=25267)[0m Time taken: Total 4.82 seconds, Text Encoder 0.17 seconds, Image Encoder 0.14 seconds, VAE 0.00 seconds, KV Cache Creation 1.05 seconds, Diffusion 3.45 seconds, DIT Compute Steps 3 steps, Scheduler 0.01 seconds
[36m(ActorGroup(rank=1) pid=25268)[0m Time taken: Total 4.82 seconds, Text Encoder 0.17 seconds, Image Encoder 0.14 seconds, VAE 0.00 seconds, KV Cache Creation 1.05 seconds, Diffusion 3.45 seconds, DIT Compute Steps 3 steps, Scheduler 0.01 seconds
[36m(ActorGroup(rank=2) pid=25269)[0m Time taken: Total 4.82 seconds, Text Encoder 0.16 seconds, Image Encoder 0.14 seconds, VAE 0.00 seconds, KV Cache Creation 1.05 seconds, Diffusion 3.45 seconds, DIT Compute Steps 3 steps, Scheduler 0.01 seconds
[36m(ActorGroup(rank=3) pid=25271)[0m Time taken: Total 4.82 seconds, Text Encoder 0.17 seconds, Image Encoder 0.14 seconds, VAE 0.00 seconds, KV Cache Creation 1.05 seconds, Diffusion 3.45 seconds, DIT Compute Steps 3 steps, Scheduler 0.01 seconds
[36m(ActorGroup(rank=0) pid=25267)[0m language is None, reset current_start_frame to 0
[36m(ActorGroup(rank=0) pid=25267)[0m videos shape torch.Size([1, 3, 4, 160, 320]) 33
[36m(ActorGroup(rank=1) pid=25268)[0m language is None, reset current_start_frame to 0
[36m(ActorGroup(rank=1) pid=25268)[0m videos shape torch.Size([1, 3, 4, 160, 320]) 33
[36m(ActorGroup(rank=2) pid=25269)[0m language is None, reset current_start_frame to 0
[36m(ActorGroup(rank=2) pid=25269)[0m videos shape torch.Size([1, 3, 4, 160, 320]) 33
[36m(ActorGroup(rank=3) pid=25271)[0m language is None, reset current_start_frame to 0
[36m(ActorGroup(rank=3) pid=25271)[0m videos shape torch.Size([1, 3, 4, 160, 320]) 33
[36m(ActorGroup(rank=0) pid=25267)[0m Time taken: Total 4.49 seconds, Text Encoder 0.16 seconds, Image Encoder 0.14 seconds, VAE 0.00 seconds, KV Cache Creation 1.06 seconds, Diffusion 3.12 seconds, DIT Compute Steps 3 steps, Scheduler 0.01 seconds
[36m(ActorGroup(rank=1) pid=25268)[0m Time taken: Total 4.50 seconds, Text Encoder 0.17 seconds, Image Encoder 0.14 seconds, VAE 0.00 seconds, KV Cache Creation 1.06 seconds, Diffusion 3.12 seconds, DIT Compute Steps 3 steps, Scheduler 0.01 seconds
[36m(ActorGroup(rank=2) pid=25269)[0m Time taken: Total 4.50 seconds, Text Encoder 0.17 seconds, Image Encoder 0.14 seconds, VAE 0.00 seconds, KV Cache Creation 1.06 seconds, Diffusion 3.12 seconds, DIT Compute Steps 3 steps, Scheduler 0.01 seconds
[36m(ActorGroup(rank=3) pid=25271)[0m Time taken: Total 4.50 seconds, Text Encoder 0.17 seconds, Image Encoder 0.14 seconds, VAE 0.00 seconds, KV Cache Creation 1.06 seconds, Diffusion 3.12 seconds, DIT Compute Steps 3 steps, Scheduler 0.01 seconds
[36m(ActorGroup(rank=0) pid=25267)[0m [INFO 15:06:37 ActorGroup-Rank-0][fsdp_actor_worker.py:1774] actor training: micro-batch start 40/64 epoch=1/1 global_batch=3/4 micro=8/16
[36m(ActorGroup(rank=0) pid=25267)[0m language is None, reset current_start_frame to 0
[36m(ActorGroup(rank=0) pid=25267)[0m videos shape torch.Size([1, 3, 4, 160, 320]) 33
[36m(ActorGroup(rank=1) pid=25268)[0m language is None, reset current_start_frame to 0
[36m(ActorGroup(rank=1) pid=25268)[0m videos shape torch.Size([1, 3, 4, 160, 320]) 33
[36m(ActorGroup(rank=2) pid=25269)[0m language is None, reset current_start_frame to 0
[36m(ActorGroup(rank=2) pid=25269)[0m videos shape torch.Size([1, 3, 4, 160, 320]) 33
[36m(ActorGroup(rank=3) pid=25271)[0m language is None, reset current_start_frame to 0
[36m(ActorGroup(rank=3) pid=25271)[0m videos shape torch.Size([1, 3, 4, 160, 320]) 33
[36m(ActorGroup(rank=0) pid=25267)[0m Time taken: Total 4.52 seconds, Text Encoder 0.17 seconds, Image Encoder 0.14 seconds, VAE 0.00 seconds, KV Cache Creation 1.05 seconds, Diffusion 3.14 seconds, DIT Compute Steps 3 steps, Scheduler 0.01 seconds
[36m(ActorGroup(rank=0) pid=25267)[0m [INFO 15:06:41 ActorGroup-Rank-0][fsdp_actor_worker.py:1844] actor training: model forward done 40/64 elapsed=4.60s
[36m(ActorGroup(rank=1) pid=25268)[0m Time taken: Total 4.52 seconds, Text Encoder 0.17 seconds, Image Encoder 0.14 seconds, VAE 0.00 seconds, KV Cache Creation 1.05 seconds, Diffusion 3.14 seconds, DIT Compute Steps 3 steps, Scheduler 0.01 seconds
[36m(ActorGroup(rank=2) pid=25269)[0m Time taken: Total 4.52 seconds, Text Encoder 0.17 seconds, Image Encoder 0.14 seconds, VAE 0.00 seconds, KV Cache Creation 1.06 seconds, Diffusion 3.14 seconds, DIT Compute Steps 3 steps, Scheduler 0.01 seconds
[36m(ActorGroup(rank=3) pid=25271)[0m Time taken: Total 4.52 seconds, Text Encoder 0.17 seconds, Image Encoder 0.14 seconds, VAE 0.00 seconds, KV Cache Creation 1.06 seconds, Diffusion 3.14 seconds, DIT Compute Steps 3 steps, Scheduler 0.01 seconds
[36m(ActorGroup(rank=0) pid=25267)[0m [INFO 15:06:43 ActorGroup-Rank-0][fsdp_actor_worker.py:1980] actor training: backward done 40/64 elapsed=1.92s
[36m(ActorGroup(rank=0) pid=25267)[0m language is None, reset current_start_frame to 0
[36m(ActorGroup(rank=0) pid=25267)[0m videos shape torch.Size([1, 3, 4, 160, 320]) 33
[36m(ActorGroup(rank=1) pid=25268)[0m language is None, reset current_start_frame to 0
[36m(ActorGroup(rank=1) pid=25268)[0m videos shape torch.Size([1, 3, 4, 160, 320]) 33
[36m(ActorGroup(rank=2) pid=25269)[0m language is None, reset current_start_frame to 0
[36m(ActorGroup(rank=2) pid=25269)[0m videos shape torch.Size([1, 3, 4, 160, 320]) 33
[36m(ActorGroup(rank=3) pid=25271)[0m language is None, reset current_start_frame to 0
[36m(ActorGroup(rank=3) pid=25271)[0m videos shape torch.Size([1, 3, 4, 160, 320]) 33
[36m(ActorGroup(rank=0) pid=25267)[0m Time taken: Total 4.54 seconds, Text Encoder 0.16 seconds, Image Encoder 0.15 seconds, VAE 0.00 seconds, KV Cache Creation 1.06 seconds, Diffusion 3.15 seconds, DIT Compute Steps 3 steps, Scheduler 0.01 seconds
[36m(ActorGroup(rank=1) pid=25268)[0m Time taken: Total 4.54 seconds, Text Encoder 0.17 seconds, Image Encoder 0.15 seconds, VAE 0.00 seconds, KV Cache Creation 1.06 seconds, Diffusion 3.15 seconds, DIT Compute Steps 3 steps, Scheduler 0.01 seconds
[36m(ActorGroup(rank=2) pid=25269)[0m Time taken: Total 4.54 seconds, Text Encoder 0.17 seconds, Image Encoder 0.15 seconds, VAE 0.00 seconds, KV Cache Creation 1.06 seconds, Diffusion 3.15 seconds, DIT Compute Steps 3 steps, Scheduler 0.01 seconds
[36m(ActorGroup(rank=3) pid=25271)[0m Time taken: Total 4.54 seconds, Text Encoder 0.17 seconds, Image Encoder 0.16 seconds, VAE 0.00 seconds, KV Cache Creation 1.06 seconds, Diffusion 3.15 seconds, DIT Compute Steps 3 steps, Scheduler 0.01 seconds
[36m(ActorGroup(rank=0) pid=25267)[0m language is None, reset current_start_frame to 0
[36m(ActorGroup(rank=0) pid=25267)[0m videos shape torch.Size([1, 3, 4, 160, 320]) 33
[36m(ActorGroup(rank=1) pid=25268)[0m language is None, reset current_start_frame to 0
[36m(ActorGroup(rank=1) pid=25268)[0m videos shape torch.Size([1, 3, 4, 160, 320]) 33
[36m(ActorGroup(rank=2) pid=25269)[0m language is None, reset current_start_frame to 0
[36m(ActorGroup(rank=2) pid=25269)[0m videos shape torch.Size([1, 3, 4, 160, 320]) 33
[36m(ActorGroup(rank=3) pid=25271)[0m language is None, reset current_start_frame to 0
[36m(ActorGroup(rank=3) pid=25271)[0m videos shape torch.Size([1, 3, 4, 160, 320]) 33
[36m(ActorGroup(rank=0) pid=25267)[0m Time taken: Total 4.88 seconds, Text Encoder 0.17 seconds, Image Encoder 0.14 seconds, VAE 0.00 seconds, KV Cache Creation 1.05 seconds, Diffusion 3.52 seconds, DIT Compute Steps 3 steps, Scheduler 0.01 seconds
[36m(ActorGroup(rank=1) pid=25268)[0m Time taken: Total 4.88 seconds, Text Encoder 0.17 seconds, Image Encoder 0.14 seconds, VAE 0.00 seconds, KV Cache Creation 1.05 seconds, Diffusion 3.52 seconds, DIT Compute Steps 3 steps, Scheduler 0.01 seconds
[36m(ActorGroup(rank=2) pid=25269)[0m Time taken: Total 4.88 seconds, Text Encoder 0.17 seconds, Image Encoder 0.14 seconds, VAE 0.00 seconds, KV Cache Creation 1.05 seconds, Diffusion 3.52 seconds, DIT Compute Steps 3 steps, Scheduler 0.01 seconds
[36m(ActorGroup(rank=3) pid=25271)[0m Time taken: Total 4.88 seconds, Text Encoder 0.17 seconds, Image Encoder 0.14 seconds, VAE 0.00 seconds, KV Cache Creation 1.05 seconds, Diffusion 3.52 seconds, DIT Compute Steps 3 steps, Scheduler 0.01 seconds
[36m(ActorGroup(rank=0) pid=25267)[0m language is None, reset current_start_frame to 0
[36m(ActorGroup(rank=0) pid=25267)[0m videos shape torch.Size([1, 3, 4, 160, 320]) 33
[36m(ActorGroup(rank=1) pid=25268)[0m language is None, reset current_start_frame to 0
[36m(ActorGroup(rank=1) pid=25268)[0m videos shape torch.Size([1, 3, 4, 160, 320]) 33
[36m(ActorGroup(rank=2) pid=25269)[0m language is None, reset current_start_frame to 0
[36m(ActorGroup(rank=2) pid=25269)[0m videos shape torch.Size([1, 3, 4, 160, 320]) 33
[36m(ActorGroup(rank=3) pid=25271)[0m language is None, reset current_start_frame to 0
[36m(ActorGroup(rank=3) pid=25271)[0m videos shape torch.Size([1, 3, 4, 160, 320]) 33
[36m(ActorGroup(rank=0) pid=25267)[0m Time taken: Total 4.51 seconds, Text Encoder 0.17 seconds, Image Encoder 0.14 seconds, VAE 0.00 seconds, KV Cache Creation 1.06 seconds, Diffusion 3.13 seconds, DIT Compute Steps 3 steps, Scheduler 0.01 seconds
[36m(ActorGroup(rank=1) pid=25268)[0m Time taken: Total 4.51 seconds, Text Encoder 0.17 seconds, Image Encoder 0.14 seconds, VAE 0.00 seconds, KV Cache Creation 1.06 seconds, Diffusion 3.13 seconds, DIT Compute Steps 3 steps, Scheduler 0.01 seconds
[36m(ActorGroup(rank=2) pid=25269)[0m Time taken: Total 4.51 seconds, Text Encoder 0.17 seconds, Image Encoder 0.14 seconds, VAE 0.00 seconds, KV Cache Creation 1.06 seconds, Diffusion 3.13 seconds, DIT Compute Steps 3 steps, Scheduler 0.01 seconds
[36m(ActorGroup(rank=3) pid=25271)[0m Time taken: Total 4.51 seconds, Text Encoder 0.17 seconds, Image Encoder 0.14 seconds, VAE 0.00 seconds, KV Cache Creation 1.06 seconds, Diffusion 3.13 seconds, DIT Compute Steps 3 steps, Scheduler 0.01 seconds
[36m(ActorGroup(rank=0) pid=25267)[0m [INFO 15:07:04 ActorGroup-Rank-0][fsdp_actor_worker.py:1774] actor training: micro-batch start 44/64 epoch=1/1 global_batch=3/4 micro=12/16
[36m(ActorGroup(rank=0) pid=25267)[0m language is None, reset current_start_frame to 0
[36m(ActorGroup(rank=0) pid=25267)[0m videos shape torch.Size([1, 3, 4, 160, 320]) 33
[36m(ActorGroup(rank=1) pid=25268)[0m language is None, reset current_start_frame to 0
[36m(ActorGroup(rank=1) pid=25268)[0m videos shape torch.Size([1, 3, 4, 160, 320]) 33
[36m(ActorGroup(rank=2) pid=25269)[0m language is None, reset current_start_frame to 0
[36m(ActorGroup(rank=2) pid=25269)[0m videos shape torch.Size([1, 3, 4, 160, 320]) 33
[36m(ActorGroup(rank=3) pid=25271)[0m language is None, reset current_start_frame to 0
[36m(ActorGroup(rank=3) pid=25271)[0m videos shape torch.Size([1, 3, 4, 160, 320]) 33
[36m(ActorGroup(rank=0) pid=25267)[0m Time taken: Total 4.52 seconds, Text Encoder 0.17 seconds, Image Encoder 0.14 seconds, VAE 0.00 seconds, KV Cache Creation 1.06 seconds, Diffusion 3.15 seconds, DIT Compute Steps 3 steps, Scheduler 0.01 seconds
[36m(ActorGroup(rank=1) pid=25268)[0m Time taken: Total 4.52 seconds, Text Encoder 0.17 seconds, Image Encoder 0.14 seconds, VAE 0.00 seconds, KV Cache Creation 1.05 seconds, Diffusion 3.15 seconds, DIT Compute Steps 3 steps, Scheduler 0.01 seconds
[36m(ActorGroup(rank=2) pid=25269)[0m Time taken: Total 4.52 seconds, Text Encoder 0.17 seconds, Image Encoder 0.14 seconds, VAE 0.00 seconds, KV Cache Creation 1.06 seconds, Diffusion 3.15 seconds, DIT Compute Steps 3 steps, Scheduler 0.01 seconds
[36m(ActorGroup(rank=3) pid=25271)[0m Time taken: Total 4.52 seconds, Text Encoder 0.17 seconds, Image Encoder 0.14 seconds, VAE 0.00 seconds, KV Cache Creation 1.05 seconds, Diffusion 3.15 seconds, DIT Compute Steps 3 steps, Scheduler 0.01 seconds
[36m(ActorGroup(rank=0) pid=25267)[0m [INFO 15:07:08 ActorGroup-Rank-0][fsdp_actor_worker.py:1844] actor training: model forward done 44/64 elapsed=4.61s
[36m(ActorGroup(rank=0) pid=25267)[0m [INFO 15:07:10 ActorGroup-Rank-0][fsdp_actor_worker.py:1980] actor training: backward done 44/64 elapsed=1.94s
[36m(ActorGroup(rank=0) pid=25267)[0m language is None, reset current_start_frame to 0
[36m(ActorGroup(rank=0) pid=25267)[0m videos shape torch.Size([1, 3, 4, 160, 320]) 33
[36m(ActorGroup(rank=1) pid=25268)[0m language is None, reset current_start_frame to 0
[36m(ActorGroup(rank=1) pid=25268)[0m videos shape torch.Size([1, 3, 4, 160, 320]) 33
[36m(ActorGroup(rank=2) pid=25269)[0m language is None, reset current_start_frame to 0
[36m(ActorGroup(rank=2) pid=25269)[0m videos shape torch.Size([1, 3, 4, 160, 320]) 33
[36m(ActorGroup(rank=3) pid=25271)[0m language is None, reset current_start_frame to 0
[36m(ActorGroup(rank=3) pid=25271)[0m videos shape torch.Size([1, 3, 4, 160, 320]) 33
[36m(ActorGroup(rank=0) pid=25267)[0m Time taken: Total 4.50 seconds, Text Encoder 0.17 seconds, Image Encoder 0.14 seconds, VAE 0.00 seconds, KV Cache Creation 1.05 seconds, Diffusion 3.13 seconds, DIT Compute Steps 3 steps, Scheduler 0.01 seconds
[36m(ActorGroup(rank=1) pid=25268)[0m Time taken: Total 4.50 seconds, Text Encoder 0.16 seconds, Image Encoder 0.14 seconds, VAE 0.00 seconds, KV Cache Creation 1.06 seconds, Diffusion 3.13 seconds, DIT Compute Steps 3 steps, Scheduler 0.01 seconds
[36m(ActorGroup(rank=2) pid=25269)[0m Time taken: Total 4.50 seconds, Text Encoder 0.16 seconds, Image Encoder 0.14 seconds, VAE 0.00 seconds, KV Cache Creation 1.06 seconds, Diffusion 3.13 seconds, DIT Compute Steps 3 steps, Scheduler 0.01 seconds
[36m(ActorGroup(rank=3) pid=25271)[0m Time taken: Total 4.50 seconds, Text Encoder 0.17 seconds, Image Encoder 0.14 seconds, VAE 0.00 seconds, KV Cache Creation 1.06 seconds, Diffusion 3.13 seconds, DIT Compute Steps 3 steps, Scheduler 0.01 seconds
[36m(ActorGroup(rank=0) pid=25267)[0m language is None, reset current_start_frame to 0
[36m(ActorGroup(rank=0) pid=25267)[0m videos shape torch.Size([1, 3, 4, 160, 320]) 33
[36m(ActorGroup(rank=1) pid=25268)[0m language is None, reset current_start_frame to 0
[36m(ActorGroup(rank=1) pid=25268)[0m videos shape torch.Size([1, 3, 4, 160, 320]) 33
[36m(ActorGroup(rank=2) pid=25269)[0m language is None, reset current_start_frame to 0
[36m(ActorGroup(rank=2) pid=25269)[0m videos shape torch.Size([1, 3, 4, 160, 320]) 33
[36m(ActorGroup(rank=3) pid=25271)[0m language is None, reset current_start_frame to 0
[36m(ActorGroup(rank=3) pid=25271)[0m videos shape torch.Size([1, 3, 4, 160, 320]) 33
[36m(ActorGroup(rank=0) pid=25267)[0m Time taken: Total 4.52 seconds, Text Encoder 0.17 seconds, Image Encoder 0.14 seconds, VAE 0.00 seconds, KV Cache Creation 1.06 seconds, Diffusion 3.15 seconds, DIT Compute Steps 3 steps, Scheduler 0.01 seconds
[36m(ActorGroup(rank=1) pid=25268)[0m Time taken: Total 4.52 seconds, Text Encoder 0.17 seconds, Image Encoder 0.14 seconds, VAE 0.00 seconds, KV Cache Creation 1.06 seconds, Diffusion 3.14 seconds, DIT Compute Steps 3 steps, Scheduler 0.01 seconds
[36m(ActorGroup(rank=2) pid=25269)[0m Time taken: Total 4.52 seconds, Text Encoder 0.17 seconds, Image Encoder 0.14 seconds, VAE 0.00 seconds, KV Cache Creation 1.06 seconds, Diffusion 3.15 seconds, DIT Compute Steps 3 steps, Scheduler 0.01 seconds
[36m(ActorGroup(rank=3) pid=25271)[0m Time taken: Total 4.52 seconds, Text Encoder 0.17 seconds, Image Encoder 0.14 seconds, VAE 0.00 seconds, KV Cache Creation 1.06 seconds, Diffusion 3.15 seconds, DIT Compute Steps 3 steps, Scheduler 0.01 seconds
[36m(ActorGroup(rank=0) pid=25267)[0m language is None, reset current_start_frame to 0
[36m(ActorGroup(rank=0) pid=25267)[0m videos shape torch.Size([1, 3, 4, 160, 320]) 33
[36m(ActorGroup(rank=1) pid=25268)[0m language is None, reset current_start_frame to 0
[36m(ActorGroup(rank=1) pid=25268)[0m videos shape torch.Size([1, 3, 4, 160, 320]) 33
[36m(ActorGroup(rank=2) pid=25269)[0m language is None, reset current_start_frame to 0
[36m(ActorGroup(rank=2) pid=25269)[0m videos shape torch.Size([1, 3, 4, 160, 320]) 33
[36m(ActorGroup(rank=3) pid=25271)[0m language is None, reset current_start_frame to 0
[36m(ActorGroup(rank=3) pid=25271)[0m videos shape torch.Size([1, 3, 4, 160, 320]) 33
[36m(ActorGroup(rank=0) pid=25267)[0m Time taken: Total 4.87 seconds, Text Encoder 0.17 seconds, Image Encoder 0.14 seconds, VAE 0.00 seconds, KV Cache Creation 1.37 seconds, Diffusion 3.19 seconds, DIT Compute Steps 3 steps, Scheduler 0.01 seconds
[36m(ActorGroup(rank=1) pid=25268)[0m Time taken: Total 4.87 seconds, Text Encoder 0.17 seconds, Image Encoder 0.14 seconds, VAE 0.00 seconds, KV Cache Creation 1.37 seconds, Diffusion 3.19 seconds, DIT Compute Steps 3 steps, Scheduler 0.01 seconds
[36m(ActorGroup(rank=2) pid=25269)[0m Time taken: Total 4.88 seconds, Text Encoder 0.17 seconds, Image Encoder 0.14 seconds, VAE 0.00 seconds, KV Cache Creation 1.37 seconds, Diffusion 3.19 seconds, DIT Compute Steps 3 steps, Scheduler 0.01 seconds
[36m(ActorGroup(rank=3) pid=25271)[0m Time taken: Total 4.87 seconds, Text Encoder 0.17 seconds, Image Encoder 0.14 seconds, VAE 0.00 seconds, KV Cache Creation 1.37 seconds, Diffusion 3.19 seconds, DIT Compute Steps 3 steps, Scheduler 0.01 seconds
[36m(ActorGroup(rank=0) pid=25267)[0m [INFO 15:07:30 ActorGroup-Rank-0][fsdp_actor_worker.py:1774] actor training: micro-batch start 48/64 epoch=1/1 global_batch=3/4 micro=16/16
[36m(ActorGroup(rank=0) pid=25267)[0m language is None, reset current_start_frame to 0
[36m(ActorGroup(rank=0) pid=25267)[0m videos shape torch.Size([1, 3, 4, 160, 320]) 33
[36m(ActorGroup(rank=1) pid=25268)[0m language is None, reset current_start_frame to 0
[36m(ActorGroup(rank=1) pid=25268)[0m videos shape torch.Size([1, 3, 4, 160, 320]) 33
[36m(ActorGroup(rank=2) pid=25269)[0m language is None, reset current_start_frame to 0
[36m(ActorGroup(rank=2) pid=25269)[0m videos shape torch.Size([1, 3, 4, 160, 320]) 33
[36m(ActorGroup(rank=3) pid=25271)[0m language is None, reset current_start_frame to 0
[36m(ActorGroup(rank=3) pid=25271)[0m videos shape torch.Size([1, 3, 4, 160, 320]) 33
[36m(ActorGroup(rank=0) pid=25267)[0m Time taken: Total 4.55 seconds, Text Encoder 0.17 seconds, Image Encoder 0.14 seconds, VAE 0.00 seconds, KV Cache Creation 1.06 seconds, Diffusion 3.17 seconds, DIT Compute Steps 3 steps, Scheduler 0.01 seconds
[36m(ActorGroup(rank=0) pid=25267)[0m [INFO 15:07:35 ActorGroup-Rank-0][fsdp_actor_worker.py:1844] actor training: model forward done 48/64 elapsed=4.64s
[36m(ActorGroup(rank=1) pid=25268)[0m Time taken: Total 4.55 seconds, Text Encoder 0.17 seconds, Image Encoder 0.14 seconds, VAE 0.00 seconds, KV Cache Creation 1.06 seconds, Diffusion 3.17 seconds, DIT Compute Steps 3 steps, Scheduler 0.01 seconds
[36m(ActorGroup(rank=2) pid=25269)[0m Time taken: Total 4.55 seconds, Text Encoder 0.17 seconds, Image Encoder 0.14 seconds, VAE 0.00 seconds, KV Cache Creation 1.06 seconds, Diffusion 3.17 seconds, DIT Compute Steps 3 steps, Scheduler 0.01 seconds
[36m(ActorGroup(rank=3) pid=25271)[0m Time taken: Total 4.55 seconds, Text Encoder 0.17 seconds, Image Encoder 0.14 seconds, VAE 0.00 seconds, KV Cache Creation 1.06 seconds, Diffusion 3.17 seconds, DIT Compute Steps 3 steps, Scheduler 0.01 seconds
[36m(ActorGroup(rank=0) pid=25267)[0m [INFO 15:07:37 ActorGroup-Rank-0][fsdp_actor_worker.py:1980] actor training: backward done 48/64 elapsed=2.07s
[36m(ActorGroup(rank=0) pid=25267)[0m [INFO 15:07:37 ActorGroup-Rank-0][fsdp_actor_worker.py:2001] actor training: global batch done 3/4 epoch=1/1 elapsed=108.47s
[36m(ActorGroup(rank=0) pid=25267)[0m [INFO 15:07:38 ActorGroup-Rank-0][fsdp_actor_worker.py:2014] actor training: empty_cache done global_batch=3/4 elapsed=0.79s
[36m(ActorGroup(rank=0) pid=25267)[0m [INFO 15:07:38 ActorGroup-Rank-0][fsdp_actor_worker.py:2031] actor training: optimizer step done global_batch=3/4 grad_norm=177.865 elapsed=0.11s
[36m(ActorGroup(rank=0) pid=25267)[0m language is None, reset current_start_frame to 0
[36m(ActorGroup(rank=0) pid=25267)[0m videos shape torch.Size([1, 3, 4, 160, 320]) 33
[36m(ActorGroup(rank=1) pid=25268)[0m language is None, reset current_start_frame to 0
[36m(ActorGroup(rank=1) pid=25268)[0m videos shape torch.Size([1, 3, 4, 160, 320]) 33
[36m(ActorGroup(rank=2) pid=25269)[0m language is None, reset current_start_frame to 0
[36m(ActorGroup(rank=2) pid=25269)[0m videos shape torch.Size([1, 3, 4, 160, 320]) 33
[36m(ActorGroup(rank=3) pid=25271)[0m language is None, reset current_start_frame to 0
[36m(ActorGroup(rank=3) pid=25271)[0m videos shape torch.Size([1, 3, 4, 160, 320]) 33
[36m(ActorGroup(rank=0) pid=25267)[0m Time taken: Total 4.92 seconds, Text Encoder 0.21 seconds, Image Encoder 0.14 seconds, VAE 0.00 seconds, KV Cache Creation 1.15 seconds, Diffusion 3.42 seconds, DIT Compute Steps 3 steps, Scheduler 0.01 seconds
[36m(ActorGroup(rank=1) pid=25268)[0m Time taken: Total 4.92 seconds, Text Encoder 0.21 seconds, Image Encoder 0.14 seconds, VAE 0.00 seconds, KV Cache Creation 1.15 seconds, Diffusion 3.42 seconds, DIT Compute Steps 3 steps, Scheduler 0.01 seconds
[36m(ActorGroup(rank=2) pid=25269)[0m Time taken: Total 4.92 seconds, Text Encoder 0.21 seconds, Image Encoder 0.14 seconds, VAE 0.00 seconds, KV Cache Creation 1.14 seconds, Diffusion 3.42 seconds, DIT Compute Steps 3 steps, Scheduler 0.01 seconds
[36m(ActorGroup(rank=3) pid=25271)[0m Time taken: Total 4.92 seconds, Text Encoder 0.21 seconds, Image Encoder 0.14 seconds, VAE 0.00 seconds, KV Cache Creation 1.15 seconds, Diffusion 3.42 seconds, DIT Compute Steps 3 steps, Scheduler 0.01 seconds
[36m(ActorGroup(rank=0) pid=25267)[0m language is None, reset current_start_frame to 0
[36m(ActorGroup(rank=0) pid=25267)[0m videos shape torch.Size([1, 3, 4, 160, 320]) 33
[36m(ActorGroup(rank=1) pid=25268)[0m language is None, reset current_start_frame to 0
[36m(ActorGroup(rank=1) pid=25268)[0m videos shape torch.Size([1, 3, 4, 160, 320]) 33
[36m(ActorGroup(rank=2) pid=25269)[0m language is None, reset current_start_frame to 0
[36m(ActorGroup(rank=2) pid=25269)[0m videos shape torch.Size([1, 3, 4, 160, 320]) 33
[36m(ActorGroup(rank=3) pid=25271)[0m language is None, reset current_start_frame to 0
[36m(ActorGroup(rank=3) pid=25271)[0m videos shape torch.Size([1, 3, 4, 160, 320]) 33
[36m(ActorGroup(rank=0) pid=25267)[0m Time taken: Total 4.62 seconds, Text Encoder 0.17 seconds, Image Encoder 0.14 seconds, VAE 0.00 seconds, KV Cache Creation 1.08 seconds, Diffusion 3.22 seconds, DIT Compute Steps 3 steps, Scheduler 0.01 seconds
[36m(ActorGroup(rank=1) pid=25268)[0m Time taken: Total 4.61 seconds, Text Encoder 0.17 seconds, Image Encoder 0.14 seconds, VAE 0.00 seconds, KV Cache Creation 1.08 seconds, Diffusion 3.22 seconds, DIT Compute Steps 3 steps, Scheduler 0.01 seconds
[36m(ActorGroup(rank=2) pid=25269)[0m Time taken: Total 4.62 seconds, Text Encoder 0.17 seconds, Image Encoder 0.14 seconds, VAE 0.00 seconds, KV Cache Creation 1.08 seconds, Diffusion 3.22 seconds, DIT Compute Steps 3 steps, Scheduler 0.01 seconds
[36m(ActorGroup(rank=3) pid=25271)[0m Time taken: Total 4.62 seconds, Text Encoder 0.17 seconds, Image Encoder 0.14 seconds, VAE 0.00 seconds, KV Cache Creation 1.08 seconds, Diffusion 3.22 seconds, DIT Compute Steps 3 steps, Scheduler 0.01 seconds
[36m(ActorGroup(rank=0) pid=25267)[0m language is None, reset current_start_frame to 0
[36m(ActorGroup(rank=0) pid=25267)[0m videos shape torch.Size([1, 3, 4, 160, 320]) 33
[36m(ActorGroup(rank=1) pid=25268)[0m language is None, reset current_start_frame to 0
[36m(ActorGroup(rank=1) pid=25268)[0m videos shape torch.Size([1, 3, 4, 160, 320]) 33
[36m(ActorGroup(rank=2) pid=25269)[0m language is None, reset current_start_frame to 0
[36m(ActorGroup(rank=2) pid=25269)[0m videos shape torch.Size([1, 3, 4, 160, 320]) 33
[36m(ActorGroup(rank=3) pid=25271)[0m language is None, reset current_start_frame to 0
[36m(ActorGroup(rank=3) pid=25271)[0m videos shape torch.Size([1, 3, 4, 160, 320]) 33
[36m(ActorGroup(rank=0) pid=25267)[0m Time taken: Total 4.92 seconds, Text Encoder 0.17 seconds, Image Encoder 0.14 seconds, VAE 0.00 seconds, KV Cache Creation 1.45 seconds, Diffusion 3.16 seconds, DIT Compute Steps 3 steps, Scheduler 0.01 seconds
[36m(ActorGroup(rank=1) pid=25268)[0m Time taken: Total 4.92 seconds, Text Encoder 0.17 seconds, Image Encoder 0.14 seconds, VAE 0.00 seconds, KV Cache Creation 1.45 seconds, Diffusion 3.16 seconds, DIT Compute Steps 3 steps, Scheduler 0.01 seconds
[36m(ActorGroup(rank=2) pid=25269)[0m Time taken: Total 4.92 seconds, Text Encoder 0.17 seconds, Image Encoder 0.14 seconds, VAE 0.00 seconds, KV Cache Creation 1.45 seconds, Diffusion 3.16 seconds, DIT Compute Steps 3 steps, Scheduler 0.01 seconds
[36m(ActorGroup(rank=3) pid=25271)[0m Time taken: Total 4.92 seconds, Text Encoder 0.17 seconds, Image Encoder 0.14 seconds, VAE 0.00 seconds, KV Cache Creation 1.45 seconds, Diffusion 3.16 seconds, DIT Compute Steps 3 steps, Scheduler 0.01 seconds
[36m(ActorGroup(rank=0) pid=25267)[0m [INFO 15:07:59 ActorGroup-Rank-0][fsdp_actor_worker.py:1774] actor training: micro-batch start 52/64 epoch=1/1 global_batch=4/4 micro=4/16
[36m(ActorGroup(rank=0) pid=25267)[0m language is None, reset current_start_frame to 0
[36m(ActorGroup(rank=0) pid=25267)[0m videos shape torch.Size([1, 3, 4, 160, 320]) 33
[36m(ActorGroup(rank=1) pid=25268)[0m language is None, reset current_start_frame to 0
[36m(ActorGroup(rank=1) pid=25268)[0m videos shape torch.Size([1, 3, 4, 160, 320]) 33
[36m(ActorGroup(rank=2) pid=25269)[0m language is None, reset current_start_frame to 0
[36m(ActorGroup(rank=2) pid=25269)[0m videos shape torch.Size([1, 3, 4, 160, 320]) 33
[36m(ActorGroup(rank=3) pid=25271)[0m language is None, reset current_start_frame to 0
[36m(ActorGroup(rank=3) pid=25271)[0m videos shape torch.Size([1, 3, 4, 160, 320]) 33
[36m(ActorGroup(rank=0) pid=25267)[0m Time taken: Total 4.53 seconds, Text Encoder 0.17 seconds, Image Encoder 0.14 seconds, VAE 0.00 seconds, KV Cache Creation 1.06 seconds, Diffusion 3.15 seconds, DIT Compute Steps 3 steps, Scheduler 0.01 seconds
[36m(ActorGroup(rank=0) pid=25267)[0m [INFO 15:08:04 ActorGroup-Rank-0][fsdp_actor_worker.py:1844] actor training: model forward done 52/64 elapsed=4.63s
[36m(ActorGroup(rank=1) pid=25268)[0m Time taken: Total 4.53 seconds, Text Encoder 0.17 seconds, Image Encoder 0.14 seconds, VAE 0.00 seconds, KV Cache Creation 1.07 seconds, Diffusion 3.15 seconds, DIT Compute Steps 3 steps, Scheduler 0.01 seconds
[36m(ActorGroup(rank=2) pid=25269)[0m Time taken: Total 4.53 seconds, Text Encoder 0.17 seconds, Image Encoder 0.14 seconds, VAE 0.00 seconds, KV Cache Creation 1.06 seconds, Diffusion 3.15 seconds, DIT Compute Steps 3 steps, Scheduler 0.01 seconds
[36m(ActorGroup(rank=3) pid=25271)[0m Time taken: Total 4.53 seconds, Text Encoder 0.17 seconds, Image Encoder 0.14 seconds, VAE 0.00 seconds, KV Cache Creation 1.07 seconds, Diffusion 3.15 seconds, DIT Compute Steps 3 steps, Scheduler 0.01 seconds
[36m(ActorGroup(rank=0) pid=25267)[0m [INFO 15:08:06 ActorGroup-Rank-0][fsdp_actor_worker.py:1980] actor training: backward done 52/64 elapsed=1.93s
[36m(ActorGroup(rank=0) pid=25267)[0m language is None, reset current_start_frame to 0
[36m(ActorGroup(rank=0) pid=25267)[0m videos shape torch.Size([1, 3, 4, 160, 320]) 33
[36m(ActorGroup(rank=1) pid=25268)[0m language is None, reset current_start_frame to 0
[36m(ActorGroup(rank=1) pid=25268)[0m videos shape torch.Size([1, 3, 4, 160, 320]) 33
[36m(ActorGroup(rank=2) pid=25269)[0m language is None, reset current_start_frame to 0
[36m(ActorGroup(rank=2) pid=25269)[0m videos shape torch.Size([1, 3, 4, 160, 320]) 33
[36m(ActorGroup(rank=3) pid=25271)[0m language is None, reset current_start_frame to 0
[36m(ActorGroup(rank=3) pid=25271)[0m videos shape torch.Size([1, 3, 4, 160, 320]) 33
[36m(ActorGroup(rank=0) pid=25267)[0m Time taken: Total 4.57 seconds, Text Encoder 0.17 seconds, Image Encoder 0.14 seconds, VAE 0.00 seconds, KV Cache Creation 1.07 seconds, Diffusion 3.18 seconds, DIT Compute Steps 3 steps, Scheduler 0.01 seconds
[36m(ActorGroup(rank=1) pid=25268)[0m Time taken: Total 4.57 seconds, Text Encoder 0.17 seconds, Image Encoder 0.14 seconds, VAE 0.00 seconds, KV Cache Creation 1.07 seconds, Diffusion 3.18 seconds, DIT Compute Steps 3 steps, Scheduler 0.01 seconds
[36m(ActorGroup(rank=2) pid=25269)[0m Time taken: Total 4.57 seconds, Text Encoder 0.16 seconds, Image Encoder 0.14 seconds, VAE 0.00 seconds, KV Cache Creation 1.07 seconds, Diffusion 3.18 seconds, DIT Compute Steps 3 steps, Scheduler 0.01 seconds
[36m(ActorGroup(rank=3) pid=25271)[0m Time taken: Total 4.57 seconds, Text Encoder 0.17 seconds, Image Encoder 0.14 seconds, VAE 0.00 seconds, KV Cache Creation 1.07 seconds, Diffusion 3.18 seconds, DIT Compute Steps 3 steps, Scheduler 0.01 seconds
[36m(ActorGroup(rank=0) pid=25267)[0m language is None, reset current_start_frame to 0
[36m(ActorGroup(rank=0) pid=25267)[0m videos shape torch.Size([1, 3, 4, 160, 320]) 33
[36m(ActorGroup(rank=1) pid=25268)[0m language is None, reset current_start_frame to 0
[36m(ActorGroup(rank=1) pid=25268)[0m videos shape torch.Size([1, 3, 4, 160, 320]) 33
[36m(ActorGroup(rank=2) pid=25269)[0m language is None, reset current_start_frame to 0
[36m(ActorGroup(rank=2) pid=25269)[0m videos shape torch.Size([1, 3, 4, 160, 320]) 33
[36m(ActorGroup(rank=3) pid=25271)[0m language is None, reset current_start_frame to 0
[36m(ActorGroup(rank=3) pid=25271)[0m videos shape torch.Size([1, 3, 4, 160, 320]) 33
[36m(ActorGroup(rank=0) pid=25267)[0m Time taken: Total 4.54 seconds, Text Encoder 0.17 seconds, Image Encoder 0.14 seconds, VAE 0.00 seconds, KV Cache Creation 1.07 seconds, Diffusion 3.16 seconds, DIT Compute Steps 3 steps, Scheduler 0.01 seconds
[36m(ActorGroup(rank=1) pid=25268)[0m Time taken: Total 4.54 seconds, Text Encoder 0.17 seconds, Image Encoder 0.14 seconds, VAE 0.00 seconds, KV Cache Creation 1.07 seconds, Diffusion 3.16 seconds, DIT Compute Steps 3 steps, Scheduler 0.01 seconds
[36m(ActorGroup(rank=2) pid=25269)[0m Time taken: Total 4.55 seconds, Text Encoder 0.17 seconds, Image Encoder 0.14 seconds, VAE 0.00 seconds, KV Cache Creation 1.07 seconds, Diffusion 3.16 seconds, DIT Compute Steps 3 steps, Scheduler 0.01 seconds
[36m(ActorGroup(rank=3) pid=25271)[0m Time taken: Total 4.54 seconds, Text Encoder 0.17 seconds, Image Encoder 0.14 seconds, VAE 0.00 seconds, KV Cache Creation 1.07 seconds, Diffusion 3.16 seconds, DIT Compute Steps 3 steps, Scheduler 0.01 seconds
[36m(ActorGroup(rank=0) pid=25267)[0m language is None, reset current_start_frame to 0
[36m(ActorGroup(rank=0) pid=25267)[0m videos shape torch.Size([1, 3, 4, 160, 320]) 33
[36m(ActorGroup(rank=1) pid=25268)[0m language is None, reset current_start_frame to 0
[36m(ActorGroup(rank=1) pid=25268)[0m videos shape torch.Size([1, 3, 4, 160, 320]) 33
[36m(ActorGroup(rank=2) pid=25269)[0m language is None, reset current_start_frame to 0
[36m(ActorGroup(rank=2) pid=25269)[0m videos shape torch.Size([1, 3, 4, 160, 320]) 33
[36m(ActorGroup(rank=3) pid=25271)[0m language is None, reset current_start_frame to 0
[36m(ActorGroup(rank=3) pid=25271)[0m videos shape torch.Size([1, 3, 4, 160, 320]) 33
[36m(ActorGroup(rank=0) pid=25267)[0m Time taken: Total 4.90 seconds, Text Encoder 0.17 seconds, Image Encoder 0.14 seconds, VAE 0.00 seconds, KV Cache Creation 1.06 seconds, Diffusion 3.52 seconds, DIT Compute Steps 3 steps, Scheduler 0.01 seconds
[36m(ActorGroup(rank=1) pid=25268)[0m Time taken: Total 4.90 seconds, Text Encoder 0.17 seconds, Image Encoder 0.14 seconds, VAE 0.00 seconds, KV Cache Creation 1.06 seconds, Diffusion 3.52 seconds, DIT Compute Steps 3 steps, Scheduler 0.01 seconds
[36m(ActorGroup(rank=2) pid=25269)[0m Time taken: Total 4.90 seconds, Text Encoder 0.17 seconds, Image Encoder 0.14 seconds, VAE 0.00 seconds, KV Cache Creation 1.06 seconds, Diffusion 3.52 seconds, DIT Compute Steps 3 steps, Scheduler 0.01 seconds
[36m(ActorGroup(rank=3) pid=25271)[0m Time taken: Total 4.89 seconds, Text Encoder 0.17 seconds, Image Encoder 0.14 seconds, VAE 0.00 seconds, KV Cache Creation 1.06 seconds, Diffusion 3.52 seconds, DIT Compute Steps 3 steps, Scheduler 0.01 seconds
[36m(ActorGroup(rank=0) pid=25267)[0m [INFO 15:08:26 ActorGroup-Rank-0][fsdp_actor_worker.py:1774] actor training: micro-batch start 56/64 epoch=1/1 global_batch=4/4 micro=8/16
[36m(ActorGroup(rank=0) pid=25267)[0m language is None, reset current_start_frame to 0
[36m(ActorGroup(rank=0) pid=25267)[0m videos shape torch.Size([1, 3, 4, 160, 320]) 33
[36m(ActorGroup(rank=1) pid=25268)[0m language is None, reset current_start_frame to 0
[36m(ActorGroup(rank=1) pid=25268)[0m videos shape torch.Size([1, 3, 4, 160, 320]) 33
[36m(ActorGroup(rank=2) pid=25269)[0m language is None, reset current_start_frame to 0
[36m(ActorGroup(rank=2) pid=25269)[0m videos shape torch.Size([1, 3, 4, 160, 320]) 33
[36m(ActorGroup(rank=3) pid=25271)[0m language is None, reset current_start_frame to 0
[36m(ActorGroup(rank=3) pid=25271)[0m videos shape torch.Size([1, 3, 4, 160, 320]) 33
[36m(ActorGroup(rank=0) pid=25267)[0m Time taken: Total 4.53 seconds, Text Encoder 0.16 seconds, Image Encoder 0.14 seconds, VAE 0.00 seconds, KV Cache Creation 1.07 seconds, Diffusion 3.16 seconds, DIT Compute Steps 3 steps, Scheduler 0.01 seconds
[36m(ActorGroup(rank=1) pid=25268)[0m Time taken: Total 4.53 seconds, Text Encoder 0.17 seconds, Image Encoder 0.14 seconds, VAE 0.00 seconds, KV Cache Creation 1.06 seconds, Diffusion 3.16 seconds, DIT Compute Steps 3 steps, Scheduler 0.01 seconds
[36m(ActorGroup(rank=2) pid=25269)[0m Time taken: Total 4.54 seconds, Text Encoder 0.17 seconds, Image Encoder 0.14 seconds, VAE 0.00 seconds, KV Cache Creation 1.07 seconds, Diffusion 3.16 seconds, DIT Compute Steps 3 steps, Scheduler 0.01 seconds
[36m(ActorGroup(rank=3) pid=25271)[0m Time taken: Total 4.54 seconds, Text Encoder 0.17 seconds, Image Encoder 0.14 seconds, VAE 0.00 seconds, KV Cache Creation 1.06 seconds, Diffusion 3.16 seconds, DIT Compute Steps 3 steps, Scheduler 0.01 seconds
[36m(ActorGroup(rank=0) pid=25267)[0m [INFO 15:08:31 ActorGroup-Rank-0][fsdp_actor_worker.py:1844] actor training: model forward done 56/64 elapsed=4.62s
[36m(ActorGroup(rank=0) pid=25267)[0m [INFO 15:08:33 ActorGroup-Rank-0][fsdp_actor_worker.py:1980] actor training: backward done 56/64 elapsed=1.94s
[36m(ActorGroup(rank=0) pid=25267)[0m language is None, reset current_start_frame to 0
[36m(ActorGroup(rank=0) pid=25267)[0m videos shape torch.Size([1, 3, 4, 160, 320]) 33
[36m(ActorGroup(rank=1) pid=25268)[0m language is None, reset current_start_frame to 0
[36m(ActorGroup(rank=1) pid=25268)[0m videos shape torch.Size([1, 3, 4, 160, 320]) 33
[36m(ActorGroup(rank=2) pid=25269)[0m language is None, reset current_start_frame to 0
[36m(ActorGroup(rank=2) pid=25269)[0m videos shape torch.Size([1, 3, 4, 160, 320]) 33
[36m(ActorGroup(rank=3) pid=25271)[0m language is None, reset current_start_frame to 0
[36m(ActorGroup(rank=3) pid=25271)[0m videos shape torch.Size([1, 3, 4, 160, 320]) 33
[36m(ActorGroup(rank=0) pid=25267)[0m Time taken: Total 4.53 seconds, Text Encoder 0.16 seconds, Image Encoder 0.14 seconds, VAE 0.00 seconds, KV Cache Creation 1.07 seconds, Diffusion 3.15 seconds, DIT Compute Steps 3 steps, Scheduler 0.01 seconds
[36m(ActorGroup(rank=1) pid=25268)[0m Time taken: Total 4.53 seconds, Text Encoder 0.17 seconds, Image Encoder 0.14 seconds, VAE 0.00 seconds, KV Cache Creation 1.06 seconds, Diffusion 3.15 seconds, DIT Compute Steps 3 steps, Scheduler 0.01 seconds
[36m(ActorGroup(rank=2) pid=25269)[0m Time taken: Total 4.53 seconds, Text Encoder 0.17 seconds, Image Encoder 0.14 seconds, VAE 0.00 seconds, KV Cache Creation 1.06 seconds, Diffusion 3.15 seconds, DIT Compute Steps 3 steps, Scheduler 0.01 seconds
[36m(ActorGroup(rank=3) pid=25271)[0m Time taken: Total 4.53 seconds, Text Encoder 0.17 seconds, Image Encoder 0.14 seconds, VAE 0.00 seconds, KV Cache Creation 1.06 seconds, Diffusion 3.15 seconds, DIT Compute Steps 3 steps, Scheduler 0.01 seconds
[36m(ActorGroup(rank=0) pid=25267)[0m language is None, reset current_start_frame to 0
[36m(ActorGroup(rank=0) pid=25267)[0m videos shape torch.Size([1, 3, 4, 160, 320]) 33
[36m(ActorGroup(rank=1) pid=25268)[0m language is None, reset current_start_frame to 0
[36m(ActorGroup(rank=1) pid=25268)[0m videos shape torch.Size([1, 3, 4, 160, 320]) 33
[36m(ActorGroup(rank=2) pid=25269)[0m language is None, reset current_start_frame to 0
[36m(ActorGroup(rank=2) pid=25269)[0m videos shape torch.Size([1, 3, 4, 160, 320]) 33
[36m(ActorGroup(rank=3) pid=25271)[0m language is None, reset current_start_frame to 0
[36m(ActorGroup(rank=3) pid=25271)[0m videos shape torch.Size([1, 3, 4, 160, 320]) 33
[36m(ActorGroup(rank=0) pid=25267)[0m Time taken: Total 4.52 seconds, Text Encoder 0.17 seconds, Image Encoder 0.13 seconds, VAE 0.00 seconds, KV Cache Creation 1.06 seconds, Diffusion 3.15 seconds, DIT Compute Steps 3 steps, Scheduler 0.01 seconds
[36m(ActorGroup(rank=1) pid=25268)[0m Time taken: Total 4.52 seconds, Text Encoder 0.17 seconds, Image Encoder 0.13 seconds, VAE 0.00 seconds, KV Cache Creation 1.06 seconds, Diffusion 3.15 seconds, DIT Compute Steps 3 steps, Scheduler 0.01 seconds
[36m(ActorGroup(rank=2) pid=25269)[0m Time taken: Total 4.52 seconds, Text Encoder 0.17 seconds, Image Encoder 0.13 seconds, VAE 0.00 seconds, KV Cache Creation 1.06 seconds, Diffusion 3.15 seconds, DIT Compute Steps 3 steps, Scheduler 0.01 seconds
[36m(ActorGroup(rank=3) pid=25271)[0m Time taken: Total 4.52 seconds, Text Encoder 0.17 seconds, Image Encoder 0.13 seconds, VAE 0.00 seconds, KV Cache Creation 1.06 seconds, Diffusion 3.15 seconds, DIT Compute Steps 3 steps, Scheduler 0.01 seconds
[36m(ActorGroup(rank=0) pid=25267)[0m language is None, reset current_start_frame to 0
[36m(ActorGroup(rank=0) pid=25267)[0m videos shape torch.Size([1, 3, 4, 160, 320]) 33
[36m(ActorGroup(rank=1) pid=25268)[0m language is None, reset current_start_frame to 0
[36m(ActorGroup(rank=1) pid=25268)[0m videos shape torch.Size([1, 3, 4, 160, 320]) 33
[36m(ActorGroup(rank=2) pid=25269)[0m language is None, reset current_start_frame to 0
[36m(ActorGroup(rank=2) pid=25269)[0m videos shape torch.Size([1, 3, 4, 160, 320]) 33
[36m(ActorGroup(rank=3) pid=25271)[0m language is None, reset current_start_frame to 0
[36m(ActorGroup(rank=3) pid=25271)[0m videos shape torch.Size([1, 3, 4, 160, 320]) 33
[36m(ActorGroup(rank=0) pid=25267)[0m Time taken: Total 4.93 seconds, Text Encoder 0.17 seconds, Image Encoder 0.14 seconds, VAE 0.00 seconds, KV Cache Creation 1.07 seconds, Diffusion 3.55 seconds, DIT Compute Steps 3 steps, Scheduler 0.01 seconds
[36m(ActorGroup(rank=1) pid=25268)[0m Time taken: Total 4.93 seconds, Text Encoder 0.17 seconds, Image Encoder 0.14 seconds, VAE 0.00 seconds, KV Cache Creation 1.06 seconds, Diffusion 3.55 seconds, DIT Compute Steps 3 steps, Scheduler 0.01 seconds
[36m(ActorGroup(rank=2) pid=25269)[0m Time taken: Total 4.93 seconds, Text Encoder 0.17 seconds, Image Encoder 0.14 seconds, VAE 0.00 seconds, KV Cache Creation 1.07 seconds, Diffusion 3.55 seconds, DIT Compute Steps 3 steps, Scheduler 0.01 seconds
[36m(ActorGroup(rank=3) pid=25271)[0m Time taken: Total 4.93 seconds, Text Encoder 0.17 seconds, Image Encoder 0.14 seconds, VAE 0.00 seconds, KV Cache Creation 1.07 seconds, Diffusion 3.55 seconds, DIT Compute Steps 3 steps, Scheduler 0.01 seconds
[36m(ActorGroup(rank=0) pid=25267)[0m [INFO 15:08:53 ActorGroup-Rank-0][fsdp_actor_worker.py:1774] actor training: micro-batch start 60/64 epoch=1/1 global_batch=4/4 micro=12/16
[36m(ActorGroup(rank=0) pid=25267)[0m language is None, reset current_start_frame to 0
[36m(ActorGroup(rank=0) pid=25267)[0m videos shape torch.Size([1, 3, 4, 160, 320]) 33
[36m(ActorGroup(rank=1) pid=25268)[0m language is None, reset current_start_frame to 0
[36m(ActorGroup(rank=1) pid=25268)[0m videos shape torch.Size([1, 3, 4, 160, 320]) 33
[36m(ActorGroup(rank=2) pid=25269)[0m language is None, reset current_start_frame to 0
[36m(ActorGroup(rank=2) pid=25269)[0m videos shape torch.Size([1, 3, 4, 160, 320]) 33
[36m(ActorGroup(rank=3) pid=25271)[0m language is None, reset current_start_frame to 0
[36m(ActorGroup(rank=3) pid=25271)[0m videos shape torch.Size([1, 3, 4, 160, 320]) 33
[36m(ActorGroup(rank=0) pid=25267)[0m Time taken: Total 4.54 seconds, Text Encoder 0.16 seconds, Image Encoder 0.14 seconds, VAE 0.00 seconds, KV Cache Creation 1.06 seconds, Diffusion 3.16 seconds, DIT Compute Steps 3 steps, Scheduler 0.01 seconds
[36m(ActorGroup(rank=0) pid=25267)[0m [INFO 15:08:58 ActorGroup-Rank-0][fsdp_actor_worker.py:1844] actor training: model forward done 60/64 elapsed=4.62s
[36m(ActorGroup(rank=1) pid=25268)[0m Time taken: Total 4.54 seconds, Text Encoder 0.17 seconds, Image Encoder 0.14 seconds, VAE 0.00 seconds, KV Cache Creation 1.06 seconds, Diffusion 3.16 seconds, DIT Compute Steps 3 steps, Scheduler 0.01 seconds
[36m(ActorGroup(rank=2) pid=25269)[0m Time taken: Total 4.54 seconds, Text Encoder 0.17 seconds, Image Encoder 0.14 seconds, VAE 0.00 seconds, KV Cache Creation 1.06 seconds, Diffusion 3.16 seconds, DIT Compute Steps 3 steps, Scheduler 0.01 seconds
[36m(ActorGroup(rank=3) pid=25271)[0m Time taken: Total 4.54 seconds, Text Encoder 0.17 seconds, Image Encoder 0.14 seconds, VAE 0.00 seconds, KV Cache Creation 1.06 seconds, Diffusion 3.16 seconds, DIT Compute Steps 3 steps, Scheduler 0.01 seconds
[36m(ActorGroup(rank=0) pid=25267)[0m [INFO 15:09:00 ActorGroup-Rank-0][fsdp_actor_worker.py:1980] actor training: backward done 60/64 elapsed=1.96s
[36m(ActorGroup(rank=0) pid=25267)[0m language is None, reset current_start_frame to 0
[36m(ActorGroup(rank=0) pid=25267)[0m videos shape torch.Size([1, 3, 4, 160, 320]) 33
[36m(ActorGroup(rank=1) pid=25268)[0m language is None, reset current_start_frame to 0
[36m(ActorGroup(rank=1) pid=25268)[0m videos shape torch.Size([1, 3, 4, 160, 320]) 33
[36m(ActorGroup(rank=2) pid=25269)[0m language is None, reset current_start_frame to 0
[36m(ActorGroup(rank=2) pid=25269)[0m videos shape torch.Size([1, 3, 4, 160, 320]) 33
[36m(ActorGroup(rank=3) pid=25271)[0m language is None, reset current_start_frame to 0
[36m(ActorGroup(rank=3) pid=25271)[0m videos shape torch.Size([1, 3, 4, 160, 320]) 33
[36m(ActorGroup(rank=0) pid=25267)[0m Time taken: Total 4.51 seconds, Text Encoder 0.17 seconds, Image Encoder 0.14 seconds, VAE 0.00 seconds, KV Cache Creation 1.06 seconds, Diffusion 3.14 seconds, DIT Compute Steps 3 steps, Scheduler 0.01 seconds
[36m(ActorGroup(rank=1) pid=25268)[0m Time taken: Total 4.51 seconds, Text Encoder 0.17 seconds, Image Encoder 0.14 seconds, VAE 0.00 seconds, KV Cache Creation 1.06 seconds, Diffusion 3.14 seconds, DIT Compute Steps 3 steps, Scheduler 0.01 seconds
[36m(ActorGroup(rank=2) pid=25269)[0m Time taken: Total 4.52 seconds, Text Encoder 0.17 seconds, Image Encoder 0.14 seconds, VAE 0.00 seconds, KV Cache Creation 1.06 seconds, Diffusion 3.14 seconds, DIT Compute Steps 3 steps, Scheduler 0.01 seconds
[36m(ActorGroup(rank=3) pid=25271)[0m Time taken: Total 4.51 seconds, Text Encoder 0.17 seconds, Image Encoder 0.14 seconds, VAE 0.00 seconds, KV Cache Creation 1.06 seconds, Diffusion 3.14 seconds, DIT Compute Steps 3 steps, Scheduler 0.01 seconds
[36m(ActorGroup(rank=0) pid=25267)[0m language is None, reset current_start_frame to 0
[36m(ActorGroup(rank=0) pid=25267)[0m videos shape torch.Size([1, 3, 4, 160, 320]) 33
[36m(ActorGroup(rank=1) pid=25268)[0m language is None, reset current_start_frame to 0
[36m(ActorGroup(rank=1) pid=25268)[0m videos shape torch.Size([1, 3, 4, 160, 320]) 33
[36m(ActorGroup(rank=2) pid=25269)[0m language is None, reset current_start_frame to 0
[36m(ActorGroup(rank=2) pid=25269)[0m videos shape torch.Size([1, 3, 4, 160, 320]) 33
[36m(ActorGroup(rank=3) pid=25271)[0m language is None, reset current_start_frame to 0
[36m(ActorGroup(rank=3) pid=25271)[0m videos shape torch.Size([1, 3, 4, 160, 320]) 33
[36m(ActorGroup(rank=0) pid=25267)[0m Time taken: Total 4.53 seconds, Text Encoder 0.17 seconds, Image Encoder 0.14 seconds, VAE 0.00 seconds, KV Cache Creation 1.06 seconds, Diffusion 3.15 seconds, DIT Compute Steps 3 steps, Scheduler 0.01 seconds
[36m(ActorGroup(rank=1) pid=25268)[0m Time taken: Total 4.53 seconds, Text Encoder 0.17 seconds, Image Encoder 0.14 seconds, VAE 0.00 seconds, KV Cache Creation 1.06 seconds, Diffusion 3.15 seconds, DIT Compute Steps 3 steps, Scheduler 0.01 seconds
[36m(ActorGroup(rank=2) pid=25269)[0m Time taken: Total 4.53 seconds, Text Encoder 0.17 seconds, Image Encoder 0.14 seconds, VAE 0.00 seconds, KV Cache Creation 1.06 seconds, Diffusion 3.15 seconds, DIT Compute Steps 3 steps, Scheduler 0.01 seconds
[36m(ActorGroup(rank=3) pid=25271)[0m Time taken: Total 4.53 seconds, Text Encoder 0.17 seconds, Image Encoder 0.14 seconds, VAE 0.00 seconds, KV Cache Creation 1.06 seconds, Diffusion 3.15 seconds, DIT Compute Steps 3 steps, Scheduler 0.01 seconds
[36m(ActorGroup(rank=0) pid=25267)[0m language is None, reset current_start_frame to 0
[36m(ActorGroup(rank=0) pid=25267)[0m videos shape torch.Size([1, 3, 4, 160, 320]) 33
[36m(ActorGroup(rank=1) pid=25268)[0m language is None, reset current_start_frame to 0
[36m(ActorGroup(rank=1) pid=25268)[0m videos shape torch.Size([1, 3, 4, 160, 320]) 33
[36m(ActorGroup(rank=2) pid=25269)[0m language is None, reset current_start_frame to 0
[36m(ActorGroup(rank=2) pid=25269)[0m videos shape torch.Size([1, 3, 4, 160, 320]) 33
[36m(ActorGroup(rank=3) pid=25271)[0m language is None, reset current_start_frame to 0
[36m(ActorGroup(rank=3) pid=25271)[0m videos shape torch.Size([1, 3, 4, 160, 320]) 33
[36m(ActorGroup(rank=0) pid=25267)[0m Time taken: Total 4.87 seconds, Text Encoder 0.17 seconds, Image Encoder 0.14 seconds, VAE 0.00 seconds, KV Cache Creation 1.07 seconds, Diffusion 3.49 seconds, DIT Compute Steps 3 steps, Scheduler 0.01 seconds
[36m(ActorGroup(rank=1) pid=25268)[0m Time taken: Total 4.87 seconds, Text Encoder 0.17 seconds, Image Encoder 0.14 seconds, VAE 0.00 seconds, KV Cache Creation 1.06 seconds, Diffusion 3.49 seconds, DIT Compute Steps 3 steps, Scheduler 0.01 seconds
[36m(ActorGroup(rank=2) pid=25269)[0m Time taken: Total 4.87 seconds, Text Encoder 0.17 seconds, Image Encoder 0.14 seconds, VAE 0.00 seconds, KV Cache Creation 1.07 seconds, Diffusion 3.49 seconds, DIT Compute Steps 3 steps, Scheduler 0.01 seconds
[36m(ActorGroup(rank=3) pid=25271)[0m Time taken: Total 4.87 seconds, Text Encoder 0.17 seconds, Image Encoder 0.13 seconds, VAE 0.00 seconds, KV Cache Creation 1.07 seconds, Diffusion 3.49 seconds, DIT Compute Steps 3 steps, Scheduler 0.01 seconds
[36m(ActorGroup(rank=0) pid=25267)[0m [INFO 15:09:20 ActorGroup-Rank-0][fsdp_actor_worker.py:1774] actor training: micro-batch start 64/64 epoch=1/1 global_batch=4/4 micro=16/16
[36m(ActorGroup(rank=0) pid=25267)[0m language is None, reset current_start_frame to 0
[36m(ActorGroup(rank=0) pid=25267)[0m videos shape torch.Size([1, 3, 4, 160, 320]) 33
[36m(ActorGroup(rank=1) pid=25268)[0m language is None, reset current_start_frame to 0
[36m(ActorGroup(rank=1) pid=25268)[0m videos shape torch.Size([1, 3, 4, 160, 320]) 33
[36m(ActorGroup(rank=2) pid=25269)[0m language is None, reset current_start_frame to 0
[36m(ActorGroup(rank=2) pid=25269)[0m videos shape torch.Size([1, 3, 4, 160, 320]) 33
[36m(ActorGroup(rank=3) pid=25271)[0m language is None, reset current_start_frame to 0
[36m(ActorGroup(rank=3) pid=25271)[0m videos shape torch.Size([1, 3, 4, 160, 320]) 33
[36m(ActorGroup(rank=0) pid=25267)[0m Time taken: Total 4.53 seconds, Text Encoder 0.17 seconds, Image Encoder 0.14 seconds, VAE 0.00 seconds, KV Cache Creation 1.07 seconds, Diffusion 3.15 seconds, DIT Compute Steps 3 steps, Scheduler 0.01 seconds
[36m(ActorGroup(rank=0) pid=25267)[0m [INFO 15:09:25 ActorGroup-Rank-0][fsdp_actor_worker.py:1844] actor training: model forward done 64/64 elapsed=4.62s
[36m(ActorGroup(rank=1) pid=25268)[0m Time taken: Total 4.53 seconds, Text Encoder 0.17 seconds, Image Encoder 0.14 seconds, VAE 0.00 seconds, KV Cache Creation 1.07 seconds, Diffusion 3.15 seconds, DIT Compute Steps 3 steps, Scheduler 0.01 seconds
[36m(ActorGroup(rank=2) pid=25269)[0m Time taken: Total 4.53 seconds, Text Encoder 0.17 seconds, Image Encoder 0.14 seconds, VAE 0.00 seconds, KV Cache Creation 1.07 seconds, Diffusion 3.14 seconds, DIT Compute Steps 3 steps, Scheduler 0.01 seconds
[36m(ActorGroup(rank=3) pid=25271)[0m Time taken: Total 4.53 seconds, Text Encoder 0.17 seconds, Image Encoder 0.14 seconds, VAE 0.00 seconds, KV Cache Creation 1.07 seconds, Diffusion 3.15 seconds, DIT Compute Steps 3 steps, Scheduler 0.01 seconds
[36m(ActorGroup(rank=0) pid=25267)[0m [INFO 15:09:27 ActorGroup-Rank-0][fsdp_actor_worker.py:1980] actor training: backward done 64/64 elapsed=2.05s
[36m(ActorGroup(rank=0) pid=25267)[0m [INFO 15:09:27 ActorGroup-Rank-0][fsdp_actor_worker.py:2001] actor training: global batch done 4/4 epoch=1/1 elapsed=108.91s
[36m(ActorGroup(rank=0) pid=25267)[0m [INFO 15:09:28 ActorGroup-Rank-0][fsdp_actor_worker.py:2014] actor training: empty_cache done global_batch=4/4 elapsed=0.80s
[36m(ActorGroup(rank=0) pid=25267)[0m [INFO 15:09:28 ActorGroup-Rank-0][fsdp_actor_worker.py:2031] actor training: optimizer step done global_batch=4/4 grad_norm=41.5658 elapsed=0.11s
[36m(ActorGroup(rank=0) pid=25267)[0m [INFO 15:09:28 ActorGroup-Rank-0][fsdp_actor_worker.py:2049] actor training: reducing metrics

╭──────────────────────────────────────────────────────────────────────────────────────────────────────────────────────╮
├──────────────────────────────────────────────────── Metric Table ────────────────────────────────────────────────────┤
│ Global Step:    2/2 │ Progress: ████████████████████████████████████████ │ 100.0%                                    │
│ Elapsed: 29:21 │ ETA: 00:00 │ Step Time: 880.952s                                                                    │
├──────────────────────────────────────────────────────── Time ────────────────────────────────────────────────────────┤
│                                                                                                                      │
│actor/run_training=438.9               │cal_adv_and_returns=0.011              │env/compute_bootstrap_rewards=3.26e-04│
│env/env_interact_step=7.388            │env/interact=434.7                     │env/recv_rollout_results=406.4        │
│env/run_interact_once=434.7            │generate_rollouts=436.6                │rollout/generate_one_epoch=433.9      │
│rollout/predict=405.2                  │step=877.8                             │sync_weights=2.222                    │
│                                                                                                                      │
├──────────────────────────────────────────────────── Environment ─────────────────────────────────────────────────────┤
│                                                                                                                      │
│episode_len=128.0                      │num_trajectories=32                    │return=0.6875                         │
│reward=0.007051376                     │success_once=0.6875                    │                                      │
│                                                                                                                      │
├────────────────────────────────────────────────────── Rollout ───────────────────────────────────────────────────────┤
│                                                                                                                      │
│advantages_max=1.456                   │advantages_mean=-0.100                 │advantages_min=-1.626                 │
│returns_max=1.000                      │returns_mean=0.422                     │returns_min=-0.015                    │
│rewards=0.0051                         │                                       │                                      │
│                                                                                                                      │
├─────────────────────────────────────────────────── Training/Actor ───────────────────────────────────────────────────┤
│                                                                                                                      │
│actor/approx_kl=3.043                  │actor/clip_fraction=0.324              │actor/clipped_ratio=0.823             │
│actor/dual_cliped_ratio=0.0000         │actor/entropy_loss=0.0000              │actor/grad_norm=92.388                │
│actor/lr=1.00e-05                      │actor/policy_loss=0.186                │actor/policy_loss_abs=0.882           │
│actor/ratio=0.821                      │actor/ratio_abs=0.651                  │actor/total_loss=0.032                │
│                                                                                                                      │
├────────────────────────────────────────────────── Training/Critic ───────────────────────────────────────────────────┤
│                                                                                                                      │
│critic/explained_variance=0.0000       │critic/lr=1.00e-04                     │critic/value_clip_ratio=0.0000        │
│critic/value_loss=0.322                │                                       │                                      │
│                                                                                                                      │
╰──────────────────────────────────────────────────────────────────────────────────────────────────────────────────────╯

[36m(ActorGroup(rank=0) pid=25267)[0m [INFO 15:09:28 ActorGroup-Rank-0][fsdp_actor_worker.py:2053] actor training: done elapsed=438.89s
