[DreamZero-LIBERO] run_mode: collocated
[DreamZero-LIBERO] log_dir: /data1/gaobowen/tianze/logs/4gpu/20260713-140153-collocated-dreamzero_libero_collocated_ppo
[DreamZero-LIBERO] repo: /data1/gaobowen/RLinf_dreamzero
[DreamZero-LIBERO] python_env: /data1/gaobowen/RLinf_dreamzero/.venv-libero-dreamzero
[DreamZero-LIBERO] config: dreamzero_libero_collocated_ppo
[DreamZero-LIBERO] train_loss_type: 
[DreamZero-LIBERO] action_noise_method: flow_sde
[DreamZero-LIBERO] action_denoise_steps: 10
[DreamZero-LIBERO] staleness_threshold: config-default
[DreamZero-LIBERO] clip_log_ratio: config-default/config-default
[DreamZero-LIBERO] entrypoint: examples/embodiment/train_embodied_agent.py
[DreamZero-LIBERO] visible_gpus: 0,1,2,3
[DreamZero-LIBERO] placement actor/env/rollout: 0-3/0-3/0-3
[DreamZero-LIBERO] resource_pool_gpu_devices: none
[DreamZero-LIBERO] model: /data1/gaobowen/tianze/model/RLinf-DreamZero-WAN2.2-5B-LIBERO-SFT-Step18000
[DreamZero-LIBERO] wan: /data1/gaobowen/tianze/model/Wan2.2-TI2V-5B
[DreamZero-LIBERO] wan21_clip: /data1/gaobowen/tianze/model/Wan2.1-I2V-14B-480P
[DreamZero-LIBERO] runtime_model: /data1/gaobowen/tianze/runtime_models/20260713-140153-collocated-dreamzero_libero_collocated_ppo/DreamZero-LIBERO-runtime
[DreamZero-LIBERO] runtime_model_staging: auto
[DreamZero-LIBERO] disable_torch_compile: true
[DreamZero-LIBERO] release_rollout_cache_after_generate: true
[DreamZero-LIBERO] rollout_enable_offload: false
[DreamZero-LIBERO] avoid_global_mps_hang: 1
[DreamZero-LIBERO] cuda_mps_pipe_directory: /data1/gaobowen/tianze/logs/4gpu/20260713-140153-collocated-dreamzero_libero_collocated_ppo/tmp/cuda-mps-pipe-isolated
[DreamZero-LIBERO] ray_address: local
[DreamZero-LIBERO] ray head ports: 127.0.0.1:24601 node=40029 object=41037 workers=42000-42199
[DreamZero-LIBERO] start_mps: 0
[DreamZero-LIBERO] start_mps_resolved: no
[DreamZero-LIBERO] command: python examples/embodiment/train_embodied_agent.py --config-path /data1/gaobowen/RLinf_dreamzero/examples/embodiment/config --config-name dreamzero_libero_collocated_ppo runner.logger.log_path=/data1/gaobowen/tianze/logs/4gpu/20260713-140153-collocated-dreamzero_libero_collocated_ppo actor.model.model_path=/data1/gaobowen/tianze/runtime_models/20260713-140153-collocated-dreamzero_libero_collocated_ppo/DreamZero-LIBERO-runtime rollout.model.model_path=/data1/gaobowen/tianze/runtime_models/20260713-140153-collocated-dreamzero_libero_collocated_ppo/DreamZero-LIBERO-runtime actor.model.metadata_json_path=/data1/gaobowen/tianze/runtime_models/20260713-140153-collocated-dreamzero_libero_collocated_ppo/DreamZero-LIBERO-runtime/experiment_cfg/metadata.json actor.model.tokenizer_path=/data1/gaobowen/tianze/model/Wan2.2-TI2V-5B/google/umt5-xxl actor.model.diffusion_model_pretrained_path=/data1/gaobowen/tianze/model/Wan2.2-TI2V-5B actor.model.image_encoder_pretrained_path=/data1/gaobowen/tianze/model/Wan2.1-I2V-14B-480P/models_clip_open-clip-xlm-roberta-large-vit-huge-14.pth actor.model.text_encoder_pretrained_path=/data1/gaobowen/tianze/model/Wan2.2-TI2V-5B/models_t5_umt5-xxl-enc-bf16.pth actor.model.vae_pretrained_path=/data1/gaobowen/tianze/model/Wan2.2-TI2V-5B/Wan2.2_VAE.pth actor.model.embodiment_tag=libero_sim ~cluster.component_placement +cluster.component_placement.actor=0-3 +cluster.component_placement.env=0-3 +cluster.component_placement.rollout=0-3 runner.max_epochs=2 runner.max_steps=-1 runner.save_interval=-1 actor.global_batch_size=64 actor.micro_batch_size=1 actor.model.gradient_checkpointing=false actor.model.is_lora=true actor.model.action_head_cfg.config.train_architecture=lora actor.model.action_head_cfg.config.defer_lora_injection=true actor.model.action_head_cfg.config.debug_logging=false actor.fsdp_config.gradient_checkpointing=false actor.fsdp_config.use_orig_params=true actor.fsdp_config.sharding_strategy=full_shard env.train.total_num_envs=32 env.eval.total_num_envs=32 env.train.max_episode_steps=128 env.eval.max_episode_steps=128 env.train.max_steps_per_rollout_epoch=128 env.eval.max_steps_per_rollout_epoch=128 env.train.auto_reset=false env.train.ignore_terminations=false env.train.video_cfg.save_video=false env.eval.video_cfg.save_video=false actor.model.add_value_head=true actor.model.noise_method=flow_sde actor.model.num_steps=10 actor.model.safe_get_logprob=false actor.model.joint_logprob=false algorithm.group_size=1 algorithm.rollout_epoch=1 algorithm.eval_rollout_epoch=1 algorithm.update_epoch=1 rollout.recompute_logprobs=false rollout.enable_offload=false
WARNING: All log messages before absl::InitializeLog() is called are written to STDERR
I0000 00:00:1783922515.964208 4049201 port.cc:153] oneDNN custom operations are on. You may see slightly different numerical results due to floating-point round-off errors from different computation orders. To turn them off, set the environment variable `TF_ENABLE_ONEDNN_OPTS=0`.
I0000 00:00:1783922516.008837 4049201 cpu_feature_guard.cc:227] This TensorFlow binary is optimized to use available CPU instructions in performance-critical operations.
To enable the following instructions: AVX2 AVX512F AVX512_VNNI FMA, in other operations, rebuild TensorFlow with the appropriate compiler flags.
WARNING: All log messages before absl::InitializeLog() is called are written to STDERR
I0000 00:00:1783922517.179134 4049201 port.cc:153] oneDNN custom operations are on. You may see slightly different numerical results due to floating-point round-off errors from different computation orders. To turn them off, set the environment variable `TF_ENABLE_ONEDNN_OPTS=0`.
INFO:matplotlib.font_manager:generated new fontManager
/data1/gaobowen/RLinf_dreamzero/.venv-libero-dreamzero/lib/python3.11/site-packages/transformers/utils/hub.py:110: FutureWarning: Using `TRANSFORMERS_CACHE` is deprecated and will be removed in v5 of Transformers. Use `HF_HOME` instead.
  warnings.warn(
/data1/gaobowen/RLinf_dreamzero/.venv-libero-dreamzero/lib/python3.11/site-packages/hydra/_internal/hydra.py:119: UserWarning: Future Hydra versions will no longer change working directory at job runtime by default.
See https://hydra.cc/docs/1.2/upgrades/1.1_to_1.2/changes_to_job_working_dir/ for more information.
  ret = run_job(
2026-07-13 14:02:00,498	INFO worker.py:1672 -- Using address local set in the environment variable RAY_ADDRESS
2026-07-13 14:02:27,690	INFO worker.py:2003 -- Started a local Ray instance. View the dashboard at [1m[32mhttp://127.0.0.1:8265 [39m[22m
[INFO 14:02:30 RLinf] RLinf is running on a cluster with 1 node and 8 accelerators. The nodes' details are: 
node_labels: []
node_rank: 0
ray_id: c56b6d4615451a89ef5ec4a4aa27f0f91e2c33cbcbfd20b5d24adaf8
node_ip: 10.119.162.78
num_cpus: 112
python_interpreter_path: /data1/gaobowen/RLinf_dreamzero/.venv-libero-dreamzero/bin/python
hardware_resources:
- type: Accelerator
  infos:
  - type: Accelerator
    model: NV_GPU:A800-SXM4-80GB
  - type: Accelerator
    model: NV_GPU:A800-SXM4-80GB
  - type: Accelerator
    model: NV_GPU:A800-SXM4-80GB
  - type: Accelerator
    model: NV_GPU:A800-SXM4-80GB
  - type: Accelerator
    model: NV_GPU:A800-SXM4-80GB
  - type: Accelerator
    model: NV_GPU:A800-SXM4-80GB
  - type: Accelerator
    model: NV_GPU:A800-SXM4-80GB
  - type: Accelerator
    model: NV_GPU:A800-SXM4-80GB

Node groups' details are: 
label: cluster
nodes: '0'
hardware_type: Accelerator
ignore_hardware: false
env_configs: null

label: node
nodes: '0'
hardware_type: null
ignore_hardware: true
env_configs: null

[INFO 14:02:30 FlexiblePlacementStrategy] 
[INFO 14:02:30 FlexiblePlacementStrategy] Using flexible placement with hardware ranks: [[0], [1], [2], [3]], node groups: ['cluster'].
[INFO 14:02:30 FlexiblePlacementStrategy] 
[INFO 14:02:30 FlexiblePlacementStrategy] Using flexible placement with hardware ranks: [[0], [1], [2], [3]], node groups: ['cluster'].
[INFO 14:02:30 FlexiblePlacementStrategy] 
[INFO 14:02:30 FlexiblePlacementStrategy] Using flexible placement with hardware ranks: [[0], [1], [2], [3]], node groups: ['cluster'].
[INFO 14:02:30 FlexiblePlacementStrategy] 
[INFO 14:02:30 FlexiblePlacementStrategy] Using flexible placement with hardware ranks: [[0], [1], [2], [3]], node groups: ['cluster'].
[INFO 14:02:30 FlexiblePlacementStrategy] 
[INFO 14:02:30 FlexiblePlacementStrategy] Using flexible placement with hardware ranks: [[0], [1], [2], [3]], node groups: ['cluster'].
[INFO 14:02:30 FlexiblePlacementStrategy] 
[INFO 14:02:30 FlexiblePlacementStrategy] Using flexible placement with hardware ranks: [[0], [1], [2], [3]], node groups: ['cluster'].
{
  "env": {
    "train": {
      "env_type": "libero",
      "task_suite_name": "libero_spatial",
      "total_num_envs": 32,
      "auto_reset": false,
      "ignore_terminations": false,
      "max_steps_per_rollout_epoch": 128,
      "max_episode_steps": 128,
      "use_rel_reward": true,
      "use_step_penalty": false,
      "reward_coef": 1.0,
      "reset_gripper_open": true,
      "is_eval": false,
      "seed": 0,
      "group_size": 1,
      "use_fixed_reset_state_ids": true,
      "use_ordered_reset_state_ids": false,
      "specific_reset_id": null,
      "video_cfg": {
        "save_video": false,
        "info_on_video": false,
        "video_base_dir": "/data1/gaobowen/tianze/logs/4gpu/20260713-140153-collocated-dreamzero_libero_collocated_ppo/video/train"
      },
      "init_params": {
        "camera_heights": 256,
        "camera_widths": 256
      },
      "chunk_step_mode": "sync_time_major",
      "chunk_step_num_shards": 1
    },
    "eval": {
      "env_type": "libero",
      "task_suite_name": "libero_spatial",
      "total_num_envs": 32,
      "auto_reset": true,
      "ignore_terminations": true,
      "max_steps_per_rollout_epoch": 128,
      "max_episode_steps": 128,
      "use_rel_reward": true,
      "use_step_penalty": false,
      "reward_coef": 1.0,
      "reset_gripper_open": true,
      "is_eval": true,
      "seed": 0,
      "group_size": 1,
      "use_fixed_reset_state_ids": true,
      "use_ordered_reset_state_ids": false,
      "specific_reset_id": null,
      "video_cfg": {
        "save_video": false,
        "info_on_video": true,
        "video_base_dir": "/data1/gaobowen/tianze/logs/4gpu/20260713-140153-collocated-dreamzero_libero_collocated_ppo/video/eval"
      },
      "init_params": {
        "camera_heights": 256,
        "camera_widths": 256
      }
    },
    "group_name": "EnvGroup"
  },
  "actor": {
    "model": {
      "model_type": "dreamzero",
      "model_path": "/data1/gaobowen/tianze/runtime_models/20260713-140153-collocated-dreamzero_libero_collocated_ppo/DreamZero-LIBERO-runtime",
      "tokenizer_path": "/data1/gaobowen/tianze/model/Wan2.2-TI2V-5B/google/umt5-xxl",
      "diffusion_model_pretrained_path": "/data1/gaobowen/tianze/model/Wan2.2-TI2V-5B",
      "image_encoder_pretrained_path": "/data1/gaobowen/tianze/model/Wan2.1-I2V-14B-480P/models_clip_open-clip-xlm-roberta-large-vit-huge-14.pth",
      "text_encoder_pretrained_path": "/data1/gaobowen/tianze/model/Wan2.2-TI2V-5B/models_t5_umt5-xxl-enc-bf16.pth",
      "vae_pretrained_path": "/data1/gaobowen/tianze/model/Wan2.2-TI2V-5B/Wan2.2_VAE.pth",
      "metadata_json_path": "/data1/gaobowen/tianze/runtime_models/20260713-140153-collocated-dreamzero_libero_collocated_ppo/DreamZero-LIBERO-runtime/experiment_cfg/metadata.json",
      "action_dim": 32,
      "env_action_dim": 7,
      "state_horizon": 1,
      "action_horizon": 16,
      "num_action_per_block": 16,
      "max_action_dim": 32,
      "max_state_dim": 64,
      "target_video_height": 160,
      "target_video_width": 320,
      "action_head_cfg": {
        "_convert_": "object",
        "_target_": "groot.vla.model.dreamzero.action_head.wan_flow_matching_action_tf.WANPolicyHead",
        "config": {
          "_recursive_": false,
          "_target_": "groot.vla.model.dreamzero.action_head.wan_flow_matching_action_tf.WANPolicyHeadConfig",
          "action_dim": 32,
          "action_horizon": 16,
          "skip_component_loading": true,
          "action_loss_embodiment_ids": [
            26,
            17
          ],
          "add_pos_embed": true,
          "backbone_embedding_dim": 0,
          "backbone_features_projector_cfg": null,
          "decouple_inference_noise": false,
          "decouple_video_action_noise": false,
          "diffusion_model_cfg": {
            "_convert_": "object",
            "_target_": "groot.vla.model.dreamzero.modules.wan_video_dit_action_casual_chunk.CausalWanModel",
            "diffusion_model_pretrained_path": "/data1/gaobowen/tianze/model/Wan2.2-TI2V-5B",
            "dim": 3072,
            "eps": 1e-06,
            "ffn_dim": 14336,
            "frame_seqlen": 50,
            "freq_dim": 256,
            "in_dim": 48,
            "max_chunk_size": 4,
            "model_type": "ti2v",
            "num_action_per_block": 16,
            "num_frame_per_block": 2,
            "num_heads": 24,
            "num_layers": 30,
            "num_state_per_block": 1,
            "out_dim": 48,
            "concat_first_frame_latent": false
          },
          "expand_batch": null,
          "freeze_decode_layer": false,
          "hidden_size": 64,
          "high_noise_beta_alpha": 3.0,
          "image_encoder_cfg": {
            "_convert_": "object",
            "_target_": "groot.vla.model.dreamzero.modules.wan_video_image_encoder.WanImageEncoder",
            "image_encoder_pretrained_path": "/data1/gaobowen/tianze/model/Wan2.1-I2V-14B-480P/models_clip_open-clip-xlm-roberta-large-vit-huge-14.pth"
          },
          "init_lora_weights": "kaiming",
          "input_embedding_dim": 1536,
          "load_pretrained_det_decode_layer_path": null,
          "lora_alpha": 4,
          "lora_rank": 4,
          "lora_target_modules": "q,k,v,o,ffn.0,ffn.2",
          "max_action_dim": 32,
          "max_state_dim": 64,
          "model_dtype": "float32",
          "noise_beta_alpha": 1.5,
          "noise_beta_beta": 1.0,
          "noise_s": 0.999,
          "num_frame_per_block": 2,
          "num_frames": 33,
          "num_inference_timesteps": 4,
          "num_timestep_buckets": 1000,
          "repa_coeff": 1.0,
          "repa_layer": 8,
          "text_encoder_cfg": {
            "_convert_": "object",
            "_target_": "groot.vla.model.dreamzero.modules.wan_video_text_encoder.WanTextEncoder",
            "text_encoder_pretrained_path": "/data1/gaobowen/tianze/model/Wan2.2-TI2V-5B/models_t5_umt5-xxl-enc-bf16.pth"
          },
          "target_video_height": 160,
          "target_video_width": 320,
          "tile_size_height": 34,
          "tile_size_width": 34,
          "tile_stride_height": 18,
          "tile_stride_width": 16,
          "tiled": false,
          "train_architecture": "lora",
          "tune_diffusion_model": true,
          "tune_projector": true,
          "use_gradient_checkpointing": true,
          "use_high_noise_emphasis": false,
          "use_vlln": true,
          "vae_cfg": {
            "_convert_": "object",
            "_target_": "groot.vla.model.dreamzero.modules.wan_video_vae.WanVideoVAE38",
            "vae_pretrained_path": "/data1/gaobowen/tianze/model/Wan2.2-TI2V-5B/Wan2.2_VAE.pth",
            "z_dim": 48,
            "dim": 160
          },
          "video_inference_final_noise": 0.8,
          "video_noise_beta_alpha": 3.0,
          "video_noise_beta_beta": 1.0,
          "vl_self_attention_cfg": {
            "_target_": "groot.vla.model.n1_5.modules.cross_attention_dit.SelfAttentionTransformer",
            "attention_head_dim": 64,
            "dropout": 0.2,
            "final_dropout": true,
            "num_attention_heads": 24,
            "num_layers": 4,
            "positional_embeddings": null
          },
          "defer_lora_injection": true,
          "debug_logging": false
        }
      },
      "architectures": [
        "VLA"
      ],
      "backbone_cfg": {
        "_target_": "groot.vla.model.dreamzero.backbone.identity.IdentityBackbone"
      },
      "num_action_chunks": 16,
      "embodiment_tag": "libero_sim",
      "precision": "bf16",
      "add_value_head": true,
      "add_q_head": false,
      "is_lora": true,
      "noise_method": "flow_sde",
      "noise_level": 0.5,
      "safe_get_logprob": false,
      "joint_logprob": false,
      "num_steps": 10,
      "ppo_deterministic_eval": true,
      "gradient_checkpointing": false
    },
    "fsdp_config": {
      "strategy": "fsdp",
      "sharding_strategy": "full_shard",
      "gradient_checkpointing": false,
      "cpu_offload": false,
      "offload_pin_memory": false,
      "reshard_after_forward": true,
      "enable_gradient_accumulation": true,
      "forward_prefetch": false,
      "limit_all_gathers": false,
      "backward_prefetch": null,
      "use_orig_params": true,
      "use_liger_kernel": false,
      "mixed_precision": {
        "param_dtype": "bf16",
        "reduce_dtype": "bf16",
        "buffer_dtype": "bf16"
      },
      "amp_autocast": {
        "enabled": false,
        "precision": "bf16"
      },
      "grad_scaler": {
        "enabled": false,
        "init_scale": null,
        "growth_interval": null
      }
    },
    "group_name": "ActorGroup",
    "training_backend": "fsdp",
    "micro_batch_size": 1,
    "global_batch_size": 64,
    "seed": 42,
    "enable_offload": false,
    "optim": {
      "lr": 1e-05,
      "value_lr": 0.0001,
      "adam_beta1": 0.9,
      "adam_beta2": 0.95,
      "adam_eps": 1e-08,
      "weight_decay": 0.01,
      "clip_grad": 1.0,
      "critic_warmup_steps": 0
    }
  },
  "weight_syncer": {
    "type": "patch",
    "patch": {
      "snapshot_device": "cpu",
      "delta_encoding": true,
      "compression": "none",
      "init_sync": {
        "enabled": true,
        "prefixes": null,
        "bucket_size": 134217728
      }
    }
  },
  "cluster": {
    "num_nodes": 1,
    "component_placement": {
      "actor": "0-3",
      "env": "0-3",
      "rollout": "0-3"
    }
  },
  "runner": {
    "task_type": "embodied",
    "logger": {
      "log_path": "/data1/gaobowen/tianze/logs/4gpu/20260713-140153-collocated-dreamzero_libero_collocated_ppo",
      "project_name": "rlinf",
      "experiment_name": "dreamzero_libero_collocated_ppo",
      "logger_backends": [
        "tensorboard"
      ]
    },
    "max_epochs": 2,
    "max_steps": -1,
    "only_eval": false,
    "val_check_interval": -1,
    "save_interval": -1,
    "resume_dir": null,
    "ckpt_path": null,
    "per_worker_log": false,
    "per_worker_log_path": null,
    "nsight_output_path": null,
    "weight_sync_interval": 1,
    "overlap_env_bootstrap": false
  },
  "algorithm": {
    "normalize_advantages": true,
    "kl_penalty": "kl",
    "group_size": 1,
    "reward_coef": 1.0,
    "rollout_epoch": 1,
    "eval_rollout_epoch": 1,
    "update_epoch": 1,
    "reward_type": "chunk_level",
    "logprob_type": "chunk_level",
    "entropy_type": "chunk_level",
    "adv_type": "gae",
    "loss_type": "actor_critic",
    "loss_agg_func": "token-mean",
    "kl_beta": 0.0,
    "entropy_bonus": 0.0,
    "clip_ratio_high": 0.2,
    "clip_ratio_low": 0.2,
    "clip_ratio_c": 3.0,
    "value_clip": 0.2,
    "huber_delta": 10.0,
    "gamma": 0.99,
    "gae_lambda": 0.95,
    "filter_rewards": false,
    "sampling_params": {
      "do_sample": true,
      "temperature_train": 1.0,
      "temperature_eval": 0.6,
      "top_k": 50,
      "top_p": 1.0,
      "repetition_penalty": 1.0,
      "add_BOS": false
    },
    "length_params": {
      "max_new_token": null,
      "max_length": 1024,
      "min_length": 1
    }
  },
  "rollout": {
    "group_name": "RolloutGroup",
    "generation_backend": "huggingface",
    "recompute_logprobs": false,
    "enable_offload": false,
    "pipeline_stage_num": 1,
    "model": {
      "model_path": "/data1/gaobowen/tianze/runtime_models/20260713-140153-collocated-dreamzero_libero_collocated_ppo/DreamZero-LIBERO-runtime",
      "precision": "bf16"
    }
  },
  "reward": {
    "use_reward_model": false
  },
  "critic": {
    "use_critic_model": false
  }
}[INFO 14:02:30 FlexiblePlacementStrategy] 
[INFO 14:02:30 FlexiblePlacementStrategy] Using flexible placement with hardware ranks: [[0], [1], [2], [3]], node groups: ['cluster'].
[INFO 14:02:30 FlexiblePlacementStrategy] 
[INFO 14:02:30 FlexiblePlacementStrategy] Using flexible placement with hardware ranks: [[0], [1], [2], [3]], node groups: ['cluster'].
[INFO 14:02:30 FlexiblePlacementStrategy] 
[INFO 14:02:30 FlexiblePlacementStrategy] Using flexible placement with hardware ranks: [[0], [1], [2], [3]], node groups: ['cluster'].
[INFO 14:02:30 FlexiblePlacementStrategy] Generated 4 placements: [Placement(rank=0, cluster_node_rank=0, placement_node_rank=0, local_accelerator_rank=0, accelerator_type='NV_GPU', local_rank=0, local_world_size=4, visible_accelerators=['0'], isolate_accelerator=True, local_hardware_ranks=[0], node_group_label='cluster'), Placement(rank=1, cluster_node_rank=0, placement_node_rank=0, local_accelerator_rank=1, accelerator_type='NV_GPU', local_rank=1, local_world_size=4, visible_accelerators=['1'], isolate_accelerator=True, local_hardware_ranks=[1], node_group_label='cluster'), Placement(rank=2, cluster_node_rank=0, placement_node_rank=0, local_accelerator_rank=2, accelerator_type='NV_GPU', local_rank=2, local_world_size=4, visible_accelerators=['2'], isolate_accelerator=True, local_hardware_ranks=[2], node_group_label='cluster'), Placement(rank=3, cluster_node_rank=0, placement_node_rank=0, local_accelerator_rank=3, accelerator_type='NV_GPU', local_rank=3, local_world_size=4, visible_accelerators=['3'], isolate_accelerator=True, local_hardware_ranks=[3], node_group_label='cluster')].
[INFO 14:02:30 FlexiblePlacementStrategy] Generated 4 placements: [Placement(rank=0, cluster_node_rank=0, placement_node_rank=0, local_accelerator_rank=0, accelerator_type='NV_GPU', local_rank=0, local_world_size=4, visible_accelerators=['0'], isolate_accelerator=True, local_hardware_ranks=[0], node_group_label='cluster'), Placement(rank=1, cluster_node_rank=0, placement_node_rank=0, local_accelerator_rank=1, accelerator_type='NV_GPU', local_rank=1, local_world_size=4, visible_accelerators=['1'], isolate_accelerator=True, local_hardware_ranks=[1], node_group_label='cluster'), Placement(rank=2, cluster_node_rank=0, placement_node_rank=0, local_accelerator_rank=2, accelerator_type='NV_GPU', local_rank=2, local_world_size=4, visible_accelerators=['2'], isolate_accelerator=True, local_hardware_ranks=[2], node_group_label='cluster'), Placement(rank=3, cluster_node_rank=0, placement_node_rank=0, local_accelerator_rank=3, accelerator_type='NV_GPU', local_rank=3, local_world_size=4, visible_accelerators=['3'], isolate_accelerator=True, local_hardware_ranks=[3], node_group_label='cluster')].
[INFO 14:02:31 FlexiblePlacementStrategy] Generated 4 placements: [Placement(rank=0, cluster_node_rank=0, placement_node_rank=0, local_accelerator_rank=0, accelerator_type='NV_GPU', local_rank=0, local_world_size=4, visible_accelerators=['0'], isolate_accelerator=True, local_hardware_ranks=[0], node_group_label='cluster'), Placement(rank=1, cluster_node_rank=0, placement_node_rank=0, local_accelerator_rank=1, accelerator_type='NV_GPU', local_rank=1, local_world_size=4, visible_accelerators=['1'], isolate_accelerator=True, local_hardware_ranks=[1], node_group_label='cluster'), Placement(rank=2, cluster_node_rank=0, placement_node_rank=0, local_accelerator_rank=2, accelerator_type='NV_GPU', local_rank=2, local_world_size=4, visible_accelerators=['2'], isolate_accelerator=True, local_hardware_ranks=[2], node_group_label='cluster'), Placement(rank=3, cluster_node_rank=0, placement_node_rank=0, local_accelerator_rank=3, accelerator_type='NV_GPU', local_rank=3, local_world_size=4, visible_accelerators=['3'], isolate_accelerator=True, local_hardware_ranks=[3], node_group_label='cluster')].
[INFO 14:02:31 NodePlacementStrategy] 
[INFO 14:02:31 NodePlacementStrategy] Using node placement with node ranks: [0], node groups: ['node'].
[INFO 14:02:31 NodePlacementStrategy] Generated 1 placements: [Placement(rank=0, cluster_node_rank=0, placement_node_rank=0, local_accelerator_rank='0', accelerator_type='NV_GPU', local_rank=0, local_world_size=1, visible_accelerators=['0', '1', '2', '3', '4', '5', '6', '7'], isolate_accelerator=True, local_hardware_ranks=[], node_group_label='cluster')].
[INFO 14:02:31 NodePlacementStrategy] 
[INFO 14:02:31 NodePlacementStrategy] Using node placement with node ranks: [0], node groups: ['node'].
[INFO 14:02:31 NodePlacementStrategy] Generated 1 placements: [Placement(rank=0, cluster_node_rank=0, placement_node_rank=0, local_accelerator_rank='0', accelerator_type='NV_GPU', local_rank=0, local_world_size=1, visible_accelerators=['0', '1', '2', '3', '4', '5', '6', '7'], isolate_accelerator=True, local_hardware_ranks=[], node_group_label='cluster')].
[INFO 14:02:31 NodePlacementStrategy] 
[INFO 14:02:31 NodePlacementStrategy] Using node placement with node ranks: [0], node groups: ['node'].
[INFO 14:02:31 NodePlacementStrategy] Generated 1 placements: [Placement(rank=0, cluster_node_rank=0, placement_node_rank=0, local_accelerator_rank='0', accelerator_type='NV_GPU', local_rank=0, local_world_size=1, visible_accelerators=['0', '1', '2', '3', '4', '5', '6', '7'], isolate_accelerator=True, local_hardware_ranks=[], node_group_label='cluster')].
[36m(pid=4057616)[0m /data1/gaobowen/RLinf_dreamzero/.venv-libero-dreamzero/lib/python3.11/site-packages/transformers/utils/hub.py:110: FutureWarning: Using `TRANSFORMERS_CACHE` is deprecated and will be removed in v5 of Transformers. Use `HF_HOME` instead.
[36m(pid=4057616)[0m   warnings.warn(
[36m(pid=4057653)[0m WARNING: All log messages before absl::InitializeLog() is called are written to STDERR
[36m(pid=4057653)[0m I0000 00:00:1783922554.495686 4057653 port.cc:153] oneDNN custom operations are on. You may see slightly different numerical results due to floating-point round-off errors from different computation orders. To turn them off, set the environment variable `TF_ENABLE_ONEDNN_OPTS=0`.
[36m(pid=4057649)[0m WARNING: All log messages before absl::InitializeLog() is called are written to STDERR
[36m(pid=4057649)[0m I0000 00:00:1783922554.463010 4057649 port.cc:153] oneDNN custom operations are on. You may see slightly different numerical results due to floating-point round-off errors from different computation orders. To turn them off, set the environment variable `TF_ENABLE_ONEDNN_OPTS=0`.
[36m(pid=4057649)[0m I0000 00:00:1783922554.507776 4057649 cpu_feature_guard.cc:227] This TensorFlow binary is optimized to use available CPU instructions in performance-critical operations.
[36m(pid=4057649)[0m To enable the following instructions: AVX2 AVX512F AVX512_VNNI FMA, in other operations, rebuild TensorFlow with the appropriate compiler flags.
[36m(pid=4057615)[0m /data1/gaobowen/RLinf_dreamzero/.venv-libero-dreamzero/lib/python3.11/site-packages/transformers/utils/hub.py:110: FutureWarning: Using `TRANSFORMERS_CACHE` is deprecated and will be removed in v5 of Transformers. Use `HF_HOME` instead.
[36m(pid=4057615)[0m   warnings.warn(
[36m(pid=4057653)[0m I0000 00:00:1783922554.539877 4057653 cpu_feature_guard.cc:227] This TensorFlow binary is optimized to use available CPU instructions in performance-critical operations.
[36m(pid=4057653)[0m To enable the following instructions: AVX2 AVX512F AVX512_VNNI FMA, in other operations, rebuild TensorFlow with the appropriate compiler flags.
[36m(pid=4057941)[0m WARNING: All log messages before absl::InitializeLog() is called are written to STDERR
[36m(pid=4057941)[0m I0000 00:00:1783922554.541087 4057941 port.cc:153] oneDNN custom operations are on. You may see slightly different numerical results due to floating-point round-off errors from different computation orders. To turn them off, set the environment variable `TF_ENABLE_ONEDNN_OPTS=0`.
[36m(pid=4057941)[0m I0000 00:00:1783922554.587107 4057941 cpu_feature_guard.cc:227] This TensorFlow binary is optimized to use available CPU instructions in performance-critical operations.
[36m(pid=4057941)[0m To enable the following instructions: AVX2 AVX512F AVX512_VNNI FMA, in other operations, rebuild TensorFlow with the appropriate compiler flags.
[36m(pid=4057617)[0m /data1/gaobowen/RLinf_dreamzero/.venv-libero-dreamzero/lib/python3.11/site-packages/transformers/utils/hub.py:110: FutureWarning: Using `TRANSFORMERS_CACHE` is deprecated and will be removed in v5 of Transformers. Use `HF_HOME` instead.
[36m(pid=4057617)[0m   warnings.warn(
[36m(pid=4057927)[0m WARNING: All log messages before absl::InitializeLog() is called are written to STDERR
[36m(pid=4057927)[0m I0000 00:00:1783922554.641219 4057927 port.cc:153] oneDNN custom operations are on. You may see slightly different numerical results due to floating-point round-off errors from different computation orders. To turn them off, set the environment variable `TF_ENABLE_ONEDNN_OPTS=0`.
[36m(pid=4057927)[0m I0000 00:00:1783922554.686588 4057927 cpu_feature_guard.cc:227] This TensorFlow binary is optimized to use available CPU instructions in performance-critical operations.
[36m(pid=4057927)[0m To enable the following instructions: AVX2 AVX512F AVX512_VNNI FMA, in other operations, rebuild TensorFlow with the appropriate compiler flags.
[36m(pid=4057636)[0m /data1/gaobowen/RLinf_dreamzero/.venv-libero-dreamzero/lib/python3.11/site-packages/transformers/utils/hub.py:110: FutureWarning: Using `TRANSFORMERS_CACHE` is deprecated and will be removed in v5 of Transformers. Use `HF_HOME` instead.
[36m(pid=4057636)[0m   warnings.warn(
[36m(pid=4057619)[0m /data1/gaobowen/RLinf_dreamzero/.venv-libero-dreamzero/lib/python3.11/site-packages/transformers/utils/hub.py:110: FutureWarning: Using `TRANSFORMERS_CACHE` is deprecated and will be removed in v5 of Transformers. Use `HF_HOME` instead.
[36m(pid=4057619)[0m   warnings.warn(
[36m(pid=4057629)[0m /data1/gaobowen/RLinf_dreamzero/.venv-libero-dreamzero/lib/python3.11/site-packages/transformers/utils/hub.py:110: FutureWarning: Using `TRANSFORMERS_CACHE` is deprecated and will be removed in v5 of Transformers. Use `HF_HOME` instead.
[36m(pid=4057629)[0m   warnings.warn(
[36m(pid=4057637)[0m /data1/gaobowen/RLinf_dreamzero/.venv-libero-dreamzero/lib/python3.11/site-packages/transformers/utils/hub.py:110: FutureWarning: Using `TRANSFORMERS_CACHE` is deprecated and will be removed in v5 of Transformers. Use `HF_HOME` instead.
[36m(pid=4057637)[0m   warnings.warn(
[36m(pid=4057642)[0m /data1/gaobowen/RLinf_dreamzero/.venv-libero-dreamzero/lib/python3.11/site-packages/transformers/utils/hub.py:110: FutureWarning: Using `TRANSFORMERS_CACHE` is deprecated and will be removed in v5 of Transformers. Use `HF_HOME` instead.
[36m(pid=4057642)[0m   warnings.warn(
[36m(pid=4057649)[0m WARNING: All log messages before absl::InitializeLog() is called are written to STDERR
[36m(pid=4057649)[0m I0000 00:00:1783922555.642064 4057649 port.cc:153] oneDNN custom operations are on. You may see slightly different numerical results due to floating-point round-off errors from different computation orders. To turn them off, set the environment variable `TF_ENABLE_ONEDNN_OPTS=0`.
[36m(pid=4057653)[0m WARNING: All log messages before absl::InitializeLog() is called are written to STDERR
[36m(pid=4057653)[0m I0000 00:00:1783922555.743456 4057653 port.cc:153] oneDNN custom operations are on. You may see slightly different numerical results due to floating-point round-off errors from different computation orders. To turn them off, set the environment variable `TF_ENABLE_ONEDNN_OPTS=0`.
[36m(pid=4057941)[0m WARNING: All log messages before absl::InitializeLog() is called are written to STDERR
[36m(pid=4057941)[0m I0000 00:00:1783922555.790766 4057941 port.cc:153] oneDNN custom operations are on. You may see slightly different numerical results due to floating-point round-off errors from different computation orders. To turn them off, set the environment variable `TF_ENABLE_ONEDNN_OPTS=0`.
[36m(pid=4057927)[0m WARNING: All log messages before absl::InitializeLog() is called are written to STDERR
[36m(pid=4057927)[0m I0000 00:00:1783922555.872155 4057927 port.cc:153] oneDNN custom operations are on. You may see slightly different numerical results due to floating-point round-off errors from different computation orders. To turn them off, set the environment variable `TF_ENABLE_ONEDNN_OPTS=0`.
[36m(EmbodiedFSDPActor pid=4057617)[0m [INFO 14:02:36 FlexiblePlacementStrategy] 
[36m(EmbodiedFSDPActor pid=4057617)[0m [INFO 14:02:36 FlexiblePlacementStrategy] Using flexible placement with hardware ranks: [[0], [1], [2], [3]], node groups: ['cluster'].
[36m(EmbodiedFSDPActor pid=4057617)[0m [INFO 14:02:36 FlexiblePlacementStrategy] 
[36m(EmbodiedFSDPActor pid=4057617)[0m [INFO 14:02:36 FlexiblePlacementStrategy] Using flexible placement with hardware ranks: [[0], [1], [2], [3]], node groups: ['cluster'].
[36m(EmbodiedFSDPActor pid=4057617)[0m [INFO 14:02:36 FlexiblePlacementStrategy] 
[36m(EmbodiedFSDPActor pid=4057617)[0m [INFO 14:02:36 FlexiblePlacementStrategy] Using flexible placement with hardware ranks: [[0], [1], [2], [3]], node groups: ['cluster'].
[36m(EnvWorker pid=4057649)[0m [INFO 14:02:36 FlexiblePlacementStrategy] 
[36m(EnvWorker pid=4057649)[0m [INFO 14:02:36 FlexiblePlacementStrategy] Using flexible placement with hardware ranks: [[0], [1], [2], [3]], node groups: ['cluster'].
[36m(EnvWorker pid=4057649)[0m [INFO 14:02:36 FlexiblePlacementStrategy] 
[36m(EnvWorker pid=4057649)[0m [INFO 14:02:36 FlexiblePlacementStrategy] Using flexible placement with hardware ranks: [[0], [1], [2], [3]], node groups: ['cluster'].
[36m(EnvWorker pid=4057649)[0m [INFO 14:02:36 FlexiblePlacementStrategy] 
[36m(EnvWorker pid=4057649)[0m [INFO 14:02:36 FlexiblePlacementStrategy] Using flexible placement with hardware ranks: [[0], [1], [2], [3]], node groups: ['cluster'].
[36m(EnvWorker pid=4057653)[0m [INFO 14:02:36 FlexiblePlacementStrategy] 
[36m(EnvWorker pid=4057653)[0m [INFO 14:02:36 FlexiblePlacementStrategy] Using flexible placement with hardware ranks: [[0], [1], [2], [3]], node groups: ['cluster'].
[36m(EnvWorker pid=4057653)[0m [INFO 14:02:36 FlexiblePlacementStrategy] 
[36m(EnvWorker pid=4057653)[0m [INFO 14:02:36 FlexiblePlacementStrategy] Using flexible placement with hardware ranks: [[0], [1], [2], [3]], node groups: ['cluster'].
[36m(EnvWorker pid=4057653)[0m [INFO 14:02:36 FlexiblePlacementStrategy] 
[36m(EnvWorker pid=4057653)[0m [INFO 14:02:36 FlexiblePlacementStrategy] Using flexible placement with hardware ranks: [[0], [1], [2], [3]], node groups: ['cluster'].
[36m(EnvWorker pid=4057941)[0m [INFO 14:02:36 FlexiblePlacementStrategy] 
[36m(EnvWorker pid=4057941)[0m [INFO 14:02:36 FlexiblePlacementStrategy] Using flexible placement with hardware ranks: [[0], [1], [2], [3]], node groups: ['cluster'].
[36m(EnvWorker pid=4057941)[0m [INFO 14:02:36 FlexiblePlacementStrategy] 
[36m(EnvWorker pid=4057941)[0m [INFO 14:02:36 FlexiblePlacementStrategy] Using flexible placement with hardware ranks: [[0], [1], [2], [3]], node groups: ['cluster'].
[36m(EnvWorker pid=4057941)[0m [INFO 14:02:36 FlexiblePlacementStrategy] 
[36m(EnvWorker pid=4057941)[0m [INFO 14:02:36 FlexiblePlacementStrategy] Using flexible placement with hardware ranks: [[0], [1], [2], [3]], node groups: ['cluster'].
[36m(EnvWorker pid=4057927)[0m [INFO 14:02:36 FlexiblePlacementStrategy] 
[36m(EnvWorker pid=4057927)[0m [INFO 14:02:36 FlexiblePlacementStrategy] Using flexible placement with hardware ranks: [[0], [1], [2], [3]], node groups: ['cluster'].
[36m(EnvWorker pid=4057927)[0m [INFO 14:02:36 FlexiblePlacementStrategy] 
[36m(EnvWorker pid=4057927)[0m [INFO 14:02:36 FlexiblePlacementStrategy] Using flexible placement with hardware ranks: [[0], [1], [2], [3]], node groups: ['cluster'].
[36m(EnvWorker pid=4057927)[0m [INFO 14:02:36 FlexiblePlacementStrategy] 
[36m(EnvWorker pid=4057927)[0m [INFO 14:02:36 FlexiblePlacementStrategy] Using flexible placement with hardware ranks: [[0], [1], [2], [3]], node groups: ['cluster'].
[36m(EmbodiedFSDPActor pid=4057616)[0m [INFO 14:02:37 FlexiblePlacementStrategy] 
[36m(EmbodiedFSDPActor pid=4057616)[0m [INFO 14:02:37 FlexiblePlacementStrategy] Using flexible placement with hardware ranks: [[0], [1], [2], [3]], node groups: ['cluster'].
[36m(EmbodiedFSDPActor pid=4057616)[0m [INFO 14:02:37 FlexiblePlacementStrategy] 
[36m(EmbodiedFSDPActor pid=4057616)[0m [INFO 14:02:37 FlexiblePlacementStrategy] Using flexible placement with hardware ranks: [[0], [1], [2], [3]], node groups: ['cluster'].
[36m(EmbodiedFSDPActor pid=4057616)[0m [INFO 14:02:37 FlexiblePlacementStrategy] 
[36m(EmbodiedFSDPActor pid=4057616)[0m [INFO 14:02:37 FlexiblePlacementStrategy] Using flexible placement with hardware ranks: [[0], [1], [2], [3]], node groups: ['cluster'].
[36m(EmbodiedFSDPActor pid=4057615)[0m [INFO 14:02:37 FlexiblePlacementStrategy] 
[36m(EmbodiedFSDPActor pid=4057615)[0m [INFO 14:02:37 FlexiblePlacementStrategy] Using flexible placement with hardware ranks: [[0], [1], [2], [3]], node groups: ['cluster'].
[36m(EmbodiedFSDPActor pid=4057615)[0m [INFO 14:02:37 FlexiblePlacementStrategy] 
[36m(EmbodiedFSDPActor pid=4057615)[0m [INFO 14:02:37 FlexiblePlacementStrategy] Using flexible placement with hardware ranks: [[0], [1], [2], [3]], node groups: ['cluster'].
[36m(EmbodiedFSDPActor pid=4057615)[0m [INFO 14:02:37 FlexiblePlacementStrategy] 
[36m(EmbodiedFSDPActor pid=4057615)[0m [INFO 14:02:37 FlexiblePlacementStrategy] Using flexible placement with hardware ranks: [[0], [1], [2], [3]], node groups: ['cluster'].
[36m(EmbodiedFSDPActor pid=4057619)[0m [INFO 14:02:37 FlexiblePlacementStrategy] 
[36m(EmbodiedFSDPActor pid=4057619)[0m [INFO 14:02:37 FlexiblePlacementStrategy] Using flexible placement with hardware ranks: [[0], [1], [2], [3]], node groups: ['cluster'].
[36m(EmbodiedFSDPActor pid=4057619)[0m [INFO 14:02:37 FlexiblePlacementStrategy] 
[36m(EmbodiedFSDPActor pid=4057619)[0m [INFO 14:02:37 FlexiblePlacementStrategy] Using flexible placement with hardware ranks: [[0], [1], [2], [3]], node groups: ['cluster'].
[36m(EmbodiedFSDPActor pid=4057619)[0m [INFO 14:02:37 FlexiblePlacementStrategy] 
[36m(EmbodiedFSDPActor pid=4057619)[0m [INFO 14:02:37 FlexiblePlacementStrategy] Using flexible placement with hardware ranks: [[0], [1], [2], [3]], node groups: ['cluster'].
[36m(MultiStepRolloutWorker pid=4057629)[0m [INFO 14:02:37 FlexiblePlacementStrategy] 
[36m(MultiStepRolloutWorker pid=4057629)[0m [INFO 14:02:37 FlexiblePlacementStrategy] Using flexible placement with hardware ranks: [[0], [1], [2], [3]], node groups: ['cluster'].
[36m(MultiStepRolloutWorker pid=4057629)[0m [INFO 14:02:37 FlexiblePlacementStrategy] 
[36m(MultiStepRolloutWorker pid=4057629)[0m [INFO 14:02:37 FlexiblePlacementStrategy] Using flexible placement with hardware ranks: [[0], [1], [2], [3]], node groups: ['cluster'].
[36m(MultiStepRolloutWorker pid=4057629)[0m [INFO 14:02:37 FlexiblePlacementStrategy] 
[36m(MultiStepRolloutWorker pid=4057629)[0m [INFO 14:02:37 FlexiblePlacementStrategy] Using flexible placement with hardware ranks: [[0], [1], [2], [3]], node groups: ['cluster'].
[36m(MultiStepRolloutWorker pid=4057636)[0m [INFO 14:02:37 FlexiblePlacementStrategy] 
[36m(MultiStepRolloutWorker pid=4057636)[0m [INFO 14:02:37 FlexiblePlacementStrategy] Using flexible placement with hardware ranks: [[0], [1], [2], [3]], node groups: ['cluster'].
[36m(MultiStepRolloutWorker pid=4057636)[0m [INFO 14:02:37 FlexiblePlacementStrategy] 
[36m(MultiStepRolloutWorker pid=4057636)[0m [INFO 14:02:37 FlexiblePlacementStrategy] Using flexible placement with hardware ranks: [[0], [1], [2], [3]], node groups: ['cluster'].
[36m(MultiStepRolloutWorker pid=4057636)[0m [INFO 14:02:37 FlexiblePlacementStrategy] 
[36m(MultiStepRolloutWorker pid=4057636)[0m [INFO 14:02:37 FlexiblePlacementStrategy] Using flexible placement with hardware ranks: [[0], [1], [2], [3]], node groups: ['cluster'].
[36m(MultiStepRolloutWorker pid=4057637)[0m [INFO 14:02:37 FlexiblePlacementStrategy] 
[36m(MultiStepRolloutWorker pid=4057637)[0m [INFO 14:02:37 FlexiblePlacementStrategy] Using flexible placement with hardware ranks: [[0], [1], [2], [3]], node groups: ['cluster'].
[36m(MultiStepRolloutWorker pid=4057637)[0m [INFO 14:02:37 FlexiblePlacementStrategy] 
[36m(MultiStepRolloutWorker pid=4057637)[0m [INFO 14:02:37 FlexiblePlacementStrategy] Using flexible placement with hardware ranks: [[0], [1], [2], [3]], node groups: ['cluster'].
[36m(MultiStepRolloutWorker pid=4057637)[0m [INFO 14:02:37 FlexiblePlacementStrategy] 
[36m(MultiStepRolloutWorker pid=4057637)[0m [INFO 14:02:37 FlexiblePlacementStrategy] Using flexible placement with hardware ranks: [[0], [1], [2], [3]], node groups: ['cluster'].
[36m(MultiStepRolloutWorker pid=4057642)[0m [INFO 14:02:37 FlexiblePlacementStrategy] 
[36m(MultiStepRolloutWorker pid=4057642)[0m [INFO 14:02:37 FlexiblePlacementStrategy] Using flexible placement with hardware ranks: [[0], [1], [2], [3]], node groups: ['cluster'].
[36m(MultiStepRolloutWorker pid=4057642)[0m [INFO 14:02:37 FlexiblePlacementStrategy] 
[36m(MultiStepRolloutWorker pid=4057642)[0m [INFO 14:02:37 FlexiblePlacementStrategy] Using flexible placement with hardware ranks: [[0], [1], [2], [3]], node groups: ['cluster'].
[36m(MultiStepRolloutWorker pid=4057642)[0m [INFO 14:02:37 FlexiblePlacementStrategy] 
[36m(MultiStepRolloutWorker pid=4057642)[0m [INFO 14:02:37 FlexiblePlacementStrategy] Using flexible placement with hardware ranks: [[0], [1], [2], [3]], node groups: ['cluster'].
[36m(EnvGroup(rank=1) pid=4057653)[0m Gym has been unmaintained since 2022 and does not support NumPy 2.0 amongst other critical functionality.
[36m(EnvGroup(rank=1) pid=4057653)[0m Please upgrade to Gymnasium, the maintained drop-in replacement of Gym, or contact the authors of your software and request that they upgrade.
[36m(EnvGroup(rank=1) pid=4057653)[0m Users of this version of Gym should be able to simply replace 'import gym' with 'import gymnasium as gym' in the vast majority of cases.
[36m(EnvGroup(rank=1) pid=4057653)[0m See the migration guide at https://gymnasium.farama.org/introduction/migration_guide/ for additional information.
[36m(EnvGroup(rank=0) pid=4057649)[0m Gym has been unmaintained since 2022 and does not support NumPy 2.0 amongst other critical functionality.
[36m(EnvGroup(rank=0) pid=4057649)[0m Please upgrade to Gymnasium, the maintained drop-in replacement of Gym, or contact the authors of your software and request that they upgrade.
[36m(EnvGroup(rank=0) pid=4057649)[0m Users of this version of Gym should be able to simply replace 'import gym' with 'import gymnasium as gym' in the vast majority of cases.
[36m(EnvGroup(rank=0) pid=4057649)[0m See the migration guide at https://gymnasium.farama.org/introduction/migration_guide/ for additional information.
[36m(EnvGroup(rank=0) pid=4057649)[0m /data1/gaobowen/RLinf_dreamzero/.venv-libero-dreamzero/lib/python3.11/site-packages/robosuite/macros.py:53: DeprecationWarning: The 'warn' method is deprecated, use 'warning' instead
[36m(EnvGroup(rank=0) pid=4057649)[0m   ROBOSUITE_DEFAULT_LOGGER.warn("No private macro file found!")
[36m(EnvGroup(rank=0) pid=4057649)[0m [robosuite WARNING] No private macro file found! (macros.py:53)
[36m(EnvGroup(rank=0) pid=4057649)[0m WARNING:robosuite_logs:No private macro file found!
[36m(EnvGroup(rank=0) pid=4057649)[0m [robosuite WARNING] It is recommended to use a private macro file (macros.py:54)
[36m(EnvGroup(rank=0) pid=4057649)[0m WARNING:robosuite_logs:It is recommended to use a private macro file
[36m(EnvGroup(rank=0) pid=4057649)[0m [robosuite WARNING] To setup, run: python /data1/gaobowen/RLinf_dreamzero/.venv-libero-dreamzero/lib/python3.11/site-packages/robosuite/scripts/setup_macros.py (macros.py:55)
[36m(EnvGroup(rank=0) pid=4057649)[0m WARNING:robosuite_logs:To setup, run: python /data1/gaobowen/RLinf_dreamzero/.venv-libero-dreamzero/lib/python3.11/site-packages/robosuite/scripts/setup_macros.py
[36m(EnvGroup(rank=2) pid=4057927)[0m Gym has been unmaintained since 2022 and does not support NumPy 2.0 amongst other critical functionality.
[36m(EnvGroup(rank=2) pid=4057927)[0m Please upgrade to Gymnasium, the maintained drop-in replacement of Gym, or contact the authors of your software and request that they upgrade.
[36m(EnvGroup(rank=2) pid=4057927)[0m Users of this version of Gym should be able to simply replace 'import gym' with 'import gymnasium as gym' in the vast majority of cases.
[36m(EnvGroup(rank=2) pid=4057927)[0m See the migration guide at https://gymnasium.farama.org/introduction/migration_guide/ for additional information.
[36m(EnvGroup(rank=2) pid=4057927)[0m /data1/gaobowen/RLinf_dreamzero/.venv-libero-dreamzero/lib/python3.11/site-packages/robosuite/macros.py:53: DeprecationWarning: The 'warn' method is deprecated, use 'warning' instead
[36m(EnvGroup(rank=2) pid=4057927)[0m   ROBOSUITE_DEFAULT_LOGGER.warn("No private macro file found!")
[36m(EnvGroup(rank=2) pid=4057927)[0m [robosuite WARNING] No private macro file found! (macros.py:53)
[36m(EnvGroup(rank=2) pid=4057927)[0m WARNING:robosuite_logs:No private macro file found!
[36m(EnvGroup(rank=2) pid=4057927)[0m [robosuite WARNING] It is recommended to use a private macro file (macros.py:54)
[36m(EnvGroup(rank=2) pid=4057927)[0m WARNING:robosuite_logs:It is recommended to use a private macro file
[36m(EnvGroup(rank=2) pid=4057927)[0m [robosuite WARNING] To setup, run: python /data1/gaobowen/RLinf_dreamzero/.venv-libero-dreamzero/lib/python3.11/site-packages/robosuite/scripts/setup_macros.py (macros.py:55)
[36m(EnvGroup(rank=2) pid=4057927)[0m WARNING:robosuite_logs:To setup, run: python /data1/gaobowen/RLinf_dreamzero/.venv-libero-dreamzero/lib/python3.11/site-packages/robosuite/scripts/setup_macros.py
[36m(EnvGroup(rank=3) pid=4057941)[0m Gym has been unmaintained since 2022 and does not support NumPy 2.0 amongst other critical functionality.
[36m(EnvGroup(rank=3) pid=4057941)[0m Please upgrade to Gymnasium, the maintained drop-in replacement of Gym, or contact the authors of your software and request that they upgrade.
[36m(EnvGroup(rank=3) pid=4057941)[0m Users of this version of Gym should be able to simply replace 'import gym' with 'import gymnasium as gym' in the vast majority of cases.
[36m(EnvGroup(rank=3) pid=4057941)[0m See the migration guide at https://gymnasium.farama.org/introduction/migration_guide/ for additional information.
[36m(EnvGroup(rank=3) pid=4057941)[0m /data1/gaobowen/RLinf_dreamzero/.venv-libero-dreamzero/lib/python3.11/site-packages/robosuite/macros.py:53: DeprecationWarning: The 'warn' method is deprecated, use 'warning' instead
[36m(EnvGroup(rank=3) pid=4057941)[0m   ROBOSUITE_DEFAULT_LOGGER.warn("No private macro file found!")
[36m(EnvGroup(rank=3) pid=4057941)[0m [robosuite WARNING] No private macro file found! (macros.py:53)
[36m(EnvGroup(rank=3) pid=4057941)[0m WARNING:robosuite_logs:No private macro file found!
[36m(EnvGroup(rank=3) pid=4057941)[0m [robosuite WARNING] It is recommended to use a private macro file (macros.py:54)
[36m(EnvGroup(rank=3) pid=4057941)[0m WARNING:robosuite_logs:It is recommended to use a private macro file
[36m(EnvGroup(rank=3) pid=4057941)[0m [robosuite WARNING] To setup, run: python /data1/gaobowen/RLinf_dreamzero/.venv-libero-dreamzero/lib/python3.11/site-packages/robosuite/scripts/setup_macros.py (macros.py:55)
[36m(EnvGroup(rank=3) pid=4057941)[0m WARNING:robosuite_logs:To setup, run: python /data1/gaobowen/RLinf_dreamzero/.venv-libero-dreamzero/lib/python3.11/site-packages/robosuite/scripts/setup_macros.py
[36m(EnvGroup(rank=1) pid=4057653)[0m /data1/gaobowen/RLinf_dreamzero/.venv-libero-dreamzero/lib/python3.11/site-packages/robosuite/macros.py:53: DeprecationWarning: The 'warn' method is deprecated, use 'warning' instead
[36m(EnvGroup(rank=1) pid=4057653)[0m   ROBOSUITE_DEFAULT_LOGGER.warn("No private macro file found!")
[36m(EnvGroup(rank=1) pid=4057653)[0m [robosuite WARNING] No private macro file found! (macros.py:53)
[36m(EnvGroup(rank=1) pid=4057653)[0m WARNING:robosuite_logs:No private macro file found!
[36m(EnvGroup(rank=1) pid=4057653)[0m [robosuite WARNING] It is recommended to use a private macro file (macros.py:54)
[36m(EnvGroup(rank=1) pid=4057653)[0m WARNING:robosuite_logs:It is recommended to use a private macro file
[36m(EnvGroup(rank=1) pid=4057653)[0m [robosuite WARNING] To setup, run: python /data1/gaobowen/RLinf_dreamzero/.venv-libero-dreamzero/lib/python3.11/site-packages/robosuite/scripts/setup_macros.py (macros.py:55)
[36m(EnvGroup(rank=1) pid=4057653)[0m WARNING:robosuite_logs:To setup, run: python /data1/gaobowen/RLinf_dreamzero/.venv-libero-dreamzero/lib/python3.11/site-packages/robosuite/scripts/setup_macros.py
[36m(EnvGroup(rank=0) pid=4057649)[0m INFO:OpenGL.acceleratesupport:No OpenGL_accelerate module loaded: No module named 'OpenGL_accelerate'
[36m(EnvGroup(rank=2) pid=4057927)[0m INFO:OpenGL.acceleratesupport:No OpenGL_accelerate module loaded: No module named 'OpenGL_accelerate'
[36m(EnvGroup(rank=3) pid=4057941)[0m INFO:OpenGL.acceleratesupport:No OpenGL_accelerate module loaded: No module named 'OpenGL_accelerate'
[36m(EnvGroup(rank=1) pid=4057653)[0m INFO:OpenGL.acceleratesupport:No OpenGL_accelerate module loaded: No module named 'OpenGL_accelerate'
[36m(RolloutGroup(rank=1) pid=4057636)[0m WARNING: All log messages before absl::InitializeLog() is called are written to STDERR
[36m(RolloutGroup(rank=1) pid=4057636)[0m I0000 00:00:1783922558.492941 4059806 port.cc:153] oneDNN custom operations are on. You may see slightly different numerical results due to floating-point round-off errors from different computation orders. To turn them off, set the environment variable `TF_ENABLE_ONEDNN_OPTS=0`.
[36m(RolloutGroup(rank=0) pid=4057629)[0m WARNING: All log messages before absl::InitializeLog() is called are written to STDERR
[36m(RolloutGroup(rank=0) pid=4057629)[0m I0000 00:00:1783922558.492942 4059811 port.cc:153] oneDNN custom operations are on. You may see slightly different numerical results due to floating-point round-off errors from different computation orders. To turn them off, set the environment variable `TF_ENABLE_ONEDNN_OPTS=0`.
[36m(RolloutGroup(rank=1) pid=4057636)[0m I0000 00:00:1783922558.543362 4059806 cpu_feature_guard.cc:227] This TensorFlow binary is optimized to use available CPU instructions in performance-critical operations.
[36m(RolloutGroup(rank=1) pid=4057636)[0m To enable the following instructions: AVX2 AVX512F AVX512_VNNI FMA, in other operations, rebuild TensorFlow with the appropriate compiler flags.
[36m(RolloutGroup(rank=0) pid=4057629)[0m I0000 00:00:1783922558.543218 4059811 cpu_feature_guard.cc:227] This TensorFlow binary is optimized to use available CPU instructions in performance-critical operations.
[36m(RolloutGroup(rank=0) pid=4057629)[0m To enable the following instructions: AVX2 AVX512F AVX512_VNNI FMA, in other operations, rebuild TensorFlow with the appropriate compiler flags.
[36m(RolloutGroup(rank=2) pid=4057637)[0m WARNING: All log messages before absl::InitializeLog() is called are written to STDERR
[36m(RolloutGroup(rank=2) pid=4057637)[0m I0000 00:00:1783922558.702993 4059816 port.cc:153] oneDNN custom operations are on. You may see slightly different numerical results due to floating-point round-off errors from different computation orders. To turn them off, set the environment variable `TF_ENABLE_ONEDNN_OPTS=0`.
[36m(RolloutGroup(rank=2) pid=4057637)[0m I0000 00:00:1783922558.750607 4059816 cpu_feature_guard.cc:227] This TensorFlow binary is optimized to use available CPU instructions in performance-critical operations.
[36m(RolloutGroup(rank=2) pid=4057637)[0m To enable the following instructions: AVX2 AVX512F AVX512_VNNI FMA, in other operations, rebuild TensorFlow with the appropriate compiler flags.
[36m(RolloutGroup(rank=3) pid=4057642)[0m WARNING: All log messages before absl::InitializeLog() is called are written to STDERR
[36m(RolloutGroup(rank=3) pid=4057642)[0m I0000 00:00:1783922558.841236 4059818 port.cc:153] oneDNN custom operations are on. You may see slightly different numerical results due to floating-point round-off errors from different computation orders. To turn them off, set the environment variable `TF_ENABLE_ONEDNN_OPTS=0`.
[36m(RolloutGroup(rank=3) pid=4057642)[0m I0000 00:00:1783922558.892351 4059818 cpu_feature_guard.cc:227] This TensorFlow binary is optimized to use available CPU instructions in performance-critical operations.
[36m(RolloutGroup(rank=3) pid=4057642)[0m To enable the following instructions: AVX2 AVX512F AVX512_VNNI FMA, in other operations, rebuild TensorFlow with the appropriate compiler flags.
[36m(RolloutGroup(rank=1) pid=4057636)[0m WARNING: All log messages before absl::InitializeLog() is called are written to STDERR
[36m(RolloutGroup(rank=1) pid=4057636)[0m I0000 00:00:1783922559.883564 4059806 port.cc:153] oneDNN custom operations are on. You may see slightly different numerical results due to floating-point round-off errors from different computation orders. To turn them off, set the environment variable `TF_ENABLE_ONEDNN_OPTS=0`.
[36m(RolloutGroup(rank=0) pid=4057629)[0m WARNING: All log messages before absl::InitializeLog() is called are written to STDERR
[36m(RolloutGroup(rank=0) pid=4057629)[0m I0000 00:00:1783922559.916499 4059811 port.cc:153] oneDNN custom operations are on. You may see slightly different numerical results due to floating-point round-off errors from different computation orders. To turn them off, set the environment variable `TF_ENABLE_ONEDNN_OPTS=0`.
[36m(EnvGroup(rank=0) pid=4057649)[0m Gym has been unmaintained since 2022 and does not support NumPy 2.0 amongst other critical functionality.
[36m(EnvGroup(rank=0) pid=4057649)[0m Please upgrade to Gymnasium, the maintained drop-in replacement of Gym, or contact the authors of your software and request that they upgrade.
[36m(EnvGroup(rank=0) pid=4057649)[0m Users of this version of Gym should be able to simply replace 'import gym' with 'import gymnasium as gym' in the vast majority of cases.
[36m(EnvGroup(rank=0) pid=4057649)[0m See the migration guide at https://gymnasium.farama.org/introduction/migration_guide/ for additional information.
[36m(EnvGroup(rank=2) pid=4057927)[0m Gym has been unmaintained since 2022 and does not support NumPy 2.0 amongst other critical functionality.
[36m(EnvGroup(rank=2) pid=4057927)[0m Please upgrade to Gymnasium, the maintained drop-in replacement of Gym, or contact the authors of your software and request that they upgrade.
[36m(EnvGroup(rank=2) pid=4057927)[0m Users of this version of Gym should be able to simply replace 'import gym' with 'import gymnasium as gym' in the vast majority of cases.
[36m(EnvGroup(rank=2) pid=4057927)[0m See the migration guide at https://gymnasium.farama.org/introduction/migration_guide/ for additional information.
[36m(EnvGroup(rank=2) pid=4057927)[0m Gym has been unmaintained since 2022 and does not support NumPy 2.0 amongst other critical functionality.
[36m(EnvGroup(rank=2) pid=4057927)[0m Please upgrade to Gymnasium, the maintained drop-in replacement of Gym, or contact the authors of your software and request that they upgrade.
[36m(EnvGroup(rank=2) pid=4057927)[0m Users of this version of Gym should be able to simply replace 'import gym' with 'import gymnasium as gym' in the vast majority of cases.
[36m(EnvGroup(rank=2) pid=4057927)[0m See the migration guide at https://gymnasium.farama.org/introduction/migration_guide/ for additional information.
[36m(RolloutGroup(rank=2) pid=4057637)[0m WARNING: All log messages before absl::InitializeLog() is called are written to STDERR
[36m(RolloutGroup(rank=2) pid=4057637)[0m I0000 00:00:1783922560.084167 4059816 port.cc:153] oneDNN custom operations are on. You may see slightly different numerical results due to floating-point round-off errors from different computation orders. To turn them off, set the environment variable `TF_ENABLE_ONEDNN_OPTS=0`.
[36m(EnvGroup(rank=0) pid=4057649)[0m Gym has been unmaintained since 2022 and does not support NumPy 2.0 amongst other critical functionality.
[36m(EnvGroup(rank=0) pid=4057649)[0m Please upgrade to Gymnasium, the maintained drop-in replacement of Gym, or contact the authors of your software and request that they upgrade.
[36m(EnvGroup(rank=0) pid=4057649)[0m Users of this version of Gym should be able to simply replace 'import gym' with 'import gymnasium as gym' in the vast majority of cases.
[36m(EnvGroup(rank=0) pid=4057649)[0m See the migration guide at https://gymnasium.farama.org/introduction/migration_guide/ for additional information.
[36m(EnvGroup(rank=0) pid=4057649)[0m Gym has been unmaintained since 2022 and does not support NumPy 2.0 amongst other critical functionality.
[36m(EnvGroup(rank=0) pid=4057649)[0m Please upgrade to Gymnasium, the maintained drop-in replacement of Gym, or contact the authors of your software and request that they upgrade.
[36m(EnvGroup(rank=0) pid=4057649)[0m Users of this version of Gym should be able to simply replace 'import gym' with 'import gymnasium as gym' in the vast majority of cases.
[36m(EnvGroup(rank=0) pid=4057649)[0m See the migration guide at https://gymnasium.farama.org/introduction/migration_guide/ for additional information.
[36m(EnvGroup(rank=0) pid=4057649)[0m Gym has been unmaintained since 2022 and does not support NumPy 2.0 amongst other critical functionality.
[36m(EnvGroup(rank=0) pid=4057649)[0m Please upgrade to Gymnasium, the maintained drop-in replacement of Gym, or contact the authors of your software and request that they upgrade.
[36m(EnvGroup(rank=0) pid=4057649)[0m Users of this version of Gym should be able to simply replace 'import gym' with 'import gymnasium as gym' in the vast majority of cases.
[36m(EnvGroup(rank=0) pid=4057649)[0m See the migration guide at https://gymnasium.farama.org/introduction/migration_guide/ for additional information.
[36m(EnvGroup(rank=0) pid=4057649)[0m Gym has been unmaintained since 2022 and does not support NumPy 2.0 amongst other critical functionality.
[36m(EnvGroup(rank=0) pid=4057649)[0m Please upgrade to Gymnasium, the maintained drop-in replacement of Gym, or contact the authors of your software and request that they upgrade.
[36m(EnvGroup(rank=0) pid=4057649)[0m Users of this version of Gym should be able to simply replace 'import gym' with 'import gymnasium as gym' in the vast majority of cases.
[36m(EnvGroup(rank=0) pid=4057649)[0m See the migration guide at https://gymnasium.farama.org/introduction/migration_guide/ for additional information.
[36m(EnvGroup(rank=0) pid=4057649)[0m Gym has been unmaintained since 2022 and does not support NumPy 2.0 amongst other critical functionality.
[36m(EnvGroup(rank=0) pid=4057649)[0m Please upgrade to Gymnasium, the maintained drop-in replacement of Gym, or contact the authors of your software and request that they upgrade.
[36m(EnvGroup(rank=0) pid=4057649)[0m Users of this version of Gym should be able to simply replace 'import gym' with 'import gymnasium as gym' in the vast majority of cases.
[36m(EnvGroup(rank=0) pid=4057649)[0m See the migration guide at https://gymnasium.farama.org/introduction/migration_guide/ for additional information.
[36m(EnvGroup(rank=0) pid=4057649)[0m Gym has been unmaintained since 2022 and does not support NumPy 2.0 amongst other critical functionality.
[36m(EnvGroup(rank=0) pid=4057649)[0m Please upgrade to Gymnasium, the maintained drop-in replacement of Gym, or contact the authors of your software and request that they upgrade.
[36m(EnvGroup(rank=0) pid=4057649)[0m Users of this version of Gym should be able to simply replace 'import gym' with 'import gymnasium as gym' in the vast majority of cases.
[36m(EnvGroup(rank=0) pid=4057649)[0m See the migration guide at https://gymnasium.farama.org/introduction/migration_guide/ for additional information.
[36m(EnvGroup(rank=3) pid=4057941)[0m Gym has been unmaintained since 2022 and does not support NumPy 2.0 amongst other critical functionality.
[36m(EnvGroup(rank=3) pid=4057941)[0m Please upgrade to Gymnasium, the maintained drop-in replacement of Gym, or contact the authors of your software and request that they upgrade.
[36m(EnvGroup(rank=3) pid=4057941)[0m Users of this version of Gym should be able to simply replace 'import gym' with 'import gymnasium as gym' in the vast majority of cases.
[36m(EnvGroup(rank=3) pid=4057941)[0m See the migration guide at https://gymnasium.farama.org/introduction/migration_guide/ for additional information.
[36m(EnvGroup(rank=1) pid=4057653)[0m Gym has been unmaintained since 2022 and does not support NumPy 2.0 amongst other critical functionality.
[36m(EnvGroup(rank=1) pid=4057653)[0m Please upgrade to Gymnasium, the maintained drop-in replacement of Gym, or contact the authors of your software and request that they upgrade.
[36m(EnvGroup(rank=1) pid=4057653)[0m Users of this version of Gym should be able to simply replace 'import gym' with 'import gymnasium as gym' in the vast majority of cases.
[36m(EnvGroup(rank=1) pid=4057653)[0m See the migration guide at https://gymnasium.farama.org/introduction/migration_guide/ for additional information.
[36m(EnvGroup(rank=1) pid=4057653)[0m Gym has been unmaintained since 2022 and does not support NumPy 2.0 amongst other critical functionality.
[36m(EnvGroup(rank=1) pid=4057653)[0m Please upgrade to Gymnasium, the maintained drop-in replacement of Gym, or contact the authors of your software and request that they upgrade.
[36m(EnvGroup(rank=1) pid=4057653)[0m Users of this version of Gym should be able to simply replace 'import gym' with 'import gymnasium as gym' in the vast majority of cases.
[36m(EnvGroup(rank=1) pid=4057653)[0m See the migration guide at https://gymnasium.farama.org/introduction/migration_guide/ for additional information.
[36m(EnvGroup(rank=1) pid=4057653)[0m Gym has been unmaintained since 2022 and does not support NumPy 2.0 amongst other critical functionality.
[36m(EnvGroup(rank=1) pid=4057653)[0m Please upgrade to Gymnasium, the maintained drop-in replacement of Gym, or contact the authors of your software and request that they upgrade.
[36m(EnvGroup(rank=1) pid=4057653)[0m Users of this version of Gym should be able to simply replace 'import gym' with 'import gymnasium as gym' in the vast majority of cases.
[36m(EnvGroup(rank=1) pid=4057653)[0m See the migration guide at https://gymnasium.farama.org/introduction/migration_guide/ for additional information.
[36m(EnvGroup(rank=0) pid=4057649)[0m Gym has been unmaintained since 2022 and does not support NumPy 2.0 amongst other critical functionality.
[36m(EnvGroup(rank=0) pid=4057649)[0m Please upgrade to Gymnasium, the maintained drop-in replacement of Gym, or contact the authors of your software and request that they upgrade.
[36m(EnvGroup(rank=0) pid=4057649)[0m Users of this version of Gym should be able to simply replace 'import gym' with 'import gymnasium as gym' in the vast majority of cases.
[36m(EnvGroup(rank=0) pid=4057649)[0m See the migration guide at https://gymnasium.farama.org/introduction/migration_guide/ for additional information.
[36m(EnvGroup(rank=2) pid=4057927)[0m Gym has been unmaintained since 2022 and does not support NumPy 2.0 amongst other critical functionality.
[36m(EnvGroup(rank=2) pid=4057927)[0m Please upgrade to Gymnasium, the maintained drop-in replacement of Gym, or contact the authors of your software and request that they upgrade.
[36m(EnvGroup(rank=2) pid=4057927)[0m Users of this version of Gym should be able to simply replace 'import gym' with 'import gymnasium as gym' in the vast majority of cases.
[36m(EnvGroup(rank=2) pid=4057927)[0m See the migration guide at https://gymnasium.farama.org/introduction/migration_guide/ for additional information.
[36m(EnvGroup(rank=2) pid=4057927)[0m Gym has been unmaintained since 2022 and does not support NumPy 2.0 amongst other critical functionality.
[36m(EnvGroup(rank=2) pid=4057927)[0m Please upgrade to Gymnasium, the maintained drop-in replacement of Gym, or contact the authors of your software and request that they upgrade.
[36m(EnvGroup(rank=2) pid=4057927)[0m Users of this version of Gym should be able to simply replace 'import gym' with 'import gymnasium as gym' in the vast majority of cases.
[36m(EnvGroup(rank=2) pid=4057927)[0m See the migration guide at https://gymnasium.farama.org/introduction/migration_guide/ for additional information.
[36m(EnvGroup(rank=2) pid=4057927)[0m Gym has been unmaintained since 2022 and does not support NumPy 2.0 amongst other critical functionality.
[36m(EnvGroup(rank=2) pid=4057927)[0m Please upgrade to Gymnasium, the maintained drop-in replacement of Gym, or contact the authors of your software and request that they upgrade.
[36m(EnvGroup(rank=2) pid=4057927)[0m Users of this version of Gym should be able to simply replace 'import gym' with 'import gymnasium as gym' in the vast majority of cases.
[36m(EnvGroup(rank=2) pid=4057927)[0m See the migration guide at https://gymnasium.farama.org/introduction/migration_guide/ for additional information.
[36m(EnvGroup(rank=2) pid=4057927)[0m Gym has been unmaintained since 2022 and does not support NumPy 2.0 amongst other critical functionality.
[36m(EnvGroup(rank=2) pid=4057927)[0m Please upgrade to Gymnasium, the maintained drop-in replacement of Gym, or contact the authors of your software and request that they upgrade.
[36m(EnvGroup(rank=2) pid=4057927)[0m Users of this version of Gym should be able to simply replace 'import gym' with 'import gymnasium as gym' in the vast majority of cases.
[36m(EnvGroup(rank=2) pid=4057927)[0m See the migration guide at https://gymnasium.farama.org/introduction/migration_guide/ for additional information.
[36m(EnvGroup(rank=2) pid=4057927)[0m Gym has been unmaintained since 2022 and does not support NumPy 2.0 amongst other critical functionality.
[36m(EnvGroup(rank=2) pid=4057927)[0m Please upgrade to Gymnasium, the maintained drop-in replacement of Gym, or contact the authors of your software and request that they upgrade.
[36m(EnvGroup(rank=2) pid=4057927)[0m Users of this version of Gym should be able to simply replace 'import gym' with 'import gymnasium as gym' in the vast majority of cases.
[36m(EnvGroup(rank=2) pid=4057927)[0m See the migration guide at https://gymnasium.farama.org/introduction/migration_guide/ for additional information.
[36m(EnvGroup(rank=3) pid=4057941)[0m Gym has been unmaintained since 2022 and does not support NumPy 2.0 amongst other critical functionality.
[36m(EnvGroup(rank=3) pid=4057941)[0m Please upgrade to Gymnasium, the maintained drop-in replacement of Gym, or contact the authors of your software and request that they upgrade.
[36m(EnvGroup(rank=3) pid=4057941)[0m Users of this version of Gym should be able to simply replace 'import gym' with 'import gymnasium as gym' in the vast majority of cases.
[36m(EnvGroup(rank=3) pid=4057941)[0m See the migration guide at https://gymnasium.farama.org/introduction/migration_guide/ for additional information.
[36m(EnvGroup(rank=3) pid=4057941)[0m Gym has been unmaintained since 2022 and does not support NumPy 2.0 amongst other critical functionality.
[36m(EnvGroup(rank=3) pid=4057941)[0m Please upgrade to Gymnasium, the maintained drop-in replacement of Gym, or contact the authors of your software and request that they upgrade.
[36m(EnvGroup(rank=3) pid=4057941)[0m Users of this version of Gym should be able to simply replace 'import gym' with 'import gymnasium as gym' in the vast majority of cases.
[36m(EnvGroup(rank=3) pid=4057941)[0m See the migration guide at https://gymnasium.farama.org/introduction/migration_guide/ for additional information.
[36m(RolloutGroup(rank=3) pid=4057642)[0m WARNING: All log messages before absl::InitializeLog() is called are written to STDERR
[36m(RolloutGroup(rank=3) pid=4057642)[0m I0000 00:00:1783922560.317840 4059818 port.cc:153] oneDNN custom operations are on. You may see slightly different numerical results due to floating-point round-off errors from different computation orders. To turn them off, set the environment variable `TF_ENABLE_ONEDNN_OPTS=0`.
[36m(EnvGroup(rank=1) pid=4057653)[0m Gym has been unmaintained since 2022 and does not support NumPy 2.0 amongst other critical functionality.
[36m(EnvGroup(rank=1) pid=4057653)[0m Please upgrade to Gymnasium, the maintained drop-in replacement of Gym, or contact the authors of your software and request that they upgrade.
[36m(EnvGroup(rank=1) pid=4057653)[0m Users of this version of Gym should be able to simply replace 'import gym' with 'import gymnasium as gym' in the vast majority of cases.
[36m(EnvGroup(rank=1) pid=4057653)[0m See the migration guide at https://gymnasium.farama.org/introduction/migration_guide/ for additional information.
[36m(EnvGroup(rank=2) pid=4057927)[0m Gym has been unmaintained since 2022 and does not support NumPy 2.0 amongst other critical functionality.
[36m(EnvGroup(rank=2) pid=4057927)[0m Please upgrade to Gymnasium, the maintained drop-in replacement of Gym, or contact the authors of your software and request that they upgrade.
[36m(EnvGroup(rank=2) pid=4057927)[0m Users of this version of Gym should be able to simply replace 'import gym' with 'import gymnasium as gym' in the vast majority of cases.
[36m(EnvGroup(rank=2) pid=4057927)[0m See the migration guide at https://gymnasium.farama.org/introduction/migration_guide/ for additional information.
[36m(EnvGroup(rank=3) pid=4057941)[0m Gym has been unmaintained since 2022 and does not support NumPy 2.0 amongst other critical functionality.
[36m(EnvGroup(rank=3) pid=4057941)[0m Please upgrade to Gymnasium, the maintained drop-in replacement of Gym, or contact the authors of your software and request that they upgrade.
[36m(EnvGroup(rank=3) pid=4057941)[0m Users of this version of Gym should be able to simply replace 'import gym' with 'import gymnasium as gym' in the vast majority of cases.
[36m(EnvGroup(rank=3) pid=4057941)[0m See the migration guide at https://gymnasium.farama.org/introduction/migration_guide/ for additional information.
[36m(EnvGroup(rank=3) pid=4057941)[0m Gym has been unmaintained since 2022 and does not support NumPy 2.0 amongst other critical functionality.
[36m(EnvGroup(rank=3) pid=4057941)[0m Please upgrade to Gymnasium, the maintained drop-in replacement of Gym, or contact the authors of your software and request that they upgrade.
[36m(EnvGroup(rank=3) pid=4057941)[0m Users of this version of Gym should be able to simply replace 'import gym' with 'import gymnasium as gym' in the vast majority of cases.
[36m(EnvGroup(rank=3) pid=4057941)[0m See the migration guide at https://gymnasium.farama.org/introduction/migration_guide/ for additional information.
[36m(EnvGroup(rank=3) pid=4057941)[0m Gym has been unmaintained since 2022 and does not support NumPy 2.0 amongst other critical functionality.
[36m(EnvGroup(rank=3) pid=4057941)[0m Please upgrade to Gymnasium, the maintained drop-in replacement of Gym, or contact the authors of your software and request that they upgrade.
[36m(EnvGroup(rank=3) pid=4057941)[0m Users of this version of Gym should be able to simply replace 'import gym' with 'import gymnasium as gym' in the vast majority of cases.
[36m(EnvGroup(rank=3) pid=4057941)[0m See the migration guide at https://gymnasium.farama.org/introduction/migration_guide/ for additional information.
[36m(EnvGroup(rank=3) pid=4057941)[0m Gym has been unmaintained since 2022 and does not support NumPy 2.0 amongst other critical functionality.
[36m(EnvGroup(rank=3) pid=4057941)[0m Please upgrade to Gymnasium, the maintained drop-in replacement of Gym, or contact the authors of your software and request that they upgrade.
[36m(EnvGroup(rank=3) pid=4057941)[0m Users of this version of Gym should be able to simply replace 'import gym' with 'import gymnasium as gym' in the vast majority of cases.
[36m(EnvGroup(rank=3) pid=4057941)[0m See the migration guide at https://gymnasium.farama.org/introduction/migration_guide/ for additional information.
[36m(EnvGroup(rank=3) pid=4057941)[0m Gym has been unmaintained since 2022 and does not support NumPy 2.0 amongst other critical functionality.
[36m(EnvGroup(rank=3) pid=4057941)[0m Please upgrade to Gymnasium, the maintained drop-in replacement of Gym, or contact the authors of your software and request that they upgrade.
[36m(EnvGroup(rank=3) pid=4057941)[0m Users of this version of Gym should be able to simply replace 'import gym' with 'import gymnasium as gym' in the vast majority of cases.
[36m(EnvGroup(rank=3) pid=4057941)[0m See the migration guide at https://gymnasium.farama.org/introduction/migration_guide/ for additional information.
[36m(EnvGroup(rank=1) pid=4057653)[0m Gym has been unmaintained since 2022 and does not support NumPy 2.0 amongst other critical functionality.
[36m(EnvGroup(rank=1) pid=4057653)[0m Please upgrade to Gymnasium, the maintained drop-in replacement of Gym, or contact the authors of your software and request that they upgrade.
[36m(EnvGroup(rank=1) pid=4057653)[0m Users of this version of Gym should be able to simply replace 'import gym' with 'import gymnasium as gym' in the vast majority of cases.
[36m(EnvGroup(rank=1) pid=4057653)[0m See the migration guide at https://gymnasium.farama.org/introduction/migration_guide/ for additional information.
[36m(EnvGroup(rank=1) pid=4057653)[0m Gym has been unmaintained since 2022 and does not support NumPy 2.0 amongst other critical functionality.
[36m(EnvGroup(rank=1) pid=4057653)[0m Please upgrade to Gymnasium, the maintained drop-in replacement of Gym, or contact the authors of your software and request that they upgrade.
[36m(EnvGroup(rank=1) pid=4057653)[0m Users of this version of Gym should be able to simply replace 'import gym' with 'import gymnasium as gym' in the vast majority of cases.
[36m(EnvGroup(rank=1) pid=4057653)[0m See the migration guide at https://gymnasium.farama.org/introduction/migration_guide/ for additional information.
[36m(EnvGroup(rank=1) pid=4057653)[0m Gym has been unmaintained since 2022 and does not support NumPy 2.0 amongst other critical functionality.
[36m(EnvGroup(rank=1) pid=4057653)[0m Please upgrade to Gymnasium, the maintained drop-in replacement of Gym, or contact the authors of your software and request that they upgrade.
[36m(EnvGroup(rank=1) pid=4057653)[0m Users of this version of Gym should be able to simply replace 'import gym' with 'import gymnasium as gym' in the vast majority of cases.
[36m(EnvGroup(rank=1) pid=4057653)[0m See the migration guide at https://gymnasium.farama.org/introduction/migration_guide/ for additional information.
[36m(EnvGroup(rank=1) pid=4057653)[0m Gym has been unmaintained since 2022 and does not support NumPy 2.0 amongst other critical functionality.
[36m(EnvGroup(rank=1) pid=4057653)[0m Please upgrade to Gymnasium, the maintained drop-in replacement of Gym, or contact the authors of your software and request that they upgrade.
[36m(EnvGroup(rank=1) pid=4057653)[0m Users of this version of Gym should be able to simply replace 'import gym' with 'import gymnasium as gym' in the vast majority of cases.
[36m(EnvGroup(rank=1) pid=4057653)[0m See the migration guide at https://gymnasium.farama.org/introduction/migration_guide/ for additional information.
[36m(EnvGroup(rank=0) pid=4057649)[0m /data1/gaobowen/RLinf_dreamzero/.venv-libero-dreamzero/lib/python3.11/site-packages/robosuite/macros.py:53: DeprecationWarning: The 'warn' method is deprecated, use 'warning' instead
[36m(EnvGroup(rank=0) pid=4057649)[0m   ROBOSUITE_DEFAULT_LOGGER.warn("No private macro file found!")
[36m(EnvGroup(rank=0) pid=4057649)[0m [robosuite WARNING] No private macro file found! (macros.py:53)
[36m(EnvGroup(rank=0) pid=4057649)[0m WARNING:robosuite_logs:No private macro file found!
[36m(EnvGroup(rank=0) pid=4057649)[0m [robosuite WARNING] It is recommended to use a private macro file (macros.py:54)
[36m(EnvGroup(rank=0) pid=4057649)[0m WARNING:robosuite_logs:It is recommended to use a private macro file
[36m(EnvGroup(rank=0) pid=4057649)[0m [robosuite WARNING] To setup, run: python /data1/gaobowen/RLinf_dreamzero/.venv-libero-dreamzero/lib/python3.11/site-packages/robosuite/scripts/setup_macros.py (macros.py:55)
[36m(EnvGroup(rank=0) pid=4057649)[0m WARNING:robosuite_logs:To setup, run: python /data1/gaobowen/RLinf_dreamzero/.venv-libero-dreamzero/lib/python3.11/site-packages/robosuite/scripts/setup_macros.py
[36m(EnvGroup(rank=2) pid=4057927)[0m /data1/gaobowen/RLinf_dreamzero/.venv-libero-dreamzero/lib/python3.11/site-packages/robosuite/macros.py:53: DeprecationWarning: The 'warn' method is deprecated, use 'warning' instead
[36m(EnvGroup(rank=2) pid=4057927)[0m   ROBOSUITE_DEFAULT_LOGGER.warn("No private macro file found!")
[36m(EnvGroup(rank=2) pid=4057927)[0m [robosuite WARNING] No private macro file found! (macros.py:53)
[36m(EnvGroup(rank=2) pid=4057927)[0m WARNING:robosuite_logs:No private macro file found!
[36m(EnvGroup(rank=2) pid=4057927)[0m [robosuite WARNING] It is recommended to use a private macro file (macros.py:54)
[36m(EnvGroup(rank=2) pid=4057927)[0m WARNING:robosuite_logs:It is recommended to use a private macro file
[36m(EnvGroup(rank=2) pid=4057927)[0m [robosuite WARNING] To setup, run: python /data1/gaobowen/RLinf_dreamzero/.venv-libero-dreamzero/lib/python3.11/site-packages/robosuite/scripts/setup_macros.py (macros.py:55)
[36m(EnvGroup(rank=2) pid=4057927)[0m WARNING:robosuite_logs:To setup, run: python /data1/gaobowen/RLinf_dreamzero/.venv-libero-dreamzero/lib/python3.11/site-packages/robosuite/scripts/setup_macros.py
[36m(EnvGroup(rank=2) pid=4057927)[0m /data1/gaobowen/RLinf_dreamzero/.venv-libero-dreamzero/lib/python3.11/site-packages/robosuite/macros.py:53: DeprecationWarning: The 'warn' method is deprecated, use 'warning' instead
[36m(EnvGroup(rank=2) pid=4057927)[0m   ROBOSUITE_DEFAULT_LOGGER.warn("No private macro file found!")
[36m(EnvGroup(rank=2) pid=4057927)[0m [robosuite WARNING] No private macro file found! (macros.py:53)
[36m(EnvGroup(rank=2) pid=4057927)[0m WARNING:robosuite_logs:No private macro file found!
[36m(EnvGroup(rank=2) pid=4057927)[0m [robosuite WARNING] It is recommended to use a private macro file (macros.py:54)
[36m(EnvGroup(rank=2) pid=4057927)[0m WARNING:robosuite_logs:It is recommended to use a private macro file
[36m(EnvGroup(rank=2) pid=4057927)[0m [robosuite WARNING] To setup, run: python /data1/gaobowen/RLinf_dreamzero/.venv-libero-dreamzero/lib/python3.11/site-packages/robosuite/scripts/setup_macros.py (macros.py:55)
[36m(EnvGroup(rank=2) pid=4057927)[0m WARNING:robosuite_logs:To setup, run: python /data1/gaobowen/RLinf_dreamzero/.venv-libero-dreamzero/lib/python3.11/site-packages/robosuite/scripts/setup_macros.py
[36m(EnvGroup(rank=0) pid=4057649)[0m /data1/gaobowen/RLinf_dreamzero/.venv-libero-dreamzero/lib/python3.11/site-packages/robosuite/macros.py:53: DeprecationWarning: The 'warn' method is deprecated, use 'warning' instead
[36m(EnvGroup(rank=0) pid=4057649)[0m   ROBOSUITE_DEFAULT_LOGGER.warn("No private macro file found!")
[36m(EnvGroup(rank=0) pid=4057649)[0m [robosuite WARNING] No private macro file found! (macros.py:53)
[36m(EnvGroup(rank=0) pid=4057649)[0m WARNING:robosuite_logs:No private macro file found!
[36m(EnvGroup(rank=0) pid=4057649)[0m [robosuite WARNING] It is recommended to use a private macro file (macros.py:54)
[36m(EnvGroup(rank=0) pid=4057649)[0m WARNING:robosuite_logs:It is recommended to use a private macro file
[36m(EnvGroup(rank=0) pid=4057649)[0m [robosuite WARNING] To setup, run: python /data1/gaobowen/RLinf_dreamzero/.venv-libero-dreamzero/lib/python3.11/site-packages/robosuite/scripts/setup_macros.py (macros.py:55)
[36m(EnvGroup(rank=0) pid=4057649)[0m WARNING:robosuite_logs:To setup, run: python /data1/gaobowen/RLinf_dreamzero/.venv-libero-dreamzero/lib/python3.11/site-packages/robosuite/scripts/setup_macros.py
[36m(EnvGroup(rank=0) pid=4057649)[0m /data1/gaobowen/RLinf_dreamzero/.venv-libero-dreamzero/lib/python3.11/site-packages/robosuite/macros.py:53: DeprecationWarning: The 'warn' method is deprecated, use 'warning' instead
[36m(EnvGroup(rank=0) pid=4057649)[0m   ROBOSUITE_DEFAULT_LOGGER.warn("No private macro file found!")
[36m(EnvGroup(rank=0) pid=4057649)[0m [robosuite WARNING] No private macro file found! (macros.py:53)
[36m(EnvGroup(rank=0) pid=4057649)[0m WARNING:robosuite_logs:No private macro file found!
[36m(EnvGroup(rank=0) pid=4057649)[0m [robosuite WARNING] It is recommended to use a private macro file (macros.py:54)
[36m(EnvGroup(rank=0) pid=4057649)[0m WARNING:robosuite_logs:It is recommended to use a private macro file
[36m(EnvGroup(rank=0) pid=4057649)[0m [robosuite WARNING] To setup, run: python /data1/gaobowen/RLinf_dreamzero/.venv-libero-dreamzero/lib/python3.11/site-packages/robosuite/scripts/setup_macros.py (macros.py:55)
[36m(EnvGroup(rank=0) pid=4057649)[0m WARNING:robosuite_logs:To setup, run: python /data1/gaobowen/RLinf_dreamzero/.venv-libero-dreamzero/lib/python3.11/site-packages/robosuite/scripts/setup_macros.py
[36m(EnvGroup(rank=0) pid=4057649)[0m /data1/gaobowen/RLinf_dreamzero/.venv-libero-dreamzero/lib/python3.11/site-packages/robosuite/macros.py:53: DeprecationWarning: The 'warn' method is deprecated, use 'warning' instead
[36m(EnvGroup(rank=0) pid=4057649)[0m   ROBOSUITE_DEFAULT_LOGGER.warn("No private macro file found!")
[36m(EnvGroup(rank=0) pid=4057649)[0m [robosuite WARNING] No private macro file found! (macros.py:53)
[36m(EnvGroup(rank=0) pid=4057649)[0m WARNING:robosuite_logs:No private macro file found!
[36m(EnvGroup(rank=0) pid=4057649)[0m [robosuite WARNING] It is recommended to use a private macro file (macros.py:54)
[36m(EnvGroup(rank=0) pid=4057649)[0m WARNING:robosuite_logs:It is recommended to use a private macro file
[36m(EnvGroup(rank=0) pid=4057649)[0m [robosuite WARNING] To setup, run: python /data1/gaobowen/RLinf_dreamzero/.venv-libero-dreamzero/lib/python3.11/site-packages/robosuite/scripts/setup_macros.py (macros.py:55)
[36m(EnvGroup(rank=0) pid=4057649)[0m WARNING:robosuite_logs:To setup, run: python /data1/gaobowen/RLinf_dreamzero/.venv-libero-dreamzero/lib/python3.11/site-packages/robosuite/scripts/setup_macros.py
[36m(EnvGroup(rank=0) pid=4057649)[0m /data1/gaobowen/RLinf_dreamzero/.venv-libero-dreamzero/lib/python3.11/site-packages/robosuite/macros.py:53: DeprecationWarning: The 'warn' method is deprecated, use 'warning' instead
[36m(EnvGroup(rank=0) pid=4057649)[0m   ROBOSUITE_DEFAULT_LOGGER.warn("No private macro file found!")
[36m(EnvGroup(rank=0) pid=4057649)[0m [robosuite WARNING] No private macro file found! (macros.py:53)
[36m(EnvGroup(rank=0) pid=4057649)[0m WARNING:robosuite_logs:No private macro file found!
[36m(EnvGroup(rank=0) pid=4057649)[0m [robosuite WARNING] It is recommended to use a private macro file (macros.py:54)
[36m(EnvGroup(rank=0) pid=4057649)[0m WARNING:robosuite_logs:It is recommended to use a private macro file
[36m(EnvGroup(rank=0) pid=4057649)[0m [robosuite WARNING] To setup, run: python /data1/gaobowen/RLinf_dreamzero/.venv-libero-dreamzero/lib/python3.11/site-packages/robosuite/scripts/setup_macros.py (macros.py:55)
[36m(EnvGroup(rank=0) pid=4057649)[0m WARNING:robosuite_logs:To setup, run: python /data1/gaobowen/RLinf_dreamzero/.venv-libero-dreamzero/lib/python3.11/site-packages/robosuite/scripts/setup_macros.py
[36m(EnvGroup(rank=1) pid=4057653)[0m /data1/gaobowen/RLinf_dreamzero/.venv-libero-dreamzero/lib/python3.11/site-packages/robosuite/macros.py:53: DeprecationWarning: The 'warn' method is deprecated, use 'warning' instead
[36m(EnvGroup(rank=1) pid=4057653)[0m   ROBOSUITE_DEFAULT_LOGGER.warn("No private macro file found!")
[36m(EnvGroup(rank=1) pid=4057653)[0m [robosuite WARNING] No private macro file found! (macros.py:53)
[36m(EnvGroup(rank=1) pid=4057653)[0m WARNING:robosuite_logs:No private macro file found!
[36m(EnvGroup(rank=1) pid=4057653)[0m [robosuite WARNING] It is recommended to use a private macro file (macros.py:54)
[36m(EnvGroup(rank=1) pid=4057653)[0m WARNING:robosuite_logs:It is recommended to use a private macro file
[36m(EnvGroup(rank=1) pid=4057653)[0m [robosuite WARNING] To setup, run: python /data1/gaobowen/RLinf_dreamzero/.venv-libero-dreamzero/lib/python3.11/site-packages/robosuite/scripts/setup_macros.py (macros.py:55)
[36m(EnvGroup(rank=1) pid=4057653)[0m WARNING:robosuite_logs:To setup, run: python /data1/gaobowen/RLinf_dreamzero/.venv-libero-dreamzero/lib/python3.11/site-packages/robosuite/scripts/setup_macros.py
[36m(EnvGroup(rank=0) pid=4057649)[0m /data1/gaobowen/RLinf_dreamzero/.venv-libero-dreamzero/lib/python3.11/site-packages/robosuite/macros.py:53: DeprecationWarning: The 'warn' method is deprecated, use 'warning' instead
[36m(EnvGroup(rank=0) pid=4057649)[0m   ROBOSUITE_DEFAULT_LOGGER.warn("No private macro file found!")
[36m(EnvGroup(rank=0) pid=4057649)[0m [robosuite WARNING] No private macro file found! (macros.py:53)
[36m(EnvGroup(rank=0) pid=4057649)[0m WARNING:robosuite_logs:No private macro file found!
[36m(EnvGroup(rank=0) pid=4057649)[0m [robosuite WARNING] It is recommended to use a private macro file (macros.py:54)
[36m(EnvGroup(rank=0) pid=4057649)[0m WARNING:robosuite_logs:It is recommended to use a private macro file
[36m(EnvGroup(rank=0) pid=4057649)[0m [robosuite WARNING] To setup, run: python /data1/gaobowen/RLinf_dreamzero/.venv-libero-dreamzero/lib/python3.11/site-packages/robosuite/scripts/setup_macros.py (macros.py:55)
[36m(EnvGroup(rank=0) pid=4057649)[0m WARNING:robosuite_logs:To setup, run: python /data1/gaobowen/RLinf_dreamzero/.venv-libero-dreamzero/lib/python3.11/site-packages/robosuite/scripts/setup_macros.py
[36m(EnvGroup(rank=0) pid=4057649)[0m /data1/gaobowen/RLinf_dreamzero/.venv-libero-dreamzero/lib/python3.11/site-packages/robosuite/macros.py:53: DeprecationWarning: The 'warn' method is deprecated, use 'warning' instead
[36m(EnvGroup(rank=0) pid=4057649)[0m   ROBOSUITE_DEFAULT_LOGGER.warn("No private macro file found!")
[36m(EnvGroup(rank=0) pid=4057649)[0m [robosuite WARNING] No private macro file found! (macros.py:53)
[36m(EnvGroup(rank=0) pid=4057649)[0m WARNING:robosuite_logs:No private macro file found!
[36m(EnvGroup(rank=0) pid=4057649)[0m [robosuite WARNING] It is recommended to use a private macro file (macros.py:54)
[36m(EnvGroup(rank=0) pid=4057649)[0m WARNING:robosuite_logs:It is recommended to use a private macro file
[36m(EnvGroup(rank=0) pid=4057649)[0m [robosuite WARNING] To setup, run: python /data1/gaobowen/RLinf_dreamzero/.venv-libero-dreamzero/lib/python3.11/site-packages/robosuite/scripts/setup_macros.py (macros.py:55)
[36m(EnvGroup(rank=0) pid=4057649)[0m WARNING:robosuite_logs:To setup, run: python /data1/gaobowen/RLinf_dreamzero/.venv-libero-dreamzero/lib/python3.11/site-packages/robosuite/scripts/setup_macros.py
[36m(EnvGroup(rank=0) pid=4057649)[0m /data1/gaobowen/RLinf_dreamzero/.venv-libero-dreamzero/lib/python3.11/site-packages/robosuite/macros.py:53: DeprecationWarning: The 'warn' method is deprecated, use 'warning' instead
[36m(EnvGroup(rank=0) pid=4057649)[0m   ROBOSUITE_DEFAULT_LOGGER.warn("No private macro file found!")
[36m(EnvGroup(rank=0) pid=4057649)[0m [robosuite WARNING] No private macro file found! (macros.py:53)
[36m(EnvGroup(rank=0) pid=4057649)[0m WARNING:robosuite_logs:No private macro file found!
[36m(EnvGroup(rank=0) pid=4057649)[0m [robosuite WARNING] It is recommended to use a private macro file (macros.py:54)
[36m(EnvGroup(rank=0) pid=4057649)[0m WARNING:robosuite_logs:It is recommended to use a private macro file
[36m(EnvGroup(rank=0) pid=4057649)[0m [robosuite WARNING] To setup, run: python /data1/gaobowen/RLinf_dreamzero/.venv-libero-dreamzero/lib/python3.11/site-packages/robosuite/scripts/setup_macros.py (macros.py:55)
[36m(EnvGroup(rank=0) pid=4057649)[0m WARNING:robosuite_logs:To setup, run: python /data1/gaobowen/RLinf_dreamzero/.venv-libero-dreamzero/lib/python3.11/site-packages/robosuite/scripts/setup_macros.py
[36m(EnvGroup(rank=3) pid=4057941)[0m /data1/gaobowen/RLinf_dreamzero/.venv-libero-dreamzero/lib/python3.11/site-packages/robosuite/macros.py:53: DeprecationWarning: The 'warn' method is deprecated, use 'warning' instead
[36m(EnvGroup(rank=3) pid=4057941)[0m   ROBOSUITE_DEFAULT_LOGGER.warn("No private macro file found!")
[36m(EnvGroup(rank=3) pid=4057941)[0m [robosuite WARNING] No private macro file found! (macros.py:53)
[36m(EnvGroup(rank=3) pid=4057941)[0m WARNING:robosuite_logs:No private macro file found!
[36m(EnvGroup(rank=3) pid=4057941)[0m [robosuite WARNING] It is recommended to use a private macro file (macros.py:54)
[36m(EnvGroup(rank=3) pid=4057941)[0m WARNING:robosuite_logs:It is recommended to use a private macro file
[36m(EnvGroup(rank=3) pid=4057941)[0m [robosuite WARNING] To setup, run: python /data1/gaobowen/RLinf_dreamzero/.venv-libero-dreamzero/lib/python3.11/site-packages/robosuite/scripts/setup_macros.py (macros.py:55)
[36m(EnvGroup(rank=3) pid=4057941)[0m WARNING:robosuite_logs:To setup, run: python /data1/gaobowen/RLinf_dreamzero/.venv-libero-dreamzero/lib/python3.11/site-packages/robosuite/scripts/setup_macros.py
[36m(EnvGroup(rank=1) pid=4057653)[0m /data1/gaobowen/RLinf_dreamzero/.venv-libero-dreamzero/lib/python3.11/site-packages/robosuite/macros.py:53: DeprecationWarning: The 'warn' method is deprecated, use 'warning' instead
[36m(EnvGroup(rank=1) pid=4057653)[0m   ROBOSUITE_DEFAULT_LOGGER.warn("No private macro file found!")
[36m(EnvGroup(rank=1) pid=4057653)[0m [robosuite WARNING] No private macro file found! (macros.py:53)
[36m(EnvGroup(rank=1) pid=4057653)[0m WARNING:robosuite_logs:No private macro file found!
[36m(EnvGroup(rank=1) pid=4057653)[0m [robosuite WARNING] It is recommended to use a private macro file (macros.py:54)
[36m(EnvGroup(rank=1) pid=4057653)[0m WARNING:robosuite_logs:It is recommended to use a private macro file
[36m(EnvGroup(rank=1) pid=4057653)[0m [robosuite WARNING] To setup, run: python /data1/gaobowen/RLinf_dreamzero/.venv-libero-dreamzero/lib/python3.11/site-packages/robosuite/scripts/setup_macros.py (macros.py:55)
[36m(EnvGroup(rank=1) pid=4057653)[0m WARNING:robosuite_logs:To setup, run: python /data1/gaobowen/RLinf_dreamzero/.venv-libero-dreamzero/lib/python3.11/site-packages/robosuite/scripts/setup_macros.py
[36m(EnvGroup(rank=2) pid=4057927)[0m /data1/gaobowen/RLinf_dreamzero/.venv-libero-dreamzero/lib/python3.11/site-packages/robosuite/macros.py:53: DeprecationWarning: The 'warn' method is deprecated, use 'warning' instead
[36m(EnvGroup(rank=2) pid=4057927)[0m   ROBOSUITE_DEFAULT_LOGGER.warn("No private macro file found!")
[36m(EnvGroup(rank=2) pid=4057927)[0m [robosuite WARNING] No private macro file found! (macros.py:53)
[36m(EnvGroup(rank=2) pid=4057927)[0m WARNING:robosuite_logs:No private macro file found!
[36m(EnvGroup(rank=2) pid=4057927)[0m [robosuite WARNING] It is recommended to use a private macro file (macros.py:54)
[36m(EnvGroup(rank=2) pid=4057927)[0m WARNING:robosuite_logs:It is recommended to use a private macro file
[36m(EnvGroup(rank=2) pid=4057927)[0m [robosuite WARNING] To setup, run: python /data1/gaobowen/RLinf_dreamzero/.venv-libero-dreamzero/lib/python3.11/site-packages/robosuite/scripts/setup_macros.py (macros.py:55)
[36m(EnvGroup(rank=2) pid=4057927)[0m WARNING:robosuite_logs:To setup, run: python /data1/gaobowen/RLinf_dreamzero/.venv-libero-dreamzero/lib/python3.11/site-packages/robosuite/scripts/setup_macros.py
[36m(EnvGroup(rank=2) pid=4057927)[0m /data1/gaobowen/RLinf_dreamzero/.venv-libero-dreamzero/lib/python3.11/site-packages/robosuite/macros.py:53: DeprecationWarning: The 'warn' method is deprecated, use 'warning' instead
[36m(EnvGroup(rank=2) pid=4057927)[0m   ROBOSUITE_DEFAULT_LOGGER.warn("No private macro file found!")
[36m(EnvGroup(rank=2) pid=4057927)[0m [robosuite WARNING] No private macro file found! (macros.py:53)
[36m(EnvGroup(rank=2) pid=4057927)[0m WARNING:robosuite_logs:No private macro file found!
[36m(EnvGroup(rank=2) pid=4057927)[0m [robosuite WARNING] It is recommended to use a private macro file (macros.py:54)
[36m(EnvGroup(rank=2) pid=4057927)[0m WARNING:robosuite_logs:It is recommended to use a private macro file
[36m(EnvGroup(rank=2) pid=4057927)[0m [robosuite WARNING] To setup, run: python /data1/gaobowen/RLinf_dreamzero/.venv-libero-dreamzero/lib/python3.11/site-packages/robosuite/scripts/setup_macros.py (macros.py:55)
[36m(EnvGroup(rank=2) pid=4057927)[0m WARNING:robosuite_logs:To setup, run: python /data1/gaobowen/RLinf_dreamzero/.venv-libero-dreamzero/lib/python3.11/site-packages/robosuite/scripts/setup_macros.py
[36m(EnvGroup(rank=2) pid=4057927)[0m /data1/gaobowen/RLinf_dreamzero/.venv-libero-dreamzero/lib/python3.11/site-packages/robosuite/macros.py:53: DeprecationWarning: The 'warn' method is deprecated, use 'warning' instead
[36m(EnvGroup(rank=2) pid=4057927)[0m   ROBOSUITE_DEFAULT_LOGGER.warn("No private macro file found!")
[36m(EnvGroup(rank=2) pid=4057927)[0m [robosuite WARNING] No private macro file found! (macros.py:53)
[36m(EnvGroup(rank=2) pid=4057927)[0m WARNING:robosuite_logs:No private macro file found!
[36m(EnvGroup(rank=2) pid=4057927)[0m [robosuite WARNING] It is recommended to use a private macro file (macros.py:54)
[36m(EnvGroup(rank=2) pid=4057927)[0m WARNING:robosuite_logs:It is recommended to use a private macro file
[36m(EnvGroup(rank=2) pid=4057927)[0m [robosuite WARNING] To setup, run: python /data1/gaobowen/RLinf_dreamzero/.venv-libero-dreamzero/lib/python3.11/site-packages/robosuite/scripts/setup_macros.py (macros.py:55)
[36m(EnvGroup(rank=2) pid=4057927)[0m WARNING:robosuite_logs:To setup, run: python /data1/gaobowen/RLinf_dreamzero/.venv-libero-dreamzero/lib/python3.11/site-packages/robosuite/scripts/setup_macros.py
[36m(EnvGroup(rank=3) pid=4057941)[0m /data1/gaobowen/RLinf_dreamzero/.venv-libero-dreamzero/lib/python3.11/site-packages/robosuite/macros.py:53: DeprecationWarning: The 'warn' method is deprecated, use 'warning' instead
[36m(EnvGroup(rank=3) pid=4057941)[0m   ROBOSUITE_DEFAULT_LOGGER.warn("No private macro file found!")
[36m(EnvGroup(rank=3) pid=4057941)[0m [robosuite WARNING] No private macro file found! (macros.py:53)
[36m(EnvGroup(rank=3) pid=4057941)[0m WARNING:robosuite_logs:No private macro file found!
[36m(EnvGroup(rank=3) pid=4057941)[0m [robosuite WARNING] It is recommended to use a private macro file (macros.py:54)
[36m(EnvGroup(rank=3) pid=4057941)[0m WARNING:robosuite_logs:It is recommended to use a private macro file
[36m(EnvGroup(rank=3) pid=4057941)[0m [robosuite WARNING] To setup, run: python /data1/gaobowen/RLinf_dreamzero/.venv-libero-dreamzero/lib/python3.11/site-packages/robosuite/scripts/setup_macros.py (macros.py:55)
[36m(EnvGroup(rank=3) pid=4057941)[0m WARNING:robosuite_logs:To setup, run: python /data1/gaobowen/RLinf_dreamzero/.venv-libero-dreamzero/lib/python3.11/site-packages/robosuite/scripts/setup_macros.py
[36m(EnvGroup(rank=1) pid=4057653)[0m /data1/gaobowen/RLinf_dreamzero/.venv-libero-dreamzero/lib/python3.11/site-packages/robosuite/macros.py:53: DeprecationWarning: The 'warn' method is deprecated, use 'warning' instead
[36m(EnvGroup(rank=1) pid=4057653)[0m   ROBOSUITE_DEFAULT_LOGGER.warn("No private macro file found!")
[36m(EnvGroup(rank=1) pid=4057653)[0m [robosuite WARNING] No private macro file found! (macros.py:53)
[36m(EnvGroup(rank=1) pid=4057653)[0m WARNING:robosuite_logs:No private macro file found!
[36m(EnvGroup(rank=1) pid=4057653)[0m [robosuite WARNING] It is recommended to use a private macro file (macros.py:54)
[36m(EnvGroup(rank=1) pid=4057653)[0m WARNING:robosuite_logs:It is recommended to use a private macro file
[36m(EnvGroup(rank=1) pid=4057653)[0m [robosuite WARNING] To setup, run: python /data1/gaobowen/RLinf_dreamzero/.venv-libero-dreamzero/lib/python3.11/site-packages/robosuite/scripts/setup_macros.py (macros.py:55)
[36m(EnvGroup(rank=1) pid=4057653)[0m WARNING:robosuite_logs:To setup, run: python /data1/gaobowen/RLinf_dreamzero/.venv-libero-dreamzero/lib/python3.11/site-packages/robosuite/scripts/setup_macros.py
[36m(EnvGroup(rank=2) pid=4057927)[0m /data1/gaobowen/RLinf_dreamzero/.venv-libero-dreamzero/lib/python3.11/site-packages/robosuite/macros.py:53: DeprecationWarning: The 'warn' method is deprecated, use 'warning' instead
[36m(EnvGroup(rank=2) pid=4057927)[0m   ROBOSUITE_DEFAULT_LOGGER.warn("No private macro file found!")
[36m(EnvGroup(rank=2) pid=4057927)[0m [robosuite WARNING] No private macro file found! (macros.py:53)
[36m(EnvGroup(rank=2) pid=4057927)[0m WARNING:robosuite_logs:No private macro file found!
[36m(EnvGroup(rank=2) pid=4057927)[0m [robosuite WARNING] It is recommended to use a private macro file (macros.py:54)
[36m(EnvGroup(rank=2) pid=4057927)[0m WARNING:robosuite_logs:It is recommended to use a private macro file
[36m(EnvGroup(rank=2) pid=4057927)[0m [robosuite WARNING] To setup, run: python /data1/gaobowen/RLinf_dreamzero/.venv-libero-dreamzero/lib/python3.11/site-packages/robosuite/scripts/setup_macros.py (macros.py:55)
[36m(EnvGroup(rank=2) pid=4057927)[0m WARNING:robosuite_logs:To setup, run: python /data1/gaobowen/RLinf_dreamzero/.venv-libero-dreamzero/lib/python3.11/site-packages/robosuite/scripts/setup_macros.py
[36m(EnvGroup(rank=3) pid=4057941)[0m /data1/gaobowen/RLinf_dreamzero/.venv-libero-dreamzero/lib/python3.11/site-packages/robosuite/macros.py:53: DeprecationWarning: The 'warn' method is deprecated, use 'warning' instead
[36m(EnvGroup(rank=3) pid=4057941)[0m   ROBOSUITE_DEFAULT_LOGGER.warn("No private macro file found!")
[36m(EnvGroup(rank=3) pid=4057941)[0m [robosuite WARNING] No private macro file found! (macros.py:53)
[36m(EnvGroup(rank=3) pid=4057941)[0m WARNING:robosuite_logs:No private macro file found!
[36m(EnvGroup(rank=3) pid=4057941)[0m [robosuite WARNING] It is recommended to use a private macro file (macros.py:54)
[36m(EnvGroup(rank=3) pid=4057941)[0m WARNING:robosuite_logs:It is recommended to use a private macro file
[36m(EnvGroup(rank=3) pid=4057941)[0m [robosuite WARNING] To setup, run: python /data1/gaobowen/RLinf_dreamzero/.venv-libero-dreamzero/lib/python3.11/site-packages/robosuite/scripts/setup_macros.py (macros.py:55)
[36m(EnvGroup(rank=3) pid=4057941)[0m WARNING:robosuite_logs:To setup, run: python /data1/gaobowen/RLinf_dreamzero/.venv-libero-dreamzero/lib/python3.11/site-packages/robosuite/scripts/setup_macros.py
[36m(EnvGroup(rank=1) pid=4057653)[0m /data1/gaobowen/RLinf_dreamzero/.venv-libero-dreamzero/lib/python3.11/site-packages/robosuite/macros.py:53: DeprecationWarning: The 'warn' method is deprecated, use 'warning' instead
[36m(EnvGroup(rank=1) pid=4057653)[0m   ROBOSUITE_DEFAULT_LOGGER.warn("No private macro file found!")
[36m(EnvGroup(rank=1) pid=4057653)[0m [robosuite WARNING] No private macro file found! (macros.py:53)
[36m(EnvGroup(rank=1) pid=4057653)[0m WARNING:robosuite_logs:No private macro file found!
[36m(EnvGroup(rank=1) pid=4057653)[0m [robosuite WARNING] It is recommended to use a private macro file (macros.py:54)
[36m(EnvGroup(rank=1) pid=4057653)[0m WARNING:robosuite_logs:It is recommended to use a private macro file
[36m(EnvGroup(rank=1) pid=4057653)[0m [robosuite WARNING] To setup, run: python /data1/gaobowen/RLinf_dreamzero/.venv-libero-dreamzero/lib/python3.11/site-packages/robosuite/scripts/setup_macros.py (macros.py:55)
[36m(EnvGroup(rank=1) pid=4057653)[0m WARNING:robosuite_logs:To setup, run: python /data1/gaobowen/RLinf_dreamzero/.venv-libero-dreamzero/lib/python3.11/site-packages/robosuite/scripts/setup_macros.py
[36m(EnvGroup(rank=1) pid=4057653)[0m /data1/gaobowen/RLinf_dreamzero/.venv-libero-dreamzero/lib/python3.11/site-packages/robosuite/macros.py:53: DeprecationWarning: The 'warn' method is deprecated, use 'warning' instead
[36m(EnvGroup(rank=1) pid=4057653)[0m   ROBOSUITE_DEFAULT_LOGGER.warn("No private macro file found!")
[36m(EnvGroup(rank=1) pid=4057653)[0m [robosuite WARNING] No private macro file found! (macros.py:53)
[36m(EnvGroup(rank=1) pid=4057653)[0m WARNING:robosuite_logs:No private macro file found!
[36m(EnvGroup(rank=1) pid=4057653)[0m [robosuite WARNING] It is recommended to use a private macro file (macros.py:54)
[36m(EnvGroup(rank=1) pid=4057653)[0m WARNING:robosuite_logs:It is recommended to use a private macro file
[36m(EnvGroup(rank=1) pid=4057653)[0m [robosuite WARNING] To setup, run: python /data1/gaobowen/RLinf_dreamzero/.venv-libero-dreamzero/lib/python3.11/site-packages/robosuite/scripts/setup_macros.py (macros.py:55)
[36m(EnvGroup(rank=1) pid=4057653)[0m WARNING:robosuite_logs:To setup, run: python /data1/gaobowen/RLinf_dreamzero/.venv-libero-dreamzero/lib/python3.11/site-packages/robosuite/scripts/setup_macros.py
[36m(EnvGroup(rank=1) pid=4057653)[0m /data1/gaobowen/RLinf_dreamzero/.venv-libero-dreamzero/lib/python3.11/site-packages/robosuite/macros.py:53: DeprecationWarning: The 'warn' method is deprecated, use 'warning' instead
[36m(EnvGroup(rank=1) pid=4057653)[0m   ROBOSUITE_DEFAULT_LOGGER.warn("No private macro file found!")
[36m(EnvGroup(rank=1) pid=4057653)[0m [robosuite WARNING] No private macro file found! (macros.py:53)
[36m(EnvGroup(rank=1) pid=4057653)[0m WARNING:robosuite_logs:No private macro file found!
[36m(EnvGroup(rank=1) pid=4057653)[0m [robosuite WARNING] It is recommended to use a private macro file (macros.py:54)
[36m(EnvGroup(rank=1) pid=4057653)[0m WARNING:robosuite_logs:It is recommended to use a private macro file
[36m(EnvGroup(rank=1) pid=4057653)[0m [robosuite WARNING] To setup, run: python /data1/gaobowen/RLinf_dreamzero/.venv-libero-dreamzero/lib/python3.11/site-packages/robosuite/scripts/setup_macros.py (macros.py:55)
[36m(EnvGroup(rank=1) pid=4057653)[0m WARNING:robosuite_logs:To setup, run: python /data1/gaobowen/RLinf_dreamzero/.venv-libero-dreamzero/lib/python3.11/site-packages/robosuite/scripts/setup_macros.py
[36m(EnvGroup(rank=2) pid=4057927)[0m /data1/gaobowen/RLinf_dreamzero/.venv-libero-dreamzero/lib/python3.11/site-packages/robosuite/macros.py:53: DeprecationWarning: The 'warn' method is deprecated, use 'warning' instead
[36m(EnvGroup(rank=2) pid=4057927)[0m   ROBOSUITE_DEFAULT_LOGGER.warn("No private macro file found!")
[36m(EnvGroup(rank=2) pid=4057927)[0m [robosuite WARNING] No private macro file found! (macros.py:53)
[36m(EnvGroup(rank=2) pid=4057927)[0m WARNING:robosuite_logs:No private macro file found!
[36m(EnvGroup(rank=2) pid=4057927)[0m [robosuite WARNING] It is recommended to use a private macro file (macros.py:54)
[36m(EnvGroup(rank=2) pid=4057927)[0m WARNING:robosuite_logs:It is recommended to use a private macro file
[36m(EnvGroup(rank=2) pid=4057927)[0m [robosuite WARNING] To setup, run: python /data1/gaobowen/RLinf_dreamzero/.venv-libero-dreamzero/lib/python3.11/site-packages/robosuite/scripts/setup_macros.py (macros.py:55)
[36m(EnvGroup(rank=2) pid=4057927)[0m WARNING:robosuite_logs:To setup, run: python /data1/gaobowen/RLinf_dreamzero/.venv-libero-dreamzero/lib/python3.11/site-packages/robosuite/scripts/setup_macros.py
[36m(EnvGroup(rank=2) pid=4057927)[0m /data1/gaobowen/RLinf_dreamzero/.venv-libero-dreamzero/lib/python3.11/site-packages/robosuite/macros.py:53: DeprecationWarning: The 'warn' method is deprecated, use 'warning' instead
[36m(EnvGroup(rank=2) pid=4057927)[0m   ROBOSUITE_DEFAULT_LOGGER.warn("No private macro file found!")
[36m(EnvGroup(rank=2) pid=4057927)[0m [robosuite WARNING] No private macro file found! (macros.py:53)
[36m(EnvGroup(rank=2) pid=4057927)[0m WARNING:robosuite_logs:No private macro file found!
[36m(EnvGroup(rank=2) pid=4057927)[0m [robosuite WARNING] It is recommended to use a private macro file (macros.py:54)
[36m(EnvGroup(rank=2) pid=4057927)[0m WARNING:robosuite_logs:It is recommended to use a private macro file
[36m(EnvGroup(rank=2) pid=4057927)[0m [robosuite WARNING] To setup, run: python /data1/gaobowen/RLinf_dreamzero/.venv-libero-dreamzero/lib/python3.11/site-packages/robosuite/scripts/setup_macros.py (macros.py:55)
[36m(EnvGroup(rank=2) pid=4057927)[0m WARNING:robosuite_logs:To setup, run: python /data1/gaobowen/RLinf_dreamzero/.venv-libero-dreamzero/lib/python3.11/site-packages/robosuite/scripts/setup_macros.py
[36m(EnvGroup(rank=3) pid=4057941)[0m /data1/gaobowen/RLinf_dreamzero/.venv-libero-dreamzero/lib/python3.11/site-packages/robosuite/macros.py:53: DeprecationWarning: The 'warn' method is deprecated, use 'warning' instead
[36m(EnvGroup(rank=3) pid=4057941)[0m   ROBOSUITE_DEFAULT_LOGGER.warn("No private macro file found!")
[36m(EnvGroup(rank=3) pid=4057941)[0m [robosuite WARNING] No private macro file found! (macros.py:53)
[36m(EnvGroup(rank=3) pid=4057941)[0m WARNING:robosuite_logs:No private macro file found!
[36m(EnvGroup(rank=3) pid=4057941)[0m [robosuite WARNING] It is recommended to use a private macro file (macros.py:54)
[36m(EnvGroup(rank=3) pid=4057941)[0m WARNING:robosuite_logs:It is recommended to use a private macro file
[36m(EnvGroup(rank=3) pid=4057941)[0m [robosuite WARNING] To setup, run: python /data1/gaobowen/RLinf_dreamzero/.venv-libero-dreamzero/lib/python3.11/site-packages/robosuite/scripts/setup_macros.py (macros.py:55)
[36m(EnvGroup(rank=3) pid=4057941)[0m WARNING:robosuite_logs:To setup, run: python /data1/gaobowen/RLinf_dreamzero/.venv-libero-dreamzero/lib/python3.11/site-packages/robosuite/scripts/setup_macros.py
[36m(EnvGroup(rank=3) pid=4057941)[0m /data1/gaobowen/RLinf_dreamzero/.venv-libero-dreamzero/lib/python3.11/site-packages/robosuite/macros.py:53: DeprecationWarning: The 'warn' method is deprecated, use 'warning' instead
[36m(EnvGroup(rank=3) pid=4057941)[0m   ROBOSUITE_DEFAULT_LOGGER.warn("No private macro file found!")
[36m(EnvGroup(rank=3) pid=4057941)[0m [robosuite WARNING] No private macro file found! (macros.py:53)
[36m(EnvGroup(rank=3) pid=4057941)[0m WARNING:robosuite_logs:No private macro file found!
[36m(EnvGroup(rank=3) pid=4057941)[0m [robosuite WARNING] It is recommended to use a private macro file (macros.py:54)
[36m(EnvGroup(rank=3) pid=4057941)[0m WARNING:robosuite_logs:It is recommended to use a private macro file
[36m(EnvGroup(rank=3) pid=4057941)[0m [robosuite WARNING] To setup, run: python /data1/gaobowen/RLinf_dreamzero/.venv-libero-dreamzero/lib/python3.11/site-packages/robosuite/scripts/setup_macros.py (macros.py:55)
[36m(EnvGroup(rank=3) pid=4057941)[0m WARNING:robosuite_logs:To setup, run: python /data1/gaobowen/RLinf_dreamzero/.venv-libero-dreamzero/lib/python3.11/site-packages/robosuite/scripts/setup_macros.py
[36m(EnvGroup(rank=3) pid=4057941)[0m /data1/gaobowen/RLinf_dreamzero/.venv-libero-dreamzero/lib/python3.11/site-packages/robosuite/macros.py:53: DeprecationWarning: The 'warn' method is deprecated, use 'warning' instead
[36m(EnvGroup(rank=3) pid=4057941)[0m   ROBOSUITE_DEFAULT_LOGGER.warn("No private macro file found!")
[36m(EnvGroup(rank=3) pid=4057941)[0m [robosuite WARNING] No private macro file found! (macros.py:53)
[36m(EnvGroup(rank=3) pid=4057941)[0m WARNING:robosuite_logs:No private macro file found!
[36m(EnvGroup(rank=3) pid=4057941)[0m [robosuite WARNING] It is recommended to use a private macro file (macros.py:54)
[36m(EnvGroup(rank=3) pid=4057941)[0m WARNING:robosuite_logs:It is recommended to use a private macro file
[36m(EnvGroup(rank=3) pid=4057941)[0m [robosuite WARNING] To setup, run: python /data1/gaobowen/RLinf_dreamzero/.venv-libero-dreamzero/lib/python3.11/site-packages/robosuite/scripts/setup_macros.py (macros.py:55)
[36m(EnvGroup(rank=3) pid=4057941)[0m WARNING:robosuite_logs:To setup, run: python /data1/gaobowen/RLinf_dreamzero/.venv-libero-dreamzero/lib/python3.11/site-packages/robosuite/scripts/setup_macros.py
[36m(EnvGroup(rank=3) pid=4057941)[0m /data1/gaobowen/RLinf_dreamzero/.venv-libero-dreamzero/lib/python3.11/site-packages/robosuite/macros.py:53: DeprecationWarning: The 'warn' method is deprecated, use 'warning' instead
[36m(EnvGroup(rank=3) pid=4057941)[0m   ROBOSUITE_DEFAULT_LOGGER.warn("No private macro file found!")
[36m(EnvGroup(rank=3) pid=4057941)[0m [robosuite WARNING] No private macro file found! (macros.py:53)
[36m(EnvGroup(rank=3) pid=4057941)[0m WARNING:robosuite_logs:No private macro file found!
[36m(EnvGroup(rank=3) pid=4057941)[0m [robosuite WARNING] It is recommended to use a private macro file (macros.py:54)
[36m(EnvGroup(rank=3) pid=4057941)[0m WARNING:robosuite_logs:It is recommended to use a private macro file
[36m(EnvGroup(rank=3) pid=4057941)[0m [robosuite WARNING] To setup, run: python /data1/gaobowen/RLinf_dreamzero/.venv-libero-dreamzero/lib/python3.11/site-packages/robosuite/scripts/setup_macros.py (macros.py:55)
[36m(EnvGroup(rank=3) pid=4057941)[0m WARNING:robosuite_logs:To setup, run: python /data1/gaobowen/RLinf_dreamzero/.venv-libero-dreamzero/lib/python3.11/site-packages/robosuite/scripts/setup_macros.py
[36m(EnvGroup(rank=3) pid=4057941)[0m /data1/gaobowen/RLinf_dreamzero/.venv-libero-dreamzero/lib/python3.11/site-packages/robosuite/macros.py:53: DeprecationWarning: The 'warn' method is deprecated, use 'warning' instead
[36m(EnvGroup(rank=3) pid=4057941)[0m   ROBOSUITE_DEFAULT_LOGGER.warn("No private macro file found!")
[36m(EnvGroup(rank=3) pid=4057941)[0m [robosuite WARNING] No private macro file found! (macros.py:53)
[36m(EnvGroup(rank=3) pid=4057941)[0m WARNING:robosuite_logs:No private macro file found!
[36m(EnvGroup(rank=3) pid=4057941)[0m [robosuite WARNING] It is recommended to use a private macro file (macros.py:54)
[36m(EnvGroup(rank=3) pid=4057941)[0m WARNING:robosuite_logs:It is recommended to use a private macro file
[36m(EnvGroup(rank=3) pid=4057941)[0m [robosuite WARNING] To setup, run: python /data1/gaobowen/RLinf_dreamzero/.venv-libero-dreamzero/lib/python3.11/site-packages/robosuite/scripts/setup_macros.py (macros.py:55)
[36m(EnvGroup(rank=3) pid=4057941)[0m WARNING:robosuite_logs:To setup, run: python /data1/gaobowen/RLinf_dreamzero/.venv-libero-dreamzero/lib/python3.11/site-packages/robosuite/scripts/setup_macros.py
[36m(EnvGroup(rank=1) pid=4057653)[0m /data1/gaobowen/RLinf_dreamzero/.venv-libero-dreamzero/lib/python3.11/site-packages/robosuite/macros.py:53: DeprecationWarning: The 'warn' method is deprecated, use 'warning' instead
[36m(EnvGroup(rank=1) pid=4057653)[0m   ROBOSUITE_DEFAULT_LOGGER.warn("No private macro file found!")
[36m(EnvGroup(rank=1) pid=4057653)[0m [robosuite WARNING] No private macro file found! (macros.py:53)
[36m(EnvGroup(rank=1) pid=4057653)[0m WARNING:robosuite_logs:No private macro file found!
[36m(EnvGroup(rank=1) pid=4057653)[0m [robosuite WARNING] It is recommended to use a private macro file (macros.py:54)
[36m(EnvGroup(rank=1) pid=4057653)[0m WARNING:robosuite_logs:It is recommended to use a private macro file
[36m(EnvGroup(rank=1) pid=4057653)[0m [robosuite WARNING] To setup, run: python /data1/gaobowen/RLinf_dreamzero/.venv-libero-dreamzero/lib/python3.11/site-packages/robosuite/scripts/setup_macros.py (macros.py:55)
[36m(EnvGroup(rank=1) pid=4057653)[0m WARNING:robosuite_logs:To setup, run: python /data1/gaobowen/RLinf_dreamzero/.venv-libero-dreamzero/lib/python3.11/site-packages/robosuite/scripts/setup_macros.py
[36m(EnvGroup(rank=1) pid=4057653)[0m /data1/gaobowen/RLinf_dreamzero/.venv-libero-dreamzero/lib/python3.11/site-packages/robosuite/macros.py:53: DeprecationWarning: The 'warn' method is deprecated, use 'warning' instead
[36m(EnvGroup(rank=1) pid=4057653)[0m   ROBOSUITE_DEFAULT_LOGGER.warn("No private macro file found!")
[36m(EnvGroup(rank=1) pid=4057653)[0m [robosuite WARNING] No private macro file found! (macros.py:53)
[36m(EnvGroup(rank=1) pid=4057653)[0m WARNING:robosuite_logs:No private macro file found!
[36m(EnvGroup(rank=1) pid=4057653)[0m [robosuite WARNING] It is recommended to use a private macro file (macros.py:54)
[36m(EnvGroup(rank=1) pid=4057653)[0m WARNING:robosuite_logs:It is recommended to use a private macro file
[36m(EnvGroup(rank=1) pid=4057653)[0m [robosuite WARNING] To setup, run: python /data1/gaobowen/RLinf_dreamzero/.venv-libero-dreamzero/lib/python3.11/site-packages/robosuite/scripts/setup_macros.py (macros.py:55)
[36m(EnvGroup(rank=1) pid=4057653)[0m WARNING:robosuite_logs:To setup, run: python /data1/gaobowen/RLinf_dreamzero/.venv-libero-dreamzero/lib/python3.11/site-packages/robosuite/scripts/setup_macros.py
[36m(RolloutGroup(rank=0) pid=4057629)[0m Gym has been unmaintained since 2022 and does not support NumPy 2.0 amongst other critical functionality.
[36m(RolloutGroup(rank=0) pid=4057629)[0m Please upgrade to Gymnasium, the maintained drop-in replacement of Gym, or contact the authors of your software and request that they upgrade.
[36m(RolloutGroup(rank=0) pid=4057629)[0m Users of this version of Gym should be able to simply replace 'import gym' with 'import gymnasium as gym' in the vast majority of cases.
[36m(RolloutGroup(rank=0) pid=4057629)[0m See the migration guide at https://gymnasium.farama.org/introduction/migration_guide/ for additional information.
[36m(RolloutGroup(rank=1) pid=4057636)[0m Gym has been unmaintained since 2022 and does not support NumPy 2.0 amongst other critical functionality.
[36m(RolloutGroup(rank=1) pid=4057636)[0m Please upgrade to Gymnasium, the maintained drop-in replacement of Gym, or contact the authors of your software and request that they upgrade.
[36m(RolloutGroup(rank=1) pid=4057636)[0m Users of this version of Gym should be able to simply replace 'import gym' with 'import gymnasium as gym' in the vast majority of cases.
[36m(RolloutGroup(rank=1) pid=4057636)[0m See the migration guide at https://gymnasium.farama.org/introduction/migration_guide/ for additional information.
[36m(RolloutGroup(rank=2) pid=4057637)[0m Gym has been unmaintained since 2022 and does not support NumPy 2.0 amongst other critical functionality.
[36m(RolloutGroup(rank=2) pid=4057637)[0m Please upgrade to Gymnasium, the maintained drop-in replacement of Gym, or contact the authors of your software and request that they upgrade.
[36m(RolloutGroup(rank=2) pid=4057637)[0m Users of this version of Gym should be able to simply replace 'import gym' with 'import gymnasium as gym' in the vast majority of cases.
[36m(RolloutGroup(rank=2) pid=4057637)[0m See the migration guide at https://gymnasium.farama.org/introduction/migration_guide/ for additional information.
[36m(RolloutGroup(rank=1) pid=4057636)[0m /home/bowen/.local/share/uv/python/cpython-3.11.14-linux-x86_64-gnu/lib/python3.11/inspect.py:298: FutureWarning: `torch.distributed.reduce_op` is deprecated, please use `torch.distributed.ReduceOp` instead
[36m(RolloutGroup(rank=1) pid=4057636)[0m   return isinstance(object, type)
[36m(RolloutGroup(rank=3) pid=4057642)[0m Gym has been unmaintained since 2022 and does not support NumPy 2.0 amongst other critical functionality.
[36m(RolloutGroup(rank=3) pid=4057642)[0m Please upgrade to Gymnasium, the maintained drop-in replacement of Gym, or contact the authors of your software and request that they upgrade.
[36m(RolloutGroup(rank=3) pid=4057642)[0m Users of this version of Gym should be able to simply replace 'import gym' with 'import gymnasium as gym' in the vast majority of cases.
[36m(RolloutGroup(rank=3) pid=4057642)[0m See the migration guide at https://gymnasium.farama.org/introduction/migration_guide/ for additional information.
[36m(RolloutGroup(rank=0) pid=4057629)[0m /home/bowen/.local/share/uv/python/cpython-3.11.14-linux-x86_64-gnu/lib/python3.11/inspect.py:298: FutureWarning: `torch.distributed.reduce_op` is deprecated, please use `torch.distributed.ReduceOp` instead
[36m(RolloutGroup(rank=0) pid=4057629)[0m   return isinstance(object, type)
[36m(RolloutGroup(rank=2) pid=4057637)[0m /home/bowen/.local/share/uv/python/cpython-3.11.14-linux-x86_64-gnu/lib/python3.11/inspect.py:298: FutureWarning: `torch.distributed.reduce_op` is deprecated, please use `torch.distributed.ReduceOp` instead
[36m(RolloutGroup(rank=2) pid=4057637)[0m   return isinstance(object, type)
[36m(RolloutGroup(rank=3) pid=4057642)[0m /home/bowen/.local/share/uv/python/cpython-3.11.14-linux-x86_64-gnu/lib/python3.11/inspect.py:298: FutureWarning: `torch.distributed.reduce_op` is deprecated, please use `torch.distributed.ReduceOp` instead
[36m(RolloutGroup(rank=3) pid=4057642)[0m   return isinstance(object, type)
[36m(RolloutGroup(rank=1) pid=4057636)[0m The tokenizer you are loading from '/data1/gaobowen/tianze/model/Wan2.2-TI2V-5B/google/umt5-xxl' with an incorrect regex pattern: https://huggingface.co/mistralai/Mistral-Small-3.1-24B-Instruct-2503/discussions/84#69121093e8b480e709447d5e. This will lead to incorrect tokenization. You should set the `fix_mistral_regex=True` flag when loading this tokenizer to fix this issue.
[36m(RolloutGroup(rank=0) pid=4057629)[0m The tokenizer you are loading from '/data1/gaobowen/tianze/model/Wan2.2-TI2V-5B/google/umt5-xxl' with an incorrect regex pattern: https://huggingface.co/mistralai/Mistral-Small-3.1-24B-Instruct-2503/discussions/84#69121093e8b480e709447d5e. This will lead to incorrect tokenization. You should set the `fix_mistral_regex=True` flag when loading this tokenizer to fix this issue.
[36m(RolloutGroup(rank=2) pid=4057637)[0m The tokenizer you are loading from '/data1/gaobowen/tianze/model/Wan2.2-TI2V-5B/google/umt5-xxl' with an incorrect regex pattern: https://huggingface.co/mistralai/Mistral-Small-3.1-24B-Instruct-2503/discussions/84#69121093e8b480e709447d5e. This will lead to incorrect tokenization. You should set the `fix_mistral_regex=True` flag when loading this tokenizer to fix this issue.
[36m(RolloutGroup(rank=3) pid=4057642)[0m The tokenizer you are loading from '/data1/gaobowen/tianze/model/Wan2.2-TI2V-5B/google/umt5-xxl' with an incorrect regex pattern: https://huggingface.co/mistralai/Mistral-Small-3.1-24B-Instruct-2503/discussions/84#69121093e8b480e709447d5e. This will lead to incorrect tokenization. You should set the `fix_mistral_regex=True` flag when loading this tokenizer to fix this issue.

[36m(EmbodiedFSDPActor pid=4057617)[0m [INFO 14:02:36 ActorGroup-Rank-2][fsdp_model_manager.py:115] [FSDP] AMP is disabled.
[36m(EnvGroup(rank=0) pid=4057649)[0m [INFO 14:02:36 EnvGroup-Rank-0][env_worker.py:161] Env worker initialized with dst_rank_map: {'rollout_train': [(0, 8)]}
[36m(EnvGroup(rank=0) pid=4057649)[0m [INFO 14:02:36 EnvGroup-Rank-0][env_worker.py:162] Env worker initialized with src_rank_map: {'rollout_train': [(0, 8)]}
[36m(EnvGroup(rank=1) pid=4057653)[0m [INFO 14:02:36 EnvGroup-Rank-1][env_worker.py:161] Env worker initialized with dst_rank_map: {'rollout_train': [(1, 8)]}
[36m(EnvGroup(rank=1) pid=4057653)[0m [INFO 14:02:36 EnvGroup-Rank-1][env_worker.py:162] Env worker initialized with src_rank_map: {'rollout_train': [(1, 8)]}
[36m(EnvGroup(rank=3) pid=4057941)[0m [INFO 14:02:36 EnvGroup-Rank-3][env_worker.py:161] Env worker initialized with dst_rank_map: {'rollout_train': [(3, 8)]}
[36m(EnvGroup(rank=3) pid=4057941)[0m [INFO 14:02:36 EnvGroup-Rank-3][env_worker.py:162] Env worker initialized with src_rank_map: {'rollout_train': [(3, 8)]}
[36m(EnvGroup(rank=2) pid=4057927)[0m [INFO 14:02:36 EnvGroup-Rank-2][env_worker.py:161] Env worker initialized with dst_rank_map: {'rollout_train': [(2, 8)]}
[36m(EnvGroup(rank=2) pid=4057927)[0m [INFO 14:02:36 EnvGroup-Rank-2][env_worker.py:162] Env worker initialized with src_rank_map: {'rollout_train': [(2, 8)]}
[36m(EmbodiedFSDPActor pid=4057616)[0m [INFO 14:02:37 ActorGroup-Rank-1][fsdp_model_manager.py:115] [FSDP] AMP is disabled.
[36m(EmbodiedFSDPActor pid=4057615)[0m [INFO 14:02:37 ActorGroup-Rank-0][fsdp_model_manager.py:115] [FSDP] AMP is disabled.
[36m(EmbodiedFSDPActor pid=4057619)[0m [INFO 14:02:37 ActorGroup-Rank-3][fsdp_model_manager.py:115] [FSDP] AMP is disabled.
[36m(MultiStepRolloutWorker pid=4057629)[0m self._sync_weight_comm_options: None
[36m(RolloutGroup(rank=0) pid=4057629)[0m [INFO 14:02:37 RolloutGroup-Rank-0][__init__.py:80] [DreamZero load 0.0s] start model_path=/data1/gaobowen/tianze/runtime_models/20260713-140153-collocated-dreamzero_libero_collocated_ppo/DreamZero-LIBERO-runtime lora= dtype=torch.bfloat16
[36m(RolloutGroup(rank=0) pid=4057629)[0m [INFO 14:02:37 RolloutGroup-Rank-0][__init__.py:80] [DreamZero load 0.0s] disable torch.compile wrappers
[36m(MultiStepRolloutWorker pid=4057636)[0m self._sync_weight_comm_options: None
[36m(RolloutGroup(rank=1) pid=4057636)[0m [INFO 14:02:37 RolloutGroup-Rank-1][__init__.py:80] [DreamZero load 0.0s] start model_path=/data1/gaobowen/tianze/runtime_models/20260713-140153-collocated-dreamzero_libero_collocated_ppo/DreamZero-LIBERO-runtime lora= dtype=torch.bfloat16
[36m(RolloutGroup(rank=1) pid=4057636)[0m [INFO 14:02:37 RolloutGroup-Rank-1][__init__.py:80] [DreamZero load 0.0s] disable torch.compile wrappers
[36m(MultiStepRolloutWorker pid=4057637)[0m self._sync_weight_comm_options: None
[36m(RolloutGroup(rank=2) pid=4057637)[0m [INFO 14:02:37 RolloutGroup-Rank-2][__init__.py:80] [DreamZero load 0.0s] start model_path=/data1/gaobowen/tianze/runtime_models/20260713-140153-collocated-dreamzero_libero_collocated_ppo/DreamZero-LIBERO-runtime lora= dtype=torch.bfloat16
[36m(RolloutGroup(rank=2) pid=4057637)[0m [INFO 14:02:37 RolloutGroup-Rank-2][__init__.py:80] [DreamZero load 0.0s] disable torch.compile wrappers
[36m(MultiStepRolloutWorker pid=4057642)[0m self._sync_weight_comm_options: None
[36m(RolloutGroup(rank=3) pid=4057642)[0m [INFO 14:02:37 RolloutGroup-Rank-3][__init__.py:80] [DreamZero load 0.0s] start model_path=/data1/gaobowen/tianze/runtime_models/20260713-140153-collocated-dreamzero_libero_collocated_ppo/DreamZero-LIBERO-runtime lora= dtype=torch.bfloat16
[36m(RolloutGroup(rank=3) pid=4057642)[0m [INFO 14:02:37 RolloutGroup-Rank-3][__init__.py:80] [DreamZero load 0.0s] disable torch.compile wrappers
[36m(EnvGroup(rank=0) pid=4057649)[0m [info] using task orders [0, 1, 2, 3, 4, 5, 6, 7, 8, 9]
[36m(EnvGroup(rank=2) pid=4057927)[0m [info] using task orders [0, 1, 2, 3, 4, 5, 6, 7, 8, 9]
[36m(EnvGroup(rank=3) pid=4057941)[0m [info] using task orders [0, 1, 2, 3, 4, 5, 6, 7, 8, 9]
[36m(EnvGroup(rank=1) pid=4057653)[0m [info] using task orders [0, 1, 2, 3, 4, 5, 6, 7, 8, 9]
[36m(RolloutGroup(rank=1) pid=4057636)[0m [INFO 14:02:44 RolloutGroup-Rank-1][__init__.py:80] [DreamZero load 6.7s] patches applied
[36m(RolloutGroup(rank=1) pid=4057636)[0m [INFO 14:02:44 RolloutGroup-Rank-1][__init__.py:80] [DreamZero load 6.7s] config loaded
[36m(RolloutGroup(rank=0) pid=4057629)[0m [INFO 14:02:44 RolloutGroup-Rank-0][__init__.py:80] [DreamZero load 6.9s] patches applied
[36m(RolloutGroup(rank=0) pid=4057629)[0m [INFO 14:02:44 RolloutGroup-Rank-0][__init__.py:80] [DreamZero load 6.9s] config loaded
[36m(RolloutGroup(rank=2) pid=4057637)[0m [INFO 14:02:44 RolloutGroup-Rank-2][__init__.py:80] [DreamZero load 7.0s] patches applied
[36m(RolloutGroup(rank=2) pid=4057637)[0m [INFO 14:02:44 RolloutGroup-Rank-2][__init__.py:80] [DreamZero load 7.0s] config loaded
[36m(RolloutGroup(rank=3) pid=4057642)[0m [INFO 14:02:45 RolloutGroup-Rank-3][__init__.py:80] [DreamZero load 7.2s] patches applied
[36m(RolloutGroup(rank=3) pid=4057642)[0m [INFO 14:02:45 RolloutGroup-Rank-3][__init__.py:80] [DreamZero load 7.2s] config loaded
[36m(RolloutGroup(rank=1) pid=4057636)[0m [INFO 14:02:45 RolloutGroup-Rank-1][__init__.py:80] [DreamZero load 7.8s] metadata/transforms ready for embodiment_tag=libero_sim
[36m(RolloutGroup(rank=0) pid=4057629)[0m [INFO 14:02:45 RolloutGroup-Rank-0][__init__.py:80] [DreamZero load 8.0s] metadata/transforms ready for embodiment_tag=libero_sim
[36m(RolloutGroup(rank=2) pid=4057637)[0m [INFO 14:02:45 RolloutGroup-Rank-2][__init__.py:80] [DreamZero load 8.1s] metadata/transforms ready for embodiment_tag=libero_sim
[36m(RolloutGroup(rank=3) pid=4057642)[0m [INFO 14:02:46 RolloutGroup-Rank-3][__init__.py:80] [DreamZero load 8.2s] metadata/transforms ready for embodiment_tag=libero_sim
[36m(RolloutGroup(rank=3) pid=4057642)[0m Skipping individual component loading (loading from full pretrained model)
[36m(RolloutGroup(rank=3) pid=4057642)[0m defer_lora_injection@@ True
[36m(RolloutGroup(rank=3) pid=4057642)[0m Tune action head projector: True
[36m(RolloutGroup(rank=3) pid=4057642)[0m Tune action head diffusion model: True
[36m(RolloutGroup(rank=3) pid=4057642)[0m Deferring LoRA injection until after pretrained weights are loaded
[36m(RolloutGroup(rank=3) pid=4057642)[0m [INFO 14:04:40 RolloutGroup-Rank-3][__init__.py:80] [DreamZero load 122.7s] DreamZeroPolicy constructed
[36m(RolloutGroup(rank=3) pid=4057642)[0m [INFO 14:04:40 RolloutGroup-Rank-3][__init__.py:80] [DreamZero load 122.7s] loading 6 safetensors shards
[36m(RolloutGroup(rank=3) pid=4057642)[0m [INFO 14:04:40 RolloutGroup-Rank-3][__init__.py:80] [DreamZero load 122.7s] loading shard 1/6: model-00001-of-00006.safetensors
[36m(RolloutGroup(rank=3) pid=4057642)[0m [INFO 14:04:40 RolloutGroup-Rank-3][__init__.py:80] [DreamZero load 122.8s] loading shard 2/6: model-00002-of-00006.safetensors
[36m(RolloutGroup(rank=3) pid=4057642)[0m [INFO 14:04:40 RolloutGroup-Rank-3][__init__.py:80] [DreamZero load 122.8s] loading shard 3/6: model-00003-of-00006.safetensors
[36m(RolloutGroup(rank=3) pid=4057642)[0m [INFO 14:04:40 RolloutGroup-Rank-3][__init__.py:80] [DreamZero load 122.8s] loading shard 4/6: model-00004-of-00006.safetensors
[36m(RolloutGroup(rank=3) pid=4057642)[0m [INFO 14:04:40 RolloutGroup-Rank-3][__init__.py:80] [DreamZero load 122.8s] loading shard 5/6: model-00005-of-00006.safetensors
[36m(RolloutGroup(rank=3) pid=4057642)[0m [INFO 14:04:40 RolloutGroup-Rank-3][__init__.py:80] [DreamZero load 122.8s] loading shard 6/6: model-00006-of-00006.safetensors
[36m(RolloutGroup(rank=3) pid=4057642)[0m [INFO 14:04:40 RolloutGroup-Rank-3][__init__.py:80] [DreamZero load 122.8s] loaded state_dict with 1828 tensors
[36m(RolloutGroup(rank=1) pid=4057636)[0m Skipping individual component loading (loading from full pretrained model)
[36m(RolloutGroup(rank=1) pid=4057636)[0m defer_lora_injection@@ True
[36m(RolloutGroup(rank=1) pid=4057636)[0m Tune action head projector: True
[36m(RolloutGroup(rank=1) pid=4057636)[0m Tune action head diffusion model: True
[36m(RolloutGroup(rank=1) pid=4057636)[0m Deferring LoRA injection until after pretrained weights are loaded
[36m(RolloutGroup(rank=1) pid=4057636)[0m [INFO 14:04:41 RolloutGroup-Rank-1][__init__.py:80] [DreamZero load 124.2s] DreamZeroPolicy constructed
[36m(RolloutGroup(rank=1) pid=4057636)[0m [INFO 14:04:41 RolloutGroup-Rank-1][__init__.py:80] [DreamZero load 124.2s] loading 6 safetensors shards
[36m(RolloutGroup(rank=1) pid=4057636)[0m [INFO 14:04:41 RolloutGroup-Rank-1][__init__.py:80] [DreamZero load 124.2s] loading shard 1/6: model-00001-of-00006.safetensors
[36m(RolloutGroup(rank=1) pid=4057636)[0m [INFO 14:04:41 RolloutGroup-Rank-1][__init__.py:80] [DreamZero load 124.2s] loading shard 2/6: model-00002-of-00006.safetensors
[36m(RolloutGroup(rank=1) pid=4057636)[0m [INFO 14:04:41 RolloutGroup-Rank-1][__init__.py:80] [DreamZero load 124.2s] loading shard 3/6: model-00003-of-00006.safetensors
[36m(RolloutGroup(rank=1) pid=4057636)[0m [INFO 14:04:41 RolloutGroup-Rank-1][__init__.py:80] [DreamZero load 124.2s] loading shard 4/6: model-00004-of-00006.safetensors
[36m(RolloutGroup(rank=1) pid=4057636)[0m [INFO 14:04:41 RolloutGroup-Rank-1][__init__.py:80] [DreamZero load 124.2s] loading shard 5/6: model-00005-of-00006.safetensors
[36m(RolloutGroup(rank=1) pid=4057636)[0m [INFO 14:04:41 RolloutGroup-Rank-1][__init__.py:80] [DreamZero load 124.2s] loading shard 6/6: model-00006-of-00006.safetensors
[36m(RolloutGroup(rank=1) pid=4057636)[0m [INFO 14:04:41 RolloutGroup-Rank-1][__init__.py:80] [DreamZero load 124.2s] loaded state_dict with 1828 tensors
[36m(RolloutGroup(rank=3) pid=4057642)[0m [INFO 14:04:42 RolloutGroup-Rank-3][__init__.py:80] [DreamZero load 124.3s] load_state_dict finished missing=6 unexpected=0
[36m(RolloutGroup(rank=3) pid=4057642)[0m Injecting LoRA after loading pretrained weights
[36m(RolloutGroup(rank=2) pid=4057637)[0m Skipping individual component loading (loading from full pretrained model)
[36m(RolloutGroup(rank=2) pid=4057637)[0m defer_lora_injection@@ True
[36m(RolloutGroup(rank=2) pid=4057637)[0m Tune action head projector: True
[36m(RolloutGroup(rank=2) pid=4057637)[0m Tune action head diffusion model: True
[36m(RolloutGroup(rank=2) pid=4057637)[0m Deferring LoRA injection until after pretrained weights are loaded
[36m(RolloutGroup(rank=2) pid=4057637)[0m [INFO 14:04:42 RolloutGroup-Rank-2][__init__.py:80] [DreamZero load 124.8s] DreamZeroPolicy constructed
[36m(RolloutGroup(rank=2) pid=4057637)[0m [INFO 14:04:42 RolloutGroup-Rank-2][__init__.py:80] [DreamZero load 124.8s] loading 6 safetensors shards
[36m(RolloutGroup(rank=2) pid=4057637)[0m [INFO 14:04:42 RolloutGroup-Rank-2][__init__.py:80] [DreamZero load 124.8s] loading shard 1/6: model-00001-of-00006.safetensors
[36m(RolloutGroup(rank=2) pid=4057637)[0m [INFO 14:04:42 RolloutGroup-Rank-2][__init__.py:80] [DreamZero load 124.8s] loading shard 2/6: model-00002-of-00006.safetensors
[36m(RolloutGroup(rank=2) pid=4057637)[0m [INFO 14:04:42 RolloutGroup-Rank-2][__init__.py:80] [DreamZero load 124.8s] loading shard 3/6: model-00003-of-00006.safetensors
[36m(RolloutGroup(rank=2) pid=4057637)[0m [INFO 14:04:42 RolloutGroup-Rank-2][__init__.py:80] [DreamZero load 124.8s] loading shard 4/6: model-00004-of-00006.safetensors
[36m(RolloutGroup(rank=2) pid=4057637)[0m [INFO 14:04:42 RolloutGroup-Rank-2][__init__.py:80] [DreamZero load 124.8s] loading shard 5/6: model-00005-of-00006.safetensors
[36m(RolloutGroup(rank=2) pid=4057637)[0m [INFO 14:04:42 RolloutGroup-Rank-2][__init__.py:80] [DreamZero load 124.8s] loading shard 6/6: model-00006-of-00006.safetensors
[36m(RolloutGroup(rank=2) pid=4057637)[0m [INFO 14:04:42 RolloutGroup-Rank-2][__init__.py:80] [DreamZero load 124.8s] loaded state_dict with 1828 tensors
[36m(RolloutGroup(rank=0) pid=4057629)[0m Skipping individual component loading (loading from full pretrained model)
[36m(RolloutGroup(rank=0) pid=4057629)[0m defer_lora_injection@@ True
[36m(RolloutGroup(rank=0) pid=4057629)[0m Tune action head projector: True
[36m(RolloutGroup(rank=0) pid=4057629)[0m Tune action head diffusion model: True
[36m(RolloutGroup(rank=0) pid=4057629)[0m Deferring LoRA injection until after pretrained weights are loaded
[36m(RolloutGroup(rank=0) pid=4057629)[0m [INFO 14:04:42 RolloutGroup-Rank-0][__init__.py:80] [DreamZero load 125.1s] DreamZeroPolicy constructed
[36m(RolloutGroup(rank=0) pid=4057629)[0m [INFO 14:04:42 RolloutGroup-Rank-0][__init__.py:80] [DreamZero load 125.1s] loading 6 safetensors shards
[36m(RolloutGroup(rank=0) pid=4057629)[0m [INFO 14:04:42 RolloutGroup-Rank-0][__init__.py:80] [DreamZero load 125.1s] loading shard 1/6: model-00001-of-00006.safetensors
[36m(RolloutGroup(rank=0) pid=4057629)[0m [INFO 14:04:42 RolloutGroup-Rank-0][__init__.py:80] [DreamZero load 125.1s] loading shard 2/6: model-00002-of-00006.safetensors
[36m(RolloutGroup(rank=0) pid=4057629)[0m [INFO 14:04:42 RolloutGroup-Rank-0][__init__.py:80] [DreamZero load 125.1s] loading shard 3/6: model-00003-of-00006.safetensors
[36m(RolloutGroup(rank=0) pid=4057629)[0m [INFO 14:04:42 RolloutGroup-Rank-0][__init__.py:80] [DreamZero load 125.2s] loading shard 4/6: model-00004-of-00006.safetensors
[36m(RolloutGroup(rank=0) pid=4057629)[0m [INFO 14:04:42 RolloutGroup-Rank-0][__init__.py:80] [DreamZero load 125.2s] loading shard 5/6: model-00005-of-00006.safetensors
[36m(RolloutGroup(rank=0) pid=4057629)[0m [INFO 14:04:42 RolloutGroup-Rank-0][__init__.py:80] [DreamZero load 125.2s] loading shard 6/6: model-00006-of-00006.safetensors
[36m(RolloutGroup(rank=0) pid=4057629)[0m [INFO 14:04:42 RolloutGroup-Rank-0][__init__.py:80] [DreamZero load 125.2s] loaded state_dict with 1828 tensors
[36m(RolloutGroup(rank=1) pid=4057636)[0m [INFO 14:04:43 RolloutGroup-Rank-1][__init__.py:80] [DreamZero load 125.8s] load_state_dict finished missing=6 unexpected=0
[36m(RolloutGroup(rank=1) pid=4057636)[0m Injecting LoRA after loading pretrained weights
[36m(RolloutGroup(rank=2) pid=4057637)[0m [INFO 14:04:44 RolloutGroup-Rank-2][__init__.py:80] [DreamZero load 126.3s] load_state_dict finished missing=6 unexpected=0
[36m(RolloutGroup(rank=2) pid=4057637)[0m Injecting LoRA after loading pretrained weights
[36m(RolloutGroup(rank=0) pid=4057629)[0m [INFO 14:04:44 RolloutGroup-Rank-0][__init__.py:80] [DreamZero load 126.7s] load_state_dict finished missing=6 unexpected=0
[36m(RolloutGroup(rank=0) pid=4057629)[0m Injecting LoRA after loading pretrained weights
[36m(RolloutGroup(rank=3) pid=4057642)[0m Total parameters in diffusion model: 5,616,768,992
[36m(RolloutGroup(rank=3) pid=4057642)[0m Trainable parameters in diffusion model: 44,890,144
[36m(RolloutGroup(rank=3) pid=4057642)[0m [INFO 14:04:50 RolloutGroup-Rank-3][__init__.py:80] [DreamZero load 132.6s] deferred action_head LoRA injected
[36m(RolloutGroup(rank=3) pid=4057642)[0m [INFO 14:04:50 RolloutGroup-Rank-3][__init__.py:80] [DreamZero load 132.6s] scalar parameters promoted
[36m(RolloutGroup(rank=1) pid=4057636)[0m Total parameters in diffusion model: 5,616,768,992
[36m(RolloutGroup(rank=1) pid=4057636)[0m Trainable parameters in diffusion model: 44,890,144
[36m(RolloutGroup(rank=1) pid=4057636)[0m [INFO 14:04:51 RolloutGroup-Rank-1][__init__.py:80] [DreamZero load 134.0s] deferred action_head LoRA injected
[36m(RolloutGroup(rank=1) pid=4057636)[0m [INFO 14:04:51 RolloutGroup-Rank-1][__init__.py:80] [DreamZero load 134.0s] scalar parameters promoted
[36m(RolloutGroup(rank=0) pid=4057629)[0m Total parameters in diffusion model: 5,616,768,992
[36m(RolloutGroup(rank=0) pid=4057629)[0m Trainable parameters in diffusion model: 44,890,144
[36m(RolloutGroup(rank=0) pid=4057629)[0m [INFO 14:04:52 RolloutGroup-Rank-0][__init__.py:80] [DreamZero load 134.4s] deferred action_head LoRA injected
[36m(RolloutGroup(rank=0) pid=4057629)[0m [INFO 14:04:52 RolloutGroup-Rank-0][__init__.py:80] [DreamZero load 134.4s] scalar parameters promoted
[36m(RolloutGroup(rank=2) pid=4057637)[0m Total parameters in diffusion model: 5,616,768,992
[36m(RolloutGroup(rank=2) pid=4057637)[0m Trainable parameters in diffusion model: 44,890,144[36m(ActorGroup(rank=3) pid=4057619)[0m WARNING: All log messages before absl::InitializeLog() is called are written to STDERR
[36m(ActorGroup(rank=3) pid=4057619)[0m I0000 00:00:1783922704.216579 4059809 port.cc:153] oneDNN custom operations are on. You may see slightly different numerical results due to floating-point round-off errors from different computation orders. To turn them off, set the environment variable `TF_ENABLE_ONEDNN_OPTS=0`.
[36m(ActorGroup(rank=3) pid=4057619)[0m I0000 00:00:1783922704.264129 4059809 cpu_feature_guard.cc:227] This TensorFlow binary is optimized to use available CPU instructions in performance-critical operations.
[36m(ActorGroup(rank=3) pid=4057619)[0m To enable the following instructions: AVX2 AVX512F AVX512_VNNI FMA, in other operations, rebuild TensorFlow with the appropriate compiler flags.
[36m(ActorGroup(rank=1) pid=4057616)[0m WARNING: All log messages before absl::InitializeLog() is called are written to STDERR
[36m(ActorGroup(rank=1) pid=4057616)[0m I0000 00:00:1783922704.283392 4059792 port.cc:153] oneDNN custom operations are on. You may see slightly different numerical results due to floating-point round-off errors from different computation orders. To turn them off, set the environment variable `TF_ENABLE_ONEDNN_OPTS=0`.
[36m(ActorGroup(rank=1) pid=4057616)[0m I0000 00:00:1783922704.329199 4059792 cpu_feature_guard.cc:227] This TensorFlow binary is optimized to use available CPU instructions in performance-critical operations.
[36m(ActorGroup(rank=1) pid=4057616)[0m To enable the following instructions: AVX2 AVX512F AVX512_VNNI FMA, in other operations, rebuild TensorFlow with the appropriate compiler flags.
[36m(ActorGroup(rank=0) pid=4057615)[0m WARNING: All log messages before absl::InitializeLog() is called are written to STDERR
[36m(ActorGroup(rank=0) pid=4057615)[0m I0000 00:00:1783922704.312956 4059794 port.cc:153] oneDNN custom operations are on. You may see slightly different numerical results due to floating-point round-off errors from different computation orders. To turn them off, set the environment variable `TF_ENABLE_ONEDNN_OPTS=0`.
[36m(ActorGroup(rank=0) pid=4057615)[0m I0000 00:00:1783922704.361399 4059794 cpu_feature_guard.cc:227] This TensorFlow binary is optimized to use available CPU instructions in performance-critical operations.
[36m(ActorGroup(rank=0) pid=4057615)[0m To enable the following instructions: AVX2 AVX512F AVX512_VNNI FMA, in other operations, rebuild TensorFlow with the appropriate compiler flags.
[36m(ActorGroup(rank=2) pid=4057617)[0m WARNING: All log messages before absl::InitializeLog() is called are written to STDERR
[36m(ActorGroup(rank=2) pid=4057617)[0m I0000 00:00:1783922704.283392 4059801 port.cc:153] oneDNN custom operations are on. You may see slightly different numerical results due to floating-point round-off errors from different computation orders. To turn them off, set the environment variable `TF_ENABLE_ONEDNN_OPTS=0`.
[36m(ActorGroup(rank=2) pid=4057617)[0m I0000 00:00:1783922704.329689 4059801 cpu_feature_guard.cc:227] This TensorFlow binary is optimized to use available CPU instructions in performance-critical operations.
[36m(ActorGroup(rank=2) pid=4057617)[0m To enable the following instructions: AVX2 AVX512F AVX512_VNNI FMA, in other operations, rebuild TensorFlow with the appropriate compiler flags.
[36m(ActorGroup(rank=1) pid=4057616)[0m WARNING: All log messages before absl::InitializeLog() is called are written to STDERR
[36m(ActorGroup(rank=1) pid=4057616)[0m I0000 00:00:1783922705.497109 4059792 port.cc:153] oneDNN custom operations are on. You may see slightly different numerical results due to floating-point round-off errors from different computation orders. To turn them off, set the environment variable `TF_ENABLE_ONEDNN_OPTS=0`.
[36m(ActorGroup(rank=3) pid=4057619)[0m WARNING: All log messages before absl::InitializeLog() is called are written to STDERR
[36m(ActorGroup(rank=3) pid=4057619)[0m I0000 00:00:1783922705.492543 4059809 port.cc:153] oneDNN custom operations are on. You may see slightly different numerical results due to floating-point round-off errors from different computation orders. To turn them off, set the environment variable `TF_ENABLE_ONEDNN_OPTS=0`.
[36m(ActorGroup(rank=2) pid=4057617)[0m WARNING: All log messages before absl::InitializeLog() is called are written to STDERR
[36m(ActorGroup(rank=2) pid=4057617)[0m I0000 00:00:1783922705.496771 4059801 port.cc:153] oneDNN custom operations are on. You may see slightly different numerical results due to floating-point round-off errors from different computation orders. To turn them off, set the environment variable `TF_ENABLE_ONEDNN_OPTS=0`.
[36m(ActorGroup(rank=0) pid=4057615)[0m WARNING: All log messages before absl::InitializeLog() is called are written to STDERR
[36m(ActorGroup(rank=0) pid=4057615)[0m I0000 00:00:1783922705.553189 4059794 port.cc:153] oneDNN custom operations are on. You may see slightly different numerical results due to floating-point round-off errors from different computation orders. To turn them off, set the environment variable `TF_ENABLE_ONEDNN_OPTS=0`.
[36m(ActorGroup(rank=1) pid=4057616)[0m Gym has been unmaintained since 2022 and does not support NumPy 2.0 amongst other critical functionality.
[36m(ActorGroup(rank=1) pid=4057616)[0m Please upgrade to Gymnasium, the maintained drop-in replacement of Gym, or contact the authors of your software and request that they upgrade.
[36m(ActorGroup(rank=1) pid=4057616)[0m Users of this version of Gym should be able to simply replace 'import gym' with 'import gymnasium as gym' in the vast majority of cases.
[36m(ActorGroup(rank=1) pid=4057616)[0m See the migration guide at https://gymnasium.farama.org/introduction/migration_guide/ for additional information.
[36m(ActorGroup(rank=0) pid=4057615)[0m Gym has been unmaintained since 2022 and does not support NumPy 2.0 amongst other critical functionality.
[36m(ActorGroup(rank=0) pid=4057615)[0m Please upgrade to Gymnasium, the maintained drop-in replacement of Gym, or contact the authors of your software and request that they upgrade.
[36m(ActorGroup(rank=0) pid=4057615)[0m Users of this version of Gym should be able to simply replace 'import gym' with 'import gymnasium as gym' in the vast majority of cases.
[36m(ActorGroup(rank=0) pid=4057615)[0m See the migration guide at https://gymnasium.farama.org/introduction/migration_guide/ for additional information.
[36m(ActorGroup(rank=3) pid=4057619)[0m Gym has been unmaintained since 2022 and does not support NumPy 2.0 amongst other critical functionality.
[36m(ActorGroup(rank=3) pid=4057619)[0m Please upgrade to Gymnasium, the maintained drop-in replacement of Gym, or contact the authors of your software and request that they upgrade.
[36m(ActorGroup(rank=3) pid=4057619)[0m Users of this version of Gym should be able to simply replace 'import gym' with 'import gymnasium as gym' in the vast majority of cases.
[36m(ActorGroup(rank=3) pid=4057619)[0m See the migration guide at https://gymnasium.farama.org/introduction/migration_guide/ for additional information.
[36m(ActorGroup(rank=2) pid=4057617)[0m Gym has been unmaintained since 2022 and does not support NumPy 2.0 amongst other critical functionality.
[36m(ActorGroup(rank=2) pid=4057617)[0m Please upgrade to Gymnasium, the maintained drop-in replacement of Gym, or contact the authors of your software and request that they upgrade.
[36m(ActorGroup(rank=2) pid=4057617)[0m Users of this version of Gym should be able to simply replace 'import gym' with 'import gymnasium as gym' in the vast majority of cases.
[36m(ActorGroup(rank=2) pid=4057617)[0m See the migration guide at https://gymnasium.farama.org/introduction/migration_guide/ for additional information.
[36m(ActorGroup(rank=1) pid=4057616)[0m /home/bowen/.local/share/uv/python/cpython-3.11.14-linux-x86_64-gnu/lib/python3.11/inspect.py:298: FutureWarning: `torch.distributed.reduce_op` is deprecated, please use `torch.distributed.ReduceOp` instead
[36m(ActorGroup(rank=1) pid=4057616)[0m   return isinstance(object, type)
[36m(ActorGroup(rank=0) pid=4057615)[0m /home/bowen/.local/share/uv/python/cpython-3.11.14-linux-x86_64-gnu/lib/python3.11/inspect.py:298: FutureWarning: `torch.distributed.reduce_op` is deprecated, please use `torch.distributed.ReduceOp` instead
[36m(ActorGroup(rank=0) pid=4057615)[0m   return isinstance(object, type)
[36m(ActorGroup(rank=3) pid=4057619)[0m /home/bowen/.local/share/uv/python/cpython-3.11.14-linux-x86_64-gnu/lib/python3.11/inspect.py:298: FutureWarning: `torch.distributed.reduce_op` is deprecated, please use `torch.distributed.ReduceOp` instead
[36m(ActorGroup(rank=3) pid=4057619)[0m   return isinstance(object, type)
[36m(ActorGroup(rank=2) pid=4057617)[0m /home/bowen/.local/share/uv/python/cpython-3.11.14-linux-x86_64-gnu/lib/python3.11/inspect.py:298: FutureWarning: `torch.distributed.reduce_op` is deprecated, please use `torch.distributed.ReduceOp` instead
[36m(ActorGroup(rank=2) pid=4057617)[0m   return isinstance(object, type)
[36m(ActorGroup(rank=1) pid=4057616)[0m The tokenizer you are loading from '/data1/gaobowen/tianze/model/Wan2.2-TI2V-5B/google/umt5-xxl' with an incorrect regex pattern: https://huggingface.co/mistralai/Mistral-Small-3.1-24B-Instruct-2503/discussions/84#69121093e8b480e709447d5e. This will lead to incorrect tokenization. You should set the `fix_mistral_regex=True` flag when loading this tokenizer to fix this issue.
[36m(ActorGroup(rank=0) pid=4057615)[0m The tokenizer you are loading from '/data1/gaobowen/tianze/model/Wan2.2-TI2V-5B/google/umt5-xxl' with an incorrect regex pattern: https://huggingface.co/mistralai/Mistral-Small-3.1-24B-Instruct-2503/discussions/84#69121093e8b480e709447d5e. This will lead to incorrect tokenization. You should set the `fix_mistral_regex=True` flag when loading this tokenizer to fix this issue.
[36m(ActorGroup(rank=2) pid=4057617)[0m The tokenizer you are loading from '/data1/gaobowen/tianze/model/Wan2.2-TI2V-5B/google/umt5-xxl' with an incorrect regex pattern: https://huggingface.co/mistralai/Mistral-Small-3.1-24B-Instruct-2503/discussions/84#69121093e8b480e709447d5e. This will lead to incorrect tokenization. You should set the `fix_mistral_regex=True` flag when loading this tokenizer to fix this issue.
[36m(ActorGroup(rank=3) pid=4057619)[0m The tokenizer you are loading from '/data1/gaobowen/tianze/model/Wan2.2-TI2V-5B/google/umt5-xxl' with an incorrect regex pattern: https://huggingface.co/mistralai/Mistral-Small-3.1-24B-Instruct-2503/discussions/84#69121093e8b480e709447d5e. This will lead to incorrect tokenization. You should set the `fix_mistral_regex=True` flag when loading this tokenizer to fix this issue.

[36m(RolloutGroup(rank=2) pid=4057637)[0m [INFO 14:04:52 RolloutGroup-Rank-2][__init__.py:80] [DreamZero load 134.5s] deferred action_head LoRA injected
[36m(RolloutGroup(rank=2) pid=4057637)[0m [INFO 14:04:52 RolloutGroup-Rank-2][__init__.py:80] [DreamZero load 134.6s] scalar parameters promoted
[36m(RolloutGroup(rank=3) pid=4057642)[0m [INFO 14:04:56 RolloutGroup-Rank-3][__init__.py:80] [DreamZero load 138.7s] model dtype/device conversion finished
[36m(RolloutGroup(rank=0) pid=4057629)[0m [INFO 14:04:57 RolloutGroup-Rank-0][__init__.py:80] [DreamZero load 139.9s] model dtype/device conversion finished
[36m(RolloutGroup(rank=1) pid=4057636)[0m [INFO 14:04:57 RolloutGroup-Rank-1][__init__.py:80] [DreamZero load 140.2s] model dtype/device conversion finished
[36m(RolloutGroup(rank=2) pid=4057637)[0m [INFO 14:04:58 RolloutGroup-Rank-2][__init__.py:80] [DreamZero load 140.8s] model dtype/device conversion finished
[36m(RolloutGroup(rank=3) pid=4057642)[0m [INFO 14:05:00 RolloutGroup-Rank-3][huggingface_worker.py:155] Rollout worker initialized with dst_ranks: {'train': [(3, 8)]}
[36m(RolloutGroup(rank=3) pid=4057642)[0m [INFO 14:05:00 RolloutGroup-Rank-3][huggingface_worker.py:156] Rollout worker initialized with src_ranks: {'train': [(3, 8)]}
[36m(RolloutGroup(rank=0) pid=4057629)[0m [INFO 14:05:01 RolloutGroup-Rank-0][huggingface_worker.py:155] Rollout worker initialized with dst_ranks: {'train': [(0, 8)]}
[36m(RolloutGroup(rank=0) pid=4057629)[0m [INFO 14:05:01 RolloutGroup-Rank-0][huggingface_worker.py:156] Rollout worker initialized with src_ranks: {'train': [(0, 8)]}
[36m(RolloutGroup(rank=1) pid=4057636)[0m [INFO 14:05:01 RolloutGroup-Rank-1][huggingface_worker.py:155] Rollout worker initialized with dst_ranks: {'train': [(1, 8)]}
[36m(RolloutGroup(rank=1) pid=4057636)[0m [INFO 14:05:01 RolloutGroup-Rank-1][huggingface_worker.py:156] Rollout worker initialized with src_ranks: {'train': [(1, 8)]}
[36m(ActorGroup(rank=1) pid=4057616)[0m [INFO 14:05:03 ActorGroup-Rank-1][__init__.py:80] [DreamZero load 0.0s] start model_path=/data1/gaobowen/tianze/runtime_models/20260713-140153-collocated-dreamzero_libero_collocated_ppo/DreamZero-LIBERO-runtime lora= dtype=torch.bfloat16
[36m(ActorGroup(rank=1) pid=4057616)[0m [INFO 14:05:03 ActorGroup-Rank-1][__init__.py:80] [DreamZero load 0.0s] disable torch.compile wrappers
[36m(ActorGroup(rank=0) pid=4057615)[0m [INFO 14:05:03 ActorGroup-Rank-0][__init__.py:80] [DreamZero load 0.0s] start model_path=/data1/gaobowen/tianze/runtime_models/20260713-140153-collocated-dreamzero_libero_collocated_ppo/DreamZero-LIBERO-runtime lora= dtype=torch.bfloat16
[36m(ActorGroup(rank=0) pid=4057615)[0m [INFO 14:05:03 ActorGroup-Rank-0][__init__.py:80] [DreamZero load 0.0s] disable torch.compile wrappers
[36m(ActorGroup(rank=2) pid=4057617)[0m [INFO 14:05:03 ActorGroup-Rank-2][__init__.py:80] [DreamZero load 0.0s] start model_path=/data1/gaobowen/tianze/runtime_models/20260713-140153-collocated-dreamzero_libero_collocated_ppo/DreamZero-LIBERO-runtime lora= dtype=torch.bfloat16
[36m(ActorGroup(rank=2) pid=4057617)[0m [INFO 14:05:03 ActorGroup-Rank-2][__init__.py:80] [DreamZero load 0.0s] disable torch.compile wrappers
[36m(ActorGroup(rank=3) pid=4057619)[0m [INFO 14:05:03 ActorGroup-Rank-3][__init__.py:80] [DreamZero load 0.0s] start model_path=/data1/gaobowen/tianze/runtime_models/20260713-140153-collocated-dreamzero_libero_collocated_ppo/DreamZero-LIBERO-runtime lora= dtype=torch.bfloat16
[36m(ActorGroup(rank=3) pid=4057619)[0m [INFO 14:05:03 ActorGroup-Rank-3][__init__.py:80] [DreamZero load 0.0s] disable torch.compile wrappers
[36m(RolloutGroup(rank=2) pid=4057637)[0m [INFO 14:05:03 RolloutGroup-Rank-2][huggingface_worker.py:155] Rollout worker initialized with dst_ranks: {'train': [(2, 8)]}
[36m(RolloutGroup(rank=2) pid=4057637)[0m [INFO 14:05:03 RolloutGroup-Rank-2][huggingface_worker.py:156] Rollout worker initialized with src_ranks: {'train': [(2, 8)]}
[36m(ActorGroup(rank=1) pid=4057616)[0m [INFO 14:05:08 ActorGroup-Rank-1][__init__.py:80] [DreamZero load 5.3s] patches applied
[36m(ActorGroup(rank=1) pid=4057616)[0m [INFO 14:05:08 ActorGroup-Rank-1][__init__.py:80] [DreamZero load 5.3s] config loaded
[36m(ActorGroup(rank=0) pid=4057615)[0m [INFO 14:05:08 ActorGroup-Rank-0][__init__.py:80] [DreamZero load 5.4s] patches applied
[36m(ActorGroup(rank=0) pid=4057615)[0m [INFO 14:05:08 ActorGroup-Rank-0][__init__.py:80] [DreamZero load 5.4s] config loaded
[36m(ActorGroup(rank=2) pid=4057617)[0m [INFO 14:05:08 ActorGroup-Rank-2][__init__.py:80] [DreamZero load 5.4s] patches applied
[36m(ActorGroup(rank=2) pid=4057617)[0m [INFO 14:05:08 ActorGroup-Rank-2][__init__.py:80] [DreamZero load 5.4s] config loaded
[36m(ActorGroup(rank=3) pid=4057619)[0m [INFO 14:05:08 ActorGroup-Rank-3][__init__.py:80] [DreamZero load 5.5s] patches applied
[36m(ActorGroup(rank=3) pid=4057619)[0m [INFO 14:05:08 ActorGroup-Rank-3][__init__.py:80] [DreamZero load 5.5s] config loaded
[36m(ActorGroup(rank=1) pid=4057616)[0m [INFO 14:05:09 ActorGroup-Rank-1][__init__.py:80] [DreamZero load 6.4s] metadata/transforms ready for embodiment_tag=libero_sim
[36m(ActorGroup(rank=0) pid=4057615)[0m [INFO 14:05:09 ActorGroup-Rank-0][__init__.py:80] [DreamZero load 6.4s] metadata/transforms ready for embodiment_tag=libero_sim
[36m(ActorGroup(rank=2) pid=4057617)[0m [INFO 14:05:09 ActorGroup-Rank-2][__init__.py:80] [DreamZero load 6.5s] metadata/transforms ready for embodiment_tag=libero_sim
[36m(ActorGroup(rank=3) pid=4057619)[0m [INFO 14:05:09 ActorGroup-Rank-3][__init__.py:80] [DreamZero load 6.6s] metadata/transforms ready for embodiment_tag=libero_sim
[36m(ActorGroup(rank=0) pid=4057615)[0m Skipping individual component loading (loading from full pretrained model)
[36m(ActorGroup(rank=0) pid=4057615)[0m defer_lora_injection@@ True
[36m(ActorGroup(rank=0) pid=4057615)[0m Tune action head projector: True
[36m(ActorGroup(rank=0) pid=4057615)[0m Tune action head diffusion model: True
[36m(ActorGroup(rank=0) pid=4057615)[0m Deferring LoRA injection until after pretrained weights are loaded
[36m(ActorGroup(rank=0) pid=4057615)[0m [INFO 14:07:05 ActorGroup-Rank-0][__init__.py:80] [DreamZero load 122.0s] DreamZeroPolicy constructed
[36m(ActorGroup(rank=0) pid=4057615)[0m [INFO 14:07:05 ActorGroup-Rank-0][__init__.py:80] [DreamZero load 122.0s] loading 6 safetensors shards
[36m(ActorGroup(rank=0) pid=4057615)[0m [INFO 14:07:05 ActorGroup-Rank-0][__init__.py:80] [DreamZero load 122.0s] loading shard 1/6: model-00001-of-00006.safetensors
[36m(ActorGroup(rank=0) pid=4057615)[0m [INFO 14:07:05 ActorGroup-Rank-0][__init__.py:80] [DreamZero load 122.0s] loading shard 2/6: model-00002-of-00006.safetensors
[36m(ActorGroup(rank=0) pid=4057615)[0m [INFO 14:07:05 ActorGroup-Rank-0][__init__.py:80] [DreamZero load 122.0s] loading shard 3/6: model-00003-of-00006.safetensors
[36m(ActorGroup(rank=0) pid=4057615)[0m [INFO 14:07:05 ActorGroup-Rank-0][__init__.py:80] [DreamZero load 122.0s] loading shard 4/6: model-00004-of-00006.safetensors
[36m(ActorGroup(rank=0) pid=4057615)[0m [INFO 14:07:05 ActorGroup-Rank-0][__init__.py:80] [DreamZero load 122.0s] loading shard 5/6: model-00005-of-00006.safetensors
[36m(ActorGroup(rank=0) pid=4057615)[0m [INFO 14:07:05 ActorGroup-Rank-0][__init__.py:80] [DreamZero load 122.0s] loading shard 6/6: model-00006-of-00006.safetensors
[36m(ActorGroup(rank=0) pid=4057615)[0m [INFO 14:07:05 ActorGroup-Rank-0][__init__.py:80] [DreamZero load 122.0s] loaded state_dict with 1828 tensors
[36m(ActorGroup(rank=3) pid=4057619)[0m Skipping individual component loading (loading from full pretrained model)
[36m(ActorGroup(rank=3) pid=4057619)[0m defer_lora_injection@@ True
[36m(ActorGroup(rank=3) pid=4057619)[0m Tune action head projector: True
[36m(ActorGroup(rank=3) pid=4057619)[0m Tune action head diffusion model: True
[36m(ActorGroup(rank=3) pid=4057619)[0m Deferring LoRA injection until after pretrained weights are loaded
[36m(ActorGroup(rank=3) pid=4057619)[0m [INFO 14:07:06 ActorGroup-Rank-3][__init__.py:80] [DreamZero load 123.0s] DreamZeroPolicy constructed
[36m(ActorGroup(rank=3) pid=4057619)[0m [INFO 14:07:06 ActorGroup-Rank-3][__init__.py:80] [DreamZero load 123.0s] loading 6 safetensors shards
[36m(ActorGroup(rank=3) pid=4057619)[0m [INFO 14:07:06 ActorGroup-Rank-3][__init__.py:80] [DreamZero load 123.0s] loading shard 1/6: model-00001-of-00006.safetensors
[36m(ActorGroup(rank=3) pid=4057619)[0m [INFO 14:07:06 ActorGroup-Rank-3][__init__.py:80] [DreamZero load 123.0s] loading shard 2/6: model-00002-of-00006.safetensors
[36m(ActorGroup(rank=3) pid=4057619)[0m [INFO 14:07:06 ActorGroup-Rank-3][__init__.py:80] [DreamZero load 123.0s] loading shard 3/6: model-00003-of-00006.safetensors
[36m(ActorGroup(rank=3) pid=4057619)[0m [INFO 14:07:06 ActorGroup-Rank-3][__init__.py:80] [DreamZero load 123.0s] loading shard 4/6: model-00004-of-00006.safetensors
[36m(ActorGroup(rank=3) pid=4057619)[0m [INFO 14:07:06 ActorGroup-Rank-3][__init__.py:80] [DreamZero load 123.0s] loading shard 5/6: model-00005-of-00006.safetensors
[36m(ActorGroup(rank=3) pid=4057619)[0m [INFO 14:07:06 ActorGroup-Rank-3][__init__.py:80] [DreamZero load 123.0s] loading shard 6/6: model-00006-of-00006.safetensors
[36m(ActorGroup(rank=3) pid=4057619)[0m [INFO 14:07:06 ActorGroup-Rank-3][__init__.py:80] [DreamZero load 123.0s] loaded state_dict with 1828 tensors
[36m(ActorGroup(rank=1) pid=4057616)[0m Skipping individual component loading (loading from full pretrained model)
[36m(ActorGroup(rank=1) pid=4057616)[0m defer_lora_injection@@ True
[36m(ActorGroup(rank=1) pid=4057616)[0m Tune action head projector: True
[36m(ActorGroup(rank=1) pid=4057616)[0m Tune action head diffusion model: True
[36m(ActorGroup(rank=1) pid=4057616)[0m Deferring LoRA injection until after pretrained weights are loaded
[36m(ActorGroup(rank=1) pid=4057616)[0m [INFO 14:07:06 ActorGroup-Rank-1][__init__.py:80] [DreamZero load 123.1s] DreamZeroPolicy constructed
[36m(ActorGroup(rank=1) pid=4057616)[0m [INFO 14:07:06 ActorGroup-Rank-1][__init__.py:80] [DreamZero load 123.1s] loading 6 safetensors shards
[36m(ActorGroup(rank=1) pid=4057616)[0m [INFO 14:07:06 ActorGroup-Rank-1][__init__.py:80] [DreamZero load 123.1s] loading shard 1/6: model-00001-of-00006.safetensors
[36m(ActorGroup(rank=1) pid=4057616)[0m [INFO 14:07:06 ActorGroup-Rank-1][__init__.py:80] [DreamZero load 123.1s] loading shard 2/6: model-00002-of-00006.safetensors
[36m(ActorGroup(rank=1) pid=4057616)[0m [INFO 14:07:06 ActorGroup-Rank-1][__init__.py:80] [DreamZero load 123.1s] loading shard 3/6: model-00003-of-00006.safetensors
[36m(ActorGroup(rank=1) pid=4057616)[0m [INFO 14:07:06 ActorGroup-Rank-1][__init__.py:80] [DreamZero load 123.1s] loading shard 4/6: model-00004-of-00006.safetensors
[36m(ActorGroup(rank=1) pid=4057616)[0m [INFO 14:07:06 ActorGroup-Rank-1][__init__.py:80] [DreamZero load 123.1s] loading shard 5/6: model-00005-of-00006.safetensors
[36m(ActorGroup(rank=1) pid=4057616)[0m [INFO 14:07:06 ActorGroup-Rank-1][__init__.py:80] [DreamZero load 123.1s] loading shard 6/6: model-00006-of-00006.safetensors
[36m(ActorGroup(rank=1) pid=4057616)[0m [INFO 14:07:06 ActorGroup-Rank-1][__init__.py:80] [DreamZero load 123.1s] loaded state_dict with 1828 tensors
[36m(ActorGroup(rank=0) pid=4057615)[0m [INFO 14:07:06 ActorGroup-Rank-0][__init__.py:80] [DreamZero load 123.5s] load_state_dict finished missing=6 unexpected=0
[36m(ActorGroup(rank=0) pid=4057615)[0m Injecting LoRA after loading pretrained weights
[36m(ActorGroup(rank=2) pid=4057617)[0m Skipping individual component loading (loading from full pretrained model)
[36m(ActorGroup(rank=2) pid=4057617)[0m defer_lora_injection@@ True
[36m(ActorGroup(rank=2) pid=4057617)[0m Tune action head projector: True
[36m(ActorGroup(rank=2) pid=4057617)[0m Tune action head diffusion model: True
[36m(ActorGroup(rank=2) pid=4057617)[0m Deferring LoRA injection until after pretrained weights are loaded
[36m(ActorGroup(rank=2) pid=4057617)[0m [INFO 14:07:07 ActorGroup-Rank-2][__init__.py:80] [DreamZero load 124.1s] DreamZeroPolicy constructed
[36m(ActorGroup(rank=2) pid=4057617)[0m [INFO 14:07:07 ActorGroup-Rank-2][__init__.py:80] [DreamZero load 124.1s] loading 6 safetensors shards
[36m(ActorGroup(rank=2) pid=4057617)[0m [INFO 14:07:07 ActorGroup-Rank-2][__init__.py:80] [DreamZero load 124.1s] loading shard 1/6: model-00001-of-00006.safetensors
[36m(ActorGroup(rank=2) pid=4057617)[0m [INFO 14:07:07 ActorGroup-Rank-2][__init__.py:80] [DreamZero load 124.1s] loading shard 2/6: model-00002-of-00006.safetensors
[36m(ActorGroup(rank=2) pid=4057617)[0m [INFO 14:07:07 ActorGroup-Rank-2][__init__.py:80] [DreamZero load 124.1s] loading shard 3/6: model-00003-of-00006.safetensors
[36m(ActorGroup(rank=2) pid=4057617)[0m [INFO 14:07:07 ActorGroup-Rank-2][__init__.py:80] [DreamZero load 124.1s] loading shard 4/6: model-00004-of-00006.safetensors
[36m(ActorGroup(rank=2) pid=4057617)[0m [INFO 14:07:07 ActorGroup-Rank-2][__init__.py:80] [DreamZero load 124.1s] loading shard 5/6: model-00005-of-00006.safetensors
[36m(ActorGroup(rank=2) pid=4057617)[0m [INFO 14:07:07 ActorGroup-Rank-2][__init__.py:80] [DreamZero load 124.1s] loading shard 6/6: model-00006-of-00006.safetensors
[36m(ActorGroup(rank=2) pid=4057617)[0m [INFO 14:07:07 ActorGroup-Rank-2][__init__.py:80] [DreamZero load 124.1s] loaded state_dict with 1828 tensors
[36m(ActorGroup(rank=3) pid=4057619)[0m [INFO 14:07:08 ActorGroup-Rank-3][__init__.py:80] [DreamZero load 124.8s] load_state_dict finished missing=6 unexpected=0
[36m(ActorGroup(rank=3) pid=4057619)[0m Injecting LoRA after loading pretrained weights
[36m(ActorGroup(rank=1) pid=4057616)[0m [INFO 14:07:08 ActorGroup-Rank-1][__init__.py:80] [DreamZero load 125.0s] load_state_dict finished missing=6 unexpected=0
[36m(ActorGroup(rank=1) pid=4057616)[0m Injecting LoRA after loading pretrained weights
[36m(ActorGroup(rank=2) pid=4057617)[0m [INFO 14:07:09 ActorGroup-Rank-2][__init__.py:80] [DreamZero load 125.8s] load_state_dict finished missing=6 unexpected=0
[36m(ActorGroup(rank=2) pid=4057617)[0m Injecting LoRA after loading pretrained weights
[36m(ActorGroup(rank=0) pid=4057615)[0m Total parameters in diffusion model: 5,616,768,992
[36m(ActorGroup(rank=0) pid=4057615)[0m Trainable parameters in diffusion model: 44,890,144
[36m(ActorGroup(rank=0) pid=4057615)[0m [INFO 14:07:14 ActorGroup-Rank-0][__init__.py:80] [DreamZero load 131.2s] deferred action_head LoRA injected
[36m(ActorGroup(rank=0) pid=4057615)[0m [INFO 14:07:14 ActorGroup-Rank-0][__init__.py:80] [DreamZero load 131.3s] scalar parameters promoted
[36m(ActorGroup(rank=3) pid=4057619)[0m Total parameters in diffusion model: 5,616,768,992
[36m(ActorGroup(rank=3) pid=4057619)[0m Trainable parameters in diffusion model: 44,890,144
[36m(ActorGroup(rank=3) pid=4057619)[0m [INFO 14:07:16 ActorGroup-Rank-3][__init__.py:80] [DreamZero load 132.9s] deferred action_head LoRA injected
[36m(ActorGroup(rank=3) pid=4057619)[0m [INFO 14:07:16 ActorGroup-Rank-3][__init__.py:80] [DreamZero load 132.9s] scalar parameters promoted
[36m(ActorGroup(rank=1) pid=4057616)[0m Total parameters in diffusion model: 5,616,768,992
[36m(ActorGroup(rank=1) pid=4057616)[0m Trainable parameters in diffusion model: 44,890,144
[36m(ActorGroup(rank=1) pid=4057616)[0m [INFO 14:07:16 ActorGroup-Rank-1][__init__.py:80] [DreamZero load 133.2s] deferred action_head LoRA injected
[36m(ActorGroup(rank=1) pid=4057616)[0m [INFO 14:07:16 ActorGroup-Rank-1][__init__.py:80] [DreamZero load 133.2s] scalar parameters promoted
[36m(ActorGroup(rank=2) pid=4057617)[0m Total parameters in diffusion model: 5,616,768,992
[36m(ActorGroup(rank=2) pid=4057617)[0m Trainable parameters in diffusion model: 44,890,144
[36m(ActorGroup(rank=2) pid=4057617)[0m [INFO 14:07:17 ActorGroup-Rank-2][__init__.py:80] [DreamZero load 134.0s] deferred action_head LoRA injected
[36m(ActorGroup(rank=2) pid=4057617)[0m [INFO 14:07:17 ActorGroup-Rank-2][__init__.py:80] [DreamZero load 134.0s] scalar parameters promoted
[36m(ActorGroup(rank=0) pid=4057615)[0m [INFO 14:07:19 ActorGroup-Rank-0][__init__.py:80] [DreamZero load 136.7s] model dtype/device conversion finished[36m(RolloutGroup(rank=0) pid=4057629)[0m Generating Rollout Epochs:   0%|          | 0/1 [00:00<?, ?it/s]

[36m(ActorGroup(rank=3) pid=4057619)[0m [INFO 14:07:22 ActorGroup-Rank-3][__init__.py:80] [DreamZero load 139.1s] model dtype/device conversion finished
[36m(ActorGroup(rank=1) pid=4057616)[0m [INFO 14:07:22 ActorGroup-Rank-1][__init__.py:80] [DreamZero load 139.5s] model dtype/device conversion finished
[36m(ActorGroup(rank=2) pid=4057617)[0m [INFO 14:07:23 ActorGroup-Rank-2][__init__.py:80] [DreamZero load 140.3s] model dtype/device conversion finished
[36m(ActorGroup(rank=0) pid=4057615)[0m [INFO 14:07:23 ActorGroup-Rank-0][fsdp_model_manager.py:273] [FSDP] Gradient checkpointing is disabled
[36m(ActorGroup(rank=1) pid=4057616)[0m [INFO 14:07:27 ActorGroup-Rank-1][fsdp_model_manager.py:273] [FSDP] Gradient checkpointing is disabled
[36m(ActorGroup(rank=3) pid=4057619)[0m [INFO 14:07:27 ActorGroup-Rank-3][fsdp_model_manager.py:273] [FSDP] Gradient checkpointing is disabled
[36m(ActorGroup(rank=2) pid=4057617)[0m [INFO 14:07:27 ActorGroup-Rank-2][fsdp_model_manager.py:273] [FSDP] Gradient checkpointing is disabled
[36m(ActorGroup(rank=1) pid=4057616)[0m [INFO 14:07:29 ActorGroup-Rank-1][fsdp_actor_worker.py:1351] sync_model_to_rollout: collecting rollout state_dict
[36m(ActorGroup(rank=0) pid=4057615)[0m [INFO 14:07:29 ActorGroup-Rank-0][fsdp_actor_worker.py:1351] sync_model_to_rollout: collecting rollout state_dict
[36m(ActorGroup(rank=2) pid=4057617)[0m [INFO 14:07:29 ActorGroup-Rank-2][fsdp_actor_worker.py:1351] sync_model_to_rollout: collecting rollout state_dict
[36m(ActorGroup(rank=3) pid=4057619)[0m [INFO 14:07:29 ActorGroup-Rank-3][fsdp_actor_worker.py:1351] sync_model_to_rollout: collecting rollout state_dict
[36m(ActorGroup(rank=1) pid=4057616)[0m [INFO 14:07:30 ActorGroup-Rank-1][fsdp_actor_worker.py:1360] sync_model_to_rollout: state_dict_keys=614 sync_names=614 version=0
[36m(ActorGroup(rank=1) pid=4057616)[0m [INFO 14:07:30 ActorGroup-Rank-1][fsdp_actor_worker.py:1405] sync_model_to_rollout: initializing weight sync sender
[36m(ActorGroup(rank=0) pid=4057615)[0m [INFO 14:07:30 ActorGroup-Rank-0][fsdp_actor_worker.py:1360] sync_model_to_rollout: state_dict_keys=614 sync_names=614 version=0
[36m(ActorGroup(rank=0) pid=4057615)[0m [INFO 14:07:30 ActorGroup-Rank-0][fsdp_actor_worker.py:1405] sync_model_to_rollout: initializing weight sync sender
[36m(ActorGroup(rank=2) pid=4057617)[0m [INFO 14:07:30 ActorGroup-Rank-2][fsdp_actor_worker.py:1360] sync_model_to_rollout: state_dict_keys=614 sync_names=614 version=0
[36m(ActorGroup(rank=2) pid=4057617)[0m [INFO 14:07:30 ActorGroup-Rank-2][fsdp_actor_worker.py:1405] sync_model_to_rollout: initializing weight sync sender
[36m(ActorGroup(rank=3) pid=4057619)[0m [INFO 14:07:30 ActorGroup-Rank-3][fsdp_actor_worker.py:1360] sync_model_to_rollout: state_dict_keys=614 sync_names=614 version=0
[36m(ActorGroup(rank=3) pid=4057619)[0m [INFO 14:07:30 ActorGroup-Rank-3][fsdp_actor_worker.py:1405] sync_model_to_rollout: initializing weight sync sender
[36m(ActorGroup(rank=1) pid=4057616)[0m [INFO 14:07:32 ActorGroup-Rank-1][fsdp_actor_worker.py:1412] sync_model_to_rollout: weight sync sender initialized
[36m(ActorGroup(rank=1) pid=4057616)[0m [INFO 14:07:32 ActorGroup-Rank-1][fsdp_actor_worker.py:1414] sync_model_to_rollout: syncing weights
[36m(ActorGroup(rank=0) pid=4057615)[0m [INFO 14:07:32 ActorGroup-Rank-0][fsdp_actor_worker.py:1412] sync_model_to_rollout: weight sync sender initialized
[36m(ActorGroup(rank=0) pid=4057615)[0m [INFO 14:07:32 ActorGroup-Rank-0][fsdp_actor_worker.py:1414] sync_model_to_rollout: syncing weights
[36m(ActorGroup(rank=2) pid=4057617)[0m [INFO 14:07:32 ActorGroup-Rank-2][fsdp_actor_worker.py:1412] sync_model_to_rollout: weight sync sender initialized
[36m(ActorGroup(rank=2) pid=4057617)[0m [INFO 14:07:32 ActorGroup-Rank-2][fsdp_actor_worker.py:1414] sync_model_to_rollout: syncing weights
[36m(ActorGroup(rank=3) pid=4057619)[0m [INFO 14:07:32 ActorGroup-Rank-3][fsdp_actor_worker.py:1412] sync_model_to_rollout: weight sync sender initialized
[36m(ActorGroup(rank=3) pid=4057619)[0m [INFO 14:07:32 ActorGroup-Rank-3][fsdp_actor_worker.py:1414] sync_model_to_rollout: syncing weights
[36m(ActorGroup(rank=1) pid=4057616)[0m [INFO 14:07:32 ActorGroup-Rank-1][fsdp_actor_worker.py:1416] sync_model_to_rollout: weights synced
[36m(ActorGroup(rank=0) pid=4057615)[0m [INFO 14:07:32 ActorGroup-Rank-0][fsdp_actor_worker.py:1416] sync_model_to_rollout: weights synced
[36m(ActorGroup(rank=2) pid=4057617)[0m [INFO 14:07:32 ActorGroup-Rank-2][fsdp_actor_worker.py:1416] sync_model_to_rollout: weights synced
[36m(ActorGroup(rank=3) pid=4057619)[0m [INFO 14:07:32 ActorGroup-Rank-3][fsdp_actor_worker.py:1416] sync_model_to_rollout: weights synced
[36m(RolloutGroup(rank=2) pid=4057637)[0m language is None, reset current_start_frame to 0
[36m(RolloutGroup(rank=2) pid=4057637)[0m videos shape torch.Size([8, 3, 4, 160, 320]) 33
[36m(RolloutGroup(rank=0) pid=4057629)[0m language is None, reset current_start_frame to 0
[36m(RolloutGroup(rank=0) pid=4057629)[0m videos shape torch.Size([8, 3, 4, 160, 320]) 33
[36m(RolloutGroup(rank=1) pid=4057636)[0m language is None, reset current_start_frame to 0
[36m(RolloutGroup(rank=1) pid=4057636)[0m videos shape torch.Size([8, 3, 4, 160, 320]) 33
[36m(RolloutGroup(rank=3) pid=4057642)[0m language is None, reset current_start_frame to 0
[36m(RolloutGroup(rank=3) pid=4057642)[0m videos shape torch.Size([8, 3, 4, 160, 320]) 33
[36m(RolloutGroup(rank=2) pid=4057637)[0m Time taken: Total 2.87 seconds, Text Encoder 0.82 seconds, Image Encoder 0.64 seconds, VAE 0.00 seconds, KV Cache Creation 0.31 seconds, Diffusion 1.04 seconds, DIT Compute Steps 3 steps, Scheduler 0.05 seconds
[36m(RolloutGroup(rank=2) pid=4057637)[0m language is None, reset current_start_frame to 0
[36m(RolloutGroup(rank=2) pid=4057637)[0m videos shape torch.Size([8, 3, 4, 160, 320]) 33
[36m(RolloutGroup(rank=0) pid=4057629)[0m Time taken: Total 3.13 seconds, Text Encoder 1.03 seconds, Image Encoder 0.68 seconds, VAE 0.00 seconds, KV Cache Creation 0.33 seconds, Diffusion 1.03 seconds, DIT Compute Steps 3 steps, Scheduler 0.06 seconds
[36m(RolloutGroup(rank=0) pid=4057629)[0m language is None, reset current_start_frame to 0
[36m(RolloutGroup(rank=0) pid=4057629)[0m videos shape torch.Size([8, 3, 4, 160, 320]) 33
[36m(RolloutGroup(rank=1) pid=4057636)[0m Time taken: Total 2.97 seconds, Text Encoder 0.91 seconds, Image Encoder 0.65 seconds, VAE 0.00 seconds, KV Cache Creation 0.33 seconds, Diffusion 1.03 seconds, DIT Compute Steps 3 steps, Scheduler 0.05 seconds
[36m(RolloutGroup(rank=1) pid=4057636)[0m language is None, reset current_start_frame to 0
[36m(RolloutGroup(rank=1) pid=4057636)[0m videos shape torch.Size([8, 3, 4, 160, 320]) 33
[36m(RolloutGroup(rank=3) pid=4057642)[0m Time taken: Total 2.93 seconds, Text Encoder 0.86 seconds, Image Encoder 0.65 seconds, VAE 0.00 seconds, KV Cache Creation 0.32 seconds, Diffusion 1.04 seconds, DIT Compute Steps 3 steps, Scheduler 0.06 seconds
[36m(RolloutGroup(rank=3) pid=4057642)[0m language is None, reset current_start_frame to 0
[36m(RolloutGroup(rank=3) pid=4057642)[0m videos shape torch.Size([8, 3, 4, 160, 320]) 33
[36m(RolloutGroup(rank=2) pid=4057637)[0m Time taken: Total 2.47 seconds, Text Encoder 0.62 seconds, Image Encoder 0.54 seconds, VAE 0.00 seconds, KV Cache Creation 0.28 seconds, Diffusion 1.02 seconds, DIT Compute Steps 3 steps, Scheduler 0.01 seconds
[36m(RolloutGroup(rank=2) pid=4057637)[0m language is None, reset current_start_frame to 0
[36m(RolloutGroup(rank=2) pid=4057637)[0m videos shape torch.Size([8, 3, 4, 160, 320]) 33
[36m(RolloutGroup(rank=0) pid=4057629)[0m Time taken: Total 2.46 seconds, Text Encoder 0.62 seconds, Image Encoder 0.54 seconds, VAE 0.00 seconds, KV Cache Creation 0.28 seconds, Diffusion 1.01 seconds, DIT Compute Steps 3 steps, Scheduler 0.01 seconds
[36m(RolloutGroup(rank=0) pid=4057629)[0m language is None, reset current_start_frame to 0
[36m(RolloutGroup(rank=0) pid=4057629)[0m videos shape torch.Size([8, 3, 4, 160, 320]) 33
[36m(RolloutGroup(rank=1) pid=4057636)[0m Time taken: Total 2.47 seconds, Text Encoder 0.62 seconds, Image Encoder 0.54 seconds, VAE 0.00 seconds, KV Cache Creation 0.28 seconds, Diffusion 1.02 seconds, DIT Compute Steps 3 steps, Scheduler 0.01 seconds
[36m(RolloutGroup(rank=1) pid=4057636)[0m language is None, reset current_start_frame to 0
[36m(RolloutGroup(rank=1) pid=4057636)[0m videos shape torch.Size([8, 3, 4, 160, 320]) 33
[36m(RolloutGroup(rank=3) pid=4057642)[0m Time taken: Total 2.48 seconds, Text Encoder 0.62 seconds, Image Encoder 0.54 seconds, VAE 0.00 seconds, KV Cache Creation 0.28 seconds, Diffusion 1.02 seconds, DIT Compute Steps 3 steps, Scheduler 0.01 seconds
[36m(RolloutGroup(rank=3) pid=4057642)[0m language is None, reset current_start_frame to 0
[36m(RolloutGroup(rank=3) pid=4057642)[0m videos shape torch.Size([8, 3, 4, 160, 320]) 33
[36m(RolloutGroup(rank=2) pid=4057637)[0m Time taken: Total 2.47 seconds, Text Encoder 0.62 seconds, Image Encoder 0.54 seconds, VAE 0.00 seconds, KV Cache Creation 0.28 seconds, Diffusion 1.01 seconds, DIT Compute Steps 3 steps, Scheduler 0.01 seconds
[36m(RolloutGroup(rank=2) pid=4057637)[0m language is None, reset current_start_frame to 0
[36m(RolloutGroup(rank=2) pid=4057637)[0m videos shape torch.Size([8, 3, 4, 160, 320]) 33
[36m(RolloutGroup(rank=0) pid=4057629)[0m Time taken: Total 2.46 seconds, Text Encoder 0.62 seconds, Image Encoder 0.54 seconds, VAE 0.00 seconds, KV Cache Creation 0.28 seconds, Diffusion 1.01 seconds, DIT Compute Steps 3 steps, Scheduler 0.01 seconds
[36m(RolloutGroup(rank=0) pid=4057629)[0m language is None, reset current_start_frame to 0
[36m(RolloutGroup(rank=0) pid=4057629)[0m videos shape torch.Size([8, 3, 4, 160, 320]) 33
[36m(RolloutGroup(rank=1) pid=4057636)[0m Time taken: Total 2.46 seconds, Text Encoder 0.62 seconds, Image Encoder 0.54 seconds, VAE 0.00 seconds, KV Cache Creation 0.28 seconds, Diffusion 1.02 seconds, DIT Compute Steps 3 steps, Scheduler 0.01 seconds
[36m(RolloutGroup(rank=1) pid=4057636)[0m language is None, reset current_start_frame to 0
[36m(RolloutGroup(rank=1) pid=4057636)[0m videos shape torch.Size([8, 3, 4, 160, 320]) 33
[36m(RolloutGroup(rank=3) pid=4057642)[0m Time taken: Total 2.47 seconds, Text Encoder 0.62 seconds, Image Encoder 0.54 seconds, VAE 0.00 seconds, KV Cache Creation 0.28 seconds, Diffusion 1.02 seconds, DIT Compute Steps 3 steps, Scheduler 0.01 seconds
[36m(RolloutGroup(rank=3) pid=4057642)[0m language is None, reset current_start_frame to 0
[36m(RolloutGroup(rank=3) pid=4057642)[0m videos shape torch.Size([8, 3, 4, 160, 320]) 33
[36m(RolloutGroup(rank=2) pid=4057637)[0m Time taken: Total 2.47 seconds, Text Encoder 0.62 seconds, Image Encoder 0.54 seconds, VAE 0.00 seconds, KV Cache Creation 0.28 seconds, Diffusion 1.02 seconds, DIT Compute Steps 3 steps, Scheduler 0.01 seconds
[36m(RolloutGroup(rank=2) pid=4057637)[0m language is None, reset current_start_frame to 0
[36m(RolloutGroup(rank=2) pid=4057637)[0m videos shape torch.Size([8, 3, 4, 160, 320]) 33
[36m(RolloutGroup(rank=0) pid=4057629)[0m Time taken: Total 2.46 seconds, Text Encoder 0.62 seconds, Image Encoder 0.54 seconds, VAE 0.00 seconds, KV Cache Creation 0.28 seconds, Diffusion 1.01 seconds, DIT Compute Steps 3 steps, Scheduler 0.01 seconds
[36m(RolloutGroup(rank=0) pid=4057629)[0m language is None, reset current_start_frame to 0
[36m(RolloutGroup(rank=0) pid=4057629)[0m videos shape torch.Size([8, 3, 4, 160, 320]) 33
[36m(RolloutGroup(rank=1) pid=4057636)[0m Time taken: Total 2.46 seconds, Text Encoder 0.62 seconds, Image Encoder 0.54 seconds, VAE 0.00 seconds, KV Cache Creation 0.28 seconds, Diffusion 1.02 seconds, DIT Compute Steps 3 steps, Scheduler 0.01 seconds
[36m(RolloutGroup(rank=1) pid=4057636)[0m language is None, reset current_start_frame to 0
[36m(RolloutGroup(rank=1) pid=4057636)[0m videos shape torch.Size([8, 3, 4, 160, 320]) 33
[36m(RolloutGroup(rank=3) pid=4057642)[0m Time taken: Total 2.47 seconds, Text Encoder 0.62 seconds, Image Encoder 0.54 seconds, VAE 0.00 seconds, KV Cache Creation 0.28 seconds, Diffusion 1.02 seconds, DIT Compute Steps 3 steps, Scheduler 0.01 seconds
[36m(RolloutGroup(rank=3) pid=4057642)[0m language is None, reset current_start_frame to 0
[36m(RolloutGroup(rank=3) pid=4057642)[0m videos shape torch.Size([8, 3, 4, 160, 320]) 33
[36m(RolloutGroup(rank=2) pid=4057637)[0m Time taken: Total 2.47 seconds, Text Encoder 0.62 seconds, Image Encoder 0.54 seconds, VAE 0.00 seconds, KV Cache Creation 0.28 seconds, Diffusion 1.02 seconds, DIT Compute Steps 3 steps, Scheduler 0.01 seconds
[36m(RolloutGroup(rank=2) pid=4057637)[0m language is None, reset current_start_frame to 0
[36m(RolloutGroup(rank=2) pid=4057637)[0m videos shape torch.Size([8, 3, 4, 160, 320]) 33
[36m(RolloutGroup(rank=0) pid=4057629)[0m Time taken: Total 2.46 seconds, Text Encoder 0.62 seconds, Image Encoder 0.54 seconds, VAE 0.00 seconds, KV Cache Creation 0.28 seconds, Diffusion 1.01 seconds, DIT Compute Steps 3 steps, Scheduler 0.01 seconds
[36m(RolloutGroup(rank=0) pid=4057629)[0m language is None, reset current_start_frame to 0
[36m(RolloutGroup(rank=0) pid=4057629)[0m videos shape torch.Size([8, 3, 4, 160, 320]) 33
[36m(RolloutGroup(rank=1) pid=4057636)[0m Time taken: Total 2.46 seconds, Text Encoder 0.62 seconds, Image Encoder 0.54 seconds, VAE 0.00 seconds, KV Cache Creation 0.28 seconds, Diffusion 1.02 seconds, DIT Compute Steps 3 steps, Scheduler 0.01 seconds
[36m(RolloutGroup(rank=1) pid=4057636)[0m language is None, reset current_start_frame to 0
[36m(RolloutGroup(rank=1) pid=4057636)[0m videos shape torch.Size([8, 3, 4, 160, 320]) 33
[36m(RolloutGroup(rank=3) pid=4057642)[0m Time taken: Total 2.47 seconds, Text Encoder 0.62 seconds, Image Encoder 0.54 seconds, VAE 0.00 seconds, KV Cache Creation 0.28 seconds, Diffusion 1.02 seconds, DIT Compute Steps 3 steps, Scheduler 0.01 seconds
[36m(RolloutGroup(rank=3) pid=4057642)[0m language is None, reset current_start_frame to 0
[36m(RolloutGroup(rank=3) pid=4057642)[0m videos shape torch.Size([8, 3, 4, 160, 320]) 33
[36m(RolloutGroup(rank=2) pid=4057637)[0m Time taken: Total 2.52 seconds, Text Encoder 0.62 seconds, Image Encoder 0.54 seconds, VAE 0.00 seconds, KV Cache Creation 0.28 seconds, Diffusion 1.07 seconds, DIT Compute Steps 3 steps, Scheduler 0.01 seconds
[36m(RolloutGroup(rank=2) pid=4057637)[0m language is None, reset current_start_frame to 0
[36m(RolloutGroup(rank=2) pid=4057637)[0m videos shape torch.Size([8, 3, 4, 160, 320]) 33
[36m(RolloutGroup(rank=0) pid=4057629)[0m Time taken: Total 2.46 seconds, Text Encoder 0.62 seconds, Image Encoder 0.54 seconds, VAE 0.00 seconds, KV Cache Creation 0.28 seconds, Diffusion 1.01 seconds, DIT Compute Steps 3 steps, Scheduler 0.01 seconds
[36m(RolloutGroup(rank=0) pid=4057629)[0m language is None, reset current_start_frame to 0
[36m(RolloutGroup(rank=0) pid=4057629)[0m videos shape torch.Size([8, 3, 4, 160, 320]) 33
[36m(RolloutGroup(rank=1) pid=4057636)[0m Time taken: Total 2.46 seconds, Text Encoder 0.62 seconds, Image Encoder 0.54 seconds, VAE 0.00 seconds, KV Cache Creation 0.28 seconds, Diffusion 1.02 seconds, DIT Compute Steps 3 steps, Scheduler 0.01 seconds
[36m(RolloutGroup(rank=1) pid=4057636)[0m language is None, reset current_start_frame to 0
[36m(RolloutGroup(rank=1) pid=4057636)[0m videos shape torch.Size([8, 3, 4, 160, 320]) 33
[36m(RolloutGroup(rank=3) pid=4057642)[0m Time taken: Total 2.47 seconds, Text Encoder 0.62 seconds, Image Encoder 0.54 seconds, VAE 0.00 seconds, KV Cache Creation 0.28 seconds, Diffusion 1.02 seconds, DIT Compute Steps 3 steps, Scheduler 0.01 seconds
[36m(RolloutGroup(rank=3) pid=4057642)[0m language is None, reset current_start_frame to 0
[36m(RolloutGroup(rank=3) pid=4057642)[0m videos shape torch.Size([8, 3, 4, 160, 320]) 33
[36m(RolloutGroup(rank=2) pid=4057637)[0m Time taken: Total 2.46 seconds, Text Encoder 0.62 seconds, Image Encoder 0.54 seconds, VAE 0.00 seconds, KV Cache Creation 0.28 seconds, Diffusion 1.01 seconds, DIT Compute Steps 3 steps, Scheduler 0.01 seconds
[36m(RolloutGroup(rank=2) pid=4057637)[0m language is None, reset current_start_frame to 0
[36m(RolloutGroup(rank=2) pid=4057637)[0m videos shape torch.Size([8, 3, 4, 160, 320]) 33
[36m(RolloutGroup(rank=0) pid=4057629)[0m Time taken: Total 2.46 seconds, Text Encoder 0.62 seconds, Image Encoder 0.54 seconds, VAE 0.00 seconds, KV Cache Creation 0.28 seconds, Diffusion 1.01 seconds, DIT Compute Steps 3 steps, Scheduler 0.01 seconds
[36m(RolloutGroup(rank=0) pid=4057629)[0m language is None, reset current_start_frame to 0
[36m(RolloutGroup(rank=0) pid=4057629)[0m videos shape torch.Size([8, 3, 4, 160, 320]) 33
[36m(RolloutGroup(rank=1) pid=4057636)[0m Time taken: Total 2.46 seconds, Text Encoder 0.62 seconds, Image Encoder 0.54 seconds, VAE 0.00 seconds, KV Cache Creation 0.28 seconds, Diffusion 1.02 seconds, DIT Compute Steps 3 steps, Scheduler 0.01 seconds
[36m(RolloutGroup(rank=1) pid=4057636)[0m language is None, reset current_start_frame to 0
[36m(RolloutGroup(rank=1) pid=4057636)[0m videos shape torch.Size([8, 3, 4, 160, 320]) 33
[36m(RolloutGroup(rank=3) pid=4057642)[0m Time taken: Total 2.47 seconds, Text Encoder 0.62 seconds, Image Encoder 0.54 seconds, VAE 0.00 seconds, KV Cache Creation 0.28 seconds, Diffusion 1.02 seconds, DIT Compute Steps 3 steps, Scheduler 0.01 seconds
[36m(RolloutGroup(rank=3) pid=4057642)[0m language is None, reset current_start_frame to 0
[36m(RolloutGroup(rank=3) pid=4057642)[0m videos shape torch.Size([8, 3, 4, 160, 320]) 33
[36m(RolloutGroup(rank=2) pid=4057637)[0m Time taken: Total 2.46 seconds, Text Encoder 0.62 seconds, Image Encoder 0.54 seconds, VAE 0.00 seconds, KV Cache Creation 0.28 seconds, Diffusion 1.01 seconds, DIT Compute Steps 3 steps, Scheduler 0.01 seconds
[36m(RolloutGroup(rank=2) pid=4057637)[0m language is None, reset current_start_frame to 0
[36m(RolloutGroup(rank=2) pid=4057637)[0m videos shape torch.Size([8, 3, 4, 160, 320]) 33
[36m(RolloutGroup(rank=0) pid=4057629)[0m Time taken: Total 2.46 seconds, Text Encoder 0.62 seconds, Image Encoder 0.54 seconds, VAE 0.00 seconds, KV Cache Creation 0.28 seconds, Diffusion 1.01 seconds, DIT Compute Steps 3 steps, Scheduler 0.01 seconds
[36m(RolloutGroup(rank=0) pid=4057629)[0m language is None, reset current_start_frame to 0
[36m(RolloutGroup(rank=0) pid=4057629)[0m videos shape torch.Size([8, 3, 4, 160, 320]) 33
[36m(RolloutGroup(rank=1) pid=4057636)[0m Time taken: Total 2.46 seconds, Text Encoder 0.62 seconds, Image Encoder 0.54 seconds, VAE 0.00 seconds, KV Cache Creation 0.28 seconds, Diffusion 1.02 seconds, DIT Compute Steps 3 steps, Scheduler 0.01 seconds
[36m(RolloutGroup(rank=1) pid=4057636)[0m language is None, reset current_start_frame to 0
[36m(RolloutGroup(rank=1) pid=4057636)[0m videos shape torch.Size([8, 3, 4, 160, 320]) 33
[36m(RolloutGroup(rank=3) pid=4057642)[0m Time taken: Total 2.47 seconds, Text Encoder 0.62 seconds, Image Encoder 0.54 seconds, VAE 0.00 seconds, KV Cache Creation 0.28 seconds, Diffusion 1.02 seconds, DIT Compute Steps 3 steps, Scheduler 0.01 seconds
[36m(RolloutGroup(rank=3) pid=4057642)[0m language is None, reset current_start_frame to 0
[36m(RolloutGroup(rank=3) pid=4057642)[0m videos shape torch.Size([8, 3, 4, 160, 320]) 33
[36m(RolloutGroup(rank=2) pid=4057637)[0m Time taken: Total 2.47 seconds, Text Encoder 0.62 seconds, Image Encoder 0.54 seconds, VAE 0.00 seconds, KV Cache Creation 0.28 seconds, Diffusion 1.02 seconds, DIT Compute Steps 3 steps, Scheduler 0.01 seconds
[36m(RolloutGroup(rank=2) pid=4057637)[0m language is None, reset current_start_frame to 0
[36m(RolloutGroup(rank=2) pid=4057637)[0m videos shape torch.Size([8, 3, 4, 160, 320]) 33
[36m(RolloutGroup(rank=0) pid=4057629)[0m Time taken: Total 2.46 seconds, Text Encoder 0.62 seconds, Image Encoder 0.54 seconds, VAE 0.00 seconds, KV Cache Creation 0.28 seconds, Diffusion 1.01 seconds, DIT Compute Steps 3 steps, Scheduler 0.01 seconds
[36m(RolloutGroup(rank=0) pid=4057629)[0m language is None, reset current_start_frame to 0
[36m(RolloutGroup(rank=0) pid=4057629)[0m videos shape torch.Size([8, 3, 4, 160, 320]) 33
[36m(RolloutGroup(rank=1) pid=4057636)[0m Time taken: Total 2.46 seconds, Text Encoder 0.62 seconds, Image Encoder 0.54 seconds, VAE 0.00 seconds, KV Cache Creation 0.28 seconds, Diffusion 1.02 seconds, DIT Compute Steps 3 steps, Scheduler 0.01 seconds
[36m(RolloutGroup(rank=1) pid=4057636)[0m language is None, reset current_start_frame to 0
[36m(RolloutGroup(rank=1) pid=4057636)[0m videos shape torch.Size([8, 3, 4, 160, 320]) 33
[36m(RolloutGroup(rank=3) pid=4057642)[0m Time taken: Total 2.47 seconds, Text Encoder 0.62 seconds, Image Encoder 0.54 seconds, VAE 0.00 seconds, KV Cache Creation 0.28 seconds, Diffusion 1.02 seconds, DIT Compute Steps 3 steps, Scheduler 0.01 seconds
[36m(RolloutGroup(rank=3) pid=4057642)[0m language is None, reset current_start_frame to 0
[36m(RolloutGroup(rank=3) pid=4057642)[0m videos shape torch.Size([8, 3, 4, 160, 320]) 33
[36m(RolloutGroup(rank=2) pid=4057637)[0m Time taken: Total 2.47 seconds, Text Encoder 0.62 seconds, Image Encoder 0.54 seconds, VAE 0.00 seconds, KV Cache Creation 0.28 seconds, Diffusion 1.02 seconds, DIT Compute Steps 3 steps, Scheduler 0.01 seconds
[36m(RolloutGroup(rank=0) pid=4057629)[0m Time taken: Total 2.46 seconds, Text Encoder 0.62 seconds, Image Encoder 0.54 seconds, VAE 0.00 seconds, KV Cache Creation 0.28 seconds, Diffusion 1.01 seconds, DIT Compute Steps 3 steps, Scheduler 0.01 seconds
[36m(RolloutGroup(rank=2) pid=4057637)[0m language is None, reset current_start_frame to 0
[36m(RolloutGroup(rank=2) pid=4057637)[0m videos shape torch.Size([8, 3, 4, 160, 320]) 33
[36m(RolloutGroup(rank=1) pid=4057636)[0m Time taken: Total 2.47 seconds, Text Encoder 0.62 seconds, Image Encoder 0.54 seconds, VAE 0.00 seconds, KV Cache Creation 0.28 seconds, Diffusion 1.02 seconds, DIT Compute Steps 3 steps, Scheduler 0.01 seconds
[36m(RolloutGroup(rank=0) pid=4057629)[0m language is None, reset current_start_frame to 0
[36m(RolloutGroup(rank=0) pid=4057629)[0m videos shape torch.Size([8, 3, 4, 160, 320]) 33
[36m(RolloutGroup(rank=3) pid=4057642)[0m Time taken: Total 2.48 seconds, Text Encoder 0.62 seconds, Image Encoder 0.54 seconds, VAE 0.00 seconds, KV Cache Creation 0.28 seconds, Diffusion 1.02 seconds, DIT Compute Steps 3 steps, Scheduler 0.01 seconds
[36m(RolloutGroup(rank=1) pid=4057636)[0m language is None, reset current_start_frame to 0
[36m(RolloutGroup(rank=1) pid=4057636)[0m videos shape torch.Size([8, 3, 4, 160, 320]) 33
[36m(RolloutGroup(rank=3) pid=4057642)[0m language is None, reset current_start_frame to 0
[36m(RolloutGroup(rank=3) pid=4057642)[0m videos shape torch.Size([8, 3, 4, 160, 320]) 33
[36m(RolloutGroup(rank=2) pid=4057637)[0m Time taken: Total 2.49 seconds, Text Encoder 0.63 seconds, Image Encoder 0.54 seconds, VAE 0.00 seconds, KV Cache Creation 0.28 seconds, Diffusion 1.03 seconds, DIT Compute Steps 3 steps, Scheduler 0.01 seconds
[36m(RolloutGroup(rank=2) pid=4057637)[0m language is None, reset current_start_frame to 0
[36m(RolloutGroup(rank=2) pid=4057637)[0m videos shape torch.Size([8, 3, 4, 160, 320]) 33
[36m(RolloutGroup(rank=0) pid=4057629)[0m Time taken: Total 2.47 seconds, Text Encoder 0.62 seconds, Image Encoder 0.54 seconds, VAE 0.00 seconds, KV Cache Creation 0.28 seconds, Diffusion 1.02 seconds, DIT Compute Steps 3 steps, Scheduler 0.01 seconds
[36m(RolloutGroup(rank=0) pid=4057629)[0m language is None, reset current_start_frame to 0
[36m(RolloutGroup(rank=0) pid=4057629)[0m videos shape torch.Size([8, 3, 4, 160, 320]) 33
[36m(RolloutGroup(rank=1) pid=4057636)[0m Time taken: Total 2.48 seconds, Text Encoder 0.62 seconds, Image Encoder 0.54 seconds, VAE 0.00 seconds, KV Cache Creation 0.28 seconds, Diffusion 1.03 seconds, DIT Compute Steps 3 steps, Scheduler 0.01 seconds
[36m(RolloutGroup(rank=1) pid=4057636)[0m language is None, reset current_start_frame to 0
[36m(RolloutGroup(rank=1) pid=4057636)[0m videos shape torch.Size([8, 3, 4, 160, 320]) 33
[36m(RolloutGroup(rank=3) pid=4057642)[0m Time taken: Total 2.48 seconds, Text Encoder 0.62 seconds, Image Encoder 0.54 seconds, VAE 0.00 seconds, KV Cache Creation 0.28 seconds, Diffusion 1.02 seconds, DIT Compute Steps 3 steps, Scheduler 0.01 seconds
[36m(RolloutGroup(rank=3) pid=4057642)[0m language is None, reset current_start_frame to 0
[36m(RolloutGroup(rank=3) pid=4057642)[0m videos shape torch.Size([8, 3, 4, 160, 320]) 33
[36m(RolloutGroup(rank=2) pid=4057637)[0m Time taken: Total 2.47 seconds, Text Encoder 0.62 seconds, Image Encoder 0.54 seconds, VAE 0.00 seconds, KV Cache Creation 0.28 seconds, Diffusion 1.02 seconds, DIT Compute Steps 3 steps, Scheduler 0.01 seconds
[36m(RolloutGroup(rank=2) pid=4057637)[0m language is None, reset current_start_frame to 0
[36m(RolloutGroup(rank=2) pid=4057637)[0m videos shape torch.Size([8, 3, 4, 160, 320]) 33
[36m(RolloutGroup(rank=0) pid=4057629)[0m Time taken: Total 2.48 seconds, Text Encoder 0.62 seconds, Image Encoder 0.54 seconds, VAE 0.00 seconds, KV Cache Creation 0.28 seconds, Diffusion 1.02 seconds, DIT Compute Steps 3 steps, Scheduler 0.01 seconds
[36m(RolloutGroup(rank=0) pid=4057629)[0m language is None, reset current_start_frame to 0
[36m(RolloutGroup(rank=0) pid=4057629)[0m videos shape torch.Size([8, 3, 4, 160, 320]) 33
[36m(RolloutGroup(rank=1) pid=4057636)[0m Time taken: Total 2.49 seconds, Text Encoder 0.62 seconds, Image Encoder 0.54 seconds, VAE 0.00 seconds, KV Cache Creation 0.28 seconds, Diffusion 1.03 seconds, DIT Compute Steps 3 steps, Scheduler 0.01 seconds
[36m(RolloutGroup(rank=1) pid=4057636)[0m language is None, reset current_start_frame to 0
[36m(RolloutGroup(rank=1) pid=4057636)[0m videos shape torch.Size([8, 3, 4, 160, 320]) 33
[36m(RolloutGroup(rank=3) pid=4057642)[0m Time taken: Total 2.48 seconds, Text Encoder 0.62 seconds, Image Encoder 0.54 seconds, VAE 0.00 seconds, KV Cache Creation 0.28 seconds, Diffusion 1.02 seconds, DIT Compute Steps 3 steps, Scheduler 0.01 seconds
[36m(RolloutGroup(rank=3) pid=4057642)[0m language is None, reset current_start_frame to 0
[36m(RolloutGroup(rank=3) pid=4057642)[0m videos shape torch.Size([8, 3, 4, 160, 320]) 33
[36m(RolloutGroup(rank=2) pid=4057637)[0m Time taken: Total 2.47 seconds, Text Encoder 0.62 seconds, Image Encoder 0.54 seconds, VAE 0.00 seconds, KV Cache Creation 0.28 seconds, Diffusion 1.02 seconds, DIT Compute Steps 3 steps, Scheduler 0.01 seconds
[36m(RolloutGroup(rank=2) pid=4057637)[0m language is None, reset current_start_frame to 0
[36m(RolloutGroup(rank=2) pid=4057637)[0m videos shape torch.Size([8, 3, 4, 160, 320]) 33
[36m(RolloutGroup(rank=0) pid=4057629)[0m Time taken: Total 2.47 seconds, Text Encoder 0.62 seconds, Image Encoder 0.54 seconds, VAE 0.00 seconds, KV Cache Creation 0.28 seconds, Diffusion 1.02 seconds, DIT Compute Steps 3 steps, Scheduler 0.01 seconds
[36m(RolloutGroup(rank=0) pid=4057629)[0m language is None, reset current_start_frame to 0
[36m(RolloutGroup(rank=0) pid=4057629)[0m videos shape torch.Size([8, 3, 4, 160, 320]) 33
[36m(RolloutGroup(rank=1) pid=4057636)[0m Time taken: Total 2.46 seconds, Text Encoder 0.62 seconds, Image Encoder 0.54 seconds, VAE 0.00 seconds, KV Cache Creation 0.28 seconds, Diffusion 1.01 seconds, DIT Compute Steps 3 steps, Scheduler 0.01 seconds
[36m(RolloutGroup(rank=1) pid=4057636)[0m language is None, reset current_start_frame to 0
[36m(RolloutGroup(rank=1) pid=4057636)[0m videos shape torch.Size([8, 3, 4, 160, 320]) 33
[36m(RolloutGroup(rank=3) pid=4057642)[0m Time taken: Total 2.48 seconds, Text Encoder 0.62 seconds, Image Encoder 0.54 seconds, VAE 0.00 seconds, KV Cache Creation 0.28 seconds, Diffusion 1.02 seconds, DIT Compute Steps 3 steps, Scheduler 0.01 seconds
[36m(RolloutGroup(rank=3) pid=4057642)[0m language is None, reset current_start_frame to 0
[36m(RolloutGroup(rank=3) pid=4057642)[0m videos shape torch.Size([8, 3, 4, 160, 320]) 33
[36m(RolloutGroup(rank=2) pid=4057637)[0m Time taken: Total 2.47 seconds, Text Encoder 0.62 seconds, Image Encoder 0.54 seconds, VAE 0.00 seconds, KV Cache Creation 0.28 seconds, Diffusion 1.02 seconds, DIT Compute Steps 3 steps, Scheduler 0.01 seconds
[36m(RolloutGroup(rank=2) pid=4057637)[0m language is None, reset current_start_frame to 0
[36m(RolloutGroup(rank=2) pid=4057637)[0m videos shape torch.Size([8, 3, 4, 160, 320]) 33
[36m(RolloutGroup(rank=0) pid=4057629)[0m Time taken: Total 2.47 seconds, Text Encoder 0.62 seconds, Image Encoder 0.54 seconds, VAE 0.00 seconds, KV Cache Creation 0.28 seconds, Diffusion 1.02 seconds, DIT Compute Steps 3 steps, Scheduler 0.01 seconds
[36m(RolloutGroup(rank=0) pid=4057629)[0m language is None, reset current_start_frame to 0
[36m(RolloutGroup(rank=0) pid=4057629)[0m videos shape torch.Size([8, 3, 4, 160, 320]) 33
[36m(RolloutGroup(rank=1) pid=4057636)[0m Time taken: Total 2.46 seconds, Text Encoder 0.62 seconds, Image Encoder 0.54 seconds, VAE 0.00 seconds, KV Cache Creation 0.28 seconds, Diffusion 1.01 seconds, DIT Compute Steps 3 steps, Scheduler 0.01 seconds
[36m(RolloutGroup(rank=1) pid=4057636)[0m language is None, reset current_start_frame to 0
[36m(RolloutGroup(rank=1) pid=4057636)[0m videos shape torch.Size([8, 3, 4, 160, 320]) 33
[36m(RolloutGroup(rank=3) pid=4057642)[0m Time taken: Total 2.47 seconds, Text Encoder 0.62 seconds, Image Encoder 0.54 seconds, VAE 0.00 seconds, KV Cache Creation 0.28 seconds, Diffusion 1.02 seconds, DIT Compute Steps 3 steps, Scheduler 0.01 seconds
[36m(RolloutGroup(rank=3) pid=4057642)[0m language is None, reset current_start_frame to 0
[36m(RolloutGroup(rank=3) pid=4057642)[0m videos shape torch.Size([8, 3, 4, 160, 320]) 33
[36m(RolloutGroup(rank=2) pid=4057637)[0m Time taken: Total 2.47 seconds, Text Encoder 0.62 seconds, Image Encoder 0.54 seconds, VAE 0.00 seconds, KV Cache Creation 0.28 seconds, Diffusion 1.02 seconds, DIT Compute Steps 3 steps, Scheduler 0.01 seconds
[36m(RolloutGroup(rank=2) pid=4057637)[0m language is None, reset current_start_frame to 0
[36m(RolloutGroup(rank=2) pid=4057637)[0m videos shape torch.Size([8, 3, 4, 160, 320]) 33
[36m(RolloutGroup(rank=0) pid=4057629)[0m Time taken: Total 2.47 seconds, Text Encoder 0.62 seconds, Image Encoder 0.54 seconds, VAE 0.00 seconds, KV Cache Creation 0.28 seconds, Diffusion 1.02 seconds, DIT Compute Steps 3 steps, Scheduler 0.01 seconds
[36m(RolloutGroup(rank=0) pid=4057629)[0m language is None, reset current_start_frame to 0
[36m(RolloutGroup(rank=0) pid=4057629)[0m videos shape torch.Size([8, 3, 4, 160, 320]) 33
[36m(RolloutGroup(rank=1) pid=4057636)[0m Time taken: Total 2.46 seconds, Text Encoder 0.62 seconds, Image Encoder 0.54 seconds, VAE 0.00 seconds, KV Cache Creation 0.28 seconds, Diffusion 1.01 seconds, DIT Compute Steps 3 steps, Scheduler 0.01 seconds
[36m(RolloutGroup(rank=1) pid=4057636)[0m language is None, reset current_start_frame to 0
[36m(RolloutGroup(rank=1) pid=4057636)[0m videos shape torch.Size([8, 3, 4, 160, 320]) 33
[36m(RolloutGroup(rank=3) pid=4057642)[0m Time taken: Total 2.47 seconds, Text Encoder 0.62 seconds, Image Encoder 0.54 seconds, VAE 0.00 seconds, KV Cache Creation 0.28 seconds, Diffusion 1.02 seconds, DIT Compute Steps 3 steps, Scheduler 0.01 seconds
[36m(RolloutGroup(rank=3) pid=4057642)[0m language is None, reset current_start_frame to 0
[36m(RolloutGroup(rank=3) pid=4057642)[0m videos shape torch.Size([8, 3, 4, 160, 320]) 33
[36m(RolloutGroup(rank=2) pid=4057637)[0m Time taken: Total 2.47 seconds, Text Encoder 0.62 seconds, Image Encoder 0.54 seconds, VAE 0.00 seconds, KV Cache Creation 0.28 seconds, Diffusion 1.02 seconds, DIT Compute Steps 3 steps, Scheduler 0.01 seconds
[36m(RolloutGroup(rank=2) pid=4057637)[0m language is None, reset current_start_frame to 0
[36m(RolloutGroup(rank=2) pid=4057637)[0m videos shape torch.Size([8, 3, 4, 160, 320]) 33
[36m(RolloutGroup(rank=0) pid=4057629)[0m Time taken: Total 2.47 seconds, Text Encoder 0.62 seconds, Image Encoder 0.54 seconds, VAE 0.00 seconds, KV Cache Creation 0.28 seconds, Diffusion 1.02 seconds, DIT Compute Steps 3 steps, Scheduler 0.01 seconds
[36m(RolloutGroup(rank=0) pid=4057629)[0m language is None, reset current_start_frame to 0
[36m(RolloutGroup(rank=0) pid=4057629)[0m videos shape torch.Size([8, 3, 4, 160, 320]) 33
[36m(RolloutGroup(rank=1) pid=4057636)[0m Time taken: Total 2.46 seconds, Text Encoder 0.62 seconds, Image Encoder 0.54 seconds, VAE 0.00 seconds, KV Cache Creation 0.28 seconds, Diffusion 1.01 seconds, DIT Compute Steps 3 steps, Scheduler 0.01 seconds
[36m(RolloutGroup(rank=1) pid=4057636)[0m language is None, reset current_start_frame to 0
[36m(RolloutGroup(rank=1) pid=4057636)[0m videos shape torch.Size([8, 3, 4, 160, 320]) 33
[36m(RolloutGroup(rank=3) pid=4057642)[0m Time taken: Total 2.47 seconds, Text Encoder 0.62 seconds, Image Encoder 0.54 seconds, VAE 0.00 seconds, KV Cache Creation 0.28 seconds, Diffusion 1.02 seconds, DIT Compute Steps 3 steps, Scheduler 0.01 seconds
[36m(RolloutGroup(rank=3) pid=4057642)[0m language is None, reset current_start_frame to 0
[36m(RolloutGroup(rank=3) pid=4057642)[0m videos shape torch.Size([8, 3, 4, 160, 320]) 33
[36m(RolloutGroup(rank=2) pid=4057637)[0m Time taken: Total 2.47 seconds, Text Encoder 0.62 seconds, Image Encoder 0.54 seconds, VAE 0.00 seconds, KV Cache Creation 0.28 seconds, Diffusion 1.02 seconds, DIT Compute Steps 3 steps, Scheduler 0.01 seconds
[36m(RolloutGroup(rank=2) pid=4057637)[0m language is None, reset current_start_frame to 0
[36m(RolloutGroup(rank=2) pid=4057637)[0m videos shape torch.Size([8, 3, 4, 160, 320]) 33
[36m(RolloutGroup(rank=0) pid=4057629)[0m Time taken: Total 2.47 seconds, Text Encoder 0.62 seconds, Image Encoder 0.54 seconds, VAE 0.00 seconds, KV Cache Creation 0.28 seconds, Diffusion 1.02 seconds, DIT Compute Steps 3 steps, Scheduler 0.01 seconds
[36m(RolloutGroup(rank=0) pid=4057629)[0m language is None, reset current_start_frame to 0
[36m(RolloutGroup(rank=0) pid=4057629)[0m videos shape torch.Size([8, 3, 4, 160, 320]) 33
[36m(RolloutGroup(rank=1) pid=4057636)[0m Time taken: Total 2.47 seconds, Text Encoder 0.62 seconds, Image Encoder 0.54 seconds, VAE 0.00 seconds, KV Cache Creation 0.28 seconds, Diffusion 1.02 seconds, DIT Compute Steps 3 steps, Scheduler 0.01 seconds
[36m(RolloutGroup(rank=1) pid=4057636)[0m language is None, reset current_start_frame to 0
[36m(RolloutGroup(rank=1) pid=4057636)[0m videos shape torch.Size([8, 3, 4, 160, 320]) 33
[36m(RolloutGroup(rank=3) pid=4057642)[0m Time taken: Total 2.47 seconds, Text Encoder 0.62 seconds, Image Encoder 0.54 seconds, VAE 0.00 seconds, KV Cache Creation 0.28 seconds, Diffusion 1.02 seconds, DIT Compute Steps 3 steps, Scheduler 0.01 seconds
[36m(RolloutGroup(rank=3) pid=4057642)[0m language is None, reset current_start_frame to 0
[36m(RolloutGroup(rank=3) pid=4057642)[0m videos shape torch.Size([8, 3, 4, 160, 320]) 33
[36m(RolloutGroup(rank=2) pid=4057637)[0m Time taken: Total 2.47 seconds, Text Encoder 0.62 seconds, Image Encoder 0.54 seconds, VAE 0.00 seconds, KV Cache Creation 0.28 seconds, Diffusion 1.02 seconds, DIT Compute Steps 3 steps, Scheduler 0.01 seconds
[36m(RolloutGroup(rank=2) pid=4057637)[0m language is None, reset current_start_frame to 0
[36m(RolloutGroup(rank=2) pid=4057637)[0m videos shape torch.Size([8, 3, 4, 160, 320]) 33
[36m(RolloutGroup(rank=0) pid=4057629)[0m Time taken: Total 2.47 seconds, Text Encoder 0.62 seconds, Image Encoder 0.54 seconds, VAE 0.00 seconds, KV Cache Creation 0.28 seconds, Diffusion 1.02 seconds, DIT Compute Steps 3 steps, Scheduler 0.01 seconds
[36m(RolloutGroup(rank=0) pid=4057629)[0m language is None, reset current_start_frame to 0
[36m(RolloutGroup(rank=0) pid=4057629)[0m videos shape torch.Size([8, 3, 4, 160, 320]) 33
[36m(RolloutGroup(rank=1) pid=4057636)[0m Time taken: Total 2.46 seconds, Text Encoder 0.62 seconds, Image Encoder 0.54 seconds, VAE 0.00 seconds, KV Cache Creation 0.28 seconds, Diffusion 1.02 seconds, DIT Compute Steps 3 steps, Scheduler 0.01 seconds
[36m(RolloutGroup(rank=1) pid=4057636)[0m language is None, reset current_start_frame to 0
[36m(RolloutGroup(rank=1) pid=4057636)[0m videos shape torch.Size([8, 3, 4, 160, 320]) 33
[36m(RolloutGroup(rank=3) pid=4057642)[0m Time taken: Total 2.47 seconds, Text Encoder 0.62 seconds, Image Encoder 0.54 seconds, VAE 0.00 seconds, KV Cache Creation 0.28 seconds, Diffusion 1.02 seconds, DIT Compute Steps 3 steps, Scheduler 0.01 seconds
[36m(RolloutGroup(rank=3) pid=4057642)[0m language is None, reset current_start_frame to 0
[36m(RolloutGroup(rank=3) pid=4057642)[0m videos shape torch.Size([8, 3, 4, 160, 320]) 33
[36m(RolloutGroup(rank=2) pid=4057637)[0m Time taken: Total 2.47 seconds, Text Encoder 0.62 seconds, Image Encoder 0.54 seconds, VAE 0.00 seconds, KV Cache Creation 0.28 seconds, Diffusion 1.02 seconds, DIT Compute Steps 3 steps, Scheduler 0.01 seconds
[36m(RolloutGroup(rank=2) pid=4057637)[0m language is None, reset current_start_frame to 0
[36m(RolloutGroup(rank=2) pid=4057637)[0m videos shape torch.Size([8, 3, 4, 160, 320]) 33
[36m(RolloutGroup(rank=0) pid=4057629)[0m Time taken: Total 2.47 seconds, Text Encoder 0.62 seconds, Image Encoder 0.54 seconds, VAE 0.00 seconds, KV Cache Creation 0.28 seconds, Diffusion 1.02 seconds, DIT Compute Steps 3 steps, Scheduler 0.01 seconds
[36m(RolloutGroup(rank=0) pid=4057629)[0m language is None, reset current_start_frame to 0
[36m(RolloutGroup(rank=0) pid=4057629)[0m videos shape torch.Size([8, 3, 4, 160, 320]) 33
[36m(RolloutGroup(rank=1) pid=4057636)[0m Time taken: Total 2.46 seconds, Text Encoder 0.62 seconds, Image Encoder 0.54 seconds, VAE 0.00 seconds, KV Cache Creation 0.27 seconds, Diffusion 1.01 seconds, DIT Compute Steps 3 steps, Scheduler 0.01 seconds
[36m(RolloutGroup(rank=1) pid=4057636)[0m language is None, reset current_start_frame to 0
[36m(RolloutGroup(rank=1) pid=4057636)[0m videos shape torch.Size([8, 3, 4, 160, 320]) 33
[36m(RolloutGroup(rank=3) pid=4057642)[0m Time taken: Total 2.48 seconds, Text Encoder 0.62 seconds, Image Encoder 0.54 seconds, VAE 0.00 seconds, KV Cache Creation 0.28 seconds, Diffusion 1.02 seconds, DIT Compute Steps 3 steps, Scheduler 0.01 seconds
[36m(RolloutGroup(rank=3) pid=4057642)[0m language is None, reset current_start_frame to 0
[36m(RolloutGroup(rank=3) pid=4057642)[0m videos shape torch.Size([8, 3, 4, 160, 320]) 33
[36m(RolloutGroup(rank=2) pid=4057637)[0m Time taken: Total 2.47 seconds, Text Encoder 0.62 seconds, Image Encoder 0.54 seconds, VAE 0.00 seconds, KV Cache Creation 0.28 seconds, Diffusion 1.02 seconds, DIT Compute Steps 3 steps, Scheduler 0.01 seconds
[36m(RolloutGroup(rank=0) pid=4057629)[0m Time taken: Total 2.47 seconds, Text Encoder 0.62 seconds, Image Encoder 0.54 seconds, VAE 0.00 seconds, KV Cache Creation 0.28 seconds, Diffusion 1.02 seconds, DIT Compute Steps 3 steps, Scheduler 0.01 seconds
[36m(RolloutGroup(rank=2) pid=4057637)[0m language is None, reset current_start_frame to 0
[36m(RolloutGroup(rank=2) pid=4057637)[0m videos shape torch.Size([8, 3, 4, 160, 320]) 33
[36m(RolloutGroup(rank=1) pid=4057636)[0m Time taken: Total 2.49 seconds, Text Encoder 0.62 seconds, Image Encoder 0.54 seconds, VAE 0.00 seconds, KV Cache Creation 0.28 seconds, Diffusion 1.03 seconds, DIT Compute Steps 3 steps, Scheduler 0.01 seconds
[36m(RolloutGroup(rank=0) pid=4057629)[0m language is None, reset current_start_frame to 0
[36m(RolloutGroup(rank=0) pid=4057629)[0m videos shape torch.Size([8, 3, 4, 160, 320]) 33
[36m(RolloutGroup(rank=1) pid=4057636)[0m language is None, reset current_start_frame to 0
[36m(RolloutGroup(rank=1) pid=4057636)[0m videos shape torch.Size([8, 3, 4, 160, 320]) 33
[36m(RolloutGroup(rank=3) pid=4057642)[0m Time taken: Total 2.48 seconds, Text Encoder 0.62 seconds, Image Encoder 0.54 seconds, VAE 0.00 seconds, KV Cache Creation 0.28 seconds, Diffusion 1.03 seconds, DIT Compute Steps 3 steps, Scheduler 0.01 seconds
[36m(RolloutGroup(rank=3) pid=4057642)[0m language is None, reset current_start_frame to 0
[36m(RolloutGroup(rank=3) pid=4057642)[0m videos shape torch.Size([8, 3, 4, 160, 320]) 33
[36m(RolloutGroup(rank=2) pid=4057637)[0m Time taken: Total 2.48 seconds, Text Encoder 0.63 seconds, Image Encoder 0.54 seconds, VAE 0.00 seconds, KV Cache Creation 0.28 seconds, Diffusion 1.02 seconds, DIT Compute Steps 3 steps, Scheduler 0.01 seconds
[36m(RolloutGroup(rank=2) pid=4057637)[0m language is None, reset current_start_frame to 0
[36m(RolloutGroup(rank=2) pid=4057637)[0m videos shape torch.Size([8, 3, 4, 160, 320]) 33
[36m(RolloutGroup(rank=0) pid=4057629)[0m Time taken: Total 2.47 seconds, Text Encoder 0.62 seconds, Image Encoder 0.54 seconds, VAE 0.00 seconds, KV Cache Creation 0.28 seconds, Diffusion 1.02 seconds, DIT Compute Steps 3 steps, Scheduler 0.01 seconds
[36m(RolloutGroup(rank=0) pid=4057629)[0m language is None, reset current_start_frame to 0
[36m(RolloutGroup(rank=0) pid=4057629)[0m videos shape torch.Size([8, 3, 4, 160, 320]) 33
[36m(RolloutGroup(rank=1) pid=4057636)[0m Time taken: Total 2.46 seconds, Text Encoder 0.62 seconds, Image Encoder 0.54 seconds, VAE 0.00 seconds, KV Cache Creation 0.28 seconds, Diffusion 1.01 seconds, DIT Compute Steps 3 steps, Scheduler 0.01 seconds
[36m(RolloutGroup(rank=1) pid=4057636)[0m language is None, reset current_start_frame to 0
[36m(RolloutGroup(rank=1) pid=4057636)[0m videos shape torch.Size([8, 3, 4, 160, 320]) 33
[36m(RolloutGroup(rank=3) pid=4057642)[0m Time taken: Total 2.47 seconds, Text Encoder 0.62 seconds, Image Encoder 0.54 seconds, VAE 0.00 seconds, KV Cache Creation 0.28 seconds, Diffusion 1.02 seconds, DIT Compute Steps 3 steps, Scheduler 0.01 seconds
[36m(RolloutGroup(rank=3) pid=4057642)[0m language is None, reset current_start_frame to 0
[36m(RolloutGroup(rank=3) pid=4057642)[0m videos shape torch.Size([8, 3, 4, 160, 320]) 33
[36m(RolloutGroup(rank=2) pid=4057637)[0m Time taken: Total 2.47 seconds, Text Encoder 0.62 seconds, Image Encoder 0.54 seconds, VAE 0.00 seconds, KV Cache Creation 0.28 seconds, Diffusion 1.02 seconds, DIT Compute Steps 3 steps, Scheduler 0.01 seconds
[36m(RolloutGroup(rank=2) pid=4057637)[0m language is None, reset current_start_frame to 0
[36m(RolloutGroup(rank=2) pid=4057637)[0m videos shape torch.Size([8, 3, 4, 160, 320]) 33
[36m(RolloutGroup(rank=0) pid=4057629)[0m Time taken: Total 2.47 seconds, Text Encoder 0.62 seconds, Image Encoder 0.54 seconds, VAE 0.00 seconds, KV Cache Creation 0.28 seconds, Diffusion 1.02 seconds, DIT Compute Steps 3 steps, Scheduler 0.01 seconds
[36m(RolloutGroup(rank=0) pid=4057629)[0m language is None, reset current_start_frame to 0
[36m(RolloutGroup(rank=0) pid=4057629)[0m videos shape torch.Size([8, 3, 4, 160, 320]) 33
[36m(RolloutGroup(rank=1) pid=4057636)[0m Time taken: Total 2.46 seconds, Text Encoder 0.62 seconds, Image Encoder 0.54 seconds, VAE 0.00 seconds, KV Cache Creation 0.28 seconds, Diffusion 1.01 seconds, DIT Compute Steps 3 steps, Scheduler 0.01 seconds
[36m(RolloutGroup(rank=1) pid=4057636)[0m language is None, reset current_start_frame to 0
[36m(RolloutGroup(rank=1) pid=4057636)[0m videos shape torch.Size([8, 3, 4, 160, 320]) 33
[36m(RolloutGroup(rank=3) pid=4057642)[0m Time taken: Total 2.47 seconds, Text Encoder 0.62 seconds, Image Encoder 0.54 seconds, VAE 0.00 seconds, KV Cache Creation 0.28 seconds, Diffusion 1.02 seconds, DIT Compute Steps 3 steps, Scheduler 0.01 seconds
[36m(RolloutGroup(rank=3) pid=4057642)[0m language is None, reset current_start_frame to 0
[36m(RolloutGroup(rank=3) pid=4057642)[0m videos shape torch.Size([8, 3, 4, 160, 320]) 33
[36m(RolloutGroup(rank=2) pid=4057637)[0m Time taken: Total 2.47 seconds, Text Encoder 0.62 seconds, Image Encoder 0.54 seconds, VAE 0.00 seconds, KV Cache Creation 0.28 seconds, Diffusion 1.02 seconds, DIT Compute Steps 3 steps, Scheduler 0.01 seconds
[36m(RolloutGroup(rank=2) pid=4057637)[0m language is None, reset current_start_frame to 0
[36m(RolloutGroup(rank=2) pid=4057637)[0m videos shape torch.Size([8, 3, 4, 160, 320]) 33
[36m(RolloutGroup(rank=0) pid=4057629)[0m Time taken: Total 2.47 seconds, Text Encoder 0.62 seconds, Image Encoder 0.54 seconds, VAE 0.00 seconds, KV Cache Creation 0.28 seconds, Diffusion 1.02 seconds, DIT Compute Steps 3 steps, Scheduler 0.01 seconds
[36m(RolloutGroup(rank=0) pid=4057629)[0m language is None, reset current_start_frame to 0
[36m(RolloutGroup(rank=0) pid=4057629)[0m videos shape torch.Size([8, 3, 4, 160, 320]) 33
[36m(RolloutGroup(rank=1) pid=4057636)[0m Time taken: Total 2.46 seconds, Text Encoder 0.62 seconds, Image Encoder 0.54 seconds, VAE 0.00 seconds, KV Cache Creation 0.28 seconds, Diffusion 1.01 seconds, DIT Compute Steps 3 steps, Scheduler 0.01 seconds
[36m(RolloutGroup(rank=1) pid=4057636)[0m language is None, reset current_start_frame to 0
[36m(RolloutGroup(rank=1) pid=4057636)[0m videos shape torch.Size([8, 3, 4, 160, 320]) 33
[36m(RolloutGroup(rank=3) pid=4057642)[0m Time taken: Total 2.47 seconds, Text Encoder 0.62 seconds, Image Encoder 0.54 seconds, VAE 0.00 seconds, KV Cache Creation 0.28 seconds, Diffusion 1.02 seconds, DIT Compute Steps 3 steps, Scheduler 0.01 seconds
[36m(RolloutGroup(rank=3) pid=4057642)[0m language is None, reset current_start_frame to 0
[36m(RolloutGroup(rank=3) pid=4057642)[0m videos shape torch.Size([8, 3, 4, 160, 320]) 33
[36m(RolloutGroup(rank=2) pid=4057637)[0m Time taken: Total 2.47 seconds, Text Encoder 0.62 seconds, Image Encoder 0.54 seconds, VAE 0.00 seconds, KV Cache Creation 0.28 seconds, Diffusion 1.02 seconds, DIT Compute Steps 3 steps, Scheduler 0.01 seconds
[36m(RolloutGroup(rank=2) pid=4057637)[0m language is None, reset current_start_frame to 0
[36m(RolloutGroup(rank=2) pid=4057637)[0m videos shape torch.Size([8, 3, 4, 160, 320]) 33
[36m(RolloutGroup(rank=0) pid=4057629)[0m Time taken: Total 2.47 seconds, Text Encoder 0.62 seconds, Image Encoder 0.54 seconds, VAE 0.00 seconds, KV Cache Creation 0.28 seconds, Diffusion 1.02 seconds, DIT Compute Steps 3 steps, Scheduler 0.01 seconds
[36m(RolloutGroup(rank=0) pid=4057629)[0m language is None, reset current_start_frame to 0
[36m(RolloutGroup(rank=0) pid=4057629)[0m videos shape torch.Size([8, 3, 4, 160, 320]) 33
[36m(RolloutGroup(rank=1) pid=4057636)[0m Time taken: Total 2.46 seconds, Text Encoder 0.62 seconds, Image Encoder 0.54 seconds, VAE 0.00 seconds, KV Cache Creation 0.28 seconds, Diffusion 1.01 seconds, DIT Compute Steps 3 steps, Scheduler 0.01 seconds
[36m(RolloutGroup(rank=1) pid=4057636)[0m language is None, reset current_start_frame to 0
[36m(RolloutGroup(rank=1) pid=4057636)[0m videos shape torch.Size([8, 3, 4, 160, 320]) 33
[36m(RolloutGroup(rank=3) pid=4057642)[0m Time taken: Total 2.47 seconds, Text Encoder 0.62 seconds, Image Encoder 0.54 seconds, VAE 0.00 seconds, KV Cache Creation 0.28 seconds, Diffusion 1.02 seconds, DIT Compute Steps 3 steps, Scheduler 0.01 seconds
[36m(RolloutGroup(rank=3) pid=4057642)[0m language is None, reset current_start_frame to 0
[36m(RolloutGroup(rank=3) pid=4057642)[0m videos shape torch.Size([8, 3, 4, 160, 320]) 33
[36m(RolloutGroup(rank=2) pid=4057637)[0m Time taken: Total 2.47 seconds, Text Encoder 0.62 seconds, Image Encoder 0.54 seconds, VAE 0.00 seconds, KV Cache Creation 0.28 seconds, Diffusion 1.02 seconds, DIT Compute Steps 3 steps, Scheduler 0.01 seconds
[36m(RolloutGroup(rank=2) pid=4057637)[0m language is None, reset current_start_frame to 0
[36m(RolloutGroup(rank=2) pid=4057637)[0m videos shape torch.Size([8, 3, 4, 160, 320]) 33
[36m(RolloutGroup(rank=0) pid=4057629)[0m Time taken: Total 2.47 seconds, Text Encoder 0.62 seconds, Image Encoder 0.54 seconds, VAE 0.00 seconds, KV Cache Creation 0.28 seconds, Diffusion 1.02 seconds, DIT Compute Steps 3 steps, Scheduler 0.01 seconds
[36m(RolloutGroup(rank=0) pid=4057629)[0m language is None, reset current_start_frame to 0
[36m(RolloutGroup(rank=0) pid=4057629)[0m videos shape torch.Size([8, 3, 4, 160, 320]) 33
[36m(RolloutGroup(rank=1) pid=4057636)[0m Time taken: Total 2.46 seconds, Text Encoder 0.62 seconds, Image Encoder 0.54 seconds, VAE 0.00 seconds, KV Cache Creation 0.28 seconds, Diffusion 1.02 seconds, DIT Compute Steps 3 steps, Scheduler 0.01 seconds
[36m(RolloutGroup(rank=1) pid=4057636)[0m language is None, reset current_start_frame to 0
[36m(RolloutGroup(rank=1) pid=4057636)[0m videos shape torch.Size([8, 3, 4, 160, 320]) 33
[36m(RolloutGroup(rank=3) pid=4057642)[0m Time taken: Total 2.47 seconds, Text Encoder 0.62 seconds, Image Encoder 0.54 seconds, VAE 0.00 seconds, KV Cache Creation 0.28 seconds, Diffusion 1.02 seconds, DIT Compute Steps 3 steps, Scheduler 0.01 seconds
[36m(RolloutGroup(rank=3) pid=4057642)[0m language is None, reset current_start_frame to 0
[36m(RolloutGroup(rank=3) pid=4057642)[0m videos shape torch.Size([8, 3, 4, 160, 320]) 33
[36m(RolloutGroup(rank=2) pid=4057637)[0m Time taken: Total 2.47 seconds, Text Encoder 0.62 seconds, Image Encoder 0.54 seconds, VAE 0.00 seconds, KV Cache Creation 0.28 seconds, Diffusion 1.02 seconds, DIT Compute Steps 3 steps, Scheduler 0.01 seconds
[36m(RolloutGroup(rank=2) pid=4057637)[0m language is None, reset current_start_frame to 0
[36m(RolloutGroup(rank=2) pid=4057637)[0m videos shape torch.Size([8, 3, 4, 160, 320]) 33
[36m(RolloutGroup(rank=0) pid=4057629)[0m Time taken: Total 2.47 seconds, Text Encoder 0.62 seconds, Image Encoder 0.54 seconds, VAE 0.00 seconds, KV Cache Creation 0.28 seconds, Diffusion 1.01 seconds, DIT Compute Steps 3 steps, Scheduler 0.01 seconds
[36m(RolloutGroup(rank=0) pid=4057629)[0m language is None, reset current_start_frame to 0
[36m(RolloutGroup(rank=0) pid=4057629)[0m videos shape torch.Size([8, 3, 4, 160, 320]) 33
[36m(RolloutGroup(rank=1) pid=4057636)[0m Time taken: Total 2.46 seconds, Text Encoder 0.62 seconds, Image Encoder 0.54 seconds, VAE 0.00 seconds, KV Cache Creation 0.28 seconds, Diffusion 1.01 seconds, DIT Compute Steps 3 steps, Scheduler 0.01 seconds
[36m(RolloutGroup(rank=1) pid=4057636)[0m language is None, reset current_start_frame to 0
[36m(RolloutGroup(rank=1) pid=4057636)[0m videos shape torch.Size([8, 3, 4, 160, 320]) 33
[36m(RolloutGroup(rank=3) pid=4057642)[0m Time taken: Total 2.47 seconds, Text Encoder 0.62 seconds, Image Encoder 0.54 seconds, VAE 0.00 seconds, KV Cache Creation 0.28 seconds, Diffusion 1.02 seconds, DIT Compute Steps 3 steps, Scheduler 0.01 seconds
[36m(RolloutGroup(rank=3) pid=4057642)[0m language is None, reset current_start_frame to 0
[36m(RolloutGroup(rank=3) pid=4057642)[0m videos shape torch.Size([8, 3, 4, 160, 320]) 33
[36m(RolloutGroup(rank=2) pid=4057637)[0m Time taken: Total 2.47 seconds, Text Encoder 0.62 seconds, Image Encoder 0.54 seconds, VAE 0.00 seconds, KV Cache Creation 0.28 seconds, Diffusion 1.02 seconds, DIT Compute Steps 3 steps, Scheduler 0.01 seconds
[36m(RolloutGroup(rank=2) pid=4057637)[0m language is None, reset current_start_frame to 0
[36m(RolloutGroup(rank=2) pid=4057637)[0m videos shape torch.Size([8, 3, 4, 160, 320]) 33
[36m(RolloutGroup(rank=0) pid=4057629)[0m Time taken: Total 2.46 seconds, Text Encoder 0.62 seconds, Image Encoder 0.54 seconds, VAE 0.00 seconds, KV Cache Creation 0.28 seconds, Diffusion 1.01 seconds, DIT Compute Steps 3 steps, Scheduler 0.01 seconds
[36m(RolloutGroup(rank=0) pid=4057629)[0m language is None, reset current_start_frame to 0
[36m(RolloutGroup(rank=0) pid=4057629)[0m videos shape torch.Size([8, 3, 4, 160, 320]) 33
[36m(RolloutGroup(rank=1) pid=4057636)[0m Time taken: Total 2.46 seconds, Text Encoder 0.62 seconds, Image Encoder 0.54 seconds, VAE 0.00 seconds, KV Cache Creation 0.28 seconds, Diffusion 1.01 seconds, DIT Compute Steps 3 steps, Scheduler 0.01 seconds
[36m(RolloutGroup(rank=1) pid=4057636)[0m language is None, reset current_start_frame to 0
[36m(RolloutGroup(rank=1) pid=4057636)[0m videos shape torch.Size([8, 3, 4, 160, 320]) 33
[36m(RolloutGroup(rank=3) pid=4057642)[0m Time taken: Total 2.47 seconds, Text Encoder 0.62 seconds, Image Encoder 0.55 seconds, VAE 0.00 seconds, KV Cache Creation 0.28 seconds, Diffusion 1.02 seconds, DIT Compute Steps 3 steps, Scheduler 0.01 seconds
[36m(RolloutGroup(rank=3) pid=4057642)[0m language is None, reset current_start_frame to 0
[36m(RolloutGroup(rank=3) pid=4057642)[0m videos shape torch.Size([8, 3, 4, 160, 320]) 33
[36m(RolloutGroup(rank=2) pid=4057637)[0m Time taken: Total 2.47 seconds, Text Encoder 0.62 seconds, Image Encoder 0.54 seconds, VAE 0.00 seconds, KV Cache Creation 0.28 seconds, Diffusion 1.02 seconds, DIT Compute Steps 3 steps, Scheduler 0.01 seconds
[36m(RolloutGroup(rank=2) pid=4057637)[0m language is None, reset current_start_frame to 0
[36m(RolloutGroup(rank=2) pid=4057637)[0m videos shape torch.Size([8, 3, 4, 160, 320]) 33
[36m(RolloutGroup(rank=0) pid=4057629)[0m Time taken: Total 2.47 seconds, Text Encoder 0.62 seconds, Image Encoder 0.54 seconds, VAE 0.00 seconds, KV Cache Creation 0.28 seconds, Diffusion 1.02 seconds, DIT Compute Steps 3 steps, Scheduler 0.01 seconds
[36m(RolloutGroup(rank=0) pid=4057629)[0m language is None, reset current_start_frame to 0
[36m(RolloutGroup(rank=0) pid=4057629)[0m videos shape torch.Size([8, 3, 4, 160, 320]) 33
[36m(RolloutGroup(rank=1) pid=4057636)[0m Time taken: Total 2.46 seconds, Text Encoder 0.62 seconds, Image Encoder 0.54 seconds, VAE 0.00 seconds, KV Cache Creation 0.28 seconds, Diffusion 1.01 seconds, DIT Compute Steps 3 steps, Scheduler 0.01 seconds
[36m(RolloutGroup(rank=1) pid=4057636)[0m language is None, reset current_start_frame to 0
[36m(RolloutGroup(rank=1) pid=4057636)[0m videos shape torch.Size([8, 3, 4, 160, 320]) 33
[36m(RolloutGroup(rank=3) pid=4057642)[0m Time taken: Total 2.47 seconds, Text Encoder 0.62 seconds, Image Encoder 0.54 seconds, VAE 0.00 seconds, KV Cache Creation 0.28 seconds, Diffusion 1.02 seconds, DIT Compute Steps 3 steps, Scheduler 0.01 seconds
[36m(RolloutGroup(rank=3) pid=4057642)[0m language is None, reset current_start_frame to 0
[36m(RolloutGroup(rank=3) pid=4057642)[0m videos shape torch.Size([8, 3, 4, 160, 320]) 33
[36m(RolloutGroup(rank=2) pid=4057637)[0m Time taken: Total 2.47 seconds, Text Encoder 0.62 seconds, Image Encoder 0.54 seconds, VAE 0.00 seconds, KV Cache Creation 0.28 seconds, Diffusion 1.02 seconds, DIT Compute Steps 3 steps, Scheduler 0.01 seconds
[36m(RolloutGroup(rank=2) pid=4057637)[0m language is None, reset current_start_frame to 0
[36m(RolloutGroup(rank=2) pid=4057637)[0m videos shape torch.Size([8, 3, 4, 160, 320]) 33
[36m(RolloutGroup(rank=0) pid=4057629)[0m Time taken: Total 2.46 seconds, Text Encoder 0.62 seconds, Image Encoder 0.54 seconds, VAE 0.00 seconds, KV Cache Creation 0.28 seconds, Diffusion 1.01 seconds, DIT Compute Steps 3 steps, Scheduler 0.01 seconds
[36m(RolloutGroup(rank=0) pid=4057629)[0m language is None, reset current_start_frame to 0
[36m(RolloutGroup(rank=0) pid=4057629)[0m videos shape torch.Size([8, 3, 4, 160, 320]) 33
[36m(RolloutGroup(rank=1) pid=4057636)[0m Time taken: Total 2.46 seconds, Text Encoder 0.62 seconds, Image Encoder 0.54 seconds, VAE 0.00 seconds, KV Cache Creation 0.28 seconds, Diffusion 1.01 seconds, DIT Compute Steps 3 steps, Scheduler 0.01 seconds
[36m(RolloutGroup(rank=1) pid=4057636)[0m language is None, reset current_start_frame to 0
[36m(RolloutGroup(rank=1) pid=4057636)[0m videos shape torch.Size([8, 3, 4, 160, 320]) 33
[36m(RolloutGroup(rank=3) pid=4057642)[0m Time taken: Total 2.47 seconds, Text Encoder 0.62 seconds, Image Encoder 0.55 seconds, VAE 0.00 seconds, KV Cache Creation 0.28 seconds, Diffusion 1.02 seconds, DIT Compute Steps 3 steps, Scheduler 0.01 seconds
[36m(RolloutGroup(rank=3) pid=4057642)[0m language is None, reset current_start_frame to 0
[36m(RolloutGroup(rank=3) pid=4057642)[0m videos shape torch.Size([8, 3, 4, 160, 320]) 33
[36m(RolloutGroup(rank=2) pid=4057637)[0m Time taken: Total 2.47 seconds, Text Encoder 0.62 seconds, Image Encoder 0.54 seconds, VAE 0.00 seconds, KV Cache Creation 0.28 seconds, Diffusion 1.02 seconds, DIT Compute Steps 3 steps, Scheduler 0.01 seconds
[36m(RolloutGroup(rank=0) pid=4057629)[0m Time taken: Total 2.47 seconds, Text Encoder 0.62 seconds, Image Encoder 0.54 seconds, VAE 0.00 seconds, KV Cache Creation 0.28 seconds, Diffusion 1.01 seconds, DIT Compute Steps 3 steps, Scheduler 0.01 seconds
[36m(RolloutGroup(rank=2) pid=4057637)[0m language is None, reset current_start_frame to 0
[36m(RolloutGroup(rank=2) pid=4057637)[0m videos shape torch.Size([8, 3, 4, 160, 320]) 33
[36m(RolloutGroup(rank=1) pid=4057636)[0m Time taken: Total 2.50 seconds, Text Encoder 0.62 seconds, Image Encoder 0.54 seconds, VAE 0.00 seconds, KV Cache Creation 0.28 seconds, Diffusion 1.05 seconds, DIT Compute Steps 3 steps, Scheduler 0.01 seconds
[36m(RolloutGroup(rank=0) pid=4057629)[0m language is None, reset current_start_frame to 0
[36m(RolloutGroup(rank=0) pid=4057629)[0m videos shape torch.Size([8, 3, 4, 160, 320]) 33
[36m(RolloutGroup(rank=1) pid=4057636)[0m language is None, reset current_start_frame to 0
[36m(RolloutGroup(rank=1) pid=4057636)[0m videos shape torch.Size([8, 3, 4, 160, 320]) 33
[36m(RolloutGroup(rank=3) pid=4057642)[0m Time taken: Total 2.51 seconds, Text Encoder 0.62 seconds, Image Encoder 0.54 seconds, VAE 0.00 seconds, KV Cache Creation 0.30 seconds, Diffusion 1.03 seconds, DIT Compute Steps 3 steps, Scheduler 0.01 seconds
[36m(RolloutGroup(rank=3) pid=4057642)[0m language is None, reset current_start_frame to 0
[36m(RolloutGroup(rank=3) pid=4057642)[0m videos shape torch.Size([8, 3, 4, 160, 320]) 33
[36m(RolloutGroup(rank=2) pid=4057637)[0m Time taken: Total 2.47 seconds, Text Encoder 0.62 seconds, Image Encoder 0.54 seconds, VAE 0.00 seconds, KV Cache Creation 0.28 seconds, Diffusion 1.02 seconds, DIT Compute Steps 3 steps, Scheduler 0.01 seconds
[36m(RolloutGroup(rank=2) pid=4057637)[0m language is None, reset current_start_frame to 0
[36m(RolloutGroup(rank=2) pid=4057637)[0m videos shape torch.Size([8, 3, 4, 160, 320]) 33
[36m(RolloutGroup(rank=0) pid=4057629)[0m Time taken: Total 2.46 seconds, Text Encoder 0.62 seconds, Image Encoder 0.54 seconds, VAE 0.00 seconds, KV Cache Creation 0.28 seconds, Diffusion 1.01 seconds, DIT Compute Steps 3 steps, Scheduler 0.01 seconds
[36m(RolloutGroup(rank=0) pid=4057629)[0m language is None, reset current_start_frame to 0
[36m(RolloutGroup(rank=0) pid=4057629)[0m videos shape torch.Size([8, 3, 4, 160, 320]) 33
[36m(RolloutGroup(rank=1) pid=4057636)[0m Time taken: Total 2.46 seconds, Text Encoder 0.62 seconds, Image Encoder 0.54 seconds, VAE 0.00 seconds, KV Cache Creation 0.28 seconds, Diffusion 1.01 seconds, DIT Compute Steps 3 steps, Scheduler 0.01 seconds
[36m(RolloutGroup(rank=1) pid=4057636)[0m language is None, reset current_start_frame to 0
[36m(RolloutGroup(rank=1) pid=4057636)[0m videos shape torch.Size([8, 3, 4, 160, 320]) 33
[36m(RolloutGroup(rank=3) pid=4057642)[0m Time taken: Total 2.47 seconds, Text Encoder 0.62 seconds, Image Encoder 0.54 seconds, VAE 0.00 seconds, KV Cache Creation 0.28 seconds, Diffusion 1.02 seconds, DIT Compute Steps 3 steps, Scheduler 0.01 seconds
[36m(RolloutGroup(rank=3) pid=4057642)[0m language is None, reset current_start_frame to 0
[36m(RolloutGroup(rank=3) pid=4057642)[0m videos shape torch.Size([8, 3, 4, 160, 320]) 33
[36m(RolloutGroup(rank=2) pid=4057637)[0m Time taken: Total 2.47 seconds, Text Encoder 0.62 seconds, Image Encoder 0.54 seconds, VAE 0.00 seconds, KV Cache Creation 0.28 seconds, Diffusion 1.02 seconds, DIT Compute Steps 3 steps, Scheduler 0.01 seconds
[36m(RolloutGroup(rank=2) pid=4057637)[0m language is None, reset current_start_frame to 0
[36m(RolloutGroup(rank=2) pid=4057637)[0m videos shape
[36m(RolloutGroup(rank=2) pid=4057637)[0m  torch.Size([8, 3, 4, 160, 320]) 33
[36m(RolloutGroup(rank=0) pid=4057629)[0m Time taken: Total 2.46 seconds, Text Encoder 0.62 seconds, Image Encoder 0.54 seconds, VAE 0.00 seconds, KV Cache Creation 0.28 seconds, Diffusion 1.01 seconds, DIT Compute Steps 3 steps, Scheduler 0.01 seconds
[36m(RolloutGroup(rank=0) pid=4057629)[0m language is None, reset current_start_frame to 0
[36m(RolloutGroup(rank=0) pid=4057629)[0m videos shape torch.Size([8, 3, 4, 160, 320]) 33
[36m(RolloutGroup(rank=1) pid=4057636)[0m Time taken: Total 2.46 seconds, Text Encoder 0.62 seconds, Image Encoder 0.54 seconds, VAE 0.00 seconds, KV Cache Creation 0.28 seconds, Diffusion 1.01 seconds, DIT Compute Steps 3 steps, Scheduler 0.01 seconds
[36m(RolloutGroup(rank=1) pid=4057636)[0m language is None, reset current_start_frame to 0
[36m(RolloutGroup(rank=1) pid=4057636)[0m videos shape torch.Size([8, 3, 4, 160, 320]) 33
[36m(RolloutGroup(rank=3) pid=4057642)[0m Time taken: Total 2.47 seconds, Text Encoder 0.62 seconds, Image Encoder 0.54 seconds, VAE 0.00 seconds, KV Cache Creation 0.28 seconds, Diffusion 1.02 seconds, DIT Compute Steps 3 steps, Scheduler 0.01 seconds
[36m(RolloutGroup(rank=3) pid=4057642)[0m language is None, reset current_start_frame to 0
[36m(RolloutGroup(rank=3) pid=4057642)[0m videos shape torch.Size([8, 3, 4, 160, 320]) 33
[36m(RolloutGroup(rank=2) pid=4057637)[0m Time taken: Total 2.47 seconds, Text Encoder 0.62 seconds, Image Encoder 0.54 seconds, VAE 0.00 seconds, KV Cache Creation 0.28 seconds, Diffusion 1.02 seconds, DIT Compute Steps 3 steps, Scheduler 0.01 seconds
[36m(RolloutGroup(rank=2) pid=4057637)[0m language is None, reset current_start_frame to 0
[36m(RolloutGroup(rank=2) pid=4057637)[0m videos shape torch.Size([8, 3, 4, 160, 320]) 33
[36m(RolloutGroup(rank=0) pid=4057629)[0m Time taken: Total 2.46 seconds, Text Encoder 0.62 seconds, Image Encoder 0.54 seconds, VAE 0.00 seconds, KV Cache Creation 0.28 seconds, Diffusion 1.01 seconds, DIT Compute Steps 3 steps, Scheduler 0.01 seconds
[36m(RolloutGroup(rank=0) pid=4057629)[0m language is None, reset current_start_frame to 0
[36m(RolloutGroup(rank=0) pid=4057629)[0m videos shape torch.Size([8, 3, 4, 160, 320]) 33
[36m(RolloutGroup(rank=1) pid=4057636)[0m Time taken: Total 2.46 seconds, Text Encoder 0.62 seconds, Image Encoder 0.54 seconds, VAE 0.00 seconds, KV Cache Creation 0.28 seconds, Diffusion 1.01 seconds, DIT Compute Steps 3 steps, Scheduler 0.01 seconds
[36m(RolloutGroup(rank=1) pid=4057636)[0m language is None, reset current_start_frame to 0
[36m(RolloutGroup(rank=1) pid=4057636)[0m videos shape torch.Size([8, 3, 4, 160, 320]) 33
[36m(RolloutGroup(rank=3) pid=4057642)[0m Time taken: Total 2.47 seconds, Text Encoder 0.62 seconds, Image Encoder 0.54 seconds, VAE 0.00 seconds, KV Cache Creation 0.28 seconds, Diffusion 1.02 seconds, DIT Compute Steps 3 steps, Scheduler 0.01 seconds
[36m(RolloutGroup(rank=3) pid=4057642)[0m language is None, reset current_start_frame to 0
[36m(RolloutGroup(rank=3) pid=4057642)[0m videos shape torch.Size([8, 3, 4, 160, 320]) 33
[36m(RolloutGroup(rank=2) pid=4057637)[0m Time taken: Total 2.47 seconds, Text Encoder 0.62 seconds, Image Encoder 0.54 seconds, VAE 0.00 seconds, KV Cache Creation 0.28 seconds, Diffusion 1.02 seconds, DIT Compute Steps 3 steps, Scheduler 0.01 seconds
[36m(RolloutGroup(rank=2) pid=4057637)[0m language is None, reset current_start_frame to 0
[36m(RolloutGroup(rank=2) pid=4057637)[0m videos shape torch.Size([8, 3, 4, 160, 320]) 33
[36m(RolloutGroup(rank=0) pid=4057629)[0m Time taken: Total 2.47 seconds, Text Encoder 0.62 seconds, Image Encoder 0.54 seconds, VAE 0.00 seconds, KV Cache Creation 0.28 seconds, Diffusion 1.02 seconds, DIT Compute Steps 3 steps, Scheduler 0.01 seconds
[36m(RolloutGroup(rank=0) pid=4057629)[0m language is None, reset current_start_frame to 0
[36m(RolloutGroup(rank=0) pid=4057629)[0m videos shape torch.Size([8, 3, 4, 160, 320]) 33
[36m(RolloutGroup(rank=1) pid=4057636)[0m Time taken: Total 2.46 seconds, Text Encoder 0.62 seconds, Image Encoder 0.54 seconds, VAE 0.00 seconds, KV Cache Creation 0.28 seconds, Diffusion 1.01 seconds, DIT Compute Steps 3 steps, Scheduler 0.01 seconds
[36m(RolloutGroup(rank=1) pid=4057636)[0m language is None, reset current_start_frame to 0
[36m(RolloutGroup(rank=1) pid=4057636)[0m videos shape torch.Size([8, 3, 4, 160, 320]) 33
[36m(RolloutGroup(rank=3) pid=4057642)[0m Time taken: Total 2.47 seconds, Text Encoder 0.62 seconds, Image Encoder 0.54 seconds, VAE 0.00 seconds, KV Cache Creation 0.28 seconds, Diffusion 1.02 seconds, DIT Compute Steps 3 steps, Scheduler 0.01 seconds
[36m(RolloutGroup(rank=3) pid=4057642)[0m language is None, reset current_start_frame to 0
[36m(RolloutGroup(rank=3) pid=4057642)[0m videos shape torch.Size([8, 3, 4, 160, 320]) 33
[36m(RolloutGroup(rank=2) pid=4057637)[0m Time taken: Total 2.47 seconds, Text Encoder 0.62 seconds, Image Encoder 0.54 seconds, VAE 0.00 seconds, KV Cache Creation 0.28 seconds, Diffusion 1.02 seconds, DIT Compute Steps 3 steps, Scheduler 0.01 seconds
[36m(RolloutGroup(rank=2) pid=4057637)[0m language is None, reset current_start_frame to 0
[36m(RolloutGroup(rank=2) pid=4057637)[0m videos shape torch.Size([8, 3, 4, 160, 320]) 33
[36m(RolloutGroup(rank=0) pid=4057629)[0m Time taken: Total 2.47 seconds, Text Encoder 0.62 seconds, Image Encoder 0.54 seconds, VAE 0.00 seconds, KV Cache Creation 0.28 seconds, Diffusion 1.01 seconds, DIT Compute Steps 3 steps, Scheduler 0.01 seconds
[36m(RolloutGroup(rank=0) pid=4057629)[0m language is None, reset current_start_frame to 0
[36m(RolloutGroup(rank=0) pid=4057629)[0m videos shape torch.Size([8, 3, 4, 160, 320]) 33
[36m(RolloutGroup(rank=1) pid=4057636)[0m Time taken: Total 2.46 seconds, Text Encoder 0.62 seconds, Image Encoder 0.54 seconds, VAE 0.00 seconds, KV Cache Creation 0.28 seconds, Diffusion 1.01 seconds, DIT Compute Steps 3 steps, Scheduler 0.01 seconds
[36m(RolloutGroup(rank=1) pid=4057636)[0m language is None, reset current_start_frame to 0
[36m(RolloutGroup(rank=1) pid=4057636)[0m videos shape torch.Size([8, 3, 4, 160, 320]) 33
[36m(RolloutGroup(rank=3) pid=4057642)[0m Time taken: Total 2.47 seconds, Text Encoder 0.62 seconds, Image Encoder 0.54 seconds, VAE 0.00 seconds, KV Cache Creation 0.28 seconds, Diffusion 1.02 seconds, DIT Compute Steps 3 steps, Scheduler 0.01 seconds
[36m(RolloutGroup(rank=3) pid=4057642)[0m language is None, reset current_start_frame to 0
[36m(RolloutGroup(rank=3) pid=4057642)[0m videos shape torch.Size([8, 3, 4, 160, 320]) 33
[36m(RolloutGroup(rank=2) pid=4057637)[0m Time taken: Total 2.47 seconds, Text Encoder 0.62 seconds, Image Encoder 0.54 seconds, VAE 0.00 seconds, KV Cache Creation 0.28 seconds, Diffusion 1.02 seconds, DIT Compute Steps 3 steps, Scheduler 0.01 seconds
[36m(RolloutGroup(rank=2) pid=4057637)[0m language is None, reset current_start_frame to 0
[36m(RolloutGroup(rank=2) pid=4057637)[0m videos shape torch.Size([8, 3, 4, 160, 320]) 33
[36m(RolloutGroup(rank=0) pid=4057629)[0m Time taken: Total 2.47 seconds, Text Encoder 0.62 seconds, Image Encoder 0.54 seconds, VAE 0.00 seconds, KV Cache Creation 0.28 seconds, Diffusion 1.02 seconds, DIT Compute Steps 3 steps, Scheduler 0.01 seconds
[36m(RolloutGroup(rank=0) pid=4057629)[0m language is None, reset current_start_frame to 0
[36m(RolloutGroup(rank=0) pid=4057629)[0m videos shape torch.Size([8, 3, 4, 160, 320]) 33
[36m(RolloutGroup(rank=1) pid=4057636)[0m Time taken: Total 2.47 seconds, Text Encoder 0.62 seconds, Image Encoder 0.54 seconds, VAE 0.00 seconds, KV Cache Creation 0.28 seconds, Diffusion 1.02 seconds, DIT Compute Steps 3 steps, Scheduler 0.01 seconds
[36m(RolloutGroup(rank=1) pid=4057636)[0m language is None, reset current_start_frame to 0
[36m(RolloutGroup(rank=1) pid=4057636)[0m videos shape torch.Size([8, 3, 4, 160, 320]) 33
[36m(RolloutGroup(rank=3) pid=4057642)[0m Time taken: Total 2.47 seconds, Text Encoder 0.62 seconds, Image Encoder 0.54 seconds, VAE 0.00 seconds, KV Cache Creation 0.28 seconds, Diffusion 1.02 seconds, DIT Compute Steps 3 steps, Scheduler 0.01 seconds
[36m(RolloutGroup(rank=3) pid=4057642)[0m language is None, reset current_start_frame to 0
[36m(RolloutGroup(rank=3) pid=4057642)[0m videos shape torch.Size([8, 3, 4, 160, 320]) 33
[36m(RolloutGroup(rank=2) pid=4057637)[0m Time taken: Total 2.47 seconds, Text Encoder 0.62 seconds, Image Encoder 0.54 seconds, VAE 0.00 seconds, KV Cache Creation 0.28 seconds, Diffusion 1.02 seconds, DIT Compute Steps 3 steps, Scheduler 0.01 seconds
[36m(RolloutGroup(rank=2) pid=4057637)[0m language is None, reset current_start_frame to 0
[36m(RolloutGroup(rank=2) pid=4057637)[0m videos shape torch.Size([8, 3, 4, 160, 320]) 33
[36m(RolloutGroup(rank=0) pid=4057629)[0m Time taken: Total 2.46 seconds, Text Encoder 0.62 seconds, Image Encoder 0.54 seconds, VAE 0.00 seconds, KV Cache Creation 0.28 seconds, Diffusion 1.01 seconds, DIT Compute Steps 3 steps, Scheduler 0.01 seconds
[36m(RolloutGroup(rank=0) pid=4057629)[0m language is None, reset current_start_frame to 0
[36m(RolloutGroup(rank=0) pid=4057629)[0m videos shape torch.Size([8, 3, 4, 160, 320]) 33
[36m(RolloutGroup(rank=1) pid=4057636)[0m Time taken: Total 2.46 seconds, Text Encoder 0.62 seconds, Image Encoder 0.54 seconds, VAE 0.00 seconds, KV Cache Creation 0.28 seconds, Diffusion 1.01 seconds, DIT Compute Steps 3 steps, Scheduler 0.01 seconds
[36m(RolloutGroup(rank=1) pid=4057636)[0m language is None, reset current_start_frame to 0
[36m(RolloutGroup(rank=1) pid=4057636)[0m videos shape torch.Size([8, 3, 4, 160, 320]) 33
[36m(RolloutGroup(rank=3) pid=4057642)[0m Time taken: Total 2.47 seconds, Text Encoder 0.62 seconds, Image Encoder 0.54 seconds, VAE 0.00 seconds, KV Cache Creation 0.28 seconds, Diffusion 1.02 seconds, DIT Compute Steps 3 steps, Scheduler 0.01 seconds
[36m(RolloutGroup(rank=3) pid=4057642)[0m language is None, reset current_start_frame to 0
[36m(RolloutGroup(rank=3) pid=4057642)[0m videos shape torch.Size([8, 3, 4, 160, 320]) 33
[36m(RolloutGroup(rank=2) pid=4057637)[0m Time taken: Total 2.47 seconds, Text Encoder 0.62 seconds, Image Encoder 0.54 seconds, VAE 0.00 seconds, KV Cache Creation 0.28 seconds, Diffusion 1.02 seconds, DIT Compute Steps 3 steps, Scheduler 0.01 seconds
[36m(RolloutGroup(rank=2) pid=4057637)[0m language is None, reset current_start_frame to 0
[36m(RolloutGroup(rank=2) pid=4057637)[0m videos shape torch.Size([8, 3, 4, 160, 320]) 33
[36m(RolloutGroup(rank=0) pid=4057629)[0m Time taken: Total 2.46 seconds, Text Encoder 0.62 seconds, Image Encoder 0.54 seconds, VAE 0.00 seconds, KV Cache Creation 0.28 seconds, Diffusion 1.01 seconds, DIT Compute Steps 3 steps, Scheduler 0.01 seconds
[36m(RolloutGroup(rank=0) pid=4057629)[0m language is None, reset current_start_frame to 0
[36m(RolloutGroup(rank=0) pid=4057629)[0m videos shape torch.Size([8, 3, 4, 160, 320]) 33
[36m(RolloutGroup(rank=1) pid=4057636)[0m Time taken: Total 2.46 seconds, Text Encoder 0.62 seconds, Image Encoder 0.54 seconds, VAE 0.00 seconds, KV Cache Creation 0.28 seconds, Diffusion 1.01 seconds, DIT Compute Steps 3 steps, Scheduler 0.01 seconds
[36m(RolloutGroup(rank=1) pid=4057636)[0m language is None, reset current_start_frame to 0
[36m(RolloutGroup(rank=1) pid=4057636)[0m videos shape torch.Size([8, 3, 4, 160, 320]) 33
[36m(RolloutGroup(rank=3) pid=4057642)[0m Time taken: Total 2.47 seconds, Text Encoder 0.62 seconds, Image Encoder 0.54 seconds, VAE 0.00 seconds, KV Cache Creation 0.28 seconds, Diffusion 1.02 seconds, DIT Compute Steps 3 steps, Scheduler 0.01 seconds
[36m(RolloutGroup(rank=3) pid=4057642)[0m language is None, reset current_start_frame to 0
[36m(RolloutGroup(rank=3) pid=4057642)[0m videos shape torch.Size([8, 3, 4, 160, 320]) 33
[36m(RolloutGroup(rank=2) pid=4057637)[0m Time taken: Total 2.47 seconds, Text Encoder 0.62 seconds, Image Encoder 0.54 seconds, VAE 0.00 seconds, KV Cache Creation 0.28 seconds, Diffusion 1.02 seconds, DIT Compute Steps 3 steps, Scheduler 0.01 seconds
[36m(RolloutGroup(rank=2) pid=4057637)[0m language is None, reset current_start_frame to 0
[36m(RolloutGroup(rank=2) pid=4057637)[0m videos shape torch.Size([8, 3, 4, 160, 320]) 33
[36m(RolloutGroup(rank=0) pid=4057629)[0m Time taken: Total 2.46 seconds, Text Encoder 0.62 seconds, Image Encoder 0.54 seconds, VAE 0.00 seconds, KV Cache Creation 0.28 seconds, Diffusion 1.01 seconds, DIT Compute Steps 3 steps, Scheduler 0.01 seconds
[36m(RolloutGroup(rank=0) pid=4057629)[0m language is None, reset current_start_frame to 0
[36m(RolloutGroup(rank=0) pid=4057629)[0m videos shape torch.Size([8, 3, 4, 160, 320]) 33
[36m(RolloutGroup(rank=1) pid=4057636)[0m Time taken: Total 2.46 seconds, Text Encoder 0.62 seconds, Image Encoder 0.54 seconds, VAE 0.00 seconds, KV Cache Creation 0.28 seconds, Diffusion 1.01 seconds, DIT Compute Steps 3 steps, Scheduler 0.01 seconds
[36m(RolloutGroup(rank=1) pid=4057636)[0m language is None, reset current_start_frame to 0
[36m(RolloutGroup(rank=1) pid=4057636)[0m videos shape torch.Size([8, 3, 4, 160, 320]) 33
[36m(RolloutGroup(rank=3) pid=4057642)[0m Time taken: Total 2.47 seconds, Text Encoder 0.62 seconds, Image Encoder 0.54 seconds, VAE 0.00 seconds, KV Cache Creation 0.28 seconds, Diffusion 1.02 seconds, DIT Compute Steps 3 steps, Scheduler 0.01 seconds
[36m(RolloutGroup(rank=3) pid=4057642)[0m language is None, reset current_start_frame to 0
[36m(RolloutGroup(rank=3) pid=4057642)[0m videos shape torch.Size([8, 3, 4, 160, 320]) 33
[36m(RolloutGroup(rank=2) pid=4057637)[0m Time taken: Total 2.47 seconds, Text Encoder 0.62 seconds, Image Encoder 0.54 seconds, VAE 0.00 seconds, KV Cache Creation 0.28 seconds, Diffusion 1.02 seconds, DIT Compute Steps 3 steps, Scheduler 0.01 seconds
[36m(RolloutGroup(rank=0) pid=4057629)[0m Time taken: Total 2.46 seconds, Text Encoder 0.62 seconds, Image Encoder 0.54 seconds, VAE 0.00 seconds, KV Cache Creation 0.28 seconds, Diffusion 1.01 seconds, DIT Compute Steps 3 steps, Scheduler 0.01 seconds
[36m(RolloutGroup(rank=2) pid=4057637)[0m language is None, reset current_start_frame to 0
[36m(RolloutGroup(rank=2) pid=4057637)[0m videos shape torch.Size([8, 3, 4, 160, 320]) 33
[36m(RolloutGroup(rank=1) pid=4057636)[0m Time taken: Total 2.49 seconds, Text Encoder 0.62 seconds, Image Encoder 0.54 seconds, VAE 0.00 seconds, KV Cache Creation 0.28 seconds, Diffusion 1.04 seconds, DIT Compute Steps 3 steps, Scheduler 0.01 seconds
[36m(RolloutGroup(rank=0) pid=4057629)[0m language is None, reset current_start_frame to 0
[36m(RolloutGroup(rank=0) pid=4057629)[0m videos shape torch.Size([8, 3, 4, 160, 320]) 33
[36m(RolloutGroup(rank=1) pid=4057636)[0m language is None, reset current_start_frame to 0
[36m(RolloutGroup(rank=1) pid=4057636)[0m videos shape torch.Size([8, 3, 4, 160, 320]) 33
[36m(RolloutGroup(rank=3) pid=4057642)[0m Time taken: Total 2.48 seconds, Text Encoder 0.62 seconds, Image Encoder 0.55 seconds, VAE 0.00 seconds, KV Cache Creation 0.28 seconds, Diffusion 1.02 seconds, DIT Compute Steps 3 steps, Scheduler 0.01 seconds
[36m(RolloutGroup(rank=3) pid=4057642)[0m language is None, reset current_start_frame to 0
[36m(RolloutGroup(rank=3) pid=4057642)[0m videos shape torch.Size([8, 3, 4, 160, 320]) 33
[36m(RolloutGroup(rank=2) pid=4057637)[0m Time taken: Total 2.47 seconds, Text Encoder 0.62 seconds, Image Encoder 0.54 seconds, VAE 0.00 seconds, KV Cache Creation 0.28 seconds, Diffusion 1.02 seconds, DIT Compute Steps 3 steps, Scheduler 0.01 seconds
[36m(RolloutGroup(rank=2) pid=4057637)[0m language is None, reset current_start_frame to 0
[36m(RolloutGroup(rank=2) pid=4057637)[0m videos shape torch.Size([8, 3, 4, 160, 320]) 33
[36m(RolloutGroup(rank=0) pid=4057629)[0m Time taken: Total 2.47 seconds, Text Encoder 0.62 seconds, Image Encoder 0.54 seconds, VAE 0.00 seconds, KV Cache Creation 0.28 seconds, Diffusion 1.02 seconds, DIT Compute Steps 3 steps, Scheduler 0.01 seconds
[36m(RolloutGroup(rank=0) pid=4057629)[0m language is None, reset current_start_frame to 0
[36m(RolloutGroup(rank=0) pid=4057629)[0m videos shape torch.Size([8, 3, 4, 160, 320]) 33
[36m(RolloutGroup(rank=1) pid=4057636)[0m Time taken: Total 2.47 seconds, Text Encoder 0.62 seconds, Image Encoder 0.54 seconds, VAE 0.00 seconds, KV Cache Creation 0.28 seconds, Diffusion 1.02 seconds, DIT Compute Steps 3 steps, Scheduler 0.01 seconds
[36m(RolloutGroup(rank=1) pid=4057636)[0m language is None, reset current_start_frame to 0
[36m(RolloutGroup(rank=1) pid=4057636)[0m videos shape torch.Size([8, 3, 4, 160, 320]) 33
[36m(RolloutGroup(rank=3) pid=4057642)[0m Time taken: Total 2.47 seconds, Text Encoder 0.62 seconds, Image Encoder 0.54 seconds, VAE 0.00 seconds, KV Cache Creation 0.28 seconds, Diffusion 1.02 seconds, DIT Compute Steps 3 steps, Scheduler 0.01 seconds
[36m(RolloutGroup(rank=3) pid=4057642)[0m language is None, reset current_start_frame to 0
[36m(RolloutGroup(rank=3) pid=4057642)[0m videos shape torch.Size([8, 3, 4, 160, 320]) 33
[36m(RolloutGroup(rank=2) pid=4057637)[0m Time taken: Total 2.47 seconds, Text Encoder 0.62 seconds, Image Encoder 0.54 seconds, VAE 0.00 seconds, KV Cache Creation 0.28 seconds, Diffusion 1.02 seconds, DIT Compute Steps 3 steps, Scheduler 0.01 seconds
[36m(RolloutGroup(rank=2) pid=4057637)[0m language is None, reset current_start_frame to 0
[36m(RolloutGroup(rank=2) pid=4057637)[0m videos shape torch.Size([8, 3, 4, 160, 320]) 33
[36m(RolloutGroup(rank=0) pid=4057629)[0m Time taken: Total 2.47 seconds, Text Encoder 0.62 seconds, Image Encoder 0.54 seconds, VAE 0.00 seconds, KV Cache Creation 0.28 seconds, Diffusion 1.02 seconds, DIT Compute Steps 3 steps, Scheduler 0.01 seconds
[36m(RolloutGroup(rank=0) pid=4057629)[0m language is None, reset current_start_frame to 0
[36m(RolloutGroup(rank=0) pid=4057629)[0m videos shape torch.Size([8, 3, 4, 160, 320]) 33
[36m(RolloutGroup(rank=1) pid=4057636)[0m Time taken: Total 2.46 seconds, Text Encoder 0.62 seconds, Image Encoder 0.54 seconds, VAE 0.00 seconds, KV Cache Creation 0.28 seconds, Diffusion 1.01 seconds, DIT Compute Steps 3 steps, Scheduler 0.01 seconds
[36m(RolloutGroup(rank=1) pid=4057636)[0m language is None, reset current_start_frame to 0
[36m(RolloutGroup(rank=1) pid=4057636)[0m videos shape torch.Size([8, 3, 4, 160, 320]) 33
[36m(RolloutGroup(rank=3) pid=4057642)[0m Time taken: Total 2.47 seconds, Text Encoder 0.62 seconds, Image Encoder 0.54 seconds, VAE 0.00 seconds, KV Cache Creation 0.28 seconds, Diffusion 1.02 seconds, DIT Compute Steps 3 steps, Scheduler 0.01 seconds
[36m(RolloutGroup(rank=3) pid=4057642)[0m language is None, reset current_start_frame to 0
[36m(RolloutGroup(rank=3) pid=4057642)[0m videos shape torch.Size([8, 3, 4, 160, 320]) 33
[36m(RolloutGroup(rank=2) pid=4057637)[0m Time taken: Total 2.47 seconds, Text Encoder 0.62 seconds, Image Encoder 0.54 seconds, VAE 0.00 seconds, KV Cache Creation 0.28 seconds, Diffusion 1.02 seconds, DIT Compute Steps 3 steps, Scheduler 0.01 seconds
[36m(RolloutGroup(rank=2) pid=4057637)[0m language is None, reset current_start_frame to 0
[36m(RolloutGroup(rank=2) pid=4057637)[0m videos shape torch.Size([8, 3, 4, 160, 320]) 33
[36m(RolloutGroup(rank=0) pid=4057629)[0m Time taken: Total 2.47 seconds, Text Encoder 0.62 seconds, Image Encoder 0.54 seconds, VAE 0.00 seconds, KV Cache Creation 0.28 seconds, Diffusion 1.02 seconds, DIT Compute Steps 3 steps, Scheduler 0.01 seconds
[36m(RolloutGroup(rank=0) pid=4057629)[0m language is None, reset current_start_frame to 0
[36m(RolloutGroup(rank=0) pid=4057629)[0m videos shape torch.Size([8, 3, 4, 160, 320]) 33
[36m(RolloutGroup(rank=1) pid=4057636)[0m Time taken: Total 2.46 seconds, Text Encoder 0.62 seconds, Image Encoder 0.54 seconds, VAE 0.00 seconds, KV Cache Creation 0.28 seconds, Diffusion 1.01 seconds, DIT Compute Steps 3 steps, Scheduler 0.01 seconds
[36m(RolloutGroup(rank=1) pid=4057636)[0m language is None, reset current_start_frame to 0
[36m(RolloutGroup(rank=1) pid=4057636)[0m videos shape torch.Size([8, 3, 4, 160, 320]) 33
[36m(RolloutGroup(rank=3) pid=4057642)[0m Time taken: Total 2.47 seconds, Text Encoder 0.62 seconds, Image Encoder 0.54 seconds, VAE 0.00 seconds, KV Cache Creation 0.28 seconds, Diffusion 1.01 seconds, DIT Compute Steps 3 steps, Scheduler 0.01 seconds
[36m(RolloutGroup(rank=3) pid=4057642)[0m language is None, reset current_start_frame to 0
[36m(RolloutGroup(rank=3) pid=4057642)[0m videos shape torch.Size([8, 3, 4, 160, 320]) 33
[36m(RolloutGroup(rank=2) pid=4057637)[0m Time taken: Total 2.47 seconds, Text Encoder 0.62 seconds, Image Encoder 0.54 seconds, VAE 0.00 seconds, KV Cache Creation 0.28 seconds, Diffusion 1.02 seconds, DIT Compute Steps 3 steps, Scheduler 0.01 seconds
[36m(RolloutGroup(rank=2) pid=4057637)[0m language is None, reset current_start_frame to 0
[36m(RolloutGroup(rank=2) pid=4057637)[0m videos shape torch.Size([8, 3, 4, 160, 320]) 33
[36m(RolloutGroup(rank=0) pid=4057629)[0m Time taken: Total 2.47 seconds, Text Encoder 0.62 seconds, Image Encoder 0.54 seconds, VAE 0.00 seconds, KV Cache Creation 0.28 seconds, Diffusion 1.01 seconds, DIT Compute Steps 3 steps, Scheduler 0.01 seconds
[36m(RolloutGroup(rank=0) pid=4057629)[0m language is None, reset current_start_frame to 0
[36m(RolloutGroup(rank=0) pid=4057629)[0m videos shape torch.Size([8, 3, 4, 160, 320]) 33
[36m(RolloutGroup(rank=1) pid=4057636)[0m Time taken: Total 2.46 seconds, Text Encoder 0.62 seconds, Image Encoder 0.54 seconds, VAE 0.00 seconds, KV Cache Creation 0.28 seconds, Diffusion 1.01 seconds, DIT Compute Steps 3 steps, Scheduler 0.01 seconds
[36m(RolloutGroup(rank=1) pid=4057636)[0m language is None, reset current_start_frame to 0
[36m(RolloutGroup(rank=1) pid=4057636)[0m videos shape torch.Size([8, 3, 4, 160, 320]) 33
[36m(RolloutGroup(rank=3) pid=4057642)[0m Time taken: Total 2.47 seconds, Text Encoder 0.62 seconds, Image Encoder 0.54 seconds, VAE 0.00 seconds, KV Cache Creation 0.28 seconds, Diffusion 1.01 seconds, DIT Compute Steps 3 steps, Scheduler 0.01 seconds
[36m(RolloutGroup(rank=3) pid=4057642)[0m language is None, reset current_start_frame to 0
[36m(RolloutGroup(rank=3) pid=4057642)[0m videos shape torch.Size([8, 3, 4, 160, 320]) 33
[36m(RolloutGroup(rank=2) pid=4057637)[0m Time taken: Total 2.47 seconds, Text Encoder 0.62 seconds, Image Encoder 0.54 seconds, VAE 0.00 seconds, KV Cache Creation 0.28 seconds, Diffusion 1.02 seconds, DIT Compute Steps 3 steps, Scheduler 0.01 seconds
[36m(RolloutGroup(rank=2) pid=4057637)[0m language is None, reset current_start_frame to 0
[36m(RolloutGroup(rank=2) pid=4057637)[0m videos shape torch.Size([8, 3, 4, 160, 320]) 33
[36m(RolloutGroup(rank=0) pid=4057629)[0m Time taken: Total 2.46 seconds, Text Encoder 0.62 seconds, Image Encoder 0.54 seconds, VAE 0.00 seconds, KV Cache Creation 0.28 seconds, Diffusion 1.01 seconds, DIT Compute Steps 3 steps, Scheduler 0.01 seconds
[36m(RolloutGroup(rank=0) pid=4057629)[0m language is None, reset current_start_frame to 0
[36m(RolloutGroup(rank=0) pid=4057629)[0m videos shape torch.Size([8, 3, 4, 160, 320]) 33
[36m(RolloutGroup(rank=1) pid=4057636)[0m Time taken: Total 2.46 seconds, Text Encoder 0.62 seconds, Image Encoder 0.54 seconds, VAE 0.00 seconds, KV Cache Creation 0.28 seconds, Diffusion 1.01 seconds, DIT Compute Steps 3 steps, Scheduler 0.01 seconds
[36m(RolloutGroup(rank=1) pid=4057636)[0m language is None, reset current_start_frame to 0
[36m(RolloutGroup(rank=1) pid=4057636)[0m videos shape torch.Size([8, 3, 4, 160, 320]) 33
[36m(RolloutGroup(rank=3) pid=4057642)[0m Time taken: Total 2.48 seconds, Text Encoder 0.62 seconds, Image Encoder 0.55 seconds, VAE 0.00 seconds, KV Cache Creation 0.28 seconds, Diffusion 1.02 seconds, DIT Compute Steps 3 steps, Scheduler 0.01 seconds
[36m(RolloutGroup(rank=3) pid=4057642)[0m language is None, reset current_start_frame to 0
[36m(RolloutGroup(rank=3) pid=4057642)[0m videos shape torch.Size([8, 3, 4, 160, 320]) 33
[36m(RolloutGroup(rank=2) pid=4057637)[0m Time taken: Total 2.47 seconds, Text Encoder 0.62 seconds, Image Encoder 0.54 seconds, VAE 0.00 seconds, KV Cache Creation 0.28 seconds, Diffusion 1.02 seconds, DIT Compute Steps 3 steps, Scheduler 0.01 seconds
[36m(RolloutGroup(rank=2) pid=4057637)[0m language is None, reset current_start_frame to 0
[36m(RolloutGroup(rank=2) pid=4057637)[0m videos shape torch.Size([8, 3, 4, 160, 320]) 33
[36m(RolloutGroup(rank=0) pid=4057629)[0m Time taken: Total 2.46 seconds, Text Encoder 0.62 seconds, Image Encoder 0.54 seconds, VAE 0.00 seconds, KV Cache Creation 0.28 seconds, Diffusion 1.01 seconds, DIT Compute Steps 3 steps, Scheduler 0.01 seconds
[36m(RolloutGroup(rank=0) pid=4057629)[0m language is None, reset current_start_frame to 0
[36m(RolloutGroup(rank=0) pid=4057629)[0m videos shape torch.Size([8, 3, 4, 160, 320]) 33
[36m(RolloutGroup(rank=1) pid=4057636)[0m Time taken: Total 2.46 seconds, Text Encoder 0.62 seconds, Image Encoder 0.54 seconds, VAE 0.00 seconds, KV Cache Creation 0.28 seconds, Diffusion 1.01 seconds, DIT Compute Steps 3 steps, Scheduler 0.01 seconds
[36m(RolloutGroup(rank=1) pid=4057636)[0m language is None, reset current_start_frame to 0
[36m(RolloutGroup(rank=1) pid=4057636)[0m videos shape torch.Size([8, 3, 4, 160, 320]) 33
[36m(RolloutGroup(rank=3) pid=4057642)[0m Time taken: Total 2.48 seconds, Text Encoder 0.62 seconds, Image Encoder 0.54 seconds, VAE 0.00 seconds, KV Cache Creation 0.28 seconds, Diffusion 1.02 seconds, DIT Compute Steps 3 steps, Scheduler 0.01 seconds
[36m(RolloutGroup(rank=3) pid=4057642)[0m language is None, reset current_start_frame to 0
[36m(RolloutGroup(rank=3) pid=4057642)[0m videos shape torch.Size([8, 3, 4, 160, 320]) 33
[36m(RolloutGroup(rank=2) pid=4057637)[0m Time taken: Total 2.47 seconds, Text Encoder 0.62 seconds, Image Encoder 0.54 seconds, VAE 0.00 seconds, KV Cache Creation 0.28 seconds, Diffusion 1.02 seconds, DIT Compute Steps 3 steps, Scheduler 0.01 seconds
[36m(RolloutGroup(rank=2) pid=4057637)[0m language is None, reset current_start_frame to 0
[36m(RolloutGroup(rank=2) pid=4057637)[0m videos shape torch.Size([8, 3, 4, 160, 320]) 33
[36m(RolloutGroup(rank=0) pid=4057629)[0m Time taken: Total 2.47 seconds, Text Encoder 0.62 seconds, Image Encoder 0.54 seconds, VAE 0.00 seconds, KV Cache Creation 0.28 seconds, Diffusion 1.02 seconds, DIT Compute Steps 3 steps, Scheduler 0.01 seconds
[36m(RolloutGroup(rank=0) pid=4057629)[0m language is None, reset current_start_frame to 0
[36m(RolloutGroup(rank=0) pid=4057629)[0m videos shape torch.Size([8, 3, 4, 160, 320]) 33
[36m(RolloutGroup(rank=1) pid=4057636)[0m Time taken: Total 2.46 seconds, Text Encoder 0.62 seconds, Image Encoder 0.54 seconds, VAE 0.00 seconds, KV Cache Creation 0.28 seconds, Diffusion 1.01 seconds, DIT Compute Steps 3 steps, Scheduler 0.01 seconds
[36m(RolloutGroup(rank=1) pid=4057636)[0m language is None, reset current_start_frame to 0
[36m(RolloutGroup(rank=1) pid=4057636)[0m videos shape torch.Size([8, 3, 4, 160, 320]) 33
[36m(RolloutGroup(rank=3) pid=4057642)[0m Time taken: Total 2.48 seconds, Text Encoder 0.62 seconds, Image Encoder 0.54 seconds, VAE 0.00 seconds, KV Cache Creation 0.28 seconds, Diffusion 1.02 seconds, DIT Compute Steps 3 steps, Scheduler 0.01 seconds
[36m(RolloutGroup(rank=3) pid=4057642)[0m language is None, reset current_start_frame to 0
[36m(RolloutGroup(rank=3) pid=4057642)[0m videos shape torch.Size([8, 3, 4, 160, 320]) 33
[36m(RolloutGroup(rank=2) pid=4057637)[0m Time taken: Total 2.47 seconds, Text Encoder 0.62 seconds, Image Encoder 0.54 seconds, VAE 0.00 seconds, KV Cache Creation 0.28 seconds, Diffusion 1.02 seconds, DIT Compute Steps 3 steps, Scheduler 0.01 seconds
[36m(RolloutGroup(rank=2) pid=4057637)[0m language is None, reset current_start_frame to 0
[36m(RolloutGroup(rank=2) pid=4057637)[0m videos shape torch.Size([8, 3, 4, 160, 320]) 33
[36m(RolloutGroup(rank=0) pid=4057629)[0m Time taken: Total 2.47 seconds, Text Encoder 0.62 seconds, Image Encoder 0.54 seconds, VAE 0.00 seconds, KV Cache Creation 0.28 seconds, Diffusion 1.02 seconds, DIT Compute Steps 3 steps, Scheduler 0.01 seconds
[36m(RolloutGroup(rank=0) pid=4057629)[0m language is None, reset current_start_frame to 0
[36m(RolloutGroup(rank=0) pid=4057629)[0m videos shape torch.Size([8, 3, 4, 160, 320]) 33
[36m(RolloutGroup(rank=1) pid=4057636)[0m Time taken: Total 2.46 seconds, Text Encoder 0.62 seconds, Image Encoder 0.54 seconds, VAE 0.00 seconds, KV Cache Creation 0.28 seconds, Diffusion 1.01 seconds, DIT Compute Steps 3 steps, Scheduler 0.01 seconds
[36m(RolloutGroup(rank=1) pid=4057636)[0m language is None, reset current_start_frame to 0
[36m(RolloutGroup(rank=1) pid=4057636)[0m videos shape torch.Size([8, 3, 4, 160, 320]) 33
[36m(RolloutGroup(rank=3) pid=4057642)[0m Time taken: Total 2.48 seconds, Text Encoder 0.62 seconds, Image Encoder 0.55 seconds, VAE 0.00 seconds, KV Cache Creation 0.28 seconds, Diffusion 1.02 seconds, DIT Compute Steps 3 steps, Scheduler 0.01 seconds
[36m(RolloutGroup(rank=3) pid=4057642)[0m language is None, reset current_start_frame to 0
[36m(RolloutGroup(rank=3) pid=4057642)[0m videos shape torch.Size([8, 3, 4, 160, 320]) 33
[36m(RolloutGroup(rank=2) pid=4057637)[0m Time taken: Total 2.47 seconds, Text Encoder 0.62 seconds, Image Encoder 0.54 seconds, VAE 0.00 seconds, KV Cache Creation 0.28 seconds, Diffusion 1.02 seconds, DIT Compute Steps 3 steps, Scheduler 0.01 seconds
[36m(RolloutGroup(rank=2) pid=4057637)[0m language is None, reset current_start_frame to 0
[36m(RolloutGroup(rank=2) pid=4057637)[0m videos shape torch.Size([8, 3, 4, 160, 320]) 33
[36m(RolloutGroup(rank=0) pid=4057629)[0m Time taken: Total 2.47 seconds, Text Encoder 0.62 seconds, Image Encoder 0.54 seconds, VAE 0.00 seconds, KV Cache Creation 0.28 seconds, Diffusion 1.02 seconds, DIT Compute Steps 3 steps, Scheduler 0.01 seconds
[36m(RolloutGroup(rank=0) pid=4057629)[0m language is None, reset current_start_frame to 0
[36m(RolloutGroup(rank=0) pid=4057629)[0m videos shape torch.Size([8, 3, 4, 160, 320]) 33
[36m(RolloutGroup(rank=1) pid=4057636)[0m Time taken: Total 2.46 seconds, Text Encoder 0.62 seconds, Image Encoder 0.54 seconds, VAE 0.00 seconds, KV Cache Creation 0.28 seconds, Diffusion 1.01 seconds, DIT Compute Steps 3 steps, Scheduler 0.01 seconds
[36m(RolloutGroup(rank=1) pid=4057636)[0m language is None, reset current_start_frame to 0
[36m(RolloutGroup(rank=1) pid=4057636)[0m videos shape torch.Size([8, 3, 4, 160, 320]) 33
[36m(RolloutGroup(rank=3) pid=4057642)[0m Time taken: Total 2.47 seconds, Text Encoder 0.62 seconds, Image Encoder 0.55 seconds, VAE 0.00 seconds, KV Cache Creation 0.28 seconds, Diffusion 1.02 seconds, DIT Compute Steps 3 steps, Scheduler 0.01 seconds
[36m(RolloutGroup(rank=3) pid=4057642)[0m language is None, reset current_start_frame to 0
[36m(RolloutGroup(rank=3) pid=4057642)[0m videos shape torch.Size([8, 3, 4, 160, 320]) 33
[36m(RolloutGroup(rank=2) pid=4057637)[0m Time taken: Total 2.47 seconds, Text Encoder 0.62 seconds, Image Encoder 0.54 seconds, VAE 0.00 seconds, KV Cache Creation 0.28 seconds, Diffusion 1.02 seconds, DIT Compute Steps 3 steps, Scheduler 0.01 seconds
[36m(RolloutGroup(rank=0) pid=4057629)[0m Time taken: Total 2.47 seconds, Text Encoder 0.62 seconds, Image Encoder 0.54 seconds, VAE 0.00 seconds, KV Cache Creation 0.28 seconds, Diffusion 1.02 seconds, DIT Compute Steps 3 steps, Scheduler 0.01 seconds
[36m(RolloutGroup(rank=2) pid=4057637)[0m language is None, reset current_start_frame to 0
[36m(RolloutGroup(rank=2) pid=4057637)[0m videos shape torch.Size([8, 3, 4, 160, 320]) 33
[36m(RolloutGroup(rank=1) pid=4057636)[0m Time taken: Total 2.46 seconds, Text Encoder 0.62 seconds, Image Encoder 0.54 seconds, VAE 0.00 seconds, KV Cache Creation 0.27 seconds, Diffusion 1.02 seconds, DIT Compute Steps 3 steps, Scheduler 0.01 seconds
[36m(RolloutGroup(rank=0) pid=4057629)[0m language is None, reset current_start_frame to 0
[36m(RolloutGroup(rank=0) pid=4057629)[0m videos shape torch.Size([8, 3, 4, 160, 320]) 33
[36m(RolloutGroup(rank=1) pid=4057636)[0m language is None, reset current_start_frame to 0
[36m(RolloutGroup(rank=1) pid=4057636)[0m videos shape torch.Size([8, 3, 4, 160, 320]) 33
[36m(RolloutGroup(rank=3) pid=4057642)[0m Time taken: Total 2.47 seconds, Text Encoder 0.62 seconds, Image Encoder 0.55 seconds, VAE 0.00 seconds, KV Cache Creation 0.28 seconds, Diffusion 1.02 seconds, DIT Compute Steps 3 steps, Scheduler 0.01 seconds
[36m(RolloutGroup(rank=3) pid=4057642)[0m language is None, reset current_start_frame to 0
[36m(RolloutGroup(rank=3) pid=4057642)[0m videos shape torch.Size([8, 3, 4, 160, 320]) 33
[36m(RolloutGroup(rank=2) pid=4057637)[0m Time taken: Total 2.47 seconds, Text Encoder 0.62 seconds, Image Encoder 0.54 seconds, VAE 0.00 seconds, KV Cache Creation 0.28 seconds, Diffusion 1.02 seconds, DIT Compute Steps 3 steps, Scheduler 0.01 seconds
[36m(RolloutGroup(rank=2) pid=4057637)[0m language is None, reset current_start_frame to 0
[36m(RolloutGroup(rank=2) pid=4057637)[0m videos shape torch.Size([8, 3, 4, 160, 320]) 33
[36m(RolloutGroup(rank=0) pid=4057629)[0m Time taken: Total 2.47 seconds, Text Encoder 0.62 seconds, Image Encoder 0.54 seconds, VAE 0.00 seconds, KV Cache Creation 0.28 seconds, Diffusion 1.02 seconds, DIT Compute Steps 3 steps, Scheduler 0.01 seconds
[36m(RolloutGroup(rank=0) pid=4057629)[0m language is None, reset current_start_frame to 0
[36m(RolloutGroup(rank=0) pid=4057629)[0m videos shape torch.Size([8, 3, 4, 160, 320]) 33
[36m(RolloutGroup(rank=1) pid=4057636)[0m Time taken: Total 2.47 seconds, Text Encoder 0.62 seconds, Image Encoder 0.54 seconds, VAE 0.00 seconds, KV Cache Creation 0.28 seconds, Diffusion 1.02 seconds, DIT Compute Steps 3 steps, Scheduler 0.01 seconds
[36m(RolloutGroup(rank=1) pid=4057636)[0m language is None, reset current_start_frame to 0
[36m(RolloutGroup(rank=1) pid=4057636)[0m videos shape torch.Size([8, 3, 4, 160, 320]) 33
[36m(RolloutGroup(rank=3) pid=4057642)[0m Time taken: Total 2.47 seconds, Text Encoder 0.62 seconds, Image Encoder 0.54 seconds, VAE 0.00 seconds, KV Cache Creation 0.28 seconds, Diffusion 1.02 seconds, DIT Compute Steps 3 steps, Scheduler 0.01 seconds
[36m(RolloutGroup(rank=3) pid=4057642)[0m language is None, reset current_start_frame to 0
[36m(RolloutGroup(rank=3) pid=4057642)[0m videos shape torch.Size([8, 3, 4, 160, 320]) 33
[36m(RolloutGroup(rank=2) pid=4057637)[0m Time taken: Total 2.47 seconds, Text Encoder 0.62 seconds, Image Encoder 0.54 seconds, VAE 0.00 seconds, KV Cache Creation 0.28 seconds, Diffusion 1.02 seconds, DIT Compute Steps 3 steps, Scheduler 0.01 seconds
[36m(RolloutGroup(rank=2) pid=4057637)[0m language is None, reset current_start_frame to 0
[36m(RolloutGroup(rank=2) pid=4057637)[0m videos shape torch.Size([8, 3, 4, 160, 320]) 33
[36m(RolloutGroup(rank=0) pid=4057629)[0m Time taken: Total 2.47 seconds, Text Encoder 0.62 seconds, Image Encoder 0.54 seconds, VAE 0.00 seconds, KV Cache Creation 0.28 seconds, Diffusion 1.01 seconds, DIT Compute Steps 3 steps, Scheduler 0.01 seconds
[36m(RolloutGroup(rank=0) pid=4057629)[0m language is None, reset current_start_frame to 0
[36m(RolloutGroup(rank=0) pid=4057629)[0m videos shape torch.Size([8, 3, 4, 160, 320]) 33
[36m(RolloutGroup(rank=1) pid=4057636)[0m Time taken: Total 2.47 seconds, Text Encoder 0.62 seconds, Image Encoder 0.54 seconds, VAE 0.00 seconds, KV Cache Creation 0.28 seconds, Diffusion 1.02 seconds, DIT Compute Steps 3 steps, Scheduler 0.01 seconds
[36m(RolloutGroup(rank=1) pid=4057636)[0m language is None, reset current_start_frame to 0
[36m(RolloutGroup(rank=1) pid=4057636)[0m videos shape torch.Size([8, 3, 4, 160, 320]) 33
[36m(RolloutGroup(rank=3) pid=4057642)[0m Time taken: Total 2.47 seconds, Text Encoder 0.62 seconds, Image Encoder 0.55 seconds, VAE 0.00 seconds, KV Cache Creation 0.28 seconds, Diffusion 1.02 seconds, DIT Compute Steps 3 steps, Scheduler 0.01 seconds
[36m(RolloutGroup(rank=3) pid=4057642)[0m language is None, reset current_start_frame to 0
[36m(RolloutGroup(rank=3) pid=4057642)[0m videos shape torch.Size([8, 3, 4, 160, 320]) 33
[36m(RolloutGroup(rank=2) pid=4057637)[0m Time taken: Total 2.47 seconds, Text Encoder 0.62 seconds, Image Encoder 0.54 seconds, VAE 0.00 seconds, KV Cache Creation 0.28 seconds, Diffusion 1.02 seconds, DIT Compute Steps 3 steps, Scheduler 0.01 seconds
[36m(RolloutGroup(rank=2) pid=4057637)[0m language is None, reset current_start_frame to 0
[36m(RolloutGroup(rank=2) pid=4057637)[0m videos shape torch.Size([8, 3, 4, 160, 320]) 33
[36m(RolloutGroup(rank=0) pid=4057629)[0m Time taken: Total 2.47 seconds, Text Encoder 0.62 seconds, Image Encoder 0.54 seconds, VAE 0.00 seconds, KV Cache Creation 0.28 seconds, Diffusion 1.02 seconds, DIT Compute Steps 3 steps, Scheduler 0.01 seconds
[36m(RolloutGroup(rank=0) pid=4057629)[0m language is None, reset current_start_frame to 0
[36m(RolloutGroup(rank=0) pid=4057629)[0m videos shape torch.Size([8, 3, 4, 160, 320]) 33
[36m(RolloutGroup(rank=1) pid=4057636)[0m Time taken: Total 2.47 seconds, Text Encoder 0.62 seconds, Image Encoder 0.54 seconds, VAE 0.00 seconds, KV Cache Creation 0.28 seconds, Diffusion 1.02 seconds, DIT Compute Steps 3 steps, Scheduler 0.01 seconds
[36m(RolloutGroup(rank=1) pid=4057636)[0m language is None, reset current_start_frame to 0
[36m(RolloutGroup(rank=1) pid=4057636)[0m videos shape torch.Size([8, 3, 4, 160, 320]) 33
[36m(RolloutGroup(rank=3) pid=4057642)[0m Time taken: Total 2.48 seconds, Text Encoder 0.62 seconds, Image Encoder 0.54 seconds, VAE 0.00 seconds, KV Cache Creation 0.28 seconds, Diffusion 1.02 seconds, DIT Compute Steps 3 steps, Scheduler 0.01 seconds
[36m(RolloutGroup(rank=3) pid=4057642)[0m language is None, reset current_start_frame to 0
[36m(RolloutGroup(rank=3) pid=4057642)[0m videos shape torch.Size([8, 3, 4, 160, 320]) 33
[36m(RolloutGroup(rank=2) pid=4057637)[0m Time taken: Total 2.47 seconds, Text Encoder 0.62 seconds, Image Encoder 0.54 seconds, VAE 0.00 seconds, KV Cache Creation 0.28 seconds, Diffusion 1.02 seconds, DIT Compute Steps 3 steps, Scheduler 0.01 seconds
[36m(RolloutGroup(rank=2) pid=4057637)[0m language is None, reset current_start_frame to 0
[36m(RolloutGroup(rank=2) pid=4057637)[0m videos shape torch.Size([8, 3, 4, 160, 320]) 33
[36m(RolloutGroup(rank=0) pid=4057629)[0m Time taken: Total 2.47 seconds, Text Encoder 0.62 seconds, Image Encoder 0.54 seconds, VAE 0.00 seconds, KV Cache Creation 0.28 seconds, Diffusion 1.01 seconds, DIT Compute Steps 3 steps, Scheduler 0.01 seconds
[36m(RolloutGroup(rank=0) pid=4057629)[0m language is None, reset current_start_frame to 0
[36m(RolloutGroup(rank=0) pid=4057629)[0m videos shape torch.Size([8, 3, 4, 160, 320]) 33
[36m(RolloutGroup(rank=1) pid=4057636)[0m Time taken: Total 2.46 seconds, Text Encoder 0.62 seconds, Image Encoder 0.54 seconds, VAE 0.00 seconds, KV Cache Creation 0.28 seconds, Diffusion 1.01 seconds, DIT Compute Steps 3 steps, Scheduler 0.01 seconds
[36m(RolloutGroup(rank=1) pid=4057636)[0m language is None, reset current_start_frame to 0
[36m(RolloutGroup(rank=1) pid=4057636)[0m videos shape torch.Size([8, 3, 4, 160, 320]) 33
[36m(RolloutGroup(rank=3) pid=4057642)[0m Time taken: Total 2.47 seconds, Text Encoder 0.62 seconds, Image Encoder 0.55 seconds, VAE 0.00 seconds, KV Cache Creation 0.28 seconds, Diffusion 1.02 seconds, DIT Compute Steps 3 steps, Scheduler 0.01 seconds
[36m(RolloutGroup(rank=3) pid=4057642)[0m language is None, reset current_start_frame to 0
[36m(RolloutGroup(rank=3) pid=4057642)[0m videos shape torch.Size([8, 3, 4, 160, 320]) 33
[36m(RolloutGroup(rank=2) pid=4057637)[0m Time taken: Total 2.47 seconds, Text Encoder 0.62 seconds, Image Encoder 0.54 seconds, VAE 0.00 seconds, KV Cache Creation 0.28 seconds, Diffusion 1.02 seconds, DIT Compute Steps 3 steps, Scheduler 0.01 seconds
[36m(RolloutGroup(rank=2) pid=4057637)[0m language is None, reset current_start_frame to 0
[36m(RolloutGroup(rank=2) pid=4057637)[0m videos shape torch.Size([8, 3, 4, 160, 320]) 33
[36m(RolloutGroup(rank=0) pid=4057629)[0m Time taken: Total 2.46 seconds, Text Encoder 0.62 seconds, Image Encoder 0.54 seconds, VAE 0.00 seconds, KV Cache Creation 0.28 seconds, Diffusion 1.01 seconds, DIT Compute Steps 3 steps, Scheduler 0.01 seconds
[36m(RolloutGroup(rank=0) pid=4057629)[0m language is None, reset current_start_frame to 0
[36m(RolloutGroup(rank=0) pid=4057629)[0m videos shape torch.Size([8, 3, 4, 160, 320]) 33
[36m(RolloutGroup(rank=1) pid=4057636)[0m Time taken: Total 2.46 seconds, Text Encoder 0.62 seconds, Image Encoder 0.54 seconds, VAE 0.00 seconds, KV Cache Creation 0.28 seconds, Diffusion 1.01 seconds, DIT Compute Steps 3 steps, Scheduler 0.01 seconds
[36m(RolloutGroup(rank=1) pid=4057636)[0m language is None, reset current_start_frame to 0
[36m(RolloutGroup(rank=1) pid=4057636)[0m videos shape torch.Size([8, 3, 4, 160, 320]) 33
[36m(RolloutGroup(rank=3) pid=4057642)[0m Time taken: Total 2.47 seconds, Text Encoder 0.62 seconds, Image Encoder 0.54 seconds, VAE 0.00 seconds, KV Cache Creation 0.28 seconds, Diffusion 1.02 seconds, DIT Compute Steps 3 steps, Scheduler 0.01 seconds
[36m(RolloutGroup(rank=3) pid=4057642)[0m language is None, reset current_start_frame to 0
[36m(RolloutGroup(rank=3) pid=4057642)[0m videos shape torch.Size([8, 3, 4, 160, 320]) 33
[36m(RolloutGroup(rank=2) pid=4057637)[0m Time taken: Total 2.47 seconds, Text Encoder 0.62 seconds, Image Encoder 0.54 seconds, VAE 0.00 seconds, KV Cache Creation 0.28 seconds, Diffusion 1.02 seconds, DIT Compute Steps 3 steps, Scheduler 0.01 seconds
[36m(RolloutGroup(rank=2) pid=4057637)[0m language is None, reset current_start_frame to 0
[36m(RolloutGroup(rank=2) pid=4057637)[0m videos shape torch.Size([8, 3, 4, 160, 320]) 33
[36m(RolloutGroup(rank=0) pid=4057629)[0m Time taken: Total 2.46 seconds, Text Encoder 0.62 seconds, Image Encoder 0.54 seconds, VAE 0.00 seconds, KV Cache Creation 0.28 seconds, Diffusion 1.01 seconds, DIT Compute Steps 3 steps, Scheduler 0.01 seconds
[36m(RolloutGroup(rank=0) pid=4057629)[0m language is None, reset current_start_frame to 0
[36m(RolloutGroup(rank=0) pid=4057629)[0m videos shape torch.Size([8, 3, 4, 160, 320]) 33
[36m(RolloutGroup(rank=1) pid=4057636)[0m Time taken: Total 2.46 seconds, Text Encoder 0.62 seconds, Image Encoder 0.54 seconds, VAE 0.00 seconds, KV Cache Creation 0.27 seconds, Diffusion 1.01 seconds, DIT Compute Steps 3 steps, Scheduler 0.01 seconds
[36m(RolloutGroup(rank=1) pid=4057636)[0m language is None, reset current_start_frame to 0
[36m(RolloutGroup(rank=1) pid=4057636)[0m videos shape torch.Size([8, 3, 4, 160, 320]) 33
[36m(RolloutGroup(rank=3) pid=4057642)[0m Time taken: Total 2.47 seconds, Text Encoder 0.62 seconds, Image Encoder 0.55 seconds, VAE 0.00 seconds, KV Cache Creation 0.28 seconds, Diffusion 1.02 seconds, DIT Compute Steps 3 steps, Scheduler 0.01 seconds
[36m(RolloutGroup(rank=3) pid=4057642)[0m language is None, reset current_start_frame to 0
[36m(RolloutGroup(rank=3) pid=4057642)[0m videos shape torch.Size([8, 3, 4, 160, 320]) 33
[36m(RolloutGroup(rank=2) pid=4057637)[0m Time taken: Total 2.47 seconds, Text Encoder 0.62 seconds, Image Encoder 0.54 seconds, VAE 0.00 seconds, KV Cache Creation 0.28 seconds, Diffusion 1.02 seconds, DIT Compute Steps 3 steps, Scheduler 0.01 seconds
[36m(RolloutGroup(rank=2) pid=4057637)[0m language is None, reset current_start_frame to 0
[36m(RolloutGroup(rank=2) pid=4057637)[0m videos shape torch.Size([8, 3, 4, 160, 320]) 33
[36m(RolloutGroup(rank=0) pid=4057629)[0m Time taken: Total 2.46 seconds, Text Encoder 0.62 seconds, Image Encoder 0.54 seconds, VAE 0.00 seconds, KV Cache Creation 0.28 seconds, Diffusion 1.01 seconds, DIT Compute Steps 3 steps, Scheduler 0.01 seconds
[36m(RolloutGroup(rank=0) pid=4057629)[0m language is None, reset current_start_frame to 0
[36m(RolloutGroup(rank=0) pid=4057629)[0m videos shape torch.Size([8, 3, 4, 160, 320]) 33
[36m(RolloutGroup(rank=1) pid=4057636)[0m Time taken: Total 2.46 seconds, Text Encoder 0.62 seconds, Image Encoder 0.54 seconds, VAE 0.00 seconds, KV Cache Creation 0.28 seconds, Diffusion 1.01 seconds, DIT Compute Steps 3 steps, Scheduler 0.01 seconds
[36m(RolloutGroup(rank=1) pid=4057636)[0m language is None, reset current_start_frame to 0
[36m(RolloutGroup(rank=1) pid=4057636)[0m videos shape torch.Size([8, 3, 4, 160, 320]) 33
[36m(RolloutGroup(rank=3) pid=4057642)[0m Time taken: Total 2.47 seconds, Text Encoder 0.62 seconds, Image Encoder 0.54 seconds, VAE 0.00 seconds, KV Cache Creation 0.28 seconds, Diffusion 1.02 seconds, DIT Compute Steps 3 steps, Scheduler 0.01 seconds
[36m(RolloutGroup(rank=3) pid=4057642)[0m language is None, reset current_start_frame to 0
[36m(RolloutGroup(rank=3) pid=4057642)[0m videos shape torch.Size([8, 3, 4, 160, 320]) 33
[36m(RolloutGroup(rank=2) pid=4057637)[0m Time taken: Total 2.47 seconds, Text Encoder 0.62 seconds, Image Encoder 0.54 seconds, VAE 0.00 seconds, KV Cache Creation 0.28 seconds, Diffusion 1.02 seconds, DIT Compute Steps 3 steps, Scheduler 0.01 seconds
[36m(RolloutGroup(rank=2) pid=4057637)[0m language is None, reset current_start_frame to 0
[36m(RolloutGroup(rank=2) pid=4057637)[0m videos shape torch.Size([8, 3, 4, 160, 320]) 33
[36m(RolloutGroup(rank=0) pid=4057629)[0m Time taken: Total 2.47 seconds, Text Encoder 0.62 seconds, Image Encoder 0.54 seconds, VAE 0.00 seconds, KV Cache Creation 0.28 seconds, Diffusion 1.01 seconds, DIT Compute Steps 3 steps, Scheduler 0.01 seconds
[36m(RolloutGroup(rank=0) pid=4057629)[0m language is None, reset current_start_frame to 0
[36m(RolloutGroup(rank=0) pid=4057629)[0m videos shape torch.Size([8, 3, 4, 160, 320]) 33
[36m(RolloutGroup(rank=1) pid=4057636)[0m Time taken: Total 2.46 seconds, Text Encoder 0.62 seconds, Image Encoder 0.54 seconds, VAE 0.00 seconds, KV Cache Creation 0.28 seconds, Diffusion 1.01 seconds, DIT Compute Steps 3 steps, Scheduler 0.01 seconds
[36m(RolloutGroup(rank=1) pid=4057636)[0m language is None, reset current_start_frame to 0
[36m(RolloutGroup(rank=1) pid=4057636)[0m videos shape torch.Size([8, 3, 4, 160, 320]) 33
[36m(RolloutGroup(rank=3) pid=4057642)[0m Time taken: Total 2.47 seconds, Text Encoder 0.62 seconds, Image Encoder 0.55 seconds, VAE 0.00 seconds, KV Cache Creation 0.28 seconds, Diffusion 1.02 seconds, DIT Compute Steps 3 steps, Scheduler 0.01 seconds
[36m(RolloutGroup(rank=3) pid=4057642)[0m language is None, reset current_start_frame to 0
[36m(RolloutGroup(rank=3) pid=4057642)[0m videos shape torch.Size([8, 3, 4, 160, 320]) 33
[36m(RolloutGroup(rank=2) pid=4057637)[0m Time taken: Total 2.47 seconds, Text Encoder 0.62 seconds, Image Encoder 0.54 seconds, VAE 0.00 seconds, KV Cache Creation 0.28 seconds, Diffusion 1.02 seconds, DIT Compute Steps 3 steps, Scheduler 0.01 seconds
[36m(RolloutGroup(rank=2) pid=4057637)[0m language is None, reset current_start_frame to 0
[36m(RolloutGroup(rank=2) pid=4057637)[0m videos shape torch.Size([8, 3, 4, 160, 320]) 33
[36m(RolloutGroup(rank=0) pid=4057629)[0m Time taken: Total 2.47 seconds, Text Encoder 0.62 seconds, Image Encoder 0.54 seconds, VAE 0.00 seconds, KV Cache Creation 0.28 seconds, Diffusion 1.01 seconds, DIT Compute Steps 3 steps, Scheduler 0.01 seconds
[36m(RolloutGroup(rank=0) pid=4057629)[0m language is None, reset current_start_frame to 0
[36m(RolloutGroup(rank=0) pid=4057629)[0m videos shape torch.Size([8, 3, 4, 160, 320]) 33
[36m(RolloutGroup(rank=1) pid=4057636)[0m Time taken: Total 2.46 seconds, Text Encoder 0.62 seconds, Image Encoder 0.54 seconds, VAE 0.00 seconds, KV Cache Creation 0.28 seconds, Diffusion 1.01 seconds, DIT Compute Steps 3 steps, Scheduler 0.01 seconds
[36m(RolloutGroup(rank=1) pid=4057636)[0m language is None, reset current_start_frame to 0
[36m(RolloutGroup(rank=1) pid=4057636)[0m videos shape torch.Size([8, 3, 4, 160, 320]) 33
[36m(RolloutGroup(rank=3) pid=4057642)[0m Time taken: Total 2.47 seconds, Text Encoder 0.62 seconds, Image Encoder 0.55 seconds, VAE 0.00 seconds, KV Cache Creation 0.28 seconds, Diffusion 1.02 seconds, DIT Compute Steps 3 steps, Scheduler 0.01 seconds
[36m(RolloutGroup(rank=3) pid=4057642)[0m language is None, reset current_start_frame to 0
[36m(RolloutGroup(rank=3) pid=4057642)[0m videos shape torch.Size([8, 3, 4, 160, 320]) 33
[36m(RolloutGroup(rank=2) pid=4057637)[0m Time taken: Total 2.47 seconds, Text Encoder 0.62 seconds, Image Encoder 0.54 seconds, VAE 0.00 seconds, KV Cache Creation 0.28 seconds, Diffusion 1.02 seconds, DIT Compute Steps 3 steps, Scheduler 0.01 seconds
[36m(RolloutGroup(rank=0) pid=4057629)[0m Time taken: Total 2.47 seconds, Text Encoder 0.62 seconds, Image Encoder 0.54 seconds, VAE 0.00 seconds, KV Cache Creation 0.28 seconds, Diffusion 1.02 seconds, DIT Compute Steps 3 steps, Scheduler 0.01 seconds
[36m(RolloutGroup(rank=1) pid=4057636)[0m Time taken: Total 2.48 seconds, Text Encoder 0.62 seconds, Image Encoder 0.54 seconds, VAE 0.00 seconds, KV Cache Creation 0.28 seconds, Diffusion 1.03 seconds, DIT Compute Steps 3 steps, Scheduler 0.01 seconds
[36m(RolloutGroup(rank=2) pid=4057637)[0m language is None, reset current_start_frame to 0
[36m(RolloutGroup(rank=2) pid=4057637)[0m videos shape torch.Size([8, 3, 4, 160, 320]) 33
[36m(RolloutGroup(rank=0) pid=4057629)[0m language is None, reset current_start_frame to 0
[36m(RolloutGroup(rank=0) pid=4057629)[0m videos shape torch.Size([8, 3, 4, 160, 320]) 33
[36m(RolloutGroup(rank=1) pid=4057636)[0m language is None, reset current_start_frame to 0
[36m(RolloutGroup(rank=1) pid=4057636)[0m videos shape torch.Size([8, 3, 4, 160, 320]) 33
[36m(RolloutGroup(rank=3) pid=4057642)[0m Time taken: Total 2.48 seconds, Text Encoder 0.62 seconds, Image Encoder 0.55 seconds, VAE 0.00 seconds, KV Cache Creation 0.28 seconds, Diffusion 1.03 seconds, DIT Compute Steps 3 steps, Scheduler 0.01 seconds
[36m(RolloutGroup(rank=3) pid=4057642)[0m language is None, reset current_start_frame to 0
[36m(RolloutGroup(rank=3) pid=4057642)[0m videos shape torch.Size([8, 3, 4, 160, 320]) 33
[36m(RolloutGroup(rank=2) pid=4057637)[0m Time taken: Total 2.47 seconds, Text Encoder 0.62 seconds, Image Encoder 0.54 seconds, VAE 0.00 seconds, KV Cache Creation 0.28 seconds, Diffusion 1.02 seconds, DIT Compute Steps 3 steps, Scheduler 0.01 seconds
[36m(RolloutGroup(rank=2) pid=4057637)[0m language is None, reset current_start_frame to 0
[36m(RolloutGroup(rank=2) pid=4057637)[0m videos shape torch.Size([8, 3, 4, 160, 320]) 33
[36m(RolloutGroup(rank=0) pid=4057629)[0m Time taken: Total 2.48 seconds, Text Encoder 0.62 seconds, Image Encoder 0.54 seconds, VAE 0.00 seconds, KV Cache Creation 0.28 seconds, Diffusion 1.03 seconds, DIT Compute Steps 3 steps, Scheduler 0.01 seconds
[36m(RolloutGroup(rank=0) pid=4057629)[0m language is None, reset current_start_frame to 0
[36m(RolloutGroup(rank=0) pid=4057629)[0m videos shape torch.Size([8, 3, 4, 160, 320]) 33
[36m(RolloutGroup(rank=1) pid=4057636)[0m Time taken: Total 2.46 seconds, Text Encoder 0.62 seconds, Image Encoder 0.54 seconds, VAE 0.00 seconds, KV Cache Creation 0.28 seconds, Diffusion 1.02 seconds, DIT Compute Steps 3 steps, Scheduler 0.01 seconds
[36m(RolloutGroup(rank=1) pid=4057636)[0m language is None, reset current_start_frame to 0
[36m(RolloutGroup(rank=1) pid=4057636)[0m videos shape torch.Size([8, 3, 4, 160, 320]) 33
[36m(RolloutGroup(rank=3) pid=4057642)[0m Time taken: Total 2.50 seconds, Text Encoder 0.63 seconds, Image Encoder 0.54 seconds, VAE 0.00 seconds, KV Cache Creation 0.28 seconds, Diffusion 1.04 seconds, DIT Compute Steps 3 steps, Scheduler 0.01 seconds
[36m(RolloutGroup(rank=3) pid=4057642)[0m language is None, reset current_start_frame to 0
[36m(RolloutGroup(rank=3) pid=4057642)[0m videos shape torch.Size([8, 3, 4, 160, 320]) 33
[36m(RolloutGroup(rank=2) pid=4057637)[0m Time taken: Total 2.47 seconds, Text Encoder 0.62 seconds, Image Encoder 0.54 seconds, VAE 0.00 seconds, KV Cache Creation 0.28 seconds, Diffusion 1.02 seconds, DIT Compute Steps 3 steps, Scheduler 0.01 seconds
[36m(RolloutGroup(rank=2) pid=4057637)[0m language is None, reset current_start_frame to 0
[36m(RolloutGroup(rank=2) pid=4057637)[0m videos shape torch.Size([8, 3, 4, 160, 320]) 33
[36m(RolloutGroup(rank=0) pid=4057629)[0m Time taken: Total 2.47 seconds, Text Encoder 0.62 seconds, Image Encoder 0.54 seconds, VAE 0.00 seconds, KV Cache Creation 0.28 seconds, Diffusion 1.02 seconds, DIT Compute Steps 3 steps, Scheduler 0.01 seconds
[36m(RolloutGroup(rank=0) pid=4057629)[0m language is None, reset current_start_frame to 0
[36m(RolloutGroup(rank=0) pid=4057629)[0m videos shape torch.Size([8, 3, 4, 160, 320]) 33
[36m(RolloutGroup(rank=1) pid=4057636)[0m Time taken: Total 2.46 seconds, Text Encoder 0.62 seconds, Image Encoder 0.54 seconds, VAE 0.00 seconds, KV Cache Creation 0.28 seconds, Diffusion 1.01 seconds, DIT Compute Steps 3 steps, Scheduler 0.01 seconds
[36m(RolloutGroup(rank=1) pid=4057636)[0m language is None, reset current_start_frame to 0
[36m(RolloutGroup(rank=1) pid=4057636)[0m videos shape torch.Size([8, 3, 4, 160, 320]) 33
[36m(RolloutGroup(rank=3) pid=4057642)[0m Time taken: Total 2.47 seconds, Text Encoder 0.62 seconds, Image Encoder 0.55 seconds, VAE 0.00 seconds, KV Cache Creation 0.28 seconds, Diffusion 1.02 seconds, DIT Compute Steps 3 steps, Scheduler 0.01 seconds
[36m(RolloutGroup(rank=3) pid=4057642)[0m language is None, reset current_start_frame to 0
[36m(RolloutGroup(rank=3) pid=4057642)[0m videos shape torch.Size([8, 3, 4, 160, 320]) 33
[36m(RolloutGroup(rank=2) pid=4057637)[0m Time taken: Total 2.47 seconds, Text Encoder 0.62 seconds, Image Encoder 0.54 seconds, VAE 0.00 seconds, KV Cache Creation 0.28 seconds, Diffusion 1.02 seconds, DIT Compute Steps 3 steps, Scheduler 0.01 seconds
[36m(RolloutGroup(rank=2) pid=4057637)[0m language is None, reset current_start_frame to 0
[36m(RolloutGroup(rank=2) pid=4057637)[0m videos shape torch.Size([8, 3, 4, 160, 320]) 33
[36m(RolloutGroup(rank=0) pid=4057629)[0m Time taken: Total 2.47 seconds, Text Encoder 0.62 seconds, Image Encoder 0.54 seconds, VAE 0.00 seconds, KV Cache Creation 0.28 seconds, Diffusion 1.02 seconds, DIT Compute Steps 3 steps, Scheduler 0.01 seconds
[36m(RolloutGroup(rank=0) pid=4057629)[0m language is None, reset current_start_frame to 0
[36m(RolloutGroup(rank=0) pid=4057629)[0m videos shape torch.Size([8, 3, 4, 160, 320]) 33
[36m(RolloutGroup(rank=1) pid=4057636)[0m Time taken: Total 2.46 seconds, Text Encoder 0.62 seconds, Image Encoder 0.54 seconds, VAE 0.00 seconds, KV Cache Creation 0.28 seconds, Diffusion 1.01 seconds, DIT Compute Steps 3 steps, Scheduler 0.01 seconds
[36m(RolloutGroup(rank=1) pid=4057636)[0m language is None, reset current_start_frame to 0
[36m(RolloutGroup(rank=1) pid=4057636)[0m videos shape torch.Size([8, 3, 4, 160, 320]) 33
[36m(RolloutGroup(rank=3) pid=4057642)[0m Time taken: Total 2.47 seconds, Text Encoder 0.62 seconds, Image Encoder 0.54 seconds, VAE 0.00 seconds, KV Cache Creation 0.28 seconds, Diffusion 1.02 seconds, DIT Compute Steps 3 steps, Scheduler 0.01 seconds
[36m(RolloutGroup(rank=3) pid=4057642)[0m language is None, reset current_start_frame to 0
[36m(RolloutGroup(rank=3) pid=4057642)[0m videos shape torch.Size([8, 3, 4, 160, 320]) 33
[36m(RolloutGroup(rank=2) pid=4057637)[0m Time taken: Total 2.47 seconds, Text Encoder 0.62 seconds, Image Encoder 0.54 seconds, VAE 0.00 seconds, KV Cache Creation 0.28 seconds, Diffusion 1.02 seconds, DIT Compute Steps 3 steps, Scheduler 0.01 seconds
[36m(RolloutGroup(rank=2) pid=4057637)[0m language is None, reset current_start_frame to 0
[36m(RolloutGroup(rank=2) pid=4057637)[0m videos shape torch.Size([8, 3, 4, 160, 320]) 33
[36m(RolloutGroup(rank=0) pid=4057629)[0m Time taken: Total 2.47 seconds, Text Encoder 0.62 seconds, Image Encoder 0.54 seconds, VAE 0.00 seconds, KV Cache Creation 0.28 seconds, Diffusion 1.02 seconds, DIT Compute Steps 3 steps, Scheduler 0.01 seconds
[36m(RolloutGroup(rank=0) pid=4057629)[0m language is None, reset current_start_frame to 0
[36m(RolloutGroup(rank=0) pid=4057629)[0m videos shape torch.Size([8, 3, 4, 160, 320]) 33
[36m(RolloutGroup(rank=1) pid=4057636)[0m Time taken: Total 2.46 seconds, Text Encoder 0.62 seconds, Image Encoder 0.54 seconds, VAE 0.00 seconds, KV Cache Creation 0.28 seconds, Diffusion 1.01 seconds, DIT Compute Steps 3 steps, Scheduler 0.01 seconds
[36m(RolloutGroup(rank=1) pid=4057636)[0m language is None, reset current_start_frame to 0
[36m(RolloutGroup(rank=1) pid=4057636)[0m videos shape torch.Size([8, 3, 4, 160, 320]) 33
[36m(RolloutGroup(rank=3) pid=4057642)[0m Time taken: Total 2.47 seconds, Text Encoder 0.62 seconds, Image Encoder 0.54 seconds, VAE 0.00 seconds, KV Cache Creation 0.28 seconds, Diffusion 1.02 seconds, DIT Compute Steps 3 steps, Scheduler 0.01 seconds
[36m(RolloutGroup(rank=3) pid=4057642)[0m language is None, reset current_start_frame to 0
[36m(RolloutGroup(rank=3) pid=4057642)[0m videos shape torch.Size([8, 3, 4, 160, 320]) 33
[36m(RolloutGroup(rank=2) pid=4057637)[0m Time taken: Total 2.47 seconds, Text Encoder 0.62 seconds, Image Encoder 0.54 seconds, VAE 0.00 seconds, KV Cache Creation 0.28 seconds, Diffusion 1.02 seconds, DIT Compute Steps 3 steps, Scheduler 0.01 seconds
[36m(RolloutGroup(rank=2) pid=4057637)[0m language is None, reset current_start_frame to 0
[36m(RolloutGroup(rank=2) pid=4057637)[0m videos shape torch.Size([8, 3, 4, 160, 320]) 33
[36m(RolloutGroup(rank=0) pid=4057629)[0m Time taken: Total 2.48 seconds, Text Encoder 0.62 seconds, Image Encoder 0.54 seconds, VAE 0.00 seconds, KV Cache Creation 0.28 seconds, Diffusion 1.02 seconds, DIT Compute Steps 3 steps, Scheduler 0.01 seconds
[36m(RolloutGroup(rank=0) pid=4057629)[0m language is None, reset current_start_frame to 0
[36m(RolloutGroup(rank=0) pid=4057629)[0m videos shape torch.Size([8, 3, 4, 160, 320]) 33
[36m(RolloutGroup(rank=1) pid=4057636)[0m Time taken: Total 2.46 seconds, Text Encoder 0.62 seconds, Image Encoder 0.54 seconds, VAE 0.00 seconds, KV Cache Creation 0.28 seconds, Diffusion 1.01 seconds, DIT Compute Steps 3 steps, Scheduler 0.01 seconds
[36m(RolloutGroup(rank=1) pid=4057636)[0m language is None, reset current_start_frame to 0
[36m(RolloutGroup(rank=1) pid=4057636)[0m videos shape torch.Size([8, 3, 4, 160, 320]) 33
[36m(RolloutGroup(rank=3) pid=4057642)[0m Time taken: Total 2.47 seconds, Text Encoder 0.62 seconds, Image Encoder 0.54 seconds, VAE 0.00 seconds, KV Cache Creation 0.28 seconds, Diffusion 1.02 seconds, DIT Compute Steps 3 steps, Scheduler 0.01 seconds
[36m(RolloutGroup(rank=3) pid=4057642)[0m language is None, reset current_start_frame to 0
[36m(RolloutGroup(rank=3) pid=4057642)[0m videos shape torch.Size([8, 3, 4, 160, 320]) 33
[36m(RolloutGroup(rank=2) pid=4057637)[0m Time taken: Total 2.47 seconds, Text Encoder 0.62 seconds, Image Encoder 0.54 seconds, VAE 0.00 seconds, KV Cache Creation 0.28 seconds, Diffusion 1.02 seconds, DIT Compute Steps 3 steps, Scheduler 0.01 seconds
[36m(RolloutGroup(rank=2) pid=4057637)[0m language is None, reset current_start_frame to 0
[36m(RolloutGroup(rank=2) pid=4057637)[0m videos shape torch.Size([8, 3, 4, 160, 320]) 33
[36m(RolloutGroup(rank=0) pid=4057629)[0m Time taken: Total 2.47 seconds, Text Encoder 0.62 seconds, Image Encoder 0.54 seconds, VAE 0.00 seconds, KV Cache Creation 0.28 seconds, Diffusion 1.02 seconds, DIT Compute Steps 3 steps, Scheduler 0.01 seconds
[36m(RolloutGroup(rank=0) pid=4057629)[0m language is None, reset current_start_frame to 0
[36m(RolloutGroup(rank=0) pid=4057629)[0m videos shape torch.Size([8, 3, 4, 160, 320]) 33
[36m(RolloutGroup(rank=1) pid=4057636)[0m Time taken: Total 2.46 seconds, Text Encoder 0.62 seconds, Image Encoder 0.54 seconds, VAE 0.00 seconds, KV Cache Creation 0.28 seconds, Diffusion 1.01 seconds, DIT Compute Steps 3 steps, Scheduler 0.01 seconds
[36m(RolloutGroup(rank=1) pid=4057636)[0m language is None, reset current_start_frame to 0
[36m(RolloutGroup(rank=1) pid=4057636)[0m videos shape torch.Size([8, 3, 4, 160, 320]) 33
[36m(RolloutGroup(rank=3) pid=4057642)[0m Time taken: Total 2.47 seconds, Text Encoder 0.63 seconds, Image Encoder 0.54 seconds, VAE 0.00 seconds, KV Cache Creation 0.28 seconds, Diffusion 1.02 seconds, DIT Compute Steps 3 steps, Scheduler 0.01 seconds
[36m(RolloutGroup(rank=3) pid=4057642)[0m language is None, reset current_start_frame to 0
[36m(RolloutGroup(rank=3) pid=4057642)[0m videos shape torch.Size([8, 3, 4, 160, 320]) 33
[36m(RolloutGroup(rank=2) pid=4057637)[0m Time taken: Total 2.47 seconds, Text Encoder 0.62 seconds, Image Encoder 0.54 seconds, VAE 0.00 seconds, KV Cache Creation 0.28 seconds, Diffusion 1.02 seconds, DIT Compute Steps 3 steps, Scheduler 0.01 seconds
[36m(RolloutGroup(rank=2) pid=4057637)[0m language is None, reset current_start_frame to 0
[36m(RolloutGroup(rank=2) pid=4057637)[0m videos shape torch.Size([8, 3, 4, 160, 320]) 33
[36m(RolloutGroup(rank=0) pid=4057629)[0m Time taken: Total 2.47 seconds, Text Encoder 0.62 seconds, Image Encoder 0.54 seconds, VAE 0.00 seconds, KV Cache Creation 0.28 seconds, Diffusion 1.02 seconds, DIT Compute Steps 3 steps, Scheduler 0.01 seconds
[36m(RolloutGroup(rank=0) pid=4057629)[0m language is None, reset current_start_frame to 0
[36m(RolloutGroup(rank=0) pid=4057629)[0m videos shape torch.Size([8, 3, 4, 160, 320]) 33
[36m(RolloutGroup(rank=1) pid=4057636)[0m Time taken: Total 2.46 seconds, Text Encoder 0.62 seconds, Image Encoder 0.54 seconds, VAE 0.00 seconds, KV Cache Creation 0.28 seconds, Diffusion 1.01 seconds, DIT Compute Steps 3 steps, Scheduler 0.01 seconds
[36m(RolloutGroup(rank=1) pid=4057636)[0m language is None, reset current_start_frame to 0
[36m(RolloutGroup(rank=1) pid=4057636)[0m videos shape torch.Size([8, 3, 4, 160, 320]) 33
[36m(RolloutGroup(rank=3) pid=4057642)[0m Time taken: Total 2.47 seconds, Text Encoder 0.62 seconds, Image Encoder 0.54 seconds, VAE 0.00 seconds, KV Cache Creation 0.28 seconds, Diffusion 1.02 seconds, DIT Compute Steps 3 steps, Scheduler 0.01 seconds
[36m(RolloutGroup(rank=3) pid=4057642)[0m language is None, reset current_start_frame to 0
[36m(RolloutGroup(rank=3) pid=4057642)[0m videos shape torch.Size([8, 3, 4, 160, 320]) 33
[36m(RolloutGroup(rank=2) pid=4057637)[0m Time taken: Total 2.47 seconds, Text Encoder 0.62 seconds, Image Encoder 0.54 seconds, VAE 0.00 seconds, KV Cache Creation 0.28 seconds, Diffusion 1.02 seconds, DIT Compute Steps 3 steps, Scheduler 0.01 seconds
[36m(RolloutGroup(rank=2) pid=4057637)[0m language is None, reset current_start_frame to 0
[36m(RolloutGroup(rank=2) pid=4057637)[0m videos shape torch.Size([8, 3, 4, 160, 320]) 33
[36m(RolloutGroup(rank=0) pid=4057629)[0m Time taken: Total 2.47 seconds, Text Encoder 0.62 seconds, Image Encoder 0.54 seconds, VAE 0.00 seconds, KV Cache Creation 0.28 seconds, Diffusion 1.02 seconds, DIT Compute Steps 3 steps, Scheduler 0.01 seconds
[36m(RolloutGroup(rank=0) pid=4057629)[0m language is None, reset current_start_frame to 0
[36m(RolloutGroup(rank=0) pid=4057629)[0m videos shape torch.Size([8, 3, 4, 160, 320]) 33
[36m(RolloutGroup(rank=1) pid=4057636)[0m Time taken: Total 2.46 seconds, Text Encoder 0.62 seconds, Image Encoder 0.54 seconds, VAE 0.00 seconds, KV Cache Creation 0.28 seconds, Diffusion 1.01 seconds, DIT Compute Steps 3 steps, Scheduler 0.01 seconds
[36m(RolloutGroup(rank=1) pid=4057636)[0m language is None, reset current_start_frame to 0
[36m(RolloutGroup(rank=1) pid=4057636)[0m videos shape torch.Size([8, 3, 4, 160, 320]) 33
[36m(RolloutGroup(rank=3) pid=4057642)[0m Time taken: Total 2.47 seconds, Text Encoder 0.62 seconds, Image Encoder 0.55 seconds, VAE 0.00 seconds, KV Cache Creation 0.28 seconds, Diffusion 1.02 seconds, DIT Compute Steps 3 steps, Scheduler 0.01 seconds
[36m(RolloutGroup(rank=3) pid=4057642)[0m language is None, reset current_start_frame to 0
[36m(RolloutGroup(rank=3) pid=4057642)[0m videos shape torch.Size([8, 3, 4, 160, 320]) 33
[36m(RolloutGroup(rank=2) pid=4057637)[0m Time taken: Total 2.47 seconds, Text Encoder 0.62 seconds, Image Encoder 0.54 seconds, VAE 0.00 seconds, KV Cache Creation 0.28 seconds, Diffusion 1.02 seconds, DIT Compute Steps 3 steps, Scheduler 0.01 seconds
[36m(RolloutGroup(rank=2) pid=4057637)[0m language is None, reset current_start_frame to 0
[36m(RolloutGroup(rank=2) pid=4057637)[0m videos shape torch.Size([8, 3, 4, 160, 320]) 33
[36m(RolloutGroup(rank=0) pid=4057629)[0m Time taken: Total 2.47 seconds, Text Encoder 0.62 seconds, Image Encoder 0.54 seconds, VAE 0.00 seconds, KV Cache Creation 0.28 seconds, Diffusion 1.02 seconds, DIT Compute Steps 3 steps, Scheduler 0.01 seconds
[36m(RolloutGroup(rank=0) pid=4057629)[0m language is None, reset current_start_frame to 0
[36m(RolloutGroup(rank=0) pid=4057629)[0m videos shape torch.Size([8, 3, 4, 160, 320]) 33
[36m(RolloutGroup(rank=1) pid=4057636)[0m Time taken: Total 2.46 seconds, Text Encoder 0.62 seconds, Image Encoder 0.54 seconds, VAE 0.00 seconds, KV Cache Creation 0.28 seconds, Diffusion 1.01 seconds, DIT Compute Steps 3 steps, Scheduler 0.01 seconds
[36m(RolloutGroup(rank=1) pid=4057636)[0m language is None, reset current_start_frame to 0
[36m(RolloutGroup(rank=1) pid=4057636)[0m videos shape torch.Size([8, 3, 4, 160, 320]) 33
[36m(RolloutGroup(rank=3) pid=4057642)[0m Time taken: Total 2.47 seconds, Text Encoder 0.62 seconds, Image Encoder 0.55 seconds, VAE 0.00 seconds, KV Cache Creation 0.28 seconds, Diffusion 1.02 seconds, DIT Compute Steps 3 steps, Scheduler 0.01 seconds
[36m(RolloutGroup(rank=3) pid=4057642)[0m language is None, reset current_start_frame to 0
[36m(RolloutGroup(rank=3) pid=4057642)[0m videos shape torch.Size([8, 3, 4, 160, 320]) 33
[36m(RolloutGroup(rank=2) pid=4057637)[0m Time taken: Total 2.47 seconds, Text Encoder 0.62 seconds, Image Encoder 0.54 seconds, VAE 0.00 seconds, KV Cache Creation 0.28 seconds, Diffusion 1.02 seconds, DIT Compute Steps 3 steps, Scheduler 0.01 seconds
[36m(RolloutGroup(rank=0) pid=4057629)[0m Time taken: Total 2.47 seconds, Text Encoder 0.62 seconds, Image Encoder 0.54 seconds, VAE 0.00 seconds, KV Cache Creation 0.28 seconds, Diffusion 1.02 seconds, DIT Compute Steps 3 steps, Scheduler 0.01 seconds
[36m(RolloutGroup(rank=1) pid=4057636)[0m Time taken: Total 2.48 seconds, Text Encoder 0.62 seconds, Image Encoder 0.54 seconds, VAE 0.00 seconds, KV Cache Creation 0.28 seconds, Diffusion 1.03 seconds, DIT Compute Steps 3 steps, Scheduler 0.01 seconds
[36m(RolloutGroup(rank=2) pid=4057637)[0m language is None, reset current_start_frame to 0
[36m(RolloutGroup(rank=2) pid=4057637)[0m videos shape torch.Size([8, 3, 4, 160, 320]) 33
[36m(RolloutGroup(rank=0) pid=4057629)[0m language is None, reset current_start_frame to 0
[36m(RolloutGroup(rank=0) pid=4057629)[0m videos shape torch.Size([8, 3, 4, 160, 320]) 33
[36m(RolloutGroup(rank=1) pid=4057636)[0m language is None, reset current_start_frame to 0
[36m(RolloutGroup(rank=1) pid=4057636)[0m videos shape torch.Size([8, 3, 4, 160, 320]) 33
[36m(RolloutGroup(rank=3) pid=4057642)[0m Time taken: Total 2.47 seconds, Text Encoder 0.63 seconds, Image Encoder 0.54 seconds, VAE 0.00 seconds, KV Cache Creation 0.28 seconds, Diffusion 1.02 seconds, DIT Compute Steps 3 steps, Scheduler 0.01 seconds
[36m(RolloutGroup(rank=3) pid=4057642)[0m language is None, reset current_start_frame to 0
[36m(RolloutGroup(rank=3) pid=4057642)[0m videos shape torch.Size([8, 3, 4, 160, 320]) 33
[36m(RolloutGroup(rank=2) pid=4057637)[0m Time taken: Total 2.47 seconds, Text Encoder 0.62 seconds, Image Encoder 0.54 seconds, VAE 0.00 seconds, KV Cache Creation 0.28 seconds, Diffusion 1.02 seconds, DIT Compute Steps 3 steps, Scheduler 0.01 seconds
[36m(RolloutGroup(rank=2) pid=4057637)[0m language is None, reset current_start_frame to 0
[36m(RolloutGroup(rank=2) pid=4057637)[0m videos shape torch.Size([8, 3, 4, 160, 320]) 33
[36m(RolloutGroup(rank=0) pid=4057629)[0m Time taken: Total 2.47 seconds, Text Encoder 0.62 seconds, Image Encoder 0.54 seconds, VAE 0.00 seconds, KV Cache Creation 0.28 seconds, Diffusion 1.02 seconds, DIT Compute Steps 3 steps, Scheduler 0.01 seconds
[36m(RolloutGroup(rank=0) pid=4057629)[0m language is None, reset current_start_frame to 0
[36m(RolloutGroup(rank=0) pid=4057629)[0m videos shape torch.Size([8, 3, 4, 160, 320]) 33
[36m(RolloutGroup(rank=1) pid=4057636)[0m Time taken: Total 2.47 seconds, Text Encoder 0.62 seconds, Image Encoder 0.54 seconds, VAE 0.00 seconds, KV Cache Creation 0.28 seconds, Diffusion 1.02 seconds, DIT Compute Steps 3 steps, Scheduler 0.01 seconds
[36m(RolloutGroup(rank=1) pid=4057636)[0m language is None, reset current_start_frame to 0
[36m(RolloutGroup(rank=1) pid=4057636)[0m videos shape torch.Size([8, 3, 4, 160, 320]) 33
[36m(RolloutGroup(rank=3) pid=4057642)[0m Time taken: Total 2.47 seconds, Text Encoder 0.63 seconds, Image Encoder 0.54 seconds, VAE 0.00 seconds, KV Cache Creation 0.28 seconds, Diffusion 1.02 seconds, DIT Compute Steps 3 steps, Scheduler 0.01 seconds
[36m(RolloutGroup(rank=3) pid=4057642)[0m language is None, reset current_start_frame to 0
[36m(RolloutGroup(rank=3) pid=4057642)[0m videos shape torch.Size([8, 3, 4, 160, 320]) 33
[36m(RolloutGroup(rank=2) pid=4057637)[0m Time taken: Total 2.47 seconds, Text Encoder 0.62 seconds, Image Encoder 0.54 seconds, VAE 0.00 seconds, KV Cache Creation 0.28 seconds, Diffusion 1.02 seconds, DIT Compute Steps 3 steps, Scheduler 0.01 seconds
[36m(RolloutGroup(rank=2) pid=4057637)[0m language is None, reset current_start_frame to 0
[36m(RolloutGroup(rank=2) pid=4057637)[0m videos shape torch.Size([8, 3, 4, 160, 320]) 33
[36m(RolloutGroup(rank=0) pid=4057629)[0m Time taken: Total 2.47 seconds, Text Encoder 0.62 seconds, Image Encoder 0.54 seconds, VAE 0.00 seconds, KV Cache Creation 0.28 seconds, Diffusion 1.02 seconds, DIT Compute Steps 3 steps, Scheduler 0.01 seconds
[36m(RolloutGroup(rank=0) pid=4057629)[0m language is None, reset current_start_frame to 0
[36m(RolloutGroup(rank=0) pid=4057629)[0m videos shape torch.Size([8, 3, 4, 160, 320]) 33
[36m(RolloutGroup(rank=1) pid=4057636)[0m Time taken: Total 2.46 seconds, Text Encoder 0.62 seconds, Image Encoder 0.54 seconds, VAE 0.00 seconds, KV Cache Creation 0.28 seconds, Diffusion 1.02 seconds, DIT Compute Steps 3 steps, Scheduler 0.01 seconds
[36m(RolloutGroup(rank=1) pid=4057636)[0m language is None, reset current_start_frame to 0
[36m(RolloutGroup(rank=1) pid=4057636)[0m videos shape torch.Size([8, 3, 4, 160, 320]) 33
[36m(RolloutGroup(rank=3) pid=4057642)[0m Time taken: Total 2.47 seconds, Text Encoder 0.62 seconds, Image Encoder 0.54 seconds, VAE 0.00 seconds, KV Cache Creation 0.28 seconds, Diffusion 1.02 seconds, DIT Compute Steps 3 steps, Scheduler 0.01 seconds
[36m(RolloutGroup(rank=3) pid=4057642)[0m language is None, reset current_start_frame to 0
[36m(RolloutGroup(rank=3) pid=4057642)[0m videos shape torch.Size([8, 3, 4, 160, 320]) 33
[36m(RolloutGroup(rank=2) pid=4057637)[0m Time taken: Total 2.47 seconds, Text Encoder 0.62 seconds, Image Encoder 0.54 seconds, VAE 0.00 seconds, KV Cache Creation 0.28 seconds, Diffusion 1.02 seconds, DIT Compute Steps 3 steps, Scheduler 0.01 seconds
[36m(RolloutGroup(rank=2) pid=4057637)[0m language is None, reset current_start_frame to 0
[36m(RolloutGroup(rank=2) pid=4057637)[0m videos shape torch.Size([8, 3, 4, 160, 320]) 33
[36m(RolloutGroup(rank=0) pid=4057629)[0m Time taken: Total 2.47 seconds, Text Encoder 0.62 seconds, Image Encoder 0.54 seconds, VAE 0.00 seconds, KV Cache Creation 0.28 seconds, Diffusion 1.02 seconds, DIT Compute Steps 3 steps, Scheduler 0.01 seconds
[36m(RolloutGroup(rank=0) pid=4057629)[0m language is None, reset current_start_frame to 0
[36m(RolloutGroup(rank=0) pid=4057629)[0m videos shape torch.Size([8, 3, 4, 160, 320]) 33
[36m(RolloutGroup(rank=1) pid=4057636)[0m Time taken: Total 2.46 seconds, Text Encoder 0.62 seconds, Image Encoder 0.54 seconds, VAE 0.00 seconds, KV Cache Creation 0.28 seconds, Diffusion 1.02 seconds, DIT Compute Steps 3 steps, Scheduler 0.01 seconds
[36m(RolloutGroup(rank=1) pid=4057636)[0m language is None, reset current_start_frame to 0
[36m(RolloutGroup(rank=1) pid=4057636)[0m videos shape torch.Size([8, 3, 4, 160, 320]) 33
[36m(RolloutGroup(rank=3) pid=4057642)[0m Time taken: Total 2.47 seconds, Text Encoder 0.62 seconds, Image Encoder 0.54 seconds, VAE 0.00 seconds, KV Cache Creation 0.28 seconds, Diffusion 1.02 seconds, DIT Compute Steps 3 steps, Scheduler 0.01 seconds
[36m(RolloutGroup(rank=3) pid=4057642)[0m language is None, reset current_start_frame to 0
[36m(RolloutGroup(rank=3) pid=4057642)[0m videos shape torch.Size([8, 3, 4, 160, 320]) 33
[36m(RolloutGroup(rank=2) pid=4057637)[0m Time taken: Total 2.47 seconds, Text Encoder 0.62 seconds, Image Encoder 0.54 seconds, VAE 0.00 seconds, KV Cache Creation 0.28 seconds, Diffusion 1.02 seconds, DIT Compute Steps 3 steps, Scheduler 0.01 seconds
[36m(RolloutGroup(rank=2) pid=4057637)[0m language is None, reset current_start_frame to 0
[36m(RolloutGroup(rank=2) pid=4057637)[0m videos shape torch.Size([8, 3, 4, 160, 320]) 33
[36m(RolloutGroup(rank=0) pid=4057629)[0m Time taken: Total 2.47 seconds, Text Encoder 0.62 seconds, Image Encoder 0.54 seconds, VAE 0.00 seconds, KV Cache Creation 0.28 seconds, Diffusion 1.02 seconds, DIT Compute Steps 3 steps, Scheduler 0.01 seconds
[36m(RolloutGroup(rank=0) pid=4057629)[0m language is None, reset current_start_frame to 0
[36m(RolloutGroup(rank=0) pid=4057629)[0m videos shape torch.Size([8, 3, 4, 160, 320]) 33
[36m(RolloutGroup(rank=1) pid=4057636)[0m Time taken: Total 2.46 seconds, Text Encoder 0.62 seconds, Image Encoder 0.54 seconds, VAE 0.00 seconds, KV Cache Creation 0.28 seconds, Diffusion 1.01 seconds, DIT Compute Steps 3 steps, Scheduler 0.01 seconds
[36m(RolloutGroup(rank=1) pid=4057636)[0m language is None, reset current_start_frame to 0
[36m(RolloutGroup(rank=1) pid=4057636)[0m videos shape torch.Size([8, 3, 4, 160, 320]) 33
[36m(RolloutGroup(rank=3) pid=4057642)[0m Time taken: Total 2.47 seconds, Text Encoder 0.62 seconds, Image Encoder 0.54 seconds, VAE 0.00 seconds, KV Cache Creation 0.28 seconds, Diffusion 1.01 seconds, DIT Compute Steps 3 steps, Scheduler 0.01 seconds
[36m(RolloutGroup(rank=3) pid=4057642)[0m language is None, reset current_start_frame to 0
[36m(RolloutGroup(rank=3) pid=4057642)[0m videos shape torch.Size([8, 3, 4, 160, 320]) 33
[36m(RolloutGroup(rank=2) pid=4057637)[0m Time taken: Total 2.47 seconds, Text Encoder 0.62 seconds, Image Encoder 0.54 seconds, VAE 0.00 seconds, KV Cache Creation 0.28 seconds, Diffusion 1.02 seconds, DIT Compute Steps 3 steps, Scheduler 0.01 seconds
[36m(RolloutGroup(rank=2) pid=4057637)[0m language is None, reset current_start_frame to 0
[36m(RolloutGroup(rank=2) pid=4057637)[0m videos shape torch.Size([8, 3, 4, 160, 320]) 33
[36m(RolloutGroup(rank=0) pid=4057629)[0m Time taken: Total 2.47 seconds, Text Encoder 0.62 seconds, Image Encoder 0.54 seconds, VAE 0.00 seconds, KV Cache Creation 0.28 seconds, Diffusion 1.02 seconds, DIT Compute Steps 3 steps, Scheduler 0.01 seconds
[36m(RolloutGroup(rank=0) pid=4057629)[0m language is None, reset current_start_frame to 0
[36m(RolloutGroup(rank=0) pid=4057629)[0m videos shape torch.Size([8, 3, 4, 160, 320]) 33
[36m(RolloutGroup(rank=1) pid=4057636)[0m Time taken: Total 2.46 seconds, Text Encoder 0.62 seconds, Image Encoder 0.54 seconds, VAE 0.00 seconds, KV Cache Creation 0.28 seconds, Diffusion 1.01 seconds, DIT Compute Steps 3 steps, Scheduler 0.01 seconds
[36m(RolloutGroup(rank=1) pid=4057636)[0m language is None, reset current_start_frame to 0
[36m(RolloutGroup(rank=1) pid=4057636)[0m videos shape torch.Size([8, 3, 4, 160, 320]) 33
[36m(RolloutGroup(rank=3) pid=4057642)[0m Time taken: Total 2.47 seconds, Text Encoder 0.62 seconds, Image Encoder 0.55 seconds, VAE 0.00 seconds, KV Cache Creation 0.28 seconds, Diffusion 1.01 seconds, DIT Compute Steps 3 steps, Scheduler 0.01 seconds
[36m(RolloutGroup(rank=3) pid=4057642)[0m language is None, reset current_start_frame to 0
[36m(RolloutGroup(rank=3) pid=4057642)[0m videos shape torch.Size([8, 3, 4, 160, 320]) 33
[36m(RolloutGroup(rank=2) pid=4057637)[0m Time taken: Total 2.47 seconds, Text Encoder 0.62 seconds, Image Encoder 0.54 seconds, VAE 0.00 seconds, KV Cache Creation 0.28 seconds, Diffusion 1.02 seconds, DIT Compute Steps 3 steps, Scheduler 0.01 seconds
[36m(RolloutGroup(rank=2) pid=4057637)[0m language is None, reset current_start_frame to 0
[36m(RolloutGroup(rank=2) pid=4057637)[0m videos shape torch.Size([8, 3, 4, 160, 320]) 33
[36m(RolloutGroup(rank=0) pid=4057629)[0m Time taken: Total 2.47 seconds, Text Encoder 0.62 seconds, Image Encoder 0.54 seconds, VAE 0.00 seconds, KV Cache Creation 0.28 seconds, Diffusion 1.02 seconds, DIT Compute Steps 3 steps, Scheduler 0.01 seconds
[36m(RolloutGroup(rank=0) pid=4057629)[0m language is None, reset current_start_frame to 0
[36m(RolloutGroup(rank=0) pid=4057629)[0m videos shape torch.Size([8, 3, 4, 160, 320]) 33
[36m(RolloutGroup(rank=1) pid=4057636)[0m Time taken: Total 2.46 seconds, Text Encoder 0.62 seconds, Image Encoder 0.54 seconds, VAE 0.00 seconds, KV Cache Creation 0.28 seconds, Diffusion 1.01 seconds, DIT Compute Steps 3 steps, Scheduler 0.01 seconds
[36m(RolloutGroup(rank=1) pid=4057636)[0m language is None, reset current_start_frame to 0
[36m(RolloutGroup(rank=1) pid=4057636)[0m videos shape torch.Size([8, 3, 4, 160, 320]) 33
[36m(RolloutGroup(rank=3) pid=4057642)[0m Time taken: Total 2.47 seconds, Text Encoder 0.62 seconds, Image Encoder 0.54 seconds, VAE 0.00 seconds, KV Cache Creation 0.28 seconds, Diffusion 1.02 seconds, DIT Compute Steps 3 steps, Scheduler 0.01 seconds
[36m(RolloutGroup(rank=3) pid=4057642)[0m language is None, reset current_start_frame to 0
[36m(RolloutGroup(rank=3) pid=4057642)[0m videos shape torch.Size([8, 3, 4, 160, 320]) 33
[36m(RolloutGroup(rank=2) pid=4057637)[0m Time taken: Total 2.46 seconds, Text Encoder 0.62 seconds, Image Encoder 0.54 seconds, VAE 0.00 seconds, KV Cache Creation 0.28 seconds, Diffusion 1.02 seconds, DIT Compute Steps 3 steps, Scheduler 0.01 seconds
[36m(RolloutGroup(rank=2) pid=4057637)[0m language is None, reset current_start_frame to 0
[36m(RolloutGroup(rank=2) pid=4057637)[0m videos shape torch.Size([8, 3, 4, 160, 320]) 33
[36m(RolloutGroup(rank=0) pid=4057629)[0m Time taken: Total 2.47 seconds, Text Encoder 0.62 seconds, Image Encoder 0.54 seconds, VAE 0.00 seconds, KV Cache Creation 0.28 seconds, Diffusion 1.02 seconds, DIT Compute Steps 3 steps, Scheduler 0.01 seconds
[36m(RolloutGroup(rank=0) pid=4057629)[0m language is None, reset current_start_frame to 0
[36m(RolloutGroup(rank=0) pid=4057629)[0m videos shape torch.Size([8, 3, 4, 160, 320]) 33
[36m(RolloutGroup(rank=1) pid=4057636)[0m Time taken: Total 2.46 seconds, Text Encoder 0.62 seconds, Image Encoder 0.54 seconds, VAE 0.00 seconds, KV Cache Creation 0.28 seconds, Diffusion 1.01 seconds, DIT Compute Steps 3 steps, Scheduler 0.01 seconds
[36m(RolloutGroup(rank=1) pid=4057636)[0m language is None, reset current_start_frame to 0
[36m(RolloutGroup(rank=1) pid=4057636)[0m videos shape torch.Size([8, 3, 4, 160, 320]) 33
[36m(RolloutGroup(rank=3) pid=4057642)[0m Time taken: Total 2.47 seconds, Text Encoder 0.62 seconds, Image Encoder 0.55 seconds, VAE 0.00 seconds, KV Cache Creation 0.28 seconds, Diffusion 1.02 seconds, DIT Compute Steps 3 steps, Scheduler 0.01 seconds
[36m(RolloutGroup(rank=3) pid=4057642)[0m language is None, reset current_start_frame to 0
[36m(RolloutGroup(rank=3) pid=4057642)[0m videos shape torch.Size([8, 3, 4, 160, 320]) 33
[36m(RolloutGroup(rank=2) pid=4057637)[0m Time taken: Total 2.47 seconds, Text Encoder 0.62 seconds, Image Encoder 0.54 seconds, VAE 0.00 seconds, KV Cache Creation 0.28 seconds, Diffusion 1.02 seconds, DIT Compute Steps 3 steps, Scheduler 0.01 seconds
[36m(RolloutGroup(rank=2) pid=4057637)[0m language is None, reset current_start_frame to 0
[36m(RolloutGroup(rank=2) pid=4057637)[0m videos shape torch.Size([8, 3, 4, 160, 320]) 33
[36m(RolloutGroup(rank=0) pid=4057629)[0m Time taken: Total 2.47 seconds, Text Encoder 0.62 seconds, Image Encoder 0.54 seconds, VAE 0.00 seconds, KV Cache Creation 0.28 seconds, Diffusion 1.02 seconds, DIT Compute Steps 3 steps, Scheduler 0.01 seconds
[36m(RolloutGroup(rank=0) pid=4057629)[0m language is None, reset current_start_frame to 0
[36m(RolloutGroup(rank=0) pid=4057629)[0m videos shape torch.Size([8, 3, 4, 160, 320]) 33
[36m(RolloutGroup(rank=1) pid=4057636)[0m Time taken: Total 2.46 seconds, Text Encoder 0.62 seconds, Image Encoder 0.54 seconds, VAE 0.00 seconds, KV Cache Creation 0.28 seconds, Diffusion 1.01 seconds, DIT Compute Steps 3 steps, Scheduler 0.01 seconds
[36m(RolloutGroup(rank=1) pid=4057636)[0m language is None, reset current_start_frame to 0
[36m(RolloutGroup(rank=1) pid=4057636)[0m videos shape torch.Size([8, 3, 4, 160, 320]) 33
[36m(RolloutGroup(rank=3) pid=4057642)[0m Time taken: Total 2.47 seconds, Text Encoder 0.62 seconds, Image Encoder 0.55 seconds, VAE 0.00 seconds, KV Cache Creation 0.28 seconds, Diffusion 1.02 seconds, DIT Compute Steps 3 steps, Scheduler 0.01 seconds
[36m(RolloutGroup(rank=3) pid=4057642)[0m language is None, reset current_start_frame to 0
[36m(RolloutGroup(rank=3) pid=4057642)[0m videos shape torch.Size([8, 3, 4, 160, 320]) 33
[36m(RolloutGroup(rank=2) pid=4057637)[0m Time taken: Total 2.47 seconds, Text Encoder 0.62 seconds, Image Encoder 0.54 seconds, VAE 0.00 seconds, KV Cache Creation 0.28 seconds, Diffusion 1.02 seconds, DIT Compute Steps 3 steps, Scheduler 0.01 seconds
[36m(RolloutGroup(rank=2) pid=4057637)[0m language is None, reset current_start_frame to 0
[36m(RolloutGroup(rank=2) pid=4057637)[0m videos shape torch.Size([8, 3, 4, 160, 320]) 33
[36m(RolloutGroup(rank=0) pid=4057629)[0m Time taken: Total 2.47 seconds, Text Encoder 0.62 seconds, Image Encoder 0.54 seconds, VAE 0.00 seconds, KV Cache Creation 0.28 seconds, Diffusion 1.02 seconds, DIT Compute Steps 3 steps, Scheduler 0.01 seconds
[36m(RolloutGroup(rank=0) pid=4057629)[0m language is None, reset current_start_frame to 0
[36m(RolloutGroup(rank=0) pid=4057629)[0m videos shape torch.Size([8, 3, 4, 160, 320]) 33
[36m(RolloutGroup(rank=1) pid=4057636)[0m Time taken: Total 2.46 seconds, Text Encoder 0.62 seconds, Image Encoder 0.54 seconds, VAE 0.00 seconds, KV Cache Creation 0.28 seconds, Diffusion 1.02 seconds, DIT Compute Steps 3 steps, Scheduler 0.01 seconds
[36m(RolloutGroup(rank=1) pid=4057636)[0m language is None, reset current_start_frame to 0
[36m(RolloutGroup(rank=1) pid=4057636)[0m videos shape torch.Size([8, 3, 4, 160, 320]) 33
[36m(RolloutGroup(rank=3) pid=4057642)[0m Time taken: Total 2.47 seconds, Text Encoder 0.62 seconds, Image Encoder 0.54 seconds, VAE 0.00 seconds, KV Cache Creation 0.28 seconds, Diffusion 1.02 seconds, DIT Compute Steps 3 steps, Scheduler 0.01 seconds
[36m(RolloutGroup(rank=3) pid=4057642)[0m language is None, reset current_start_frame to 0
[36m(RolloutGroup(rank=3) pid=4057642)[0m videos shape torch.Size([8, 3, 4, 160, 320]) 33
[36m(RolloutGroup(rank=2) pid=4057637)[0m Time taken: Total 2.47 seconds, Text Encoder 0.62 seconds, Image Encoder 0.54 seconds, VAE 0.00 seconds, KV Cache Creation 0.28 seconds, Diffusion 1.02 seconds, DIT Compute Steps 3 steps, Scheduler 0.01 seconds
[36m(RolloutGroup(rank=0) pid=4057629)[0m Time taken: Total 2.47 seconds, Text Encoder 0.62 seconds, Image Encoder 0.54 seconds, VAE 0.00 seconds, KV Cache Creation 0.28 seconds, Diffusion 1.02 seconds, DIT Compute Steps 3 steps, Scheduler 0.01 seconds
[36m(RolloutGroup(rank=1) pid=4057636)[0m Time taken: Total 2.46 seconds, Text Encoder 0.62 seconds, Image Encoder 0.54 seconds, VAE 0.00 seconds, KV Cache Creation 0.28 seconds, Diffusion 1.01 seconds, DIT Compute Steps 3 steps, Scheduler 0.01 seconds
[36m(RolloutGroup(rank=2) pid=4057637)[0m language is None, reset current_start_frame to 0
[36m(RolloutGroup(rank=2) pid=4057637)[0m videos shape torch.Size([8, 3, 4, 160, 320]) 33
[36m(RolloutGroup(rank=1) pid=4057636)[0m language is None, reset current_start_frame to 0
[36m(RolloutGroup(rank=1) pid=4057636)[0m videos shape torch.Size([8, 3, 4, 160, 320]) 33
[36m(RolloutGroup(rank=0) pid=4057629)[0m language is None, reset current_start_frame to 0
[36m(RolloutGroup(rank=0) pid=4057629)[0m videos shape torch.Size([8, 3, 4, 160, 320]) 33
[36m(RolloutGroup(rank=3) pid=4057642)[0m Time taken: Total 2.47 seconds, Text Encoder 0.62 seconds, Image Encoder 0.54 seconds, VAE 0.00 seconds, KV Cache Creation 0.28 seconds, Diffusion 1.02 seconds, DIT Compute Steps 3 steps, Scheduler 0.01 seconds
[36m(RolloutGroup(rank=3) pid=4057642)[0m language is None, reset current_start_frame to 0
[36m(RolloutGroup(rank=3) pid=4057642)[0m videos shape torch.Size([8, 3, 4, 160, 320]) 33
[36m(RolloutGroup(rank=2) pid=4057637)[0m Time taken: Total 2.48 seconds, Text Encoder 0.62 seconds, Image Encoder 0.54 seconds, VAE 0.00 seconds, KV Cache Creation 0.28 seconds, Diffusion 1.02 seconds, DIT Compute Steps 3 steps, Scheduler 0.01 seconds
[36m(RolloutGroup(rank=2) pid=4057637)[0m language is None, reset current_start_frame to 0
[36m(RolloutGroup(rank=2) pid=4057637)[0m videos shape torch.Size([8, 3, 4, 160, 320]) 33
[36m(RolloutGroup(rank=1) pid=4057636)[0m Time taken: Total 2.47 seconds, Text Encoder 0.62 seconds, Image Encoder 0.54 seconds, VAE 0.00 seconds, KV Cache Creation 0.28 seconds, Diffusion 1.02 seconds, DIT Compute Steps 3 steps, Scheduler 0.01 seconds
[36m(RolloutGroup(rank=1) pid=4057636)[0m language is None, reset current_start_frame to 0
[36m(RolloutGroup(rank=1) pid=4057636)[0m videos shape torch.Size([8, 3, 4, 160, 320]) 33
[36m(RolloutGroup(rank=0) pid=4057629)[0m Time taken: Total 2.47 seconds, Text Encoder 0.62 seconds, Image Encoder 0.54 seconds, VAE 0.00 seconds, KV Cache Creation 0.28 seconds, Diffusion 1.02 seconds, DIT Compute Steps 3 steps, Scheduler 0.01 seconds
[36m(RolloutGroup(rank=0) pid=4057629)[0m language is None, reset current_start_frame to 0
[36m(RolloutGroup(rank=0) pid=4057629)[0m videos shape torch.Size([8, 3, 4, 160, 320]) 33
[36m(RolloutGroup(rank=3) pid=4057642)[0m Time taken: Total 2.48 seconds, Text Encoder 0.62 seconds, Image Encoder 0.54 seconds, VAE 0.00 seconds, KV Cache Creation 0.28 seconds, Diffusion 1.02 seconds, DIT Compute Steps 3 steps, Scheduler 0.01 seconds
[36m(RolloutGroup(rank=3) pid=4057642)[0m language is None, reset current_start_frame to 0
[36m(RolloutGroup(rank=3) pid=4057642)[0m videos shape torch.Size([8, 3, 4, 160, 320]) 33
[36m(RolloutGroup(rank=2) pid=4057637)[0m Time taken: Total 2.47 seconds, Text Encoder 0.62 seconds, Image Encoder 0.54 seconds, VAE 0.00 seconds, KV Cache Creation 0.28 seconds, Diffusion 1.02 seconds, DIT Compute Steps 3 steps, Scheduler 0.01 seconds
[36m(RolloutGroup(rank=2) pid=4057637)[0m language is None, reset current_start_frame to 0
[36m(RolloutGroup(rank=2) pid=4057637)[0m videos shape torch.Size([8, 3, 4, 160, 320]) 33
[36m(RolloutGroup(rank=1) pid=4057636)[0m Time taken: Total 2.47 seconds, Text Encoder 0.62 seconds, Image Encoder 0.54 seconds, VAE 0.00 seconds, KV Cache Creation 0.28 seconds, Diffusion 1.02 seconds, DIT Compute Steps 3 steps, Scheduler 0.01 seconds
[36m(RolloutGroup(rank=1) pid=4057636)[0m language is None, reset current_start_frame to 0
[36m(RolloutGroup(rank=1) pid=4057636)[0m videos shape torch.Size([8, 3, 4, 160, 320]) 33
[36m(RolloutGroup(rank=0) pid=4057629)[0m Time taken: Total 2.47 seconds, Text Encoder 0.62 seconds, Image Encoder 0.54 seconds, VAE 0.00 seconds, KV Cache Creation 0.28 seconds, Diffusion 1.02 seconds, DIT Compute Steps 3 steps, Scheduler 0.01 seconds
[36m(RolloutGroup(rank=0) pid=4057629)[0m language is None, reset current_start_frame to 0
[36m(RolloutGroup(rank=0) pid=4057629)[0m videos shape torch.Size([8, 3, 4, 160, 320]) 33
[36m(RolloutGroup(rank=3) pid=4057642)[0m Time taken: Total 2.48 seconds, Text Encoder 0.63 seconds, Image Encoder 0.55 seconds, VAE 0.00 seconds, KV Cache Creation 0.28 seconds, Diffusion 1.02 seconds, DIT Compute Steps 3 steps, Scheduler 0.01 seconds
[36m(RolloutGroup(rank=3) pid=4057642)[0m language is None, reset current_start_frame to 0
[36m(RolloutGroup(rank=3) pid=4057642)[0m videos shape torch.Size([8, 3, 4, 160, 320]) 33
[36m(RolloutGroup(rank=2) pid=4057637)[0m Time taken: Total 2.47 seconds, Text Encoder 0.62 seconds, Image Encoder 0.54 seconds, VAE 0.00 seconds, KV Cache Creation 0.28 seconds, Diffusion 1.02 seconds, DIT Compute Steps 3 steps, Scheduler 0.01 seconds
[36m(RolloutGroup(rank=2) pid=4057637)[0m language is None, reset current_start_frame to 0
[36m(RolloutGroup(rank=2) pid=4057637)[0m videos shape torch.Size([8, 3, 4, 160, 320]) 33
[36m(RolloutGroup(rank=1) pid=4057636)[0m Time taken: Total 2.47 seconds, Text Encoder 0.62 seconds, Image Encoder 0.54 seconds, VAE 0.00 seconds, KV Cache Creation 0.28 seconds, Diffusion 1.02 seconds, DIT Compute Steps 3 steps, Scheduler 0.01 seconds
[36m(RolloutGroup(rank=1) pid=4057636)[0m language is None, reset current_start_frame to 0
[36m(RolloutGroup(rank=1) pid=4057636)[0m videos shape torch.Size([8, 3, 4, 160, 320]) 33
[36m(RolloutGroup(rank=0) pid=4057629)[0m Time taken: Total 2.47 seconds, Text Encoder 0.62 seconds, Image Encoder 0.54 seconds, VAE 0.00 seconds, KV Cache Creation 0.28 seconds, Diffusion 1.02 seconds, DIT Compute Steps 3 steps, Scheduler 0.01 seconds
[36m(RolloutGroup(rank=0) pid=4057629)[0m language is None, reset current_start_frame to 0
[36m(RolloutGroup(rank=0) pid=4057629)[0m videos shape torch.Size([8, 3, 4, 160, 320]) 33
[36m(RolloutGroup(rank=3) pid=4057642)[0m Time taken: Total 2.48 seconds, Text Encoder 0.62 seconds, Image Encoder 0.55 seconds, VAE 0.00 seconds, KV Cache Creation 0.28 seconds, Diffusion 1.02 seconds, DIT Compute Steps 3 steps, Scheduler 0.01 seconds
[36m(RolloutGroup(rank=3) pid=4057642)[0m language is None, reset current_start_frame to 0
[36m(RolloutGroup(rank=3) pid=4057642)[0m videos shape torch.Size([8, 3, 4, 160, 320]) 33
[36m(RolloutGroup(rank=2) pid=4057637)[0m Time taken: Total 2.47 seconds, Text Encoder 0.62 seconds, Image Encoder 0.54 seconds, VAE 0.00 seconds, KV Cache Creation 0.28 seconds, Diffusion 1.02 seconds, DIT Compute Steps 3 steps, Scheduler 0.01 seconds
[36m(RolloutGroup(rank=2) pid=4057637)[0m language is None, reset current_start_frame to 0
[36m(RolloutGroup(rank=2) pid=4057637)[0m videos shape torch.Size([8, 3, 4, 160, 320]) 33
[36m(RolloutGroup(rank=1) pid=4057636)[0m Time taken: Total 2.47 seconds, Text Encoder 0.62 seconds, Image Encoder 0.54 seconds, VAE 0.00 seconds, KV Cache Creation 0.28 seconds, Diffusion 1.02 seconds, DIT Compute Steps 3 steps, Scheduler 0.01 seconds
[36m(RolloutGroup(rank=1) pid=4057636)[0m language is None, reset current_start_frame to 0
[36m(RolloutGroup(rank=1) pid=4057636)[0m videos shape torch.Size([8, 3, 4, 160, 320]) 33
[36m(RolloutGroup(rank=0) pid=4057629)[0m Time taken: Total 2.47 seconds, Text Encoder 0.62 seconds, Image Encoder 0.54 seconds, VAE 0.00 seconds, KV Cache Creation 0.28 seconds, Diffusion 1.02 seconds, DIT Compute Steps 3 steps, Scheduler 0.01 seconds
[36m(RolloutGroup(rank=0) pid=4057629)[0m language is None, reset current_start_frame to 0
[36m(RolloutGroup(rank=0) pid=4057629)[0m videos shape torch.Size([8, 3, 4, 160, 320]) 33
[36m(RolloutGroup(rank=3) pid=4057642)[0m Time taken: Total 2.47 seconds, Text Encoder 0.63 seconds, Image Encoder 0.55 seconds, VAE 0.00 seconds, KV Cache Creation 0.28 seconds, Diffusion 1.02 seconds, DIT Compute Steps 3 steps, Scheduler 0.01 seconds
[36m(RolloutGroup(rank=3) pid=4057642)[0m language is None, reset current_start_frame to 0
[36m(RolloutGroup(rank=3) pid=4057642)[0m videos shape torch.Size([8, 3, 4, 160, 320]) 33
[36m(RolloutGroup(rank=2) pid=4057637)[0m Time taken: Total 2.47 seconds, Text Encoder 0.62 seconds, Image Encoder 0.54 seconds, VAE 0.00 seconds, KV Cache Creation 0.28 seconds, Diffusion 1.02 seconds, DIT Compute Steps 3 steps, Scheduler 0.01 seconds
[36m(RolloutGroup(rank=2) pid=4057637)[0m language is None, reset current_start_frame to 0
[36m(RolloutGroup(rank=2) pid=4057637)[0m videos shape torch.Size([8, 3, 4, 160, 320]) 33
[36m(RolloutGroup(rank=1) pid=4057636)[0m Time taken: Total 2.47 seconds, Text Encoder 0.62 seconds, Image Encoder 0.54 seconds, VAE 0.00 seconds, KV Cache Creation 0.28 seconds, Diffusion 1.02 seconds, DIT Compute Steps 3 steps, Scheduler 0.01 seconds
[36m(RolloutGroup(rank=1) pid=4057636)[0m language is None, reset current_start_frame to 0
[36m(RolloutGroup(rank=1) pid=4057636)[0m videos shape torch.Size([8, 3, 4, 160, 320]) 33
[36m(RolloutGroup(rank=0) pid=4057629)[0m Time taken: Total 2.47 seconds, Text Encoder 0.62 seconds, Image Encoder 0.54 seconds, VAE 0.00 seconds, KV Cache Creation 0.28 seconds, Diffusion 1.01 seconds, DIT Compute Steps 3 steps, Scheduler 0.01 seconds
[36m(RolloutGroup(rank=0) pid=4057629)[0m language is None, reset current_start_frame to 0
[36m(RolloutGroup(rank=0) pid=4057629)[0m videos shape torch.Size([8, 3, 4, 160, 320]) 33
[36m(RolloutGroup(rank=3) pid=4057642)[0m Time taken: Total 2.48 seconds, Text Encoder 0.62 seconds, Image Encoder 0.54 seconds, VAE 0.00 seconds, KV Cache Creation 0.28 seconds, Diffusion 1.02 seconds, DIT Compute Steps 3 steps, Scheduler 0.01 seconds
[36m(RolloutGroup(rank=3) pid=4057642)[0m language is None, reset current_start_frame to 0
[36m(RolloutGroup(rank=3) pid=4057642)[0m videos shape torch.Size([8, 3, 4, 160, 320]) 33
[36m(RolloutGroup(rank=2) pid=4057637)[0m Time taken: Total 2.47 seconds, Text Encoder 0.62 seconds, Image Encoder 0.54 seconds, VAE 0.00 seconds, KV Cache Creation 0.28 seconds, Diffusion 1.02 seconds, DIT Compute Steps 3 steps, Scheduler 0.01 seconds
[36m(RolloutGroup(rank=2) pid=4057637)[0m language is None, reset current_start_frame to 0
[36m(RolloutGroup(rank=2) pid=4057637)[0m videos shape torch.Size([8, 3, 4, 160, 320]) 33
[36m(RolloutGroup(rank=1) pid=4057636)[0m Time taken: Total 2.47 seconds, Text Encoder 0.62 seconds, Image Encoder 0.54 seconds, VAE 0.00 seconds, KV Cache Creation 0.28 seconds, Diffusion 1.02 seconds, DIT Compute Steps 3 steps, Scheduler 0.01 seconds
[36m(RolloutGroup(rank=1) pid=4057636)[0m language is None, reset current_start_frame to 0
[36m(RolloutGroup(rank=1) pid=4057636)[0m videos shape torch.Size([8, 3, 4, 160, 320]) 33
[36m(RolloutGroup(rank=0) pid=4057629)[0m Time taken: Total 2.46 seconds, Text Encoder 0.62 seconds, Image Encoder 0.54 seconds, VAE 0.00 seconds, KV Cache Creation 0.28 seconds, Diffusion 1.01 seconds, DIT Compute Steps 3 steps, Scheduler 0.01 seconds
[36m(RolloutGroup(rank=0) pid=4057629)[0m language is None, reset current_start_frame to 0
[36m(RolloutGroup(rank=0) pid=4057629)[0m videos shape torch.Size([8, 3, 4, 160, 320]) 33
[36m(RolloutGroup(rank=3) pid=4057642)[0m Time taken: Total 2.48 seconds, Text Encoder 0.63 seconds, Image Encoder 0.55 seconds, VAE 0.00 seconds, KV Cache Creation 0.28 seconds, Diffusion 1.02 seconds, DIT Compute Steps 3 steps, Scheduler 0.01 seconds
[36m(RolloutGroup(rank=3) pid=4057642)[0m language is None, reset current_start_frame to 0
[36m(RolloutGroup(rank=3) pid=4057642)[0m videos shape torch.Size([8, 3, 4, 160, 320]) 33
[36m(RolloutGroup(rank=2) pid=4057637)[0m Time taken: Total 2.47 seconds, Text Encoder 0.62 seconds, Image Encoder 0.54 seconds, VAE 0.00 seconds, KV Cache Creation 0.28 seconds, Diffusion 1.02 seconds, DIT Compute Steps 3 steps, Scheduler 0.01 seconds
[36m(RolloutGroup(rank=2) pid=4057637)[0m language is None, reset current_start_frame to 0
[36m(RolloutGroup(rank=2) pid=4057637)[0m videos shape torch.Size([8, 3, 4, 160, 320]) 33
[36m(RolloutGroup(rank=1) pid=4057636)[0m Time taken: Total 2.46 seconds, Text Encoder 0.62 seconds, Image Encoder 0.54 seconds, VAE 0.00 seconds, KV Cache Creation 0.28 seconds, Diffusion 1.01 seconds, DIT Compute Steps 3 steps, Scheduler 0.01 seconds
[36m(RolloutGroup(rank=1) pid=4057636)[0m language is None, reset current_start_frame to 0
[36m(RolloutGroup(rank=1) pid=4057636)[0m videos shape torch.Size([8, 3, 4, 160, 320]) 33
[36m(RolloutGroup(rank=0) pid=4057629)[0m Time taken: Total 2.47 seconds, Text Encoder 0.62 seconds, Image Encoder 0.54 seconds, VAE 0.00 seconds, KV Cache Creation 0.28 seconds, Diffusion 1.01 seconds, DIT Compute Steps 3 steps, Scheduler 0.01 seconds
[36m(RolloutGroup(rank=0) pid=4057629)[0m language is None, reset current_start_frame to 0
[36m(RolloutGroup(rank=0) pid=4057629)[0m videos shape torch.Size([8, 3, 4, 160, 320]) 33
[36m(RolloutGroup(rank=3) pid=4057642)[0m Time taken: Total 2.48 seconds, Text Encoder 0.62 seconds, Image Encoder 0.55 seconds, VAE 0.00 seconds, KV Cache Creation 0.28 seconds, Diffusion 1.02 seconds, DIT Compute Steps 3 steps, Scheduler 0.01 seconds[36m(RolloutGroup(rank=0) pid=4057629)[0m Generating Rollout Epochs: 100%|██████████| 1/1 [04:02<00:00, 242.27s/it]Generating Rollout Epochs: 100%|██████████| 1/1 [04:02<00:00, 242.27s/it]
[36m(ActorGroup(rank=1) pid=4057616)[0m /data1/gaobowen/RLinf_dreamzero/.venv-libero-dreamzero/lib/python3.11/site-packages/torch/nn/modules/module.py:938: UserWarning: The .grad attribute of a Tensor that is not a leaf Tensor is being accessed. Its .grad attribute won't be populated during autograd.backward(). If you indeed want the .grad field to be populated for a non-leaf Tensor, use .retain_grad() on the non-leaf Tensor. If you access the non-leaf Tensor by mistake, make sure you access the leaf Tensor instead. See github.com/pytorch/pytorch/pull/30531 for more informations. (Triggered internally at /pytorch/build/aten/src/ATen/core/TensorBody.h:489.)
[36m(ActorGroup(rank=1) pid=4057616)[0m   param_grad = param.grad
[36m(ActorGroup(rank=0) pid=4057615)[0m /data1/gaobowen/RLinf_dreamzero/.venv-libero-dreamzero/lib/python3.11/site-packages/torch/nn/modules/module.py:938: UserWarning: The .grad attribute of a Tensor that is not a leaf Tensor is being accessed. Its .grad attribute won't be populated during autograd.backward(). If you indeed want the .grad field to be populated for a non-leaf Tensor, use .retain_grad() on the non-leaf Tensor. If you access the non-leaf Tensor by mistake, make sure you access the leaf Tensor instead. See github.com/pytorch/pytorch/pull/30531 for more informations. (Triggered internally at /pytorch/build/aten/src/ATen/core/TensorBody.h:489.)
[36m(ActorGroup(rank=0) pid=4057615)[0m   param_grad = param.grad
[36m(ActorGroup(rank=3) pid=4057619)[0m /data1/gaobowen/RLinf_dreamzero/.venv-libero-dreamzero/lib/python3.11/site-packages/torch/nn/modules/module.py:938: UserWarning: The .grad attribute of a Tensor that is not a leaf Tensor is being accessed. Its .grad attribute won't be populated during autograd.backward(). If you indeed want the .grad field to be populated for a non-leaf Tensor, use .retain_grad() on the non-leaf Tensor. If you access the non-leaf Tensor by mistake, make sure you access the leaf Tensor instead. See github.com/pytorch/pytorch/pull/30531 for more informations. (Triggered internally at /pytorch/build/aten/src/ATen/core/TensorBody.h:489.)
[36m(ActorGroup(rank=3) pid=4057619)[0m   param_grad = param.grad
[36m(ActorGroup(rank=2) pid=4057617)[0m /data1/gaobowen/RLinf_dreamzero/.venv-libero-dreamzero/lib/python3.11/site-packages/torch/nn/modules/module.py:938: UserWarning: The .grad attribute of a Tensor that is not a leaf Tensor is being accessed. Its .grad attribute won't be populated during autograd.backward(). If you indeed want the .grad field to be populated for a non-leaf Tensor, use .retain_grad() on the non-leaf Tensor. If you access the non-leaf Tensor by mistake, make sure you access the leaf Tensor instead. See github.com/pytorch/pytorch/pull/30531 for more informations. (Triggered internally at /pytorch/build/aten/src/ATen/core/TensorBody.h:489.)
[36m(ActorGroup(rank=2) pid=4057617)[0m   param_grad = param.grad

[36m(RolloutGroup(rank=3) pid=4057642)[0m language is None, reset current_start_frame to 0
[36m(RolloutGroup(rank=3) pid=4057642)[0m videos shape torch.Size([8, 3, 4, 160, 320]) 33
[36m(RolloutGroup(rank=2) pid=4057637)[0m Time taken: Total 2.47 seconds, Text Encoder 0.62 seconds, Image Encoder 0.54 seconds, VAE 0.00 seconds, KV Cache Creation 0.28 seconds, Diffusion 1.02 seconds, DIT Compute Steps 3 steps, Scheduler 0.01 seconds
[36m(RolloutGroup(rank=2) pid=4057637)[0m language is None, reset current_start_frame to 0
[36m(RolloutGroup(rank=2) pid=4057637)[0m videos shape torch.Size([8, 3, 4, 160, 320]) 33
[36m(RolloutGroup(rank=1) pid=4057636)[0m Time taken: Total 2.46 seconds, Text Encoder 0.62 seconds, Image Encoder 0.54 seconds, VAE 0.00 seconds, KV Cache Creation 0.28 seconds, Diffusion 1.01 seconds, DIT Compute Steps 3 steps, Scheduler 0.01 seconds
[36m(RolloutGroup(rank=1) pid=4057636)[0m language is None, reset current_start_frame to 0
[36m(RolloutGroup(rank=1) pid=4057636)[0m videos shape torch.Size([8, 3, 4, 160, 320]) 33
[36m(RolloutGroup(rank=0) pid=4057629)[0m Time taken: Total 2.47 seconds, Text Encoder 0.62 seconds, Image Encoder 0.54 seconds, VAE 0.00 seconds, KV Cache Creation 0.28 seconds, Diffusion 1.01 seconds, DIT Compute Steps 3 steps, Scheduler 0.01 seconds
[36m(RolloutGroup(rank=0) pid=4057629)[0m language is None, reset current_start_frame to 0
[36m(RolloutGroup(rank=0) pid=4057629)[0m videos shape torch.Size([8, 3, 4, 160, 320]) 33
[36m(RolloutGroup(rank=3) pid=4057642)[0m Time taken: Total 2.48 seconds, Text Encoder 0.62 seconds, Image Encoder 0.55 seconds, VAE 0.00 seconds, KV Cache Creation 0.28 seconds, Diffusion 1.02 seconds, DIT Compute Steps 3 steps, Scheduler 0.01 seconds
[36m(RolloutGroup(rank=3) pid=4057642)[0m language is None, reset current_start_frame to 0
[36m(RolloutGroup(rank=3) pid=4057642)[0m videos shape torch.Size([8, 3, 4, 160, 320]) 33
[36m(RolloutGroup(rank=2) pid=4057637)[0m Time taken: Total 2.47 seconds, Text Encoder 0.62 seconds, Image Encoder 0.54 seconds, VAE 0.00 seconds, KV Cache Creation 0.28 seconds, Diffusion 1.02 seconds, DIT Compute Steps 3 steps, Scheduler 0.01 seconds
[36m(RolloutGroup(rank=2) pid=4057637)[0m language is None, reset current_start_frame to 0
[36m(RolloutGroup(rank=2) pid=4057637)[0m videos shape torch.Size([8, 3, 4, 160, 320]) 33
[36m(RolloutGroup(rank=1) pid=4057636)[0m Time taken: Total 2.46 seconds, Text Encoder 0.62 seconds, Image Encoder 0.54 seconds, VAE 0.00 seconds, KV Cache Creation 0.28 seconds, Diffusion 1.01 seconds, DIT Compute Steps 3 steps, Scheduler 0.01 seconds
[36m(RolloutGroup(rank=1) pid=4057636)[0m language is None, reset current_start_frame to 0
[36m(RolloutGroup(rank=1) pid=4057636)[0m videos shape torch.Size([8, 3, 4, 160, 320]) 33
[36m(RolloutGroup(rank=0) pid=4057629)[0m Time taken: Total 2.47 seconds, Text Encoder 0.62 seconds, Image Encoder 0.54 seconds, VAE 0.00 seconds, KV Cache Creation 0.28 seconds, Diffusion 1.02 seconds, DIT Compute Steps 3 steps, Scheduler 0.01 seconds
[36m(RolloutGroup(rank=0) pid=4057629)[0m language is None, reset current_start_frame to 0
[36m(RolloutGroup(rank=0) pid=4057629)[0m videos shape torch.Size([8, 3, 4, 160, 320]) 33
[36m(RolloutGroup(rank=3) pid=4057642)[0m Time taken: Total 2.47 seconds, Text Encoder 0.62 seconds, Image Encoder 0.54 seconds, VAE 0.00 seconds, KV Cache Creation 0.28 seconds, Diffusion 1.02 seconds, DIT Compute Steps 3 steps, Scheduler 0.01 seconds
[36m(RolloutGroup(rank=3) pid=4057642)[0m language is None, reset current_start_frame to 0
[36m(RolloutGroup(rank=3) pid=4057642)[0m videos shape torch.Size([8, 3, 4, 160, 320]) 33
[36m(RolloutGroup(rank=2) pid=4057637)[0m Time taken: Total 2.47 seconds, Text Encoder 0.62 seconds, Image Encoder 0.54 seconds, VAE 0.00 seconds, KV Cache Creation 0.28 seconds, Diffusion 1.02 seconds, DIT Compute Steps 3 steps, Scheduler 0.01 seconds
[36m(RolloutGroup(rank=1) pid=4057636)[0m Time taken: Total 2.46 seconds, Text Encoder 0.62 seconds, Image Encoder 0.54 seconds, VAE 0.00 seconds, KV Cache Creation 0.28 seconds, Diffusion 1.01 seconds, DIT Compute Steps 3 steps, Scheduler 0.01 seconds
[36m(RolloutGroup(rank=0) pid=4057629)[0m Time taken: Total 2.47 seconds, Text Encoder 0.62 seconds, Image Encoder 0.54 seconds, VAE 0.00 seconds, KV Cache Creation 0.28 seconds, Diffusion 1.02 seconds, DIT Compute Steps 3 steps, Scheduler 0.01 seconds
[36m(RolloutGroup(rank=3) pid=4057642)[0m Time taken: Total 2.47 seconds, Text Encoder 0.62 seconds, Image Encoder 0.55 seconds, VAE 0.00 seconds, KV Cache Creation 0.28 seconds, Diffusion 1.02 seconds, DIT Compute Steps 3 steps, Scheduler 0.01 seconds
[36m(ActorGroup(rank=0) pid=4057615)[0m [INFO 14:11:38 ActorGroup-Rank-0][fsdp_actor_worker.py:1726] actor training: start rollout_size_per_rank=64 global_batch_size=64 batch_size_per_rank=16 micro_batch_size=1 gradient_accumulation=16 update_epoch=1 global_batches_per_rank=4 micro_batches_per_global=16 total_micro_batches_per_rank=64
[36m(ActorGroup(rank=0) pid=4057615)[0m [INFO 14:11:38 ActorGroup-Rank-0][fsdp_actor_worker.py:1774] actor training: micro-batch start 1/64 epoch=1/1 global_batch=1/4 micro=1/16
[36m(ActorGroup(rank=1) pid=4057616)[0m language is None, reset current_start_frame to 0
[36m(ActorGroup(rank=1) pid=4057616)[0m videos shape torch.Size([1, 3, 4, 160, 320]) 33
[36m(ActorGroup(rank=0) pid=4057615)[0m language is None, reset current_start_frame to 0
[36m(ActorGroup(rank=0) pid=4057615)[0m videos shape torch.Size([1, 3, 4, 160, 320]) 33
[36m(ActorGroup(rank=2) pid=4057617)[0m language is None, reset current_start_frame to 0
[36m(ActorGroup(rank=2) pid=4057617)[0m videos shape torch.Size([1, 3, 4, 160, 320]) 33
[36m(ActorGroup(rank=3) pid=4057619)[0m language is None, reset current_start_frame to 0
[36m(ActorGroup(rank=3) pid=4057619)[0m videos shape torch.Size([1, 3, 4, 160, 320]) 33
[36m(ActorGroup(rank=1) pid=4057616)[0m Time taken: Total 5.88 seconds, Text Encoder 0.43 seconds, Image Encoder 0.35 seconds, VAE 0.00 seconds, KV Cache Creation 1.27 seconds, Diffusion 3.78 seconds, DIT Compute Steps 3 steps, Scheduler 0.05 seconds
[36m(ActorGroup(rank=0) pid=4057615)[0m Time taken: Total 5.88 seconds, Text Encoder 0.43 seconds, Image Encoder 0.30 seconds, VAE 0.00 seconds, KV Cache Creation 1.32 seconds, Diffusion 3.78 seconds, DIT Compute Steps 3 steps, Scheduler 0.05 seconds
[36m(ActorGroup(rank=0) pid=4057615)[0m [INFO 14:11:44 ActorGroup-Rank-0][fsdp_actor_worker.py:1844] actor training: model forward done 1/64 elapsed=6.05s
[36m(ActorGroup(rank=2) pid=4057617)[0m Time taken: Total 5.88 seconds, Text Encoder 0.43 seconds, Image Encoder 0.30 seconds, VAE 0.00 seconds, KV Cache Creation 1.32 seconds, Diffusion 3.78 seconds, DIT Compute Steps 3 steps, Scheduler 0.05 seconds
[36m(ActorGroup(rank=3) pid=4057619)[0m Time taken: Total 5.88 seconds, Text Encoder 0.43 seconds, Image Encoder 0.30 seconds, VAE 0.00 seconds, KV Cache Creation 1.32 seconds, Diffusion 3.78 seconds, DIT Compute Steps 3 steps, Scheduler 0.05 seconds
[36m(ActorGroup(rank=0) pid=4057615)[0m [INFO 14:11:46 ActorGroup-Rank-0][fsdp_actor_worker.py:1980] actor training: backward done 1/64 elapsed=2.06s
[36m(ActorGroup(rank=1) pid=4057616)[0m language is None, reset current_start_frame to 0
[36m(ActorGroup(rank=1) pid=4057616)[0m videos shape torch.Size([1, 3, 4, 160, 320]) 33
[36m(ActorGroup(rank=0) pid=4057615)[0m language is None, reset current_start_frame to 0
[36m(ActorGroup(rank=0) pid=4057615)[0m videos shape torch.Size([1, 3, 4, 160, 320]) 33
[36m(ActorGroup(rank=2) pid=4057617)[0m language is None, reset current_start_frame to 0
[36m(ActorGroup(rank=2) pid=4057617)[0m videos shape torch.Size([1, 3, 4, 160, 320]) 33
[36m(ActorGroup(rank=3) pid=4057619)[0m language is None, reset current_start_frame to 0
[36m(ActorGroup(rank=3) pid=4057619)[0m videos shape torch.Size([1, 3, 4, 160, 320]) 33
[36m(ActorGroup(rank=1) pid=4057616)[0m Time taken: Total 4.64 seconds, Text Encoder 0.16 seconds, Image Encoder 0.14 seconds, VAE 0.00 seconds, KV Cache Creation 1.11 seconds, Diffusion 3.22 seconds, DIT Compute Steps 3 steps, Scheduler 0.01 seconds
[36m(ActorGroup(rank=0) pid=4057615)[0m Time taken: Total 4.64 seconds, Text Encoder 0.17 seconds, Image Encoder 0.13 seconds, VAE 0.00 seconds, KV Cache Creation 1.11 seconds, Diffusion 3.22 seconds, DIT Compute Steps 3 steps, Scheduler 0.01 seconds
[36m(ActorGroup(rank=2) pid=4057617)[0m Time taken: Total 4.64 seconds, Text Encoder 0.17 seconds, Image Encoder 0.13 seconds, VAE 0.00 seconds, KV Cache Creation 1.11 seconds, Diffusion 3.22 seconds, DIT Compute Steps 3 steps, Scheduler 0.01 seconds
[36m(ActorGroup(rank=3) pid=4057619)[0m Time taken: Total 4.64 seconds, Text Encoder 0.17 seconds, Image Encoder 0.13 seconds, VAE 0.00 seconds, KV Cache Creation 1.12 seconds, Diffusion 3.22 seconds, DIT Compute Steps 3 steps, Scheduler 0.01 seconds
[36m(ActorGroup(rank=1) pid=4057616)[0m language is None, reset current_start_frame to 0
[36m(ActorGroup(rank=1) pid=4057616)[0m videos shape torch.Size([1, 3, 4, 160, 320]) 33
[36m(ActorGroup(rank=0) pid=4057615)[0m language is None, reset current_start_frame to 0
[36m(ActorGroup(rank=0) pid=4057615)[0m videos shape torch.Size([1, 3, 4, 160, 320]) 33
[36m(ActorGroup(rank=2) pid=4057617)[0m language is None, reset current_start_frame to 0
[36m(ActorGroup(rank=2) pid=4057617)[0m videos shape torch.Size([1, 3, 4, 160, 320]) 33
[36m(ActorGroup(rank=3) pid=4057619)[0m language is None, reset current_start_frame to 0
[36m(ActorGroup(rank=3) pid=4057619)[0m videos shape torch.Size([1, 3, 4, 160, 320]) 33
[36m(ActorGroup(rank=1) pid=4057616)[0m Time taken: Total 4.72 seconds, Text Encoder 0.17 seconds, Image Encoder 0.14 seconds, VAE 0.00 seconds, KV Cache Creation 1.08 seconds, Diffusion 3.33 seconds, DIT Compute Steps 3 steps, Scheduler 0.01 seconds
[36m(ActorGroup(rank=0) pid=4057615)[0m Time taken: Total 4.72 seconds, Text Encoder 0.17 seconds, Image Encoder 0.13 seconds, VAE 0.00 seconds, KV Cache Creation 1.08 seconds, Diffusion 3.33 seconds, DIT Compute Steps 3 steps, Scheduler 0.01 seconds
[36m(ActorGroup(rank=2) pid=4057617)[0m Time taken: Total 4.72 seconds, Text Encoder 0.17 seconds, Image Encoder 0.13 seconds, VAE 0.00 seconds, KV Cache Creation 1.08 seconds, Diffusion 3.33 seconds, DIT Compute Steps 3 steps, Scheduler 0.01 seconds
[36m(ActorGroup(rank=3) pid=4057619)[0m Time taken: Total 4.72 seconds, Text Encoder 0.17 seconds, Image Encoder 0.13 seconds, VAE 0.00 seconds, KV Cache Creation 1.08 seconds, Diffusion 3.33 seconds, DIT Compute Steps 3 steps, Scheduler 0.01 seconds
[36m(ActorGroup(rank=0) pid=4057615)[0m [INFO 14:12:00 ActorGroup-Rank-0][fsdp_actor_worker.py:1774] actor training: micro-batch start 4/64 epoch=1/1 global_batch=1/4 micro=4/16
[36m(ActorGroup(rank=1) pid=4057616)[0m language is None, reset current_start_frame to 0
[36m(ActorGroup(rank=1) pid=4057616)[0m videos shape torch.Size([1, 3, 4, 160, 320]) 33
[36m(ActorGroup(rank=0) pid=4057615)[0m language is None, reset current_start_frame to 0
[36m(ActorGroup(rank=0) pid=4057615)[0m videos shape torch.Size([1, 3, 4, 160, 320]) 33
[36m(ActorGroup(rank=2) pid=4057617)[0m language is None, reset current_start_frame to 0
[36m(ActorGroup(rank=2) pid=4057617)[0m videos shape torch.Size([1, 3, 4, 160, 320]) 33
[36m(ActorGroup(rank=3) pid=4057619)[0m language is None, reset current_start_frame to 0
[36m(ActorGroup(rank=3) pid=4057619)[0m videos shape torch.Size([1, 3, 4, 160, 320]) 33
[36m(ActorGroup(rank=1) pid=4057616)[0m Time taken: Total 5.05 seconds, Text Encoder 0.17 seconds, Image Encoder 0.14 seconds, VAE 0.00 seconds, KV Cache Creation 1.09 seconds, Diffusion 3.64 seconds, DIT Compute Steps 3 steps, Scheduler 0.01 seconds
[36m(ActorGroup(rank=0) pid=4057615)[0m Time taken: Total 5.05 seconds, Text Encoder 0.17 seconds, Image Encoder 0.13 seconds, VAE 0.00 seconds, KV Cache Creation 1.09 seconds, Diffusion 3.65 seconds, DIT Compute Steps 3 steps, Scheduler 0.01 seconds
[36m(ActorGroup(rank=0) pid=4057615)[0m [INFO 14:12:05 ActorGroup-Rank-0][fsdp_actor_worker.py:1844] actor training: model forward done 4/64 elapsed=5.15s
[36m(ActorGroup(rank=2) pid=4057617)[0m Time taken: Total 5.05 seconds, Text Encoder 0.17 seconds, Image Encoder 0.13 seconds, VAE 0.00 seconds, KV Cache Creation 1.09 seconds, Diffusion 3.65 seconds, DIT Compute Steps 3 steps, Scheduler 0.01 seconds
[36m(ActorGroup(rank=3) pid=4057619)[0m Time taken: Total 5.05 seconds, Text Encoder 0.17 seconds, Image Encoder 0.14 seconds, VAE 0.00 seconds, KV Cache Creation 1.09 seconds, Diffusion 3.65 seconds, DIT Compute Steps 3 steps, Scheduler 0.01 seconds
[36m(ActorGroup(rank=1) pid=4057616)[0m language is None, reset current_start_frame to 0
[36m(ActorGroup(rank=1) pid=4057616)[0m videos shape torch.Size([1, 3, 4, 160, 320]) 33
[36m(ActorGroup(rank=0) pid=4057615)[0m [INFO 14:12:07 ActorGroup-Rank-0][fsdp_actor_worker.py:1980] actor training: backward done 4/64 elapsed=2.12s
[36m(ActorGroup(rank=0) pid=4057615)[0m language is None, reset current_start_frame to 0
[36m(ActorGroup(rank=0) pid=4057615)[0m videos shape torch.Size([1, 3, 4, 160, 320]) 33
[36m(ActorGroup(rank=2) pid=4057617)[0m language is None, reset current_start_frame to 0
[36m(ActorGroup(rank=2) pid=4057617)[0m videos shape torch.Size([1, 3, 4, 160, 320]) 33
[36m(ActorGroup(rank=3) pid=4057619)[0m language is None, reset current_start_frame to 0
[36m(ActorGroup(rank=3) pid=4057619)[0m videos shape torch.Size([1, 3, 4, 160, 320]) 33
[36m(ActorGroup(rank=1) pid=4057616)[0m Time taken: Total 4.58 seconds, Text Encoder 0.17 seconds, Image Encoder 0.14 seconds, VAE 0.00 seconds, KV Cache Creation 1.06 seconds, Diffusion 3.20 seconds, DIT Compute Steps 3 steps, Scheduler 0.01 seconds
[36m(ActorGroup(rank=0) pid=4057615)[0m Time taken: Total 4.58 seconds, Text Encoder 0.17 seconds, Image Encoder 0.14 seconds, VAE 0.00 seconds, KV Cache Creation 1.06 seconds, Diffusion 3.20 seconds, DIT Compute Steps 3 steps, Scheduler 0.01 seconds
[36m(ActorGroup(rank=2) pid=4057617)[0m Time taken: Total 4.58 seconds, Text Encoder 0.17 seconds, Image Encoder 0.13 seconds, VAE 0.00 seconds, KV Cache Creation 1.06 seconds, Diffusion 3.20 seconds, DIT Compute Steps 3 steps, Scheduler 0.01 seconds
[36m(ActorGroup(rank=3) pid=4057619)[0m Time taken: Total 4.58 seconds, Text Encoder 0.17 seconds, Image Encoder 0.13 seconds, VAE 0.00 seconds, KV Cache Creation 1.06 seconds, Diffusion 3.20 seconds, DIT Compute Steps 3 steps, Scheduler 0.01 seconds
[36m(ActorGroup(rank=1) pid=4057616)[0m language is None, reset current_start_frame to 0
[36m(ActorGroup(rank=1) pid=4057616)[0m videos shape torch.Size([1, 3, 4, 160, 320]) 33
[36m(ActorGroup(rank=0) pid=4057615)[0m language is None, reset current_start_frame to 0
[36m(ActorGroup(rank=0) pid=4057615)[0m videos shape torch.Size([1, 3, 4, 160, 320]) 33
[36m(ActorGroup(rank=2) pid=4057617)[0m language is None, reset current_start_frame to 0
[36m(ActorGroup(rank=2) pid=4057617)[0m videos shape torch.Size([1, 3, 4, 160, 320]) 33
[36m(ActorGroup(rank=3) pid=4057619)[0m language is None, reset current_start_frame to 0
[36m(ActorGroup(rank=3) pid=4057619)[0m videos shape torch.Size([1, 3, 4, 160, 320]) 33
[36m(ActorGroup(rank=1) pid=4057616)[0m Time taken: Total 4.62 seconds, Text Encoder 0.17 seconds, Image Encoder 0.14 seconds, VAE 0.00 seconds, KV Cache Creation 1.10 seconds, Diffusion 3.21 seconds, DIT Compute Steps 3 steps, Scheduler 0.01 seconds
[36m(ActorGroup(rank=0) pid=4057615)[0m Time taken: Total 4.62 seconds, Text Encoder 0.17 seconds, Image Encoder 0.13 seconds, VAE 0.00 seconds, KV Cache Creation 1.10 seconds, Diffusion 3.22 seconds, DIT Compute Steps 3 steps, Scheduler 0.01 seconds
[36m(ActorGroup(rank=2) pid=4057617)[0m Time taken: Total 4.62 seconds, Text Encoder 0.17 seconds, Image Encoder 0.13 seconds, VAE 0.00 seconds, KV Cache Creation 1.10 seconds, Diffusion 3.22 seconds, DIT Compute Steps 3 steps, Scheduler 0.01 seconds
[36m(ActorGroup(rank=3) pid=4057619)[0m Time taken: Total 4.62 seconds, Text Encoder 0.17 seconds, Image Encoder 0.13 seconds, VAE 0.00 seconds, KV Cache Creation 1.10 seconds, Diffusion 3.22 seconds, DIT Compute Steps 3 steps, Scheduler 0.01 seconds
[36m(ActorGroup(rank=1) pid=4057616)[0m language is None, reset current_start_frame to 0
[36m(ActorGroup(rank=1) pid=4057616)[0m videos shape torch.Size([1, 3, 4, 160, 320]) 33
[36m(ActorGroup(rank=0) pid=4057615)[0m language is None, reset current_start_frame to 0
[36m(ActorGroup(rank=0) pid=4057615)[0m videos shape torch.Size([1, 3, 4, 160, 320]) 33
[36m(ActorGroup(rank=2) pid=4057617)[0m language is None, reset current_start_frame to 0
[36m(ActorGroup(rank=2) pid=4057617)[0m videos shape torch.Size([1, 3, 4, 160, 320]) 33
[36m(ActorGroup(rank=3) pid=4057619)[0m language is None, reset current_start_frame to 0
[36m(ActorGroup(rank=3) pid=4057619)[0m videos shape torch.Size([1, 3, 4, 160, 320]) 33
[36m(ActorGroup(rank=1) pid=4057616)[0m Time taken: Total 4.56 seconds, Text Encoder 0.17 seconds, Image Encoder 0.14 seconds, VAE 0.00 seconds, KV Cache Creation 1.07 seconds, Diffusion 3.18 seconds, DIT Compute Steps 3 steps, Scheduler 0.01 seconds
[36m(ActorGroup(rank=0) pid=4057615)[0m Time taken: Total 4.56 seconds, Text Encoder 0.17 seconds, Image Encoder 0.14 seconds, VAE 0.00 seconds, KV Cache Creation 1.07 seconds, Diffusion 3.18 seconds, DIT Compute Steps 3 steps, Scheduler 0.01 seconds
[36m(ActorGroup(rank=2) pid=4057617)[0m Time taken: Total 4.56 seconds, Text Encoder 0.17 seconds, Image Encoder 0.14 seconds, VAE 0.00 seconds, KV Cache Creation 1.07 seconds, Diffusion 3.18 seconds, DIT Compute Steps 3 steps, Scheduler 0.01 seconds
[36m(ActorGroup(rank=3) pid=4057619)[0m Time taken: Total 4.57 seconds, Text Encoder 0.17 seconds, Image Encoder 0.14 seconds, VAE 0.00 seconds, KV Cache Creation 1.07 seconds, Diffusion 3.18 seconds, DIT Compute Steps 3 steps, Scheduler 0.01 seconds
[36m(ActorGroup(rank=1) pid=4057616)[0m language is None, reset current_start_frame to 0
[36m(ActorGroup(rank=1) pid=4057616)[0m videos shape torch.Size([1, 3, 4, 160, 320]) 33
[36m(ActorGroup(rank=0) pid=4057615)[0m [INFO 14:12:28 ActorGroup-Rank-0][fsdp_actor_worker.py:1774] actor training: micro-batch start 8/64 epoch=1/1 global_batch=1/4 micro=8/16
[36m(ActorGroup(rank=0) pid=4057615)[0m language is None, reset current_start_frame to 0
[36m(ActorGroup(rank=0) pid=4057615)[0m videos shape torch.Size([1, 3, 4, 160, 320]) 33
[36m(ActorGroup(rank=2) pid=4057617)[0m language is None, reset current_start_frame to 0
[36m(ActorGroup(rank=2) pid=4057617)[0m videos shape torch.Size([1, 3, 4, 160, 320]) 33
[36m(ActorGroup(rank=3) pid=4057619)[0m language is None, reset current_start_frame to 0
[36m(ActorGroup(rank=3) pid=4057619)[0m videos shape torch.Size([1, 3, 4, 160, 320]) 33
[36m(ActorGroup(rank=1) pid=4057616)[0m Time taken: Total 4.60 seconds, Text Encoder 0.17 seconds, Image Encoder 0.14 seconds, VAE 0.00 seconds, KV Cache Creation 1.10 seconds, Diffusion 3.19 seconds, DIT Compute Steps 3 steps, Scheduler 0.01 seconds
[36m(ActorGroup(rank=0) pid=4057615)[0m Time taken: Total 4.60 seconds, Text Encoder 0.17 seconds, Image Encoder 0.14 seconds, VAE 0.00 seconds, KV Cache Creation 1.10 seconds, Diffusion 3.19 seconds, DIT Compute Steps 3 steps, Scheduler 0.01 seconds
[36m(ActorGroup(rank=0) pid=4057615)[0m [INFO 14:12:33 ActorGroup-Rank-0][fsdp_actor_worker.py:1844] actor training: model forward done 8/64 elapsed=4.69s
[36m(ActorGroup(rank=2) pid=4057617)[0m Time taken: Total 4.60 seconds, Text Encoder 0.16 seconds, Image Encoder 0.14 seconds, VAE 0.00 seconds, KV Cache Creation 1.10 seconds, Diffusion 3.19 seconds, DIT Compute Steps 3 steps, Scheduler 0.01 seconds
[36m(ActorGroup(rank=3) pid=4057619)[0m Time taken: Total 4.60 seconds, Text Encoder 0.16 seconds, Image Encoder 0.14 seconds, VAE 0.00 seconds, KV Cache Creation 1.10 seconds, Diffusion 3.18 seconds, DIT Compute Steps 3 steps, Scheduler 0.01 seconds
[36m(ActorGroup(rank=0) pid=4057615)[0m [INFO 14:12:35 ActorGroup-Rank-0][fsdp_actor_worker.py:1980] actor training: backward done 8/64 elapsed=2.07s
[36m(ActorGroup(rank=1) pid=4057616)[0m language is None, reset current_start_frame to 0
[36m(ActorGroup(rank=1) pid=4057616)[0m videos shape torch.Size([1, 3, 4, 160, 320]) 33
[36m(ActorGroup(rank=0) pid=4057615)[0m language is None, reset current_start_frame to 0
[36m(ActorGroup(rank=0) pid=4057615)[0m videos shape torch.Size([1, 3, 4, 160, 320]) 33
[36m(ActorGroup(rank=2) pid=4057617)[0m language is None, reset current_start_frame to 0
[36m(ActorGroup(rank=2) pid=4057617)[0m videos shape torch.Size([1, 3, 4, 160, 320]) 33
[36m(ActorGroup(rank=3) pid=4057619)[0m language is None, reset current_start_frame to 0
[36m(ActorGroup(rank=3) pid=4057619)[0m videos shape torch.Size([1, 3, 4, 160, 320]) 33
[36m(ActorGroup(rank=1) pid=4057616)[0m Time taken: Total 5.01 seconds, Text Encoder 0.17 seconds, Image Encoder 0.14 seconds, VAE 0.00 seconds, KV Cache Creation 1.48 seconds, Diffusion 3.22 seconds, DIT Compute Steps 3 steps, Scheduler 0.01 seconds
[36m(ActorGroup(rank=0) pid=4057615)[0m Time taken: Total 5.01 seconds, Text Encoder 0.17 seconds, Image Encoder 0.14 seconds, VAE 0.00 seconds, KV Cache Creation 1.48 seconds, Diffusion 3.21 seconds, DIT Compute Steps 3 steps, Scheduler 0.01 seconds
[36m(ActorGroup(rank=2) pid=4057617)[0m Time taken: Total 5.00 seconds, Text Encoder 0.17 seconds, Image Encoder 0.14 seconds, VAE 0.00 seconds, KV Cache Creation 1.47 seconds, Diffusion 3.21 seconds, DIT Compute Steps 3 steps, Scheduler 0.01 seconds
[36m(ActorGroup(rank=3) pid=4057619)[0m Time taken: Total 5.00 seconds, Text Encoder 0.17 seconds, Image Encoder 0.14 seconds, VAE 0.00 seconds, KV Cache Creation 1.47 seconds, Diffusion 3.21 seconds, DIT Compute Steps 3 steps, Scheduler 0.01 seconds
[36m(ActorGroup(rank=1) pid=4057616)[0m language is None, reset current_start_frame to 0
[36m(ActorGroup(rank=1) pid=4057616)[0m videos shape torch.Size([1, 3, 4, 160, 320]) 33
[36m(ActorGroup(rank=0) pid=4057615)[0m language is None, reset current_start_frame to 0
[36m(ActorGroup(rank=0) pid=4057615)[0m videos shape torch.Size([1, 3, 4, 160, 320]) 33
[36m(ActorGroup(rank=2) pid=4057617)[0m language is None, reset current_start_frame to 0
[36m(ActorGroup(rank=2) pid=4057617)[0m videos shape torch.Size([1, 3, 4, 160, 320]) 33
[36m(ActorGroup(rank=3) pid=4057619)[0m language is None, reset current_start_frame to 0
[36m(ActorGroup(rank=3) pid=4057619)[0m videos shape torch.Size([1, 3, 4, 160, 320]) 33
[36m(ActorGroup(rank=1) pid=4057616)[0m Time taken: Total 4.61 seconds, Text Encoder 0.17 seconds, Image Encoder 0.14 seconds, VAE 0.00 seconds, KV Cache Creation 1.08 seconds, Diffusion 3.22 seconds, DIT Compute Steps 3 steps, Scheduler 0.01 seconds
[36m(ActorGroup(rank=0) pid=4057615)[0m Time taken: Total 4.61 seconds, Text Encoder 0.17 seconds, Image Encoder 0.14 seconds, VAE 0.00 seconds, KV Cache Creation 1.08 seconds, Diffusion 3.22 seconds, DIT Compute Steps 3 steps, Scheduler 0.01 seconds
[36m(ActorGroup(rank=2) pid=4057617)[0m Time taken: Total 4.61 seconds, Text Encoder 0.17 seconds, Image Encoder 0.14 seconds, VAE 0.00 seconds, KV Cache Creation 1.08 seconds, Diffusion 3.22 seconds, DIT Compute Steps 3 steps, Scheduler 0.01 seconds
[36m(ActorGroup(rank=3) pid=4057619)[0m Time taken: Total 4.61 seconds, Text Encoder 0.17 seconds, Image Encoder 0.14 seconds, VAE 0.00 seconds, KV Cache Creation 1.08 seconds, Diffusion 3.22 seconds, DIT Compute Steps 3 steps, Scheduler 0.01 seconds
[36m(ActorGroup(rank=1) pid=4057616)[0m language is None, reset current_start_frame to 0
[36m(ActorGroup(rank=1) pid=4057616)[0m videos shape torch.Size([1, 3, 4, 160, 320]) 33
[36m(ActorGroup(rank=0) pid=4057615)[0m language is None, reset current_start_frame to 0
[36m(ActorGroup(rank=0) pid=4057615)[0m videos shape torch.Size([1, 3, 4, 160, 320]) 33
[36m(ActorGroup(rank=2) pid=4057617)[0m language is None, reset current_start_frame to 0
[36m(ActorGroup(rank=2) pid=4057617)[0m videos shape torch.Size([1, 3, 4, 160, 320]) 33
[36m(ActorGroup(rank=3) pid=4057619)[0m language is None, reset current_start_frame to 0
[36m(ActorGroup(rank=3) pid=4057619)[0m videos shape torch.Size([1, 3, 4, 160, 320]) 33
[36m(ActorGroup(rank=1) pid=4057616)[0m Time taken: Total 4.61 seconds, Text Encoder 0.17 seconds, Image Encoder 0.14 seconds, VAE 0.00 seconds, KV Cache Creation 1.10 seconds, Diffusion 3.19 seconds, DIT Compute Steps 3 steps, Scheduler 0.01 seconds
[36m(ActorGroup(rank=0) pid=4057615)[0m Time taken: Total 4.60 seconds, Text Encoder 0.16 seconds, Image Encoder 0.14 seconds, VAE 0.00 seconds, KV Cache Creation 1.10 seconds, Diffusion 3.19 seconds, DIT Compute Steps 3 steps, Scheduler 0.01 seconds
[36m(ActorGroup(rank=2) pid=4057617)[0m Time taken: Total 4.60 seconds, Text Encoder 0.17 seconds, Image Encoder 0.14 seconds, VAE 0.00 seconds, KV Cache Creation 1.10 seconds, Diffusion 3.19 seconds, DIT Compute Steps 3 steps, Scheduler 0.01 seconds
[36m(ActorGroup(rank=3) pid=4057619)[0m Time taken: Total 4.60 seconds, Text Encoder 0.16 seconds, Image Encoder 0.14 seconds, VAE 0.00 seconds, KV Cache Creation 1.10 seconds, Diffusion 3.19 seconds, DIT Compute Steps 3 steps, Scheduler 0.01 seconds
[36m(ActorGroup(rank=0) pid=4057615)[0m [INFO 14:12:56 ActorGroup-Rank-0][fsdp_actor_worker.py:1774] actor training: micro-batch start 12/64 epoch=1/1 global_batch=1/4 micro=12/16
[36m(ActorGroup(rank=1) pid=4057616)[0m language is None, reset current_start_frame to 0
[36m(ActorGroup(rank=1) pid=4057616)[0m videos shape torch.Size([1, 3, 4, 160, 320]) 33
[36m(ActorGroup(rank=0) pid=4057615)[0m language is None, reset current_start_frame to 0
[36m(ActorGroup(rank=0) pid=4057615)[0m videos shape torch.Size([1, 3, 4, 160, 320]) 33
[36m(ActorGroup(rank=2) pid=4057617)[0m language is None, reset current_start_frame to 0
[36m(ActorGroup(rank=2) pid=4057617)[0m videos shape torch.Size([1, 3, 4, 160, 320]) 33
[36m(ActorGroup(rank=3) pid=4057619)[0m language is None, reset current_start_frame to 0
[36m(ActorGroup(rank=3) pid=4057619)[0m videos shape torch.Size([1, 3, 4, 160, 320]) 33
[36m(ActorGroup(rank=1) pid=4057616)[0m Time taken: Total 4.59 seconds, Text Encoder 0.17 seconds, Image Encoder 0.14 seconds, VAE 0.00 seconds, KV Cache Creation 1.08 seconds, Diffusion 3.19 seconds, DIT Compute Steps 3 steps, Scheduler 0.01 seconds
[36m(ActorGroup(rank=0) pid=4057615)[0m Time taken: Total 4.59 seconds, Text Encoder 0.17 seconds, Image Encoder 0.14 seconds, VAE 0.00 seconds, KV Cache Creation 1.08 seconds, Diffusion 3.19 seconds, DIT Compute Steps 3 steps, Scheduler 0.01 seconds
[36m(ActorGroup(rank=0) pid=4057615)[0m [INFO 14:13:01 ActorGroup-Rank-0][fsdp_actor_worker.py:1844] actor training: model forward done 12/64 elapsed=4.70s
[36m(ActorGroup(rank=2) pid=4057617)[0m Time taken: Total 4.59 seconds, Text Encoder 0.17 seconds, Image Encoder 0.14 seconds, VAE 0.00 seconds, KV Cache Creation 1.08 seconds, Diffusion 3.19 seconds, DIT Compute Steps 3 steps, Scheduler 0.01 seconds
[36m(ActorGroup(rank=3) pid=4057619)[0m Time taken: Total 4.59 seconds, Text Encoder 0.17 seconds, Image Encoder 0.14 seconds, VAE 0.00 seconds, KV Cache Creation 1.08 seconds, Diffusion 3.19 seconds, DIT Compute Steps 3 steps, Scheduler 0.01 seconds
[36m(ActorGroup(rank=0) pid=4057615)[0m [INFO 14:13:03 ActorGroup-Rank-0][fsdp_actor_worker.py:1980] actor training: backward done 12/64 elapsed=2.16s
[36m(ActorGroup(rank=1) pid=4057616)[0m language is None, reset current_start_frame to 0
[36m(ActorGroup(rank=1) pid=4057616)[0m videos shape torch.Size([1, 3, 4, 160, 320]) 33
[36m(ActorGroup(rank=0) pid=4057615)[0m language is None, reset current_start_frame to 0
[36m(ActorGroup(rank=0) pid=4057615)[0m videos shape torch.Size([1, 3, 4, 160, 320]) 33
[36m(ActorGroup(rank=2) pid=4057617)[0m language is None, reset current_start_frame to 0
[36m(ActorGroup(rank=2) pid=4057617)[0m videos shape torch.Size([1, 3, 4, 160, 320]) 33
[36m(ActorGroup(rank=3) pid=4057619)[0m language is None, reset current_start_frame to 0
[36m(ActorGroup(rank=3) pid=4057619)[0m videos shape torch.Size([1, 3, 4, 160, 320]) 33
[36m(ActorGroup(rank=1) pid=4057616)[0m Time taken: Total 5.05 seconds, Text Encoder 0.16 seconds, Image Encoder 0.14 seconds, VAE 0.00 seconds, KV Cache Creation 1.10 seconds, Diffusion 3.63 seconds, DIT Compute Steps 3 steps, Scheduler 0.01 seconds
[36m(ActorGroup(rank=0) pid=4057615)[0m Time taken: Total 5.05 seconds, Text Encoder 0.17 seconds, Image Encoder 0.14 seconds, VAE 0.00 seconds, KV Cache Creation 1.10 seconds, Diffusion 3.63 seconds, DIT Compute Steps 3 steps, Scheduler 0.01 seconds
[36m(ActorGroup(rank=2) pid=4057617)[0m Time taken: Total 5.05 seconds, Text Encoder 0.17 seconds, Image Encoder 0.14 seconds, VAE 0.00 seconds, KV Cache Creation 1.10 seconds, Diffusion 3.63 seconds, DIT Compute Steps 3 steps, Scheduler 0.01 seconds
[36m(ActorGroup(rank=3) pid=4057619)[0m Time taken: Total 5.05 seconds, Text Encoder 0.17 seconds, Image Encoder 0.14 seconds, VAE 0.00 seconds, KV Cache Creation 1.10 seconds, Diffusion 3.63 seconds, DIT Compute Steps 3 steps, Scheduler 0.01 seconds
[36m(ActorGroup(rank=1) pid=4057616)[0m language is None, reset current_start_frame to 0
[36m(ActorGroup(rank=1) pid=4057616)[0m videos shape torch.Size([1, 3, 4, 160, 320]) 33
[36m(ActorGroup(rank=0) pid=4057615)[0m language is None, reset current_start_frame to 0
[36m(ActorGroup(rank=0) pid=4057615)[0m videos shape torch.Size([1, 3, 4, 160, 320]) 33
[36m(ActorGroup(rank=2) pid=4057617)[0m language is None, reset current_start_frame to 0
[36m(ActorGroup(rank=2) pid=4057617)[0m videos shape torch.Size([1, 3, 4, 160, 320]) 33
[36m(ActorGroup(rank=3) pid=4057619)[0m language is None, reset current_start_frame to 0
[36m(ActorGroup(rank=3) pid=4057619)[0m videos shape torch.Size([1, 3, 4, 160, 320]) 33
[36m(ActorGroup(rank=1) pid=4057616)[0m Time taken: Total 4.67 seconds, Text Encoder 0.17 seconds, Image Encoder 0.14 seconds, VAE 0.00 seconds, KV Cache Creation 1.11 seconds, Diffusion 3.25 seconds, DIT Compute Steps 3 steps, Scheduler 0.01 seconds
[36m(ActorGroup(rank=0) pid=4057615)[0m Time taken: Total 4.67 seconds, Text Encoder 0.17 seconds, Image Encoder 0.13 seconds, VAE 0.00 seconds, KV Cache Creation 1.11 seconds, Diffusion 3.24 seconds, DIT Compute Steps 3 steps, Scheduler 0.01 seconds
[36m(ActorGroup(rank=2) pid=4057617)[0m Time taken: Total 4.67 seconds, Text Encoder 0.17 seconds, Image Encoder 0.13 seconds, VAE 0.00 seconds, KV Cache Creation 1.11 seconds, Diffusion 3.24 seconds, DIT Compute Steps 3 steps, Scheduler 0.01 seconds
[36m(ActorGroup(rank=3) pid=4057619)[0m Time taken: Total 4.67 seconds, Text Encoder 0.17 seconds, Image Encoder 0.13 seconds, VAE 0.00 seconds, KV Cache Creation 1.11 seconds, Diffusion 3.24 seconds, DIT Compute Steps 3 steps, Scheduler 0.01 seconds
[36m(ActorGroup(rank=1) pid=4057616)[0m language is None, reset current_start_frame to 0
[36m(ActorGroup(rank=1) pid=4057616)[0m videos shape torch.Size([1, 3, 4, 160, 320]) 33
[36m(ActorGroup(rank=0) pid=4057615)[0m language is None, reset current_start_frame to 0
[36m(ActorGroup(rank=0) pid=4057615)[0m videos shape torch.Size([1, 3, 4, 160, 320]) 33
[36m(ActorGroup(rank=2) pid=4057617)[0m language is None, reset current_start_frame to 0
[36m(ActorGroup(rank=2) pid=4057617)[0m videos shape torch.Size([1, 3, 4, 160, 320]) 33
[36m(ActorGroup(rank=3) pid=4057619)[0m language is None, reset current_start_frame to 0
[36m(ActorGroup(rank=3) pid=4057619)[0m videos shape torch.Size([1, 3, 4, 160, 320]) 33
[36m(ActorGroup(rank=1) pid=4057616)[0m Time taken: Total 4.69 seconds, Text Encoder 0.17 seconds, Image Encoder 0.14 seconds, VAE 0.00 seconds, KV Cache Creation 1.12 seconds, Diffusion 3.25 seconds, DIT Compute Steps 3 steps, Scheduler 0.01 seconds
[36m(ActorGroup(rank=0) pid=4057615)[0m Time taken: Total 4.69 seconds, Text Encoder 0.17 seconds, Image Encoder 0.14 seconds, VAE 0.00 seconds, KV Cache Creation 1.12 seconds, Diffusion 3.25 seconds, DIT Compute Steps 3 steps, Scheduler 0.01 seconds
[36m(ActorGroup(rank=2) pid=4057617)[0m Time taken: Total 4.69 seconds, Text Encoder 0.17 seconds, Image Encoder 0.14 seconds, VAE 0.00 seconds, KV Cache Creation 1.11 seconds, Diffusion 3.25 seconds, DIT Compute Steps 3 steps, Scheduler 0.01 seconds
[36m(ActorGroup(rank=3) pid=4057619)[0m Time taken: Total 4.69 seconds, Text Encoder 0.17 seconds, Image Encoder 0.14 seconds, VAE 0.00 seconds, KV Cache Creation 1.11 seconds, Diffusion 3.25 seconds, DIT Compute Steps 3 steps, Scheduler 0.01 seconds
[36m(ActorGroup(rank=0) pid=4057615)[0m [INFO 14:13:24 ActorGroup-Rank-0][fsdp_actor_worker.py:1774] actor training: micro-batch start 16/64 epoch=1/1 global_batch=1/4 micro=16/16
[36m(ActorGroup(rank=1) pid=4057616)[0m language is None, reset current_start_frame to 0
[36m(ActorGroup(rank=1) pid=4057616)[0m videos shape torch.Size([1, 3, 4, 160, 320]) 33
[36m(ActorGroup(rank=0) pid=4057615)[0m language is None, reset current_start_frame to 0
[36m(ActorGroup(rank=0) pid=4057615)[0m videos shape torch.Size([1, 3, 4, 160, 320]) 33
[36m(ActorGroup(rank=2) pid=4057617)[0m language is None, reset current_start_frame to 0
[36m(ActorGroup(rank=2) pid=4057617)[0m videos shape torch.Size([1, 3, 4, 160, 320]) 33
[36m(ActorGroup(rank=3) pid=4057619)[0m language is None, reset current_start_frame to 0
[36m(ActorGroup(rank=3) pid=4057619)[0m videos shape torch.Size([1, 3, 4, 160, 320]) 33
[36m(ActorGroup(rank=1) pid=4057616)[0m Time taken: Total 4.70 seconds, Text Encoder 0.17 seconds, Image Encoder 0.15 seconds, VAE 0.00 seconds, KV Cache Creation 1.11 seconds, Diffusion 3.27 seconds, DIT Compute Steps 3 steps, Scheduler 0.01 seconds
[36m(ActorGroup(rank=0) pid=4057615)[0m Time taken: Total 4.70 seconds, Text Encoder 0.17 seconds, Image Encoder 0.15 seconds, VAE 0.00 seconds, KV Cache Creation 1.10 seconds, Diffusion 3.27 seconds, DIT Compute Steps 3 steps, Scheduler 0.01 seconds
[36m(ActorGroup(rank=0) pid=4057615)[0m [INFO 14:13:29 ActorGroup-Rank-0][fsdp_actor_worker.py:1844] actor training: model forward done 16/64 elapsed=4.80s
[36m(ActorGroup(rank=2) pid=4057617)[0m Time taken: Total 4.70 seconds, Text Encoder 0.17 seconds, Image Encoder 0.15 seconds, VAE 0.00 seconds, KV Cache Creation 1.11 seconds, Diffusion 3.27 seconds, DIT Compute Steps 3 steps, Scheduler 0.01 seconds
[36m(ActorGroup(rank=3) pid=4057619)[0m Time taken: Total 4.70 seconds, Text Encoder 0.17 seconds, Image Encoder 0.15 seconds, VAE 0.00 seconds, KV Cache Creation 1.11 seconds, Diffusion 3.27 seconds, DIT Compute Steps 3 steps, Scheduler 0.01 seconds
[36m(ActorGroup(rank=0) pid=4057615)[0m [INFO 14:13:31 ActorGroup-Rank-0][fsdp_actor_worker.py:1980] actor training: backward done 16/64 elapsed=2.16s
[36m(ActorGroup(rank=0) pid=4057615)[0m [INFO 14:13:31 ActorGroup-Rank-0][fsdp_actor_worker.py:2001] actor training: global batch done 1/4 epoch=1/1 elapsed=113.21s
[36m(ActorGroup(rank=0) pid=4057615)[0m [INFO 14:13:32 ActorGroup-Rank-0][fsdp_actor_worker.py:2014] actor training: empty_cache done global_batch=1/4 elapsed=0.84s
[36m(ActorGroup(rank=0) pid=4057615)[0m [INFO 14:13:32 ActorGroup-Rank-0][fsdp_actor_worker.py:2031] actor training: optimizer step done global_batch=1/4 grad_norm=57.3514 elapsed=0.05s
[36m(ActorGroup(rank=1) pid=4057616)[0m language is None, reset current_start_frame to 0
[36m(ActorGroup(rank=1) pid=4057616)[0m videos shape torch.Size([1, 3, 4, 160, 320]) 33
[36m(ActorGroup(rank=0) pid=4057615)[0m language is None, reset current_start_frame to 0
[36m(ActorGroup(rank=0) pid=4057615)[0m videos shape torch.Size([1, 3, 4, 160, 320]) 33
[36m(ActorGroup(rank=2) pid=4057617)[0m language is None, reset current_start_frame to 0
[36m(ActorGroup(rank=2) pid=4057617)[0m videos shape torch.Size([1, 3, 4, 160, 320]) 33
[36m(ActorGroup(rank=3) pid=4057619)[0m language is None, reset current_start_frame to 0
[36m(ActorGroup(rank=3) pid=4057619)[0m videos shape torch.Size([1, 3, 4, 160, 320]) 33
[36m(ActorGroup(rank=1) pid=4057616)[0m Time taken: Total 5.65 seconds, Text Encoder 0.25 seconds, Image Encoder 0.14 seconds, VAE 0.00 seconds, KV Cache Creation 1.15 seconds, Diffusion 4.11 seconds, DIT Compute Steps 3 steps, Scheduler 0.01 seconds
[36m(ActorGroup(rank=0) pid=4057615)[0m Time taken: Total 5.65 seconds, Text Encoder 0.25 seconds, Image Encoder 0.14 seconds, VAE 0.00 seconds, KV Cache Creation 1.15 seconds, Diffusion 4.11 seconds, DIT Compute Steps 3 steps, Scheduler 0.01 seconds
[36m(ActorGroup(rank=2) pid=4057617)[0m Time taken: Total 5.65 seconds, Text Encoder 0.25 seconds, Image Encoder 0.14 seconds, VAE 0.00 seconds, KV Cache Creation 1.15 seconds, Diffusion 4.11 seconds, DIT Compute Steps 3 steps, Scheduler 0.01 seconds
[36m(ActorGroup(rank=3) pid=4057619)[0m Time taken: Total 5.66 seconds, Text Encoder 0.25 seconds, Image Encoder 0.14 seconds, VAE 0.00 seconds, KV Cache Creation 1.15 seconds, Diffusion 4.11 seconds, DIT Compute Steps 3 steps, Scheduler 0.01 seconds
[36m(ActorGroup(rank=1) pid=4057616)[0m language is None, reset current_start_frame to 0
[36m(ActorGroup(rank=1) pid=4057616)[0m videos shape torch.Size([1, 3, 4, 160, 320]) 33
[36m(ActorGroup(rank=0) pid=4057615)[0m language is None, reset current_start_frame to 0
[36m(ActorGroup(rank=0) pid=4057615)[0m videos shape torch.Size([1, 3, 4, 160, 320]) 33
[36m(ActorGroup(rank=2) pid=4057617)[0m language is None, reset current_start_frame to 0
[36m(ActorGroup(rank=2) pid=4057617)[0m videos shape torch.Size([1, 3, 4, 160, 320]) 33
[36m(ActorGroup(rank=3) pid=4057619)[0m language is None, reset current_start_frame to 0
[36m(ActorGroup(rank=3) pid=4057619)[0m videos shape torch.Size([1, 3, 4, 160, 320]) 33
[36m(ActorGroup(rank=1) pid=4057616)[0m Time taken: Total 4.69 seconds, Text Encoder 0.16 seconds, Image Encoder 0.15 seconds, VAE 0.00 seconds, KV Cache Creation 1.11 seconds, Diffusion 3.27 seconds, DIT Compute Steps 3 steps, Scheduler 0.01 seconds
[36m(ActorGroup(rank=0) pid=4057615)[0m Time taken: Total 4.69 seconds, Text Encoder 0.17 seconds, Image Encoder 0.14 seconds, VAE 0.00 seconds, KV Cache Creation 1.11 seconds, Diffusion 3.27 seconds, DIT Compute Steps 3 steps, Scheduler 0.01 seconds
[36m(ActorGroup(rank=2) pid=4057617)[0m Time taken: Total 4.70 seconds, Text Encoder 0.17 seconds, Image Encoder 0.14 seconds, VAE 0.00 seconds, KV Cache Creation 1.11 seconds, Diffusion 3.27 seconds, DIT Compute Steps 3 steps, Scheduler 0.01 seconds
[36m(ActorGroup(rank=3) pid=4057619)[0m Time taken: Total 4.69 seconds, Text Encoder 0.17 seconds, Image Encoder 0.14 seconds, VAE 0.00 seconds, KV Cache Creation 1.11 seconds, Diffusion 3.27 seconds, DIT Compute Steps 3 steps, Scheduler 0.01 seconds
[36m(ActorGroup(rank=1) pid=4057616)[0m language is None, reset current_start_frame to 0
[36m(ActorGroup(rank=1) pid=4057616)[0m videos shape torch.Size([1, 3, 4, 160, 320]) 33
[36m(ActorGroup(rank=0) pid=4057615)[0m language is None, reset current_start_frame to 0
[36m(ActorGroup(rank=0) pid=4057615)[0m videos shape torch.Size([1, 3, 4, 160, 320]) 33
[36m(ActorGroup(rank=2) pid=4057617)[0m language is None, reset current_start_frame to 0
[36m(ActorGroup(rank=2) pid=4057617)[0m videos shape torch.Size([1, 3, 4, 160, 320]) 33
[36m(ActorGroup(rank=3) pid=4057619)[0m language is None, reset current_start_frame to 0
[36m(ActorGroup(rank=3) pid=4057619)[0m videos shape torch.Size([1, 3, 4, 160, 320]) 33
[36m(ActorGroup(rank=1) pid=4057616)[0m Time taken: Total 4.69 seconds, Text Encoder 0.17 seconds, Image Encoder 0.15 seconds, VAE 0.00 seconds, KV Cache Creation 1.11 seconds, Diffusion 3.26 seconds, DIT Compute Steps 3 steps, Scheduler 0.01 seconds
[36m(ActorGroup(rank=0) pid=4057615)[0m Time taken: Total 4.69 seconds, Text Encoder 0.17 seconds, Image Encoder 0.14 seconds, VAE 0.00 seconds, KV Cache Creation 1.11 seconds, Diffusion 3.26 seconds, DIT Compute Steps 3 steps, Scheduler 0.01 seconds
[36m(ActorGroup(rank=2) pid=4057617)[0m Time taken: Total 4.69 seconds, Text Encoder 0.17 seconds, Image Encoder 0.14 seconds, VAE 0.00 seconds, KV Cache Creation 1.11 seconds, Diffusion 3.26 seconds, DIT Compute Steps 3 steps, Scheduler 0.01 seconds
[36m(ActorGroup(rank=3) pid=4057619)[0m Time taken: Total 4.69 seconds, Text Encoder 0.17 seconds, Image Encoder 0.14 seconds, VAE 0.00 seconds, KV Cache Creation 1.11 seconds, Diffusion 3.26 seconds, DIT Compute Steps 3 steps, Scheduler 0.01 seconds
[36m(ActorGroup(rank=1) pid=4057616)[0m language is None, reset current_start_frame to 0
[36m(ActorGroup(rank=1) pid=4057616)[0m videos shape torch.Size([1, 3, 4, 160, 320]) 33
[36m(ActorGroup(rank=0) pid=4057615)[0m [INFO 14:13:54 ActorGroup-Rank-0][fsdp_actor_worker.py:1774] actor training: micro-batch start 20/64 epoch=1/1 global_batch=2/4 micro=4/16
[36m(ActorGroup(rank=0) pid=4057615)[0m language is None, reset current_start_frame to 0
[36m(ActorGroup(rank=0) pid=4057615)[0m videos shape torch.Size([1, 3, 4, 160, 320]) 33
[36m(ActorGroup(rank=2) pid=4057617)[0m language is None, reset current_start_frame to 0
[36m(ActorGroup(rank=2) pid=4057617)[0m videos shape torch.Size([1, 3, 4, 160, 320]) 33
[36m(ActorGroup(rank=3) pid=4057619)[0m language is None, reset current_start_frame to 0
[36m(ActorGroup(rank=3) pid=4057619)[0m videos shape torch.Size([1, 3, 4, 160, 320]) 33
[36m(ActorGroup(rank=1) pid=4057616)[0m Time taken: Total 4.71 seconds, Text Encoder 0.17 seconds, Image Encoder 0.14 seconds, VAE 0.00 seconds, KV Cache Creation 1.11 seconds, Diffusion 3.29 seconds, DIT Compute Steps 3 steps, Scheduler 0.01 seconds
[36m(ActorGroup(rank=0) pid=4057615)[0m Time taken: Total 4.71 seconds, Text Encoder 0.17 seconds, Image Encoder 0.14 seconds, VAE 0.00 seconds, KV Cache Creation 1.11 seconds, Diffusion 3.28 seconds, DIT Compute Steps 3 steps, Scheduler 0.01 seconds
[36m(ActorGroup(rank=0) pid=4057615)[0m [INFO 14:13:59 ActorGroup-Rank-0][fsdp_actor_worker.py:1844] actor training: model forward done 20/64 elapsed=4.81s
[36m(ActorGroup(rank=2) pid=4057617)[0m Time taken: Total 4.71 seconds, Text Encoder 0.17 seconds, Image Encoder 0.14 seconds, VAE 0.00 seconds, KV Cache Creation 1.11 seconds, Diffusion 3.29 seconds, DIT Compute Steps 3 steps, Scheduler 0.01 seconds
[36m(ActorGroup(rank=3) pid=4057619)[0m Time taken: Total 4.71 seconds, Text Encoder 0.17 seconds, Image Encoder 0.14 seconds, VAE 0.00 seconds, KV Cache Creation 1.11 seconds, Diffusion 3.29 seconds, DIT Compute Steps 3 steps, Scheduler 0.01 seconds
[36m(ActorGroup(rank=0) pid=4057615)[0m [INFO 14:14:01 ActorGroup-Rank-0][fsdp_actor_worker.py:1980] actor training: backward done 20/64 elapsed=2.09s
[36m(ActorGroup(rank=1) pid=4057616)[0m language is None, reset current_start_frame to 0
[36m(ActorGroup(rank=1) pid=4057616)[0m videos shape torch.Size([1, 3, 4, 160, 320]) 33
[36m(ActorGroup(rank=0) pid=4057615)[0m language is None, reset current_start_frame to 0
[36m(ActorGroup(rank=0) pid=4057615)[0m videos shape torch.Size([1, 3, 4, 160, 320]) 33
[36m(ActorGroup(rank=2) pid=4057617)[0m language is None, reset current_start_frame to 0
[36m(ActorGroup(rank=2) pid=4057617)[0m videos shape torch.Size([1, 3, 4, 160, 320]) 33
[36m(ActorGroup(rank=3) pid=4057619)[0m language is None, reset current_start_frame to 0
[36m(ActorGroup(rank=3) pid=4057619)[0m videos shape torch.Size([1, 3, 4, 160, 320]) 33
[36m(ActorGroup(rank=1) pid=4057616)[0m Time taken: Total 5.28 seconds, Text Encoder 0.16 seconds, Image Encoder 0.14 seconds, VAE 0.00 seconds, KV Cache Creation 1.13 seconds, Diffusion 3.83 seconds, DIT Compute Steps 3 steps, Scheduler 0.01 seconds
[36m(ActorGroup(rank=0) pid=4057615)[0m Time taken: Total 5.28 seconds, Text Encoder 0.17 seconds, Image Encoder 0.14 seconds, VAE 0.00 seconds, KV Cache Creation 1.13 seconds, Diffusion 3.83 seconds, DIT Compute Steps 3 steps, Scheduler 0.01 seconds
[36m(ActorGroup(rank=2) pid=4057617)[0m Time taken: Total 5.28 seconds, Text Encoder 0.17 seconds, Image Encoder 0.14 seconds, VAE 0.00 seconds, KV Cache Creation 1.13 seconds, Diffusion 3.83 seconds, DIT Compute Steps 3 steps, Scheduler 0.01 seconds
[36m(ActorGroup(rank=3) pid=4057619)[0m Time taken: Total 5.28 seconds, Text Encoder 0.17 seconds, Image Encoder 0.14 seconds, VAE 0.00 seconds, KV Cache Creation 1.13 seconds, Diffusion 3.83 seconds, DIT Compute Steps 3 steps, Scheduler 0.01 seconds
[36m(ActorGroup(rank=1) pid=4057616)[0m language is None, reset current_start_frame to 0
[36m(ActorGroup(rank=1) pid=4057616)[0m videos shape torch.Size([1, 3, 4, 160, 320]) 33
[36m(ActorGroup(rank=0) pid=4057615)[0m language is None, reset current_start_frame to 0
[36m(ActorGroup(rank=0) pid=4057615)[0m videos shape torch.Size([1, 3, 4, 160, 320]) 33
[36m(ActorGroup(rank=2) pid=4057617)[0m language is None, reset current_start_frame to 0
[36m(ActorGroup(rank=2) pid=4057617)[0m videos shape torch.Size([1, 3, 4, 160, 320]) 33
[36m(ActorGroup(rank=3) pid=4057619)[0m language is None, reset current_start_frame to 0
[36m(ActorGroup(rank=3) pid=4057619)[0m videos shape torch.Size([1, 3, 4, 160, 320]) 33
[36m(ActorGroup(rank=1) pid=4057616)[0m Time taken: Total 4.67 seconds, Text Encoder 0.16 seconds, Image Encoder 0.14 seconds, VAE 0.00 seconds, KV Cache Creation 1.10 seconds, Diffusion 3.25 seconds, DIT Compute Steps 3 steps, Scheduler 0.01 seconds
[36m(ActorGroup(rank=0) pid=4057615)[0m Time taken: Total 4.67 seconds, Text Encoder 0.17 seconds, Image Encoder 0.14 seconds, VAE 0.00 seconds, KV Cache Creation 1.11 seconds, Diffusion 3.25 seconds, DIT Compute Steps 3 steps, Scheduler 0.01 seconds
[36m(ActorGroup(rank=2) pid=4057617)[0m Time taken: Total 4.67 seconds, Text Encoder 0.17 seconds, Image Encoder 0.14 seconds, VAE 0.00 seconds, KV Cache Creation 1.10 seconds, Diffusion 3.25 seconds, DIT Compute Steps 3 steps, Scheduler 0.01 seconds
[36m(ActorGroup(rank=3) pid=4057619)[0m Time taken: Total 4.67 seconds, Text Encoder 0.17 seconds, Image Encoder 0.14 seconds, VAE 0.00 seconds, KV Cache Creation 1.10 seconds, Diffusion 3.25 seconds, DIT Compute Steps 3 steps, Scheduler 0.01 seconds
[36m(ActorGroup(rank=1) pid=4057616)[0m language is None, reset current_start_frame to 0
[36m(ActorGroup(rank=1) pid=4057616)[0m videos shape torch.Size([1, 3, 4, 160, 320]) 33
[36m(ActorGroup(rank=0) pid=4057615)[0m language is None, reset current_start_frame to 0
[36m(ActorGroup(rank=0) pid=4057615)[0m videos shape torch.Size([1, 3, 4, 160, 320]) 33
[36m(ActorGroup(rank=2) pid=4057617)[0m language is None, reset current_start_frame to 0
[36m(ActorGroup(rank=2) pid=4057617)[0m videos shape torch.Size([1, 3, 4, 160, 320]) 33
[36m(ActorGroup(rank=3) pid=4057619)[0m language is None, reset current_start_frame to 0
[36m(ActorGroup(rank=3) pid=4057619)[0m videos shape torch.Size([1, 3, 4, 160, 320]) 33
[36m(ActorGroup(rank=1) pid=4057616)[0m Time taken: Total 4.66 seconds, Text Encoder 0.17 seconds, Image Encoder 0.14 seconds, VAE 0.00 seconds, KV Cache Creation 1.10 seconds, Diffusion 3.25 seconds, DIT Compute Steps 3 steps, Scheduler 0.01 seconds
[36m(ActorGroup(rank=0) pid=4057615)[0m Time taken: Total 4.66 seconds, Text Encoder 0.17 seconds, Image Encoder 0.14 seconds, VAE 0.00 seconds, KV Cache Creation 1.10 seconds, Diffusion 3.25 seconds, DIT Compute Steps 3 steps, Scheduler 0.01 seconds
[36m(ActorGroup(rank=2) pid=4057617)[0m Time taken: Total 4.67 seconds, Text Encoder 0.17 seconds, Image Encoder 0.14 seconds, VAE 0.00 seconds, KV Cache Creation 1.10 seconds, Diffusion 3.25 seconds, DIT Compute Steps 3 steps, Scheduler 0.01 seconds
[36m(ActorGroup(rank=3) pid=4057619)[0m Time taken: Total 4.66 seconds, Text Encoder 0.17 seconds, Image Encoder 0.14 seconds, VAE 0.00 seconds, KV Cache Creation 1.10 seconds, Diffusion 3.25 seconds, DIT Compute Steps 3 steps, Scheduler 0.01 seconds
[36m(ActorGroup(rank=1) pid=4057616)[0m language is None, reset current_start_frame to 0
[36m(ActorGroup(rank=1) pid=4057616)[0m videos shape torch.Size([1, 3, 4, 160, 320]) 33
[36m(ActorGroup(rank=0) pid=4057615)[0m [INFO 14:14:23 ActorGroup-Rank-0][fsdp_actor_worker.py:1774] actor training: micro-batch start 24/64 epoch=1/1 global_batch=2/4 micro=8/16
[36m(ActorGroup(rank=0) pid=4057615)[0m language is None, reset current_start_frame to 0
[36m(ActorGroup(rank=0) pid=4057615)[0m videos shape torch.Size([1, 3, 4, 160, 320]) 33
[36m(ActorGroup(rank=2) pid=4057617)[0m language is None, reset current_start_frame to 0
[36m(ActorGroup(rank=2) pid=4057617)[0m videos shape torch.Size([1, 3, 4, 160, 320]) 33
[36m(ActorGroup(rank=3) pid=4057619)[0m language is None, reset current_start_frame to 0
[36m(ActorGroup(rank=3) pid=4057619)[0m videos shape torch.Size([1, 3, 4, 160, 320]) 33
[36m(ActorGroup(rank=1) pid=4057616)[0m Time taken: Total 4.75 seconds, Text Encoder 0.17 seconds, Image Encoder 0.14 seconds, VAE 0.00 seconds, KV Cache Creation 1.10 seconds, Diffusion 3.33 seconds, DIT Compute Steps 3 steps, Scheduler 0.01 seconds
[36m(ActorGroup(rank=0) pid=4057615)[0m Time taken: Total 4.75 seconds, Text Encoder 0.17 seconds, Image Encoder 0.14 seconds, VAE 0.00 seconds, KV Cache Creation 1.10 seconds, Diffusion 3.33 seconds, DIT Compute Steps 3 steps, Scheduler 0.01 seconds
[36m(ActorGroup(rank=0) pid=4057615)[0m [INFO 14:14:28 ActorGroup-Rank-0][fsdp_actor_worker.py:1844] actor training: model forward done 24/64 elapsed=4.84s
[36m(ActorGroup(rank=2) pid=4057617)[0m Time taken: Total 4.75 seconds, Text Encoder 0.17 seconds, Image Encoder 0.14 seconds, VAE 0.00 seconds, KV Cache Creation 1.10 seconds, Diffusion 3.33 seconds, DIT Compute Steps 3 steps, Scheduler 0.01 seconds
[36m(ActorGroup(rank=3) pid=4057619)[0m Time taken: Total 4.75 seconds, Text Encoder 0.17 seconds, Image Encoder 0.14 seconds, VAE 0.00 seconds, KV Cache Creation 1.10 seconds, Diffusion 3.33 seconds, DIT Compute Steps 3 steps, Scheduler 0.01 seconds
[36m(ActorGroup(rank=0) pid=4057615)[0m [INFO 14:14:30 ActorGroup-Rank-0][fsdp_actor_worker.py:1980] actor training: backward done 24/64 elapsed=2.12s
[36m(ActorGroup(rank=1) pid=4057616)[0m language is None, reset current_start_frame to 0
[36m(ActorGroup(rank=1) pid=4057616)[0m videos shape torch.Size([1, 3, 4, 160, 320]) 33
[36m(ActorGroup(rank=0) pid=4057615)[0m language is None, reset current_start_frame to 0
[36m(ActorGroup(rank=0) pid=4057615)[0m videos shape torch.Size([1, 3, 4, 160, 320]) 33
[36m(ActorGroup(rank=2) pid=4057617)[0m language is None, reset current_start_frame to 0
[36m(ActorGroup(rank=2) pid=4057617)[0m videos shape torch.Size([1, 3, 4, 160, 320]) 33
[36m(ActorGroup(rank=3) pid=4057619)[0m language is None, reset current_start_frame to 0
[36m(ActorGroup(rank=3) pid=4057619)[0m videos shape torch.Size([1, 3, 4, 160, 320]) 33
[36m(ActorGroup(rank=1) pid=4057616)[0m Time taken: Total 5.07 seconds, Text Encoder 0.17 seconds, Image Encoder 0.15 seconds, VAE 0.00 seconds, KV Cache Creation 1.10 seconds, Diffusion 3.65 seconds, DIT Compute Steps 3 steps, Scheduler 0.01 seconds
[36m(ActorGroup(rank=0) pid=4057615)[0m Time taken: Total 5.07 seconds, Text Encoder 0.17 seconds, Image Encoder 0.14 seconds, VAE 0.00 seconds, KV Cache Creation 1.10 seconds, Diffusion 3.66 seconds, DIT Compute Steps 3 steps, Scheduler 0.01 seconds
[36m(ActorGroup(rank=2) pid=4057617)[0m Time taken: Total 5.07 seconds, Text Encoder 0.17 seconds, Image Encoder 0.14 seconds, VAE 0.00 seconds, KV Cache Creation 1.10 seconds, Diffusion 3.65 seconds, DIT Compute Steps 3 steps, Scheduler 0.01 seconds
[36m(ActorGroup(rank=3) pid=4057619)[0m Time taken: Total 5.07 seconds, Text Encoder 0.17 seconds, Image Encoder 0.14 seconds, VAE 0.00 seconds, KV Cache Creation 1.10 seconds, Diffusion 3.66 seconds, DIT Compute Steps 3 steps, Scheduler 0.01 seconds
[36m(ActorGroup(rank=1) pid=4057616)[0m language is None, reset current_start_frame to 0
[36m(ActorGroup(rank=1) pid=4057616)[0m videos shape torch.Size([1, 3, 4, 160, 320]) 33
[36m(ActorGroup(rank=0) pid=4057615)[0m language is None, reset current_start_frame to 0
[36m(ActorGroup(rank=0) pid=4057615)[0m videos shape torch.Size([1, 3, 4, 160, 320]) 33
[36m(ActorGroup(rank=2) pid=4057617)[0m language is None, reset current_start_frame to 0
[36m(ActorGroup(rank=2) pid=4057617)[0m videos shape torch.Size([1, 3, 4, 160, 320]) 33
[36m(ActorGroup(rank=3) pid=4057619)[0m language is None, reset current_start_frame to 0
[36m(ActorGroup(rank=3) pid=4057619)[0m videos shape torch.Size([1, 3, 4, 160, 320]) 33
[36m(ActorGroup(rank=1) pid=4057616)[0m Time taken: Total 4.65 seconds, Text Encoder 0.17 seconds, Image Encoder 0.14 seconds, VAE 0.00 seconds, KV Cache Creation 1.10 seconds, Diffusion 3.24 seconds, DIT Compute Steps 3 steps, Scheduler 0.01 seconds
[36m(ActorGroup(rank=0) pid=4057615)[0m Time taken: Total 4.65 seconds, Text Encoder 0.17 seconds, Image Encoder 0.14 seconds, VAE 0.00 seconds, KV Cache Creation 1.10 seconds, Diffusion 3.24 seconds, DIT Compute Steps 3 steps, Scheduler 0.01 seconds
[36m(ActorGroup(rank=2) pid=4057617)[0m Time taken: Total 4.66 seconds, Text Encoder 0.17 seconds, Image Encoder 0.14 seconds, VAE 0.00 seconds, KV Cache Creation 1.10 seconds, Diffusion 3.24 seconds, DIT Compute Steps 3 steps, Scheduler 0.01 seconds
[36m(ActorGroup(rank=3) pid=4057619)[0m Time taken: Total 4.66 seconds, Text Encoder 0.17 seconds, Image Encoder 0.14 seconds, VAE 0.00 seconds, KV Cache Creation 1.09 seconds, Diffusion 3.24 seconds, DIT Compute Steps 3 steps, Scheduler 0.01 seconds
[36m(ActorGroup(rank=1) pid=4057616)[0m language is None, reset current_start_frame to 0
[36m(ActorGroup(rank=1) pid=4057616)[0m videos shape torch.Size([1, 3, 4, 160, 320]) 33
[36m(ActorGroup(rank=0) pid=4057615)[0m language is None, reset current_start_frame to 0
[36m(ActorGroup(rank=0) pid=4057615)[0m videos shape torch.Size([1, 3, 4, 160, 320]) 33
[36m(ActorGroup(rank=2) pid=4057617)[0m language is None, reset current_start_frame to 0
[36m(ActorGroup(rank=2) pid=4057617)[0m videos shape torch.Size([1, 3, 4, 160, 320]) 33
[36m(ActorGroup(rank=3) pid=4057619)[0m language is None, reset current_start_frame to 0
[36m(ActorGroup(rank=3) pid=4057619)[0m videos shape torch.Size([1, 3, 4, 160, 320]) 33
[36m(ActorGroup(rank=1) pid=4057616)[0m Time taken: Total 4.66 seconds, Text Encoder 0.17 seconds, Image Encoder 0.14 seconds, VAE 0.00 seconds, KV Cache Creation 1.09 seconds, Diffusion 3.25 seconds, DIT Compute Steps 3 steps, Scheduler 0.01 seconds
[36m(ActorGroup(rank=0) pid=4057615)[0m Time taken: Total 4.66 seconds, Text Encoder 0.17 seconds, Image Encoder 0.14 seconds, VAE 0.00 seconds, KV Cache Creation 1.09 seconds, Diffusion 3.25 seconds, DIT Compute Steps 3 steps, Scheduler 0.01 seconds
[36m(ActorGroup(rank=2) pid=4057617)[0m Time taken: Total 4.66 seconds, Text Encoder 0.17 seconds, Image Encoder 0.14 seconds, VAE 0.00 seconds, KV Cache Creation 1.09 seconds, Diffusion 3.25 seconds, DIT Compute Steps 3 steps, Scheduler 0.01 seconds
[36m(ActorGroup(rank=3) pid=4057619)[0m Time taken: Total 4.66 seconds, Text Encoder 0.17 seconds, Image Encoder 0.13 seconds, VAE 0.00 seconds, KV Cache Creation 1.10 seconds, Diffusion 3.25 seconds, DIT Compute Steps 3 steps, Scheduler 0.01 seconds
[36m(ActorGroup(rank=0) pid=4057615)[0m [INFO 14:14:51 ActorGroup-Rank-0][fsdp_actor_worker.py:1774] actor training: micro-batch start 28/64 epoch=1/1 global_batch=2/4 micro=12/16
[36m(ActorGroup(rank=1) pid=4057616)[0m language is None, reset current_start_frame to 0
[36m(ActorGroup(rank=1) pid=4057616)[0m videos shape torch.Size([1, 3, 4, 160, 320]) 33
[36m(ActorGroup(rank=0) pid=4057615)[0m language is None, reset current_start_frame to 0
[36m(ActorGroup(rank=0) pid=4057615)[0m videos shape torch.Size([1, 3, 4, 160, 320]) 33
[36m(ActorGroup(rank=2) pid=4057617)[0m language is None, reset current_start_frame to 0
[36m(ActorGroup(rank=2) pid=4057617)[0m videos shape torch.Size([1, 3, 4, 160, 320]) 33
[36m(ActorGroup(rank=3) pid=4057619)[0m language is None, reset current_start_frame to 0
[36m(ActorGroup(rank=3) pid=4057619)[0m videos shape torch.Size([1, 3, 4, 160, 320]) 33
[36m(ActorGroup(rank=1) pid=4057616)[0m Time taken: Total 4.68 seconds, Text Encoder 0.17 seconds, Image Encoder 0.14 seconds, VAE 0.00 seconds, KV Cache Creation 1.10 seconds, Diffusion 3.26 seconds, DIT Compute Steps 3 steps, Scheduler 0.01 seconds
[36m(ActorGroup(rank=0) pid=4057615)[0m Time taken: Total 4.68 seconds, Text Encoder 0.17 seconds, Image Encoder 0.14 seconds, VAE 0.00 seconds, KV Cache Creation 1.11 seconds, Diffusion 3.26 seconds, DIT Compute Steps 3 steps, Scheduler 0.01 seconds
[36m(ActorGroup(rank=0) pid=4057615)[0m [INFO 14:14:56 ActorGroup-Rank-0][fsdp_actor_worker.py:1844] actor training: model forward done 28/64 elapsed=4.78s
[36m(ActorGroup(rank=2) pid=4057617)[0m Time taken: Total 4.68 seconds, Text Encoder 0.17 seconds, Image Encoder 0.14 seconds, VAE 0.00 seconds, KV Cache Creation 1.10 seconds, Diffusion 3.26 seconds, DIT Compute Steps 3 steps, Scheduler 0.01 seconds
[36m(ActorGroup(rank=3) pid=4057619)[0m Time taken: Total 4.68 seconds, Text Encoder 0.17 seconds, Image Encoder 0.14 seconds, VAE 0.00 seconds, KV Cache Creation 1.11 seconds, Diffusion 3.26 seconds, DIT Compute Steps 3 steps, Scheduler 0.01 seconds
[36m(ActorGroup(rank=0) pid=4057615)[0m [INFO 14:14:58 ActorGroup-Rank-0][fsdp_actor_worker.py:1980] actor training: backward done 28/64 elapsed=2.12s
[36m(ActorGroup(rank=1) pid=4057616)[0m language is None, reset current_start_frame to 0
[36m(ActorGroup(rank=1) pid=4057616)[0m videos shape torch.Size([1, 3, 4, 160, 320]) 33
[36m(ActorGroup(rank=0) pid=4057615)[0m language is None, reset current_start_frame to 0
[36m(ActorGroup(rank=0) pid=4057615)[0m videos shape torch.Size([1, 3, 4, 160, 320]) 33
[36m(ActorGroup(rank=2) pid=4057617)[0m language is None, reset current_start_frame to 0
[36m(ActorGroup(rank=2) pid=4057617)[0m videos shape torch.Size([1, 3, 4, 160, 320]) 33
[36m(ActorGroup(rank=3) pid=4057619)[0m language is None, reset current_start_frame to 0
[36m(ActorGroup(rank=3) pid=4057619)[0m videos shape torch.Size([1, 3, 4, 160, 320]) 33
[36m(ActorGroup(rank=1) pid=4057616)[0m Time taken: Total 4.65 seconds, Text Encoder 0.17 seconds, Image Encoder 0.15 seconds, VAE 0.00 seconds, KV Cache Creation 1.10 seconds, Diffusion 3.23 seconds, DIT Compute Steps 3 steps, Scheduler 0.01 seconds
[36m(ActorGroup(rank=0) pid=4057615)[0m Time taken: Total 4.65 seconds, Text Encoder 0.17 seconds, Image Encoder 0.14 seconds, VAE 0.00 seconds, KV Cache Creation 1.10 seconds, Diffusion 3.23 seconds, DIT Compute Steps 3 steps, Scheduler 0.01 seconds
[36m(ActorGroup(rank=2) pid=4057617)[0m Time taken: Total 4.65 seconds, Text Encoder 0.17 seconds, Image Encoder 0.14 seconds, VAE 0.00 seconds, KV Cache Creation 1.10 seconds, Diffusion 3.23 seconds, DIT Compute Steps 3 steps, Scheduler 0.01 seconds
[36m(ActorGroup(rank=3) pid=4057619)[0m Time taken: Total 4.65 seconds, Text Encoder 0.17 seconds, Image Encoder 0.14 seconds, VAE 0.00 seconds, KV Cache Creation 1.10 seconds, Diffusion 3.23 seconds, DIT Compute Steps 3 steps, Scheduler 0.01 seconds
[36m(ActorGroup(rank=0) pid=4057615)[0m language is None, reset current_start_frame to 0
[36m(ActorGroup(rank=0) pid=4057615)[0m videos shape torch.Size([1, 3, 4, 160, 320]) 33
[36m(ActorGroup(rank=2) pid=4057617)[0m language is None, reset current_start_frame to 0
[36m(ActorGroup(rank=2) pid=4057617)[0m videos shape torch.Size([1, 3, 4, 160, 320]) 33
[36m(ActorGroup(rank=3) pid=4057619)[0m language is None, reset current_start_frame to 0
[36m(ActorGroup(rank=3) pid=4057619)[0m videos shape torch.Size([1, 3, 4, 160, 320]) 33
[36m(ActorGroup(rank=1) pid=4057616)[0m language is None, reset current_start_frame to 0
[36m(ActorGroup(rank=1) pid=4057616)[0m videos shape torch.Size([1, 3, 4, 160, 320]) 33
[36m(ActorGroup(rank=1) pid=4057616)[0m Time taken: Total 5.05 seconds, Text Encoder 0.17 seconds, Image Encoder 0.14 seconds, VAE 0.00 seconds, KV Cache Creation 1.51 seconds, Diffusion 3.23 seconds, DIT Compute Steps 3 steps, Scheduler 0.01 seconds
[36m(ActorGroup(rank=0) pid=4057615)[0m Time taken: Total 5.05 seconds, Text Encoder 0.17 seconds, Image Encoder 0.14 seconds, VAE 0.00 seconds, KV Cache Creation 1.51 seconds, Diffusion 3.23 seconds, DIT Compute Steps 3 steps, Scheduler 0.01 seconds
[36m(ActorGroup(rank=2) pid=4057617)[0m Time taken: Total 5.05 seconds, Text Encoder 0.17 seconds, Image Encoder 0.14 seconds, VAE 0.00 seconds, KV Cache Creation 1.51 seconds, Diffusion 3.23 seconds, DIT Compute Steps 3 steps, Scheduler 0.01 seconds
[36m(ActorGroup(rank=3) pid=4057619)[0m Time taken: Total 5.05 seconds, Text Encoder 0.17 seconds, Image Encoder 0.14 seconds, VAE 0.00 seconds, KV Cache Creation 1.51 seconds, Diffusion 3.23 seconds, DIT Compute Steps 3 steps, Scheduler 0.01 seconds
[36m(ActorGroup(rank=1) pid=4057616)[0m language is None, reset current_start_frame to 0
[36m(ActorGroup(rank=1) pid=4057616)[0m videos shape torch.Size([1, 3, 4, 160, 320]) 33
[36m(ActorGroup(rank=0) pid=4057615)[0m language is None, reset current_start_frame to 0
[36m(ActorGroup(rank=0) pid=4057615)[0m videos shape torch.Size([1, 3, 4, 160, 320]) 33
[36m(ActorGroup(rank=2) pid=4057617)[0m language is None, reset current_start_frame to 0
[36m(ActorGroup(rank=2) pid=4057617)[0m videos shape torch.Size([1, 3, 4, 160, 320]) 33
[36m(ActorGroup(rank=3) pid=4057619)[0m language is None, reset current_start_frame to 0
[36m(ActorGroup(rank=3) pid=4057619)[0m videos shape torch.Size([1, 3, 4, 160, 320]) 33
[36m(ActorGroup(rank=1) pid=4057616)[0m Time taken: Total 4.72 seconds, Text Encoder 0.17 seconds, Image Encoder 0.15 seconds, VAE 0.00 seconds, KV Cache Creation 1.12 seconds, Diffusion 3.27 seconds, DIT Compute Steps 3 steps, Scheduler 0.01 seconds
[36m(ActorGroup(rank=0) pid=4057615)[0m Time taken: Total 4.72 seconds, Text Encoder 0.17 seconds, Image Encoder 0.15 seconds, VAE 0.00 seconds, KV Cache Creation 1.12 seconds, Diffusion 3.27 seconds, DIT Compute Steps 3 steps, Scheduler 0.01 seconds
[36m(ActorGroup(rank=2) pid=4057617)[0m Time taken: Total 4.72 seconds, Text Encoder 0.17 seconds, Image Encoder 0.15 seconds, VAE 0.00 seconds, KV Cache Creation 1.12 seconds, Diffusion 3.27 seconds, DIT Compute Steps 3 steps, Scheduler 0.01 seconds
[36m(ActorGroup(rank=3) pid=4057619)[0m Time taken: Total 4.72 seconds, Text Encoder 0.17 seconds, Image Encoder 0.15 seconds, VAE 0.00 seconds, KV Cache Creation 1.12 seconds, Diffusion 3.27 seconds, DIT Compute Steps 3 steps, Scheduler 0.01 seconds
[36m(ActorGroup(rank=1) pid=4057616)[0m language is None, reset current_start_frame to 0
[36m(ActorGroup(rank=1) pid=4057616)[0m videos shape torch.Size([1, 3, 4, 160, 320]) 33
[36m(ActorGroup(rank=0) pid=4057615)[0m [INFO 14:15:19 ActorGroup-Rank-0][fsdp_actor_worker.py:1774] actor training: micro-batch start 32/64 epoch=1/1 global_batch=2/4 micro=16/16
[36m(ActorGroup(rank=0) pid=4057615)[0m language is None, reset current_start_frame to 0
[36m(ActorGroup(rank=0) pid=4057615)[0m videos shape torch.Size([1, 3, 4, 160, 320]) 33
[36m(ActorGroup(rank=2) pid=4057617)[0m language is None, reset current_start_frame to 0
[36m(ActorGroup(rank=2) pid=4057617)[0m videos shape torch.Size([1, 3, 4, 160, 320]) 33
[36m(ActorGroup(rank=3) pid=4057619)[0m language is None, reset current_start_frame to 0
[36m(ActorGroup(rank=3) pid=4057619)[0m videos shape torch.Size([1, 3, 4, 160, 320]) 33
[36m(ActorGroup(rank=1) pid=4057616)[0m Time taken: Total 4.69 seconds, Text Encoder 0.17 seconds, Image Encoder 0.15 seconds, VAE 0.00 seconds, KV Cache Creation 1.10 seconds, Diffusion 3.26 seconds, DIT Compute Steps 3 steps, Scheduler 0.01 seconds
[36m(ActorGroup(rank=0) pid=4057615)[0m Time taken: Total 4.69 seconds, Text Encoder 0.17 seconds, Image Encoder 0.15 seconds, VAE 0.00 seconds, KV Cache Creation 1.11 seconds, Diffusion 3.26 seconds, DIT Compute Steps 3 steps, Scheduler 0.01 seconds
[36m(ActorGroup(rank=0) pid=4057615)[0m [INFO 14:15:24 ActorGroup-Rank-0][fsdp_actor_worker.py:1844] actor training: model forward done 32/64 elapsed=4.79s
[36m(ActorGroup(rank=2) pid=4057617)[0m Time taken: Total 4.69 seconds, Text Encoder 0.17 seconds, Image Encoder 0.15 seconds, VAE 0.00 seconds, KV Cache Creation 1.11 seconds, Diffusion 3.26 seconds, DIT Compute Steps 3 steps, Scheduler 0.01 seconds
[36m(ActorGroup(rank=3) pid=4057619)[0m Time taken: Total 4.69 seconds, Text Encoder 0.17 seconds, Image Encoder 0.15 seconds, VAE 0.00 seconds, KV Cache Creation 1.11 seconds, Diffusion 3.26 seconds, DIT Compute Steps 3 steps, Scheduler 0.01 seconds
[36m(ActorGroup(rank=0) pid=4057615)[0m [INFO 14:15:27 ActorGroup-Rank-0][fsdp_actor_worker.py:1980] actor training: backward done 32/64 elapsed=2.23s
[36m(ActorGroup(rank=0) pid=4057615)[0m [INFO 14:15:27 ActorGroup-Rank-0][fsdp_actor_worker.py:2001] actor training: global batch done 2/4 epoch=1/1 elapsed=114.39s
[36m(ActorGroup(rank=0) pid=4057615)[0m [INFO 14:15:28 ActorGroup-Rank-0][fsdp_actor_worker.py:2014] actor training: empty_cache done global_batch=2/4 elapsed=0.89s
[36m(ActorGroup(rank=0) pid=4057615)[0m [INFO 14:15:28 ActorGroup-Rank-0][fsdp_actor_worker.py:2031] actor training: optimizer step done global_batch=2/4 grad_norm=62.0743 elapsed=0.05s
[36m(ActorGroup(rank=1) pid=4057616)[0m language is None, reset current_start_frame to 0
[36m(ActorGroup(rank=1) pid=4057616)[0m videos shape torch.Size([1, 3, 4, 160, 320]) 33
[36m(ActorGroup(rank=0) pid=4057615)[0m language is None, reset current_start_frame to 0
[36m(ActorGroup(rank=0) pid=4057615)[0m videos shape torch.Size([1, 3, 4, 160, 320]) 33
[36m(ActorGroup(rank=2) pid=4057617)[0m language is None, reset current_start_frame to 0
[36m(ActorGroup(rank=2) pid=4057617)[0m videos shape torch.Size([1, 3, 4, 160, 320]) 33
[36m(ActorGroup(rank=3) pid=4057619)[0m language is None, reset current_start_frame to 0
[36m(ActorGroup(rank=3) pid=4057619)[0m videos shape torch.Size([1, 3, 4, 160, 320]) 33
[36m(ActorGroup(rank=1) pid=4057616)[0m Time taken: Total 5.20 seconds, Text Encoder 0.21 seconds, Image Encoder 0.14 seconds, VAE 0.00 seconds, KV Cache Creation 1.26 seconds, Diffusion 3.58 seconds, DIT Compute Steps 3 steps, Scheduler 0.01 seconds
[36m(ActorGroup(rank=0) pid=4057615)[0m Time taken: Total 5.20 seconds, Text Encoder 0.21 seconds, Image Encoder 0.14 seconds, VAE 0.00 seconds, KV Cache Creation 1.26 seconds, Diffusion 3.58 seconds, DIT Compute Steps 3 steps, Scheduler 0.01 seconds
[36m(ActorGroup(rank=2) pid=4057617)[0m Time taken: Total 5.20 seconds, Text Encoder 0.21 seconds, Image Encoder 0.14 seconds, VAE 0.00 seconds, KV Cache Creation 1.26 seconds, Diffusion 3.58 seconds, DIT Compute Steps 3 steps, Scheduler 0.01 seconds
[36m(ActorGroup(rank=3) pid=4057619)[0m Time taken: Total 5.20 seconds, Text Encoder 0.21 seconds, Image Encoder 0.14 seconds, VAE 0.00 seconds, KV Cache Creation 1.26 seconds, Diffusion 3.58 seconds, DIT Compute Steps 3 steps, Scheduler 0.01 seconds
[36m(ActorGroup(rank=1) pid=4057616)[0m language is None, reset current_start_frame to 0
[36m(ActorGroup(rank=1) pid=4057616)[0m videos shape torch.Size([1, 3, 4, 160, 320]) 33
[36m(ActorGroup(rank=0) pid=4057615)[0m language is None, reset current_start_frame to 0
[36m(ActorGroup(rank=0) pid=4057615)[0m videos shape torch.Size([1, 3, 4, 160, 320]) 33
[36m(ActorGroup(rank=2) pid=4057617)[0m language is None, reset current_start_frame to 0
[36m(ActorGroup(rank=2) pid=4057617)[0m videos shape torch.Size([1, 3, 4, 160, 320]) 33
[36m(ActorGroup(rank=3) pid=4057619)[0m language is None, reset current_start_frame to 0
[36m(ActorGroup(rank=3) pid=4057619)[0m videos shape torch.Size([1, 3, 4, 160, 320]) 33
[36m(ActorGroup(rank=1) pid=4057616)[0m Time taken: Total 5.08 seconds, Text Encoder 0.17 seconds, Image Encoder 0.15 seconds, VAE 0.00 seconds, KV Cache Creation 1.10 seconds, Diffusion 3.66 seconds, DIT Compute Steps 3 steps, Scheduler 0.01 seconds
[36m(ActorGroup(rank=0) pid=4057615)[0m Time taken: Total 5.08 seconds, Text Encoder 0.17 seconds, Image Encoder 0.14 seconds, VAE 0.00 seconds, KV Cache Creation 1.10 seconds, Diffusion 3.66 seconds, DIT Compute Steps 3 steps, Scheduler 0.01 seconds
[36m(ActorGroup(rank=2) pid=4057617)[0m Time taken: Total 5.08 seconds, Text Encoder 0.17 seconds, Image Encoder 0.14 seconds, VAE 0.00 seconds, KV Cache Creation 1.10 seconds, Diffusion 3.66 seconds, DIT Compute Steps 3 steps, Scheduler 0.01 seconds
[36m(ActorGroup(rank=3) pid=4057619)[0m Time taken: Total 5.08 seconds, Text Encoder 0.17 seconds, Image Encoder 0.14 seconds, VAE 0.00 seconds, KV Cache Creation 1.10 seconds, Diffusion 3.66 seconds, DIT Compute Steps 3 steps, Scheduler 0.01 seconds
[36m(ActorGroup(rank=1) pid=4057616)[0m language is None, reset current_start_frame to 0
[36m(ActorGroup(rank=1) pid=4057616)[0m videos shape torch.Size([1, 3, 4, 160, 320]) 33
[36m(ActorGroup(rank=0) pid=4057615)[0m language is None, reset current_start_frame to 0
[36m(ActorGroup(rank=0) pid=4057615)[0m videos shape torch.Size([1, 3, 4, 160, 320]) 33
[36m(ActorGroup(rank=2) pid=4057617)[0m language is None, reset current_start_frame to 0
[36m(ActorGroup(rank=2) pid=4057617)[0m videos shape torch.Size([1, 3, 4, 160, 320]) 33
[36m(ActorGroup(rank=3) pid=4057619)[0m language is None, reset current_start_frame to 0
[36m(ActorGroup(rank=3) pid=4057619)[0m videos shape torch.Size([1, 3, 4, 160, 320]) 33
[36m(ActorGroup(rank=1) pid=4057616)[0m Time taken: Total 4.75 seconds, Text Encoder 0.17 seconds, Image Encoder 0.14 seconds, VAE 0.00 seconds, KV Cache Creation 1.11 seconds, Diffusion 3.32 seconds, DIT Compute Steps 3 steps, Scheduler 0.01 seconds
[36m(ActorGroup(rank=0) pid=4057615)[0m Time taken: Total 4.75 seconds, Text Encoder 0.17 seconds, Image Encoder 0.14 seconds, VAE 0.00 seconds, KV Cache Creation 1.11 seconds, Diffusion 3.32 seconds, DIT Compute Steps 3 steps, Scheduler 0.01 seconds
[36m(ActorGroup(rank=2) pid=4057617)[0m Time taken: Total 4.75 seconds, Text Encoder 0.17 seconds, Image Encoder 0.14 seconds, VAE 0.00 seconds, KV Cache Creation 1.11 seconds, Diffusion 3.32 seconds, DIT Compute Steps 3 steps, Scheduler 0.01 seconds
[36m(ActorGroup(rank=3) pid=4057619)[0m Time taken: Total 4.75 seconds, Text Encoder 0.17 seconds, Image Encoder 0.14 seconds, VAE 0.00 seconds, KV Cache Creation 1.11 seconds, Diffusion 3.32 seconds, DIT Compute Steps 3 steps, Scheduler 0.01 seconds
[36m(ActorGroup(rank=0) pid=4057615)[0m [INFO 14:15:50 ActorGroup-Rank-0][fsdp_actor_worker.py:1774] actor training: micro-batch start 36/64 epoch=1/1 global_batch=3/4 micro=4/16
[36m(ActorGroup(rank=1) pid=4057616)[0m language is None, reset current_start_frame to 0
[36m(ActorGroup(rank=1) pid=4057616)[0m videos shape torch.Size([1, 3, 4, 160, 320]) 33
[36m(ActorGroup(rank=0) pid=4057615)[0m language is None, reset current_start_frame to 0
[36m(ActorGroup(rank=0) pid=4057615)[0m videos shape torch.Size([1, 3, 4, 160, 320]) 33
[36m(ActorGroup(rank=2) pid=4057617)[0m language is None, reset current_start_frame to 0
[36m(ActorGroup(rank=2) pid=4057617)[0m videos shape torch.Size([1, 3, 4, 160, 320]) 33
[36m(ActorGroup(rank=3) pid=4057619)[0m language is None, reset current_start_frame to 0
[36m(ActorGroup(rank=3) pid=4057619)[0m videos shape torch.Size([1, 3, 4, 160, 320]) 33
[36m(ActorGroup(rank=1) pid=4057616)[0m Time taken: Total 4.63 seconds, Text Encoder 0.17 seconds, Image Encoder 0.15 seconds, VAE 0.00 seconds, KV Cache Creation 1.11 seconds, Diffusion 3.19 seconds, DIT Compute Steps 3 steps, Scheduler 0.01 seconds
[36m(ActorGroup(rank=0) pid=4057615)[0m Time taken: Total 4.63 seconds, Text Encoder 0.17 seconds, Image Encoder 0.14 seconds, VAE 0.00 seconds, KV Cache Creation 1.11 seconds, Diffusion 3.19 seconds, DIT Compute Steps 3 steps, Scheduler 0.01 seconds
[36m(ActorGroup(rank=0) pid=4057615)[0m [INFO 14:15:55 ActorGroup-Rank-0][fsdp_actor_worker.py:1844] actor training: model forward done 36/64 elapsed=4.73s
[36m(ActorGroup(rank=2) pid=4057617)[0m Time taken: Total 4.63 seconds, Text Encoder 0.17 seconds, Image Encoder 0.14 seconds, VAE 0.00 seconds, KV Cache Creation 1.11 seconds, Diffusion 3.19 seconds, DIT Compute Steps 3 steps, Scheduler 0.01 seconds
[36m(ActorGroup(rank=3) pid=4057619)[0m Time taken: Total 4.63 seconds, Text Encoder 0.17 seconds, Image Encoder 0.14 seconds, VAE 0.00 seconds, KV Cache Creation 1.12 seconds, Diffusion 3.19 seconds, DIT Compute Steps 3 steps, Scheduler 0.01 seconds
[36m(ActorGroup(rank=0) pid=4057615)[0m [INFO 14:15:57 ActorGroup-Rank-0][fsdp_actor_worker.py:1980] actor training: backward done 36/64 elapsed=2.06s
[36m(ActorGroup(rank=1) pid=4057616)[0m language is None, reset current_start_frame to 0
[36m(ActorGroup(rank=1) pid=4057616)[0m videos shape torch.Size([1, 3, 4, 160, 320]) 33
[36m(ActorGroup(rank=0) pid=4057615)[0m language is None, reset current_start_frame to 0
[36m(ActorGroup(rank=0) pid=4057615)[0m videos shape torch.Size([1, 3, 4, 160, 320]) 33
[36m(ActorGroup(rank=2) pid=4057617)[0m language is None, reset current_start_frame to 0
[36m(ActorGroup(rank=2) pid=4057617)[0m videos shape torch.Size([1, 3, 4, 160, 320]) 33
[36m(ActorGroup(rank=3) pid=4057619)[0m language is None, reset current_start_frame to 0
[36m(ActorGroup(rank=3) pid=4057619)[0m videos shape torch.Size([1, 3, 4, 160, 320]) 33
[36m(ActorGroup(rank=1) pid=4057616)[0m Time taken: Total 4.53 seconds, Text Encoder 0.17 seconds, Image Encoder 0.15 seconds, VAE 0.00 seconds, KV Cache Creation 1.06 seconds, Diffusion 3.15 seconds, DIT Compute Steps 3 steps, Scheduler 0.01 seconds
[36m(ActorGroup(rank=0) pid=4057615)[0m Time taken: Total 4.53 seconds, Text Encoder 0.17 seconds, Image Encoder 0.14 seconds, VAE 0.00 seconds, KV Cache Creation 1.07 seconds, Diffusion 3.15 seconds, DIT Compute Steps 3 steps, Scheduler 0.01 seconds
[36m(ActorGroup(rank=2) pid=4057617)[0m Time taken: Total 4.53 seconds, Text Encoder 0.17 seconds, Image Encoder 0.14 seconds, VAE 0.00 seconds, KV Cache Creation 1.07 seconds, Diffusion 3.15 seconds, DIT Compute Steps 3 steps, Scheduler 0.01 seconds
[36m(ActorGroup(rank=3) pid=4057619)[0m Time taken: Total 4.53 seconds, Text Encoder 0.17 seconds, Image Encoder 0.14 seconds, VAE 0.00 seconds, KV Cache Creation 1.07 seconds, Diffusion 3.15 seconds, DIT Compute Steps 3 steps, Scheduler 0.01 seconds
[36m(ActorGroup(rank=1) pid=4057616)[0m language is None, reset current_start_frame to 0
[36m(ActorGroup(rank=1) pid=4057616)[0m videos shape torch.Size([1, 3, 4, 160, 320]) 33
[36m(ActorGroup(rank=0) pid=4057615)[0m language is None, reset current_start_frame to 0
[36m(ActorGroup(rank=0) pid=4057615)[0m videos shape torch.Size([1, 3, 4, 160, 320]) 33
[36m(ActorGroup(rank=2) pid=4057617)[0m language is None, reset current_start_frame to 0
[36m(ActorGroup(rank=2) pid=4057617)[0m videos shape torch.Size([1, 3, 4, 160, 320]) 33
[36m(ActorGroup(rank=3) pid=4057619)[0m language is None, reset current_start_frame to 0
[36m(ActorGroup(rank=3) pid=4057619)[0m videos shape torch.Size([1, 3, 4, 160, 320]) 33
[36m(ActorGroup(rank=1) pid=4057616)[0m Time taken: Total 4.96 seconds, Text Encoder 0.17 seconds, Image Encoder 0.14 seconds, VAE 0.00 seconds, KV Cache Creation 1.08 seconds, Diffusion 3.57 seconds, DIT Compute Steps 3 steps, Scheduler 0.01 seconds
[36m(ActorGroup(rank=0) pid=4057615)[0m Time taken: Total 4.97 seconds, Text Encoder 0.17 seconds, Image Encoder 0.14 seconds, VAE 0.00 seconds, KV Cache Creation 1.08 seconds, Diffusion 3.57 seconds, DIT Compute Steps 3 steps, Scheduler 0.01 seconds
[36m(ActorGroup(rank=2) pid=4057617)[0m Time taken: Total 4.96 seconds, Text Encoder 0.17 seconds, Image Encoder 0.14 seconds, VAE 0.00 seconds, KV Cache Creation 1.08 seconds, Diffusion 3.57 seconds, DIT Compute Steps 3 steps, Scheduler 0.01 seconds
[36m(ActorGroup(rank=3) pid=4057619)[0m Time taken: Total 4.96 seconds, Text Encoder 0.17 seconds, Image Encoder 0.14 seconds, VAE 0.00 seconds, KV Cache Creation 1.08 seconds, Diffusion 3.57 seconds, DIT Compute Steps 3 steps, Scheduler 0.01 seconds
[36m(ActorGroup(rank=0) pid=4057615)[0m language is None, reset current_start_frame to 0
[36m(ActorGroup(rank=0) pid=4057615)[0m videos shape torch.Size([1, 3, 4, 160, 320]) 33
[36m(ActorGroup(rank=2) pid=4057617)[0m language is None, reset current_start_frame to 0
[36m(ActorGroup(rank=2) pid=4057617)[0m videos shape torch.Size([1, 3, 4, 160, 320]) 33
[36m(ActorGroup(rank=3) pid=4057619)[0m language is None, reset current_start_frame to 0
[36m(ActorGroup(rank=3) pid=4057619)[0m videos shape torch.Size([1, 3, 4, 160, 320]) 33
[36m(ActorGroup(rank=1) pid=4057616)[0m language is None, reset current_start_frame to 0
[36m(ActorGroup(rank=1) pid=4057616)[0m videos shape torch.Size([1, 3, 4, 160, 320]) 33
[36m(ActorGroup(rank=1) pid=4057616)[0m Time taken: Total 4.51 seconds, Text Encoder 0.17 seconds, Image Encoder 0.14 seconds, VAE 0.00 seconds, KV Cache Creation 1.06 seconds, Diffusion 3.13 seconds, DIT Compute Steps 3 steps, Scheduler 0.01 seconds
[36m(ActorGroup(rank=0) pid=4057615)[0m Time taken: Total 4.51 seconds, Text Encoder 0.17 seconds, Image Encoder 0.14 seconds, VAE 0.00 seconds, KV Cache Creation 1.06 seconds, Diffusion 3.13 seconds, DIT Compute Steps 3 steps, Scheduler 0.01 seconds
[36m(ActorGroup(rank=2) pid=4057617)[0m Time taken: Total 4.51 seconds, Text Encoder 0.17 seconds, Image Encoder 0.14 seconds, VAE 0.00 seconds, KV Cache Creation 1.06 seconds, Diffusion 3.13 seconds, DIT Compute Steps 3 steps, Scheduler 0.01 seconds
[36m(ActorGroup(rank=3) pid=4057619)[0m Time taken: Total 4.51 seconds, Text Encoder 0.17 seconds, Image Encoder 0.14 seconds, VAE 0.00 seconds, KV Cache Creation 1.06 seconds, Diffusion 3.13 seconds, DIT Compute Steps 3 steps, Scheduler 0.01 seconds
[36m(ActorGroup(rank=0) pid=4057615)[0m [INFO 14:16:17 ActorGroup-Rank-0][fsdp_actor_worker.py:1774] actor training: micro-batch start 40/64 epoch=1/1 global_batch=3/4 micro=8/16
[36m(ActorGroup(rank=1) pid=4057616)[0m language is None, reset current_start_frame to 0
[36m(ActorGroup(rank=1) pid=4057616)[0m videos shape torch.Size([1, 3, 4, 160, 320]) 33
[36m(ActorGroup(rank=0) pid=4057615)[0m language is None, reset current_start_frame to 0
[36m(ActorGroup(rank=0) pid=4057615)[0m videos shape torch.Size([1, 3, 4, 160, 320]) 33
[36m(ActorGroup(rank=2) pid=4057617)[0m language is None, reset current_start_frame to 0
[36m(ActorGroup(rank=2) pid=4057617)[0m videos shape torch.Size([1, 3, 4, 160, 320]) 33
[36m(ActorGroup(rank=3) pid=4057619)[0m language is None, reset current_start_frame to 0
[36m(ActorGroup(rank=3) pid=4057619)[0m videos shape torch.Size([1, 3, 4, 160, 320]) 33
[36m(ActorGroup(rank=1) pid=4057616)[0m Time taken: Total 4.54 seconds, Text Encoder 0.17 seconds, Image Encoder 0.14 seconds, VAE 0.00 seconds, KV Cache Creation 1.07 seconds, Diffusion 3.16 seconds, DIT Compute Steps 3 steps, Scheduler 0.01 seconds
[36m(ActorGroup(rank=0) pid=4057615)[0m Time taken: Total 4.54 seconds, Text Encoder 0.17 seconds, Image Encoder 0.13 seconds, VAE 0.00 seconds, KV Cache Creation 1.07 seconds, Diffusion 3.16 seconds, DIT Compute Steps 3 steps, Scheduler 0.01 seconds
[36m(ActorGroup(rank=0) pid=4057615)[0m [INFO 14:16:22 ActorGroup-Rank-0][fsdp_actor_worker.py:1844] actor training: model forward done 40/64 elapsed=4.64s
[36m(ActorGroup(rank=2) pid=4057617)[0m Time taken: Total 4.54 seconds, Text Encoder 0.17 seconds, Image Encoder 0.13 seconds, VAE 0.00 seconds, KV Cache Creation 1.07 seconds, Diffusion 3.16 seconds, DIT Compute Steps 3 steps, Scheduler 0.01 seconds
[36m(ActorGroup(rank=3) pid=4057619)[0m Time taken: Total 4.54 seconds, Text Encoder 0.17 seconds, Image Encoder 0.14 seconds, VAE 0.00 seconds, KV Cache Creation 1.07 seconds, Diffusion 3.16 seconds, DIT Compute Steps 3 steps, Scheduler 0.01 seconds
[36m(ActorGroup(rank=0) pid=4057615)[0m [INFO 14:16:24 ActorGroup-Rank-0][fsdp_actor_worker.py:1980] actor training: backward done 40/64 elapsed=2.08s
[36m(ActorGroup(rank=1) pid=4057616)[0m language is None, reset current_start_frame to 0
[36m(ActorGroup(rank=1) pid=4057616)[0m videos shape torch.Size([1, 3, 4, 160, 320]) 33
[36m(ActorGroup(rank=0) pid=4057615)[0m language is None, reset current_start_frame to 0
[36m(ActorGroup(rank=0) pid=4057615)[0m videos shape torch.Size([1, 3, 4, 160, 320]) 33
[36m(ActorGroup(rank=2) pid=4057617)[0m language is None, reset current_start_frame to 0
[36m(ActorGroup(rank=2) pid=4057617)[0m videos shape torch.Size([1, 3, 4, 160, 320]) 33
[36m(ActorGroup(rank=3) pid=4057619)[0m language is None, reset current_start_frame to 0
[36m(ActorGroup(rank=3) pid=4057619)[0m videos shape torch.Size([1, 3, 4, 160, 320]) 33
[36m(ActorGroup(rank=1) pid=4057616)[0m Time taken: Total 4.54 seconds, Text Encoder 0.16 seconds, Image Encoder 0.14 seconds, VAE 0.00 seconds, KV Cache Creation 1.07 seconds, Diffusion 3.17 seconds, DIT Compute Steps 3 steps, Scheduler 0.01 seconds
[36m(ActorGroup(rank=0) pid=4057615)[0m Time taken: Total 4.55 seconds, Text Encoder 0.17 seconds, Image Encoder 0.13 seconds, VAE 0.00 seconds, KV Cache Creation 1.07 seconds, Diffusion 3.17 seconds, DIT Compute Steps 3 steps, Scheduler 0.01 seconds
[36m(ActorGroup(rank=2) pid=4057617)[0m Time taken: Total 4.55 seconds, Text Encoder 0.17 seconds, Image Encoder 0.13 seconds, VAE 0.00 seconds, KV Cache Creation 1.07 seconds, Diffusion 3.17 seconds, DIT Compute Steps 3 steps, Scheduler 0.01 seconds
[36m(ActorGroup(rank=3) pid=4057619)[0m Time taken: Total 4.55 seconds, Text Encoder 0.17 seconds, Image Encoder 0.13 seconds, VAE 0.00 seconds, KV Cache Creation 1.07 seconds, Diffusion 3.17 seconds, DIT Compute Steps 3 steps, Scheduler 0.01 seconds
[36m(ActorGroup(rank=1) pid=4057616)[0m language is None, reset current_start_frame to 0
[36m(ActorGroup(rank=1) pid=4057616)[0m videos shape torch.Size([1, 3, 4, 160, 320]) 33
[36m(ActorGroup(rank=0) pid=4057615)[0m language is None, reset current_start_frame to 0
[36m(ActorGroup(rank=0) pid=4057615)[0m videos shape torch.Size([1, 3, 4, 160, 320]) 33
[36m(ActorGroup(rank=2) pid=4057617)[0m language is None, reset current_start_frame to 0
[36m(ActorGroup(rank=2) pid=4057617)[0m videos shape torch.Size([1, 3, 4, 160, 320]) 33
[36m(ActorGroup(rank=3) pid=4057619)[0m language is None, reset current_start_frame to 0
[36m(ActorGroup(rank=3) pid=4057619)[0m videos shape torch.Size([1, 3, 4, 160, 320]) 33
[36m(ActorGroup(rank=1) pid=4057616)[0m Time taken: Total 5.06 seconds, Text Encoder 0.17 seconds, Image Encoder 0.14 seconds, VAE 0.00 seconds, KV Cache Creation 1.09 seconds, Diffusion 3.66 seconds, DIT Compute Steps 3 steps, Scheduler 0.01 seconds
[36m(ActorGroup(rank=0) pid=4057615)[0m Time taken: Total 5.06 seconds, Text Encoder 0.17 seconds, Image Encoder 0.13 seconds, VAE 0.00 seconds, KV Cache Creation 1.09 seconds, Diffusion 3.66 seconds, DIT Compute Steps 3 steps, Scheduler 0.01 seconds
[36m(ActorGroup(rank=2) pid=4057617)[0m Time taken: Total 5.06 seconds, Text Encoder 0.17 seconds, Image Encoder 0.13 seconds, VAE 0.00 seconds, KV Cache Creation 1.09 seconds, Diffusion 3.66 seconds, DIT Compute Steps 3 steps, Scheduler 0.01 seconds
[36m(ActorGroup(rank=3) pid=4057619)[0m Time taken: Total 5.06 seconds, Text Encoder 0.17 seconds, Image Encoder 0.14 seconds, VAE 0.00 seconds, KV Cache Creation 1.09 seconds, Diffusion 3.66 seconds, DIT Compute Steps 3 steps, Scheduler 0.01 seconds
[36m(ActorGroup(rank=1) pid=4057616)[0m language is None, reset current_start_frame to 0
[36m(ActorGroup(rank=1) pid=4057616)[0m videos shape torch.Size([1, 3, 4, 160, 320]) 33
[36m(ActorGroup(rank=0) pid=4057615)[0m language is None, reset current_start_frame to 0
[36m(ActorGroup(rank=0) pid=4057615)[0m videos shape torch.Size([1, 3, 4, 160, 320]) 33
[36m(ActorGroup(rank=2) pid=4057617)[0m language is None, reset current_start_frame to 0
[36m(ActorGroup(rank=2) pid=4057617)[0m videos shape torch.Size([1, 3, 4, 160, 320]) 33
[36m(ActorGroup(rank=3) pid=4057619)[0m language is None, reset current_start_frame to 0
[36m(ActorGroup(rank=3) pid=4057619)[0m videos shape torch.Size([1, 3, 4, 160, 320]) 33
[36m(ActorGroup(rank=1) pid=4057616)[0m Time taken: Total 4.70 seconds, Text Encoder 0.17 seconds, Image Encoder 0.14 seconds, VAE 0.00 seconds, KV Cache Creation 1.10 seconds, Diffusion 3.27 seconds, DIT Compute Steps 3 steps, Scheduler 0.01 seconds
[36m(ActorGroup(rank=0) pid=4057615)[0m Time taken: Total 4.70 seconds, Text Encoder 0.17 seconds, Image Encoder 0.14 seconds, VAE 0.00 seconds, KV Cache Creation 1.10 seconds, Diffusion 3.28 seconds, DIT Compute Steps 3 steps, Scheduler 0.01 seconds
[36m(ActorGroup(rank=2) pid=4057617)[0m Time taken: Total 4.70 seconds, Text Encoder 0.17 seconds, Image Encoder 0.14 seconds, VAE 0.00 seconds, KV Cache Creation 1.10 seconds, Diffusion 3.28 seconds, DIT Compute Steps 3 steps, Scheduler 0.01 seconds
[36m(ActorGroup(rank=3) pid=4057619)[0m Time taken: Total 4.70 seconds, Text Encoder 0.17 seconds, Image Encoder 0.14 seconds, VAE 0.00 seconds, KV Cache Creation 1.10 seconds, Diffusion 3.28 seconds, DIT Compute Steps 3 steps, Scheduler 0.01 seconds
[36m(ActorGroup(rank=0) pid=4057615)[0m [INFO 14:16:45 ActorGroup-Rank-0][fsdp_actor_worker.py:1774] actor training: micro-batch start 44/64 epoch=1/1 global_batch=3/4 micro=12/16
[36m(ActorGroup(rank=1) pid=4057616)[0m language is None, reset current_start_frame to 0
[36m(ActorGroup(rank=1) pid=4057616)[0m videos shape torch.Size([1, 3, 4, 160, 320]) 33
[36m(ActorGroup(rank=0) pid=4057615)[0m language is None, reset current_start_frame to 0
[36m(ActorGroup(rank=0) pid=4057615)[0m videos shape torch.Size([1, 3, 4, 160, 320]) 33
[36m(ActorGroup(rank=2) pid=4057617)[0m language is None, reset current_start_frame to 0
[36m(ActorGroup(rank=2) pid=4057617)[0m videos shape torch.Size([1, 3, 4, 160, 320]) 33
[36m(ActorGroup(rank=3) pid=4057619)[0m language is None, reset current_start_frame to 0
[36m(ActorGroup(rank=3) pid=4057619)[0m videos shape torch.Size([1, 3, 4, 160, 320]) 33
[36m(ActorGroup(rank=1) pid=4057616)[0m Time taken: Total 4.71 seconds, Text Encoder 0.17 seconds, Image Encoder 0.14 seconds, VAE 0.00 seconds, KV Cache Creation 1.09 seconds, Diffusion 3.31 seconds, DIT Compute Steps 3 steps, Scheduler 0.01 seconds
[36m(ActorGroup(rank=0) pid=4057615)[0m Time taken: Total 4.71 seconds, Text Encoder 0.17 seconds, Image Encoder 0.14 seconds, VAE 0.00 seconds, KV Cache Creation 1.09 seconds, Diffusion 3.31 seconds, DIT Compute Steps 3 steps, Scheduler 0.01 seconds
[36m(ActorGroup(rank=0) pid=4057615)[0m [INFO 14:16:50 ActorGroup-Rank-0][fsdp_actor_worker.py:1844] actor training: model forward done 44/64 elapsed=4.81s
[36m(ActorGroup(rank=2) pid=4057617)[0m Time taken: Total 4.71 seconds, Text Encoder 0.17 seconds, Image Encoder 0.14 seconds, VAE 0.00 seconds, KV Cache Creation 1.09 seconds, Diffusion 3.31 seconds, DIT Compute Steps 3 steps, Scheduler 0.01 seconds
[36m(ActorGroup(rank=3) pid=4057619)[0m Time taken: Total 4.71 seconds, Text Encoder 0.17 seconds, Image Encoder 0.14 seconds, VAE 0.00 seconds, KV Cache Creation 1.09 seconds, Diffusion 3.31 seconds, DIT Compute Steps 3 steps, Scheduler 0.01 seconds
[36m(ActorGroup(rank=0) pid=4057615)[0m [INFO 14:16:52 ActorGroup-Rank-0][fsdp_actor_worker.py:1980] actor training: backward done 44/64 elapsed=2.08s
[36m(ActorGroup(rank=1) pid=4057616)[0m language is None, reset current_start_frame to 0
[36m(ActorGroup(rank=1) pid=4057616)[0m videos shape torch.Size([1, 3, 4, 160, 320]) 33
[36m(ActorGroup(rank=0) pid=4057615)[0m language is None, reset current_start_frame to 0
[36m(ActorGroup(rank=0) pid=4057615)[0m videos shape torch.Size([1, 3, 4, 160, 320]) 33
[36m(ActorGroup(rank=2) pid=4057617)[0m language is None, reset current_start_frame to 0
[36m(ActorGroup(rank=2) pid=4057617)[0m videos shape torch.Size([1, 3, 4, 160, 320]) 33
[36m(ActorGroup(rank=3) pid=4057619)[0m language is None, reset current_start_frame to 0
[36m(ActorGroup(rank=3) pid=4057619)[0m videos shape torch.Size([1, 3, 4, 160, 320]) 33
[36m(ActorGroup(rank=1) pid=4057616)[0m Time taken: Total 4.62 seconds, Text Encoder 0.17 seconds, Image Encoder 0.14 seconds, VAE 0.00 seconds, KV Cache Creation 1.09 seconds, Diffusion 3.22 seconds, DIT Compute Steps 3 steps, Scheduler 0.01 seconds
[36m(ActorGroup(rank=0) pid=4057615)[0m Time taken: Total 4.63 seconds, Text Encoder 0.17 seconds, Image Encoder 0.14 seconds, VAE 0.00 seconds, KV Cache Creation 1.09 seconds, Diffusion 3.22 seconds, DIT Compute Steps 3 steps, Scheduler 0.01 seconds
[36m(ActorGroup(rank=2) pid=4057617)[0m Time taken: Total 4.63 seconds, Text Encoder 0.17 seconds, Image Encoder 0.14 seconds, VAE 0.00 seconds, KV Cache Creation 1.09 seconds, Diffusion 3.22 seconds, DIT Compute Steps 3 steps, Scheduler 0.01 seconds
[36m(ActorGroup(rank=3) pid=4057619)[0m Time taken: Total 4.63 seconds, Text Encoder 0.17 seconds, Image Encoder 0.14 seconds, VAE 0.00 seconds, KV Cache Creation 1.09 seconds, Diffusion 3.22 seconds, DIT Compute Steps 3 steps, Scheduler 0.01 seconds
[36m(ActorGroup(rank=1) pid=4057616)[0m language is None, reset current_start_frame to 0
[36m(ActorGroup(rank=1) pid=4057616)[0m videos shape torch.Size([1, 3, 4, 160, 320]) 33
[36m(ActorGroup(rank=0) pid=4057615)[0m language is None, reset current_start_frame to 0
[36m(ActorGroup(rank=0) pid=4057615)[0m videos shape torch.Size([1, 3, 4, 160, 320]) 33
[36m(ActorGroup(rank=2) pid=4057617)[0m language is None, reset current_start_frame to 0
[36m(ActorGroup(rank=2) pid=4057617)[0m videos shape torch.Size([1, 3, 4, 160, 320]) 33
[36m(ActorGroup(rank=3) pid=4057619)[0m language is None, reset current_start_frame to 0
[36m(ActorGroup(rank=3) pid=4057619)[0m videos shape torch.Size([1, 3, 4, 160, 320]) 33
[36m(ActorGroup(rank=1) pid=4057616)[0m Time taken: Total 4.61 seconds, Text Encoder 0.17 seconds, Image Encoder 0.14 seconds, VAE 0.00 seconds, KV Cache Creation 1.08 seconds, Diffusion 3.21 seconds, DIT Compute Steps 3 steps, Scheduler 0.01 seconds
[36m(ActorGroup(rank=0) pid=4057615)[0m Time taken: Total 4.61 seconds, Text Encoder 0.17 seconds, Image Encoder 0.14 seconds, VAE 0.00 seconds, KV Cache Creation 1.08 seconds, Diffusion 3.21 seconds, DIT Compute Steps 3 steps, Scheduler 0.01 seconds
[36m(ActorGroup(rank=2) pid=4057617)[0m Time taken: Total 4.61 seconds, Text Encoder 0.17 seconds, Image Encoder 0.14 seconds, VAE 0.00 seconds, KV Cache Creation 1.08 seconds, Diffusion 3.21 seconds, DIT Compute Steps 3 steps, Scheduler 0.01 seconds
[36m(ActorGroup(rank=3) pid=4057619)[0m Time taken: Total 4.61 seconds, Text Encoder 0.17 seconds, Image Encoder 0.14 seconds, VAE 0.00 seconds, KV Cache Creation 1.08 seconds, Diffusion 3.21 seconds, DIT Compute Steps 3 steps, Scheduler 0.01 seconds
[36m(ActorGroup(rank=1) pid=4057616)[0m language is None, reset current_start_frame to 0
[36m(ActorGroup(rank=1) pid=4057616)[0m videos shape torch.Size([1, 3, 4, 160, 320]) 33
[36m(ActorGroup(rank=0) pid=4057615)[0m language is None, reset current_start_frame to 0
[36m(ActorGroup(rank=0) pid=4057615)[0m videos shape torch.Size([1, 3, 4, 160, 320]) 33
[36m(ActorGroup(rank=2) pid=4057617)[0m language is None, reset current_start_frame to 0
[36m(ActorGroup(rank=2) pid=4057617)[0m videos shape torch.Size([1, 3, 4, 160, 320]) 33
[36m(ActorGroup(rank=3) pid=4057619)[0m language is None, reset current_start_frame to 0
[36m(ActorGroup(rank=3) pid=4057619)[0m videos shape torch.Size([1, 3, 4, 160, 320]) 33
[36m(ActorGroup(rank=1) pid=4057616)[0m Time taken: Total 5.01 seconds, Text Encoder 0.17 seconds, Image Encoder 0.14 seconds, VAE 0.00 seconds, KV Cache Creation 1.49 seconds, Diffusion 3.20 seconds, DIT Compute Steps 3 steps, Scheduler 0.01 seconds
[36m(ActorGroup(rank=0) pid=4057615)[0m Time taken: Total 5.02 seconds, Text Encoder 0.17 seconds, Image Encoder 0.14 seconds, VAE 0.00 seconds, KV Cache Creation 1.49 seconds, Diffusion 3.21 seconds, DIT Compute Steps 3 steps, Scheduler 0.01 seconds
[36m(ActorGroup(rank=2) pid=4057617)[0m Time taken: Total 5.01 seconds, Text Encoder 0.17 seconds, Image Encoder 0.14 seconds, VAE 0.00 seconds, KV Cache Creation 1.49 seconds, Diffusion 3.20 seconds, DIT Compute Steps 3 steps, Scheduler 0.01 seconds
[36m(ActorGroup(rank=3) pid=4057619)[0m Time taken: Total 5.01 seconds, Text Encoder 0.17 seconds, Image Encoder 0.14 seconds, VAE 0.00 seconds, KV Cache Creation 1.49 seconds, Diffusion 3.21 seconds, DIT Compute Steps 3 steps, Scheduler 0.01 seconds
[36m(ActorGroup(rank=0) pid=4057615)[0m [INFO 14:17:13 ActorGroup-Rank-0][fsdp_actor_worker.py:1774] actor training: micro-batch start 48/64 epoch=1/1 global_batch=3/4 micro=16/16
[36m(ActorGroup(rank=1) pid=4057616)[0m language is None, reset current_start_frame to 0
[36m(ActorGroup(rank=1) pid=4057616)[0m videos shape torch.Size([1, 3, 4, 160, 320]) 33
[36m(ActorGroup(rank=0) pid=4057615)[0m language is None, reset current_start_frame to 0
[36m(ActorGroup(rank=0) pid=4057615)[0m videos shape torch.Size([1, 3, 4, 160, 320]) 33
[36m(ActorGroup(rank=2) pid=4057617)[0m language is None, reset current_start_frame to 0
[36m(ActorGroup(rank=2) pid=4057617)[0m videos shape torch.Size([1, 3, 4, 160, 320]) 33
[36m(ActorGroup(rank=3) pid=4057619)[0m language is None, reset current_start_frame to 0
[36m(ActorGroup(rank=3) pid=4057619)[0m videos shape torch.Size([1, 3, 4, 160, 320]) 33
[36m(ActorGroup(rank=1) pid=4057616)[0m Time taken: Total 4.61 seconds, Text Encoder 0.17 seconds, Image Encoder 0.14 seconds, VAE 0.00 seconds, KV Cache Creation 1.09 seconds, Diffusion 3.21 seconds, DIT Compute Steps 3 steps, Scheduler 0.01 seconds
[36m(ActorGroup(rank=0) pid=4057615)[0m Time taken: Total 4.61 seconds, Text Encoder 0.17 seconds, Image Encoder 0.14 seconds, VAE 0.00 seconds, KV Cache Creation 1.09 seconds, Diffusion 3.21 seconds, DIT Compute Steps 3 steps, Scheduler 0.01 seconds
[36m(ActorGroup(rank=0) pid=4057615)[0m [INFO 14:17:18 ActorGroup-Rank-0][fsdp_actor_worker.py:1844] actor training: model forward done 48/64 elapsed=4.71s
[36m(ActorGroup(rank=2) pid=4057617)[0m Time taken: Total 4.61 seconds, Text Encoder 0.17 seconds, Image Encoder 0.14 seconds, VAE 0.00 seconds, KV Cache Creation 1.09 seconds, Diffusion 3.21 seconds, DIT Compute Steps 3 steps, Scheduler 0.01 seconds
[36m(ActorGroup(rank=3) pid=4057619)[0m Time taken: Total 4.61 seconds, Text Encoder 0.16 seconds, Image Encoder 0.14 seconds, VAE 0.00 seconds, KV Cache Creation 1.09 seconds, Diffusion 3.21 seconds, DIT Compute Steps 3 steps, Scheduler 0.01 seconds
[36m(ActorGroup(rank=0) pid=4057615)[0m [INFO 14:17:20 ActorGroup-Rank-0][fsdp_actor_worker.py:1980] actor training: backward done 48/64 elapsed=2.15s
[36m(ActorGroup(rank=0) pid=4057615)[0m [INFO 14:17:20 ActorGroup-Rank-0][fsdp_actor_worker.py:2001] actor training: global batch done 3/4 epoch=1/1 elapsed=112.63s
[36m(ActorGroup(rank=0) pid=4057615)[0m [INFO 14:17:21 ActorGroup-Rank-0][fsdp_actor_worker.py:2014] actor training: empty_cache done global_batch=3/4 elapsed=0.91s
[36m(ActorGroup(rank=0) pid=4057615)[0m [INFO 14:17:21 ActorGroup-Rank-0][fsdp_actor_worker.py:2031] actor training: optimizer step done global_batch=3/4 grad_norm=177.746 elapsed=0.05s
[36m(ActorGroup(rank=1) pid=4057616)[0m language is None, reset current_start_frame to 0
[36m(ActorGroup(rank=1) pid=4057616)[0m videos shape torch.Size([1, 3, 4, 160, 320]) 33
[36m(ActorGroup(rank=0) pid=4057615)[0m language is None, reset current_start_frame to 0
[36m(ActorGroup(rank=0) pid=4057615)[0m videos shape torch.Size([1, 3, 4, 160, 320]) 33
[36m(ActorGroup(rank=2) pid=4057617)[0m language is None, reset current_start_frame to 0
[36m(ActorGroup(rank=2) pid=4057617)[0m videos shape torch.Size([1, 3, 4, 160, 320]) 33
[36m(ActorGroup(rank=3) pid=4057619)[0m language is None, reset current_start_frame to 0
[36m(ActorGroup(rank=3) pid=4057619)[0m videos shape torch.Size([1, 3, 4, 160, 320]) 33
[36m(ActorGroup(rank=1) pid=4057616)[0m Time taken: Total 4.98 seconds, Text Encoder 0.20 seconds, Image Encoder 0.14 seconds, VAE 0.00 seconds, KV Cache Creation 1.21 seconds, Diffusion 3.42 seconds, DIT Compute Steps 3 steps, Scheduler 0.01 seconds
[36m(ActorGroup(rank=0) pid=4057615)[0m Time taken: Total 4.98 seconds, Text Encoder 0.20 seconds, Image Encoder 0.14 seconds, VAE 0.00 seconds, KV Cache Creation 1.21 seconds, Diffusion 3.42 seconds, DIT Compute Steps 3 steps, Scheduler 0.01 seconds
[36m(ActorGroup(rank=2) pid=4057617)[0m Time taken: Total 4.98 seconds, Text Encoder 0.20 seconds, Image Encoder 0.13 seconds, VAE 0.00 seconds, KV Cache Creation 1.21 seconds, Diffusion 3.42 seconds, DIT Compute Steps 3 steps, Scheduler 0.01 seconds
[36m(ActorGroup(rank=3) pid=4057619)[0m Time taken: Total 4.98 seconds, Text Encoder 0.20 seconds, Image Encoder 0.14 seconds, VAE 0.00 seconds, KV Cache Creation 1.21 seconds, Diffusion 3.42 seconds, DIT Compute Steps 3 steps, Scheduler 0.01 seconds
[36m(ActorGroup(rank=1) pid=4057616)[0m language is None, reset current_start_frame to 0
[36m(ActorGroup(rank=1) pid=4057616)[0m videos shape torch.Size([1, 3, 4, 160, 320]) 33
[36m(ActorGroup(rank=0) pid=4057615)[0m language is None, reset current_start_frame to 0
[36m(ActorGroup(rank=0) pid=4057615)[0m videos shape torch.Size([1, 3, 4, 160, 320]) 33
[36m(ActorGroup(rank=2) pid=4057617)[0m language is None, reset current_start_frame to 0
[36m(ActorGroup(rank=2) pid=4057617)[0m videos shape torch.Size([1, 3, 4, 160, 320]) 33
[36m(ActorGroup(rank=3) pid=4057619)[0m language is None, reset current_start_frame to 0
[36m(ActorGroup(rank=3) pid=4057619)[0m videos shape torch.Size([1, 3, 4, 160, 320]) 33
[36m(ActorGroup(rank=1) pid=4057616)[0m Time taken: Total 4.51 seconds, Text Encoder 0.17 seconds, Image Encoder 0.14 seconds, VAE 0.00 seconds, KV Cache Creation 1.06 seconds, Diffusion 3.14 seconds, DIT Compute Steps 3 steps, Scheduler 0.01 seconds
[36m(ActorGroup(rank=0) pid=4057615)[0m Time taken: Total 4.51 seconds, Text Encoder 0.17 seconds, Image Encoder 0.14 seconds, VAE 0.00 seconds, KV Cache Creation 1.06 seconds, Diffusion 3.14 seconds, DIT Compute Steps 3 steps, Scheduler 0.01 seconds
[36m(ActorGroup(rank=2) pid=4057617)[0m Time taken: Total 4.51 seconds, Text Encoder 0.17 seconds, Image Encoder 0.14 seconds, VAE 0.00 seconds, KV Cache Creation 1.05 seconds, Diffusion 3.14 seconds, DIT Compute Steps 3 steps, Scheduler 0.01 seconds
[36m(ActorGroup(rank=3) pid=4057619)[0m Time taken: Total 4.51 seconds, Text Encoder 0.17 seconds, Image Encoder 0.14 seconds, VAE 0.00 seconds, KV Cache Creation 1.06 seconds, Diffusion 3.14 seconds, DIT Compute Steps 3 steps, Scheduler 0.01 seconds
[36m(ActorGroup(rank=1) pid=4057616)[0m language is None, reset current_start_frame to 0
[36m(ActorGroup(rank=1) pid=4057616)[0m videos shape torch.Size([1, 3, 4, 160, 320]) 33
[36m(ActorGroup(rank=0) pid=4057615)[0m language is None, reset current_start_frame to 0
[36m(ActorGroup(rank=0) pid=4057615)[0m videos shape torch.Size([1, 3, 4, 160, 320]) 33
[36m(ActorGroup(rank=2) pid=4057617)[0m language is None, reset current_start_frame to 0
[36m(ActorGroup(rank=2) pid=4057617)[0m videos shape torch.Size([1, 3, 4, 160, 320]) 33
[36m(ActorGroup(rank=3) pid=4057619)[0m language is None, reset current_start_frame to 0
[36m(ActorGroup(rank=3) pid=4057619)[0m videos shape torch.Size([1, 3, 4, 160, 320]) 33
[36m(ActorGroup(rank=1) pid=4057616)[0m Time taken: Total 4.90 seconds, Text Encoder 0.16 seconds, Image Encoder 0.14 seconds, VAE 0.00 seconds, KV Cache Creation 1.44 seconds, Diffusion 3.14 seconds, DIT Compute Steps 3 steps, Scheduler 0.01 seconds
[36m(ActorGroup(rank=0) pid=4057615)[0m Time taken: Total 4.90 seconds, Text Encoder 0.17 seconds, Image Encoder 0.14 seconds, VAE 0.00 seconds, KV Cache Creation 1.44 seconds, Diffusion 3.14 seconds, DIT Compute Steps 3 steps, Scheduler 0.01 seconds
[36m(ActorGroup(rank=2) pid=4057617)[0m Time taken: Total 4.90 seconds, Text Encoder 0.17 seconds, Image Encoder 0.14 seconds, VAE 0.00 seconds, KV Cache Creation 1.44 seconds, Diffusion 3.14 seconds, DIT Compute Steps 3 steps, Scheduler 0.01 seconds
[36m(ActorGroup(rank=3) pid=4057619)[0m Time taken: Total 4.90 seconds, Text Encoder 0.17 seconds, Image Encoder 0.14 seconds, VAE 0.00 seconds, KV Cache Creation 1.44 seconds, Diffusion 3.14 seconds, DIT Compute Steps 3 steps, Scheduler 0.01 seconds
[36m(ActorGroup(rank=0) pid=4057615)[0m [INFO 14:17:43 ActorGroup-Rank-0][fsdp_actor_worker.py:1774] actor training: micro-batch start 52/64 epoch=1/1 global_batch=4/4 micro=4/16
[36m(ActorGroup(rank=1) pid=4057616)[0m language is None, reset current_start_frame to 0
[36m(ActorGroup(rank=1) pid=4057616)[0m videos shape torch.Size([1, 3, 4, 160, 320]) 33
[36m(ActorGroup(rank=0) pid=4057615)[0m language is None, reset current_start_frame to 0
[36m(ActorGroup(rank=0) pid=4057615)[0m videos shape torch.Size([1, 3, 4, 160, 320]) 33
[36m(ActorGroup(rank=2) pid=4057617)[0m language is None, reset current_start_frame to 0
[36m(ActorGroup(rank=2) pid=4057617)[0m videos shape torch.Size([1, 3, 4, 160, 320]) 33
[36m(ActorGroup(rank=3) pid=4057619)[0m language is None, reset current_start_frame to 0
[36m(ActorGroup(rank=3) pid=4057619)[0m videos shape torch.Size([1, 3, 4, 160, 320]) 33
[36m(ActorGroup(rank=1) pid=4057616)[0m Time taken: Total 4.53 seconds, Text Encoder 0.17 seconds, Image Encoder 0.14 seconds, VAE 0.00 seconds, KV Cache Creation 1.05 seconds, Diffusion 3.16 seconds, DIT Compute Steps 3 steps, Scheduler 0.01 seconds
[36m(ActorGroup(rank=0) pid=4057615)[0m Time taken: Total 4.53 seconds, Text Encoder 0.17 seconds, Image Encoder 0.14 seconds, VAE 0.00 seconds, KV Cache Creation 1.06 seconds, Diffusion 3.16 seconds, DIT Compute Steps 3 steps, Scheduler 0.01 seconds
[36m(ActorGroup(rank=0) pid=4057615)[0m [INFO 14:17:47 ActorGroup-Rank-0][fsdp_actor_worker.py:1844] actor training: model forward done 52/64 elapsed=4.63s
[36m(ActorGroup(rank=2) pid=4057617)[0m Time taken: Total 4.53 seconds, Text Encoder 0.17 seconds, Image Encoder 0.14 seconds, VAE 0.00 seconds, KV Cache Creation 1.06 seconds, Diffusion 3.16 seconds, DIT Compute Steps 3 steps, Scheduler 0.01 seconds
[36m(ActorGroup(rank=3) pid=4057619)[0m Time taken: Total 4.53 seconds, Text Encoder 0.17 seconds, Image Encoder 0.14 seconds, VAE 0.00 seconds, KV Cache Creation 1.06 seconds, Diffusion 3.16 seconds, DIT Compute Steps 3 steps, Scheduler 0.01 seconds
[36m(ActorGroup(rank=0) pid=4057615)[0m [INFO 14:17:49 ActorGroup-Rank-0][fsdp_actor_worker.py:1980] actor training: backward done 52/64 elapsed=2.10s
[36m(ActorGroup(rank=1) pid=4057616)[0m language is None, reset current_start_frame to 0
[36m(ActorGroup(rank=1) pid=4057616)[0m videos shape torch.Size([1, 3, 4, 160, 320]) 33
[36m(ActorGroup(rank=0) pid=4057615)[0m language is None, reset current_start_frame to 0
[36m(ActorGroup(rank=0) pid=4057615)[0m videos shape torch.Size([1, 3, 4, 160, 320]) 33
[36m(ActorGroup(rank=2) pid=4057617)[0m language is None, reset current_start_frame to 0
[36m(ActorGroup(rank=2) pid=4057617)[0m videos shape torch.Size([1, 3, 4, 160, 320]) 33
[36m(ActorGroup(rank=3) pid=4057619)[0m language is None, reset current_start_frame to 0
[36m(ActorGroup(rank=3) pid=4057619)[0m videos shape torch.Size([1, 3, 4, 160, 320]) 33
[36m(ActorGroup(rank=1) pid=4057616)[0m Time taken: Total 4.56 seconds, Text Encoder 0.17 seconds, Image Encoder 0.14 seconds, VAE 0.00 seconds, KV Cache Creation 1.06 seconds, Diffusion 3.18 seconds, DIT Compute Steps 3 steps, Scheduler 0.01 seconds
[36m(ActorGroup(rank=0) pid=4057615)[0m Time taken: Total 4.56 seconds, Text Encoder 0.17 seconds, Image Encoder 0.14 seconds, VAE 0.00 seconds, KV Cache Creation 1.07 seconds, Diffusion 3.18 seconds, DIT Compute Steps 3 steps, Scheduler 0.01 seconds
[36m(ActorGroup(rank=2) pid=4057617)[0m Time taken: Total 4.56 seconds, Text Encoder 0.17 seconds, Image Encoder 0.14 seconds, VAE 0.00 seconds, KV Cache Creation 1.07 seconds, Diffusion 3.18 seconds, DIT Compute Steps 3 steps, Scheduler 0.01 seconds
[36m(ActorGroup(rank=3) pid=4057619)[0m Time taken: Total 4.56 seconds, Text Encoder 0.17 seconds, Image Encoder 0.14 seconds, VAE 0.00 seconds, KV Cache Creation 1.07 seconds, Diffusion 3.18 seconds, DIT Compute Steps 3 steps, Scheduler 0.01 seconds
[36m(ActorGroup(rank=1) pid=4057616)[0m language is None, reset current_start_frame to 0
[36m(ActorGroup(rank=1) pid=4057616)[0m videos shape torch.Size([1, 3, 4, 160, 320]) 33
[36m(ActorGroup(rank=0) pid=4057615)[0m language is None, reset current_start_frame to 0
[36m(ActorGroup(rank=0) pid=4057615)[0m videos shape torch.Size([1, 3, 4, 160, 320]) 33
[36m(ActorGroup(rank=2) pid=4057617)[0m language is None, reset current_start_frame to 0
[36m(ActorGroup(rank=2) pid=4057617)[0m videos shape torch.Size([1, 3, 4, 160, 320]) 33
[36m(ActorGroup(rank=3) pid=4057619)[0m language is None, reset current_start_frame to 0
[36m(ActorGroup(rank=3) pid=4057619)[0m videos shape torch.Size([1, 3, 4, 160, 320]) 33
[36m(ActorGroup(rank=1) pid=4057616)[0m Time taken: Total 4.61 seconds, Text Encoder 0.17 seconds, Image Encoder 0.14 seconds, VAE 0.00 seconds, KV Cache Creation 1.09 seconds, Diffusion 3.21 seconds, DIT Compute Steps 3 steps, Scheduler 0.01 seconds
[36m(ActorGroup(rank=0) pid=4057615)[0m Time taken: Total 4.61 seconds, Text Encoder 0.17 seconds, Image Encoder 0.14 seconds, VAE 0.00 seconds, KV Cache Creation 1.09 seconds, Diffusion 3.21 seconds, DIT Compute Steps 3 steps, Scheduler 0.01 seconds
[36m(ActorGroup(rank=2) pid=4057617)[0m Time taken: Total 4.61 seconds, Text Encoder 0.17 seconds, Image Encoder 0.14 seconds, VAE 0.00 seconds, KV Cache Creation 1.09 seconds, Diffusion 3.21 seconds, DIT Compute Steps 3 steps, Scheduler 0.01 seconds
[36m(ActorGroup(rank=3) pid=4057619)[0m Time taken: Total 4.61 seconds, Text Encoder 0.17 seconds, Image Encoder 0.14 seconds, VAE 0.00 seconds, KV Cache Creation 1.09 seconds, Diffusion 3.21 seconds, DIT Compute Steps 3 steps, Scheduler 0.01 seconds
[36m(ActorGroup(rank=1) pid=4057616)[0m language is None, reset current_start_frame to 0
[36m(ActorGroup(rank=1) pid=4057616)[0m videos shape torch.Size([1, 3, 4, 160, 320]) 33
[36m(ActorGroup(rank=0) pid=4057615)[0m language is None, reset current_start_frame to 0
[36m(ActorGroup(rank=0) pid=4057615)[0m videos shape torch.Size([1, 3, 4, 160, 320]) 33
[36m(ActorGroup(rank=2) pid=4057617)[0m language is None, reset current_start_frame to 0
[36m(ActorGroup(rank=2) pid=4057617)[0m videos shape torch.Size([1, 3, 4, 160, 320]) 33
[36m(ActorGroup(rank=3) pid=4057619)[0m language is None, reset current_start_frame to 0
[36m(ActorGroup(rank=3) pid=4057619)[0m videos shape torch.Size([1, 3, 4, 160, 320]) 33
[36m(ActorGroup(rank=1) pid=4057616)[0m Time taken: Total 5.02 seconds, Text Encoder 0.17 seconds, Image Encoder 0.14 seconds, VAE 0.00 seconds, KV Cache Creation 1.09 seconds, Diffusion 3.62 seconds, DIT Compute Steps 3 steps, Scheduler 0.01 seconds
[36m(ActorGroup(rank=0) pid=4057615)[0m Time taken: Total 5.02 seconds, Text Encoder 0.17 seconds, Image Encoder 0.14 seconds, VAE 0.00 seconds, KV Cache Creation 1.09 seconds, Diffusion 3.62 seconds, DIT Compute Steps 3 steps, Scheduler 0.01 seconds
[36m(ActorGroup(rank=2) pid=4057617)[0m Time taken: Total 5.02 seconds, Text Encoder 0.17 seconds, Image Encoder 0.14 seconds, VAE 0.00 seconds, KV Cache Creation 1.09 seconds, Diffusion 3.62 seconds, DIT Compute Steps 3 steps, Scheduler 0.01 seconds
[36m(ActorGroup(rank=3) pid=4057619)[0m Time taken: Total 5.02 seconds, Text Encoder 0.16 seconds, Image Encoder 0.14 seconds, VAE 0.00 seconds, KV Cache Creation 1.09 seconds, Diffusion 3.62 seconds, DIT Compute Steps 3 steps, Scheduler 0.01 seconds
[36m(ActorGroup(rank=0) pid=4057615)[0m [INFO 14:18:10 ActorGroup-Rank-0][fsdp_actor_worker.py:1774] actor training: micro-batch start 56/64 epoch=1/1 global_batch=4/4 micro=8/16
[36m(ActorGroup(rank=1) pid=4057616)[0m language is None, reset current_start_frame to 0
[36m(ActorGroup(rank=1) pid=4057616)[0m videos shape torch.Size([1, 3, 4, 160, 320]) 33
[36m(ActorGroup(rank=0) pid=4057615)[0m language is None, reset current_start_frame to 0
[36m(ActorGroup(rank=0) pid=4057615)[0m videos shape torch.Size([1, 3, 4, 160, 320]) 33
[36m(ActorGroup(rank=2) pid=4057617)[0m language is None, reset current_start_frame to 0
[36m(ActorGroup(rank=2) pid=4057617)[0m videos shape torch.Size([1, 3, 4, 160, 320]) 33
[36m(ActorGroup(rank=3) pid=4057619)[0m language is None, reset current_start_frame to 0
[36m(ActorGroup(rank=3) pid=4057619)[0m videos shape torch.Size([1, 3, 4, 160, 320]) 33
[36m(ActorGroup(rank=1) pid=4057616)[0m Time taken: Total 4.73 seconds, Text Encoder 0.17 seconds, Image Encoder 0.14 seconds, VAE 0.00 seconds, KV Cache Creation 1.08 seconds, Diffusion 3.33 seconds, DIT Compute Steps 3 steps, Scheduler 0.01 seconds
[36m(ActorGroup(rank=0) pid=4057615)[0m Time taken: Total 4.73 seconds, Text Encoder 0.17 seconds, Image Encoder 0.14 seconds, VAE 0.00 seconds, KV Cache Creation 1.09 seconds, Diffusion 3.33 seconds, DIT Compute Steps 3 steps, Scheduler 0.01 seconds
[36m(ActorGroup(rank=0) pid=4057615)[0m [INFO 14:18:15 ActorGroup-Rank-0][fsdp_actor_worker.py:1844] actor training: model forward done 56/64 elapsed=4.84s
[36m(ActorGroup(rank=2) pid=4057617)[0m Time taken: Total 4.73 seconds, Text Encoder 0.17 seconds, Image Encoder 0.14 seconds, VAE 0.00 seconds, KV Cache Creation 1.09 seconds, Diffusion 3.33 seconds, DIT Compute Steps 3 steps, Scheduler 0.01 seconds
[36m(ActorGroup(rank=3) pid=4057619)[0m Time taken: Total 4.73 seconds, Text Encoder 0.17 seconds, Image Encoder 0.14 seconds, VAE 0.00 seconds, KV Cache Creation 1.08 seconds, Diffusion 3.33 seconds, DIT Compute Steps 3 steps, Scheduler 0.01 seconds
[36m(ActorGroup(rank=0) pid=4057615)[0m [INFO 14:18:17 ActorGroup-Rank-0][fsdp_actor_worker.py:1980] actor training: backward done 56/64 elapsed=2.10s
[36m(ActorGroup(rank=1) pid=4057616)[0m language is None, reset current_start_frame to 0
[36m(ActorGroup(rank=1) pid=4057616)[0m videos shape torch.Size([1, 3, 4, 160, 320]) 33
[36m(ActorGroup(rank=0) pid=4057615)[0m language is None, reset current_start_frame to 0
[36m(ActorGroup(rank=0) pid=4057615)[0m videos shape torch.Size([1, 3, 4, 160, 320]) 33
[36m(ActorGroup(rank=2) pid=4057617)[0m language is None, reset current_start_frame to 0
[36m(ActorGroup(rank=2) pid=4057617)[0m videos shape torch.Size([1, 3, 4, 160, 320]) 33
[36m(ActorGroup(rank=3) pid=4057619)[0m language is None, reset current_start_frame to 0
[36m(ActorGroup(rank=3) pid=4057619)[0m videos shape torch.Size([1, 3, 4, 160, 320]) 33
[36m(ActorGroup(rank=1) pid=4057616)[0m Time taken: Total 4.58 seconds, Text Encoder 0.17 seconds, Image Encoder 0.14 seconds, VAE 0.00 seconds, KV Cache Creation 1.08 seconds, Diffusion 3.18 seconds, DIT Compute Steps 3 steps, Scheduler 0.01 seconds
[36m(ActorGroup(rank=0) pid=4057615)[0m Time taken: Total 4.59 seconds, Text Encoder 0.17 seconds, Image Encoder 0.14 seconds, VAE 0.00 seconds, KV Cache Creation 1.09 seconds, Diffusion 3.18 seconds, DIT Compute Steps 3 steps, Scheduler 0.01 seconds
[36m(ActorGroup(rank=2) pid=4057617)[0m Time taken: Total 4.59 seconds, Text Encoder 0.17 seconds, Image Encoder 0.14 seconds, VAE 0.00 seconds, KV Cache Creation 1.09 seconds, Diffusion 3.18 seconds, DIT Compute Steps 3 steps, Scheduler 0.01 seconds
[36m(ActorGroup(rank=3) pid=4057619)[0m Time taken: Total 4.59 seconds, Text Encoder 0.17 seconds, Image Encoder 0.14 seconds, VAE 0.00 seconds, KV Cache Creation 1.09 seconds, Diffusion 3.18 seconds, DIT Compute Steps 3 steps, Scheduler 0.01 seconds
[36m(ActorGroup(rank=1) pid=4057616)[0m language is None, reset current_start_frame to 0
[36m(ActorGroup(rank=1) pid=4057616)[0m videos shape torch.Size([1, 3, 4, 160, 320]) 33
[36m(ActorGroup(rank=0) pid=4057615)[0m language is None, reset current_start_frame to 0
[36m(ActorGroup(rank=0) pid=4057615)[0m videos shape torch.Size([1, 3, 4, 160, 320]) 33
[36m(ActorGroup(rank=2) pid=4057617)[0m language is None, reset current_start_frame to 0
[36m(ActorGroup(rank=2) pid=4057617)[0m videos shape torch.Size([1, 3, 4, 160, 320]) 33
[36m(ActorGroup(rank=3) pid=4057619)[0m language is None, reset current_start_frame to 0
[36m(ActorGroup(rank=3) pid=4057619)[0m videos shape torch.Size([1, 3, 4, 160, 320]) 33
[36m(ActorGroup(rank=1) pid=4057616)[0m Time taken: Total 4.59 seconds, Text Encoder 0.17 seconds, Image Encoder 0.14 seconds, VAE 0.00 seconds, KV Cache Creation 1.08 seconds, Diffusion 3.20 seconds, DIT Compute Steps 3 steps, Scheduler 0.01 seconds
[36m(ActorGroup(rank=0) pid=4057615)[0m Time taken: Total 4.59 seconds, Text Encoder 0.17 seconds, Image Encoder 0.14 seconds, VAE 0.00 seconds, KV Cache Creation 1.08 seconds, Diffusion 3.20 seconds, DIT Compute Steps 3 steps, Scheduler 0.01 seconds
[36m(ActorGroup(rank=2) pid=4057617)[0m Time taken: Total 4.59 seconds, Text Encoder 0.17 seconds, Image Encoder 0.14 seconds, VAE 0.00 seconds, KV Cache Creation 1.08 seconds, Diffusion 3.20 seconds, DIT Compute Steps 3 steps, Scheduler 0.01 seconds
[36m(ActorGroup(rank=3) pid=4057619)[0m Time taken: Total 4.59 seconds, Text Encoder 0.17 seconds, Image Encoder 0.14 seconds, VAE 0.00 seconds, KV Cache Creation 1.08 seconds, Diffusion 3.20 seconds, DIT Compute Steps 3 steps, Scheduler 0.01 seconds
[36m(ActorGroup(rank=1) pid=4057616)[0m language is None, reset current_start_frame to 0
[36m(ActorGroup(rank=1) pid=4057616)[0m videos shape torch.Size([1, 3, 4, 160, 320]) 33
[36m(ActorGroup(rank=0) pid=4057615)[0m language is None, reset current_start_frame to 0
[36m(ActorGroup(rank=0) pid=4057615)[0m videos shape torch.Size([1, 3, 4, 160, 320]) 33
[36m(ActorGroup(rank=2) pid=4057617)[0m language is None, reset current_start_frame to 0
[36m(ActorGroup(rank=2) pid=4057617)[0m videos shape torch.Size([1, 3, 4, 160, 320]) 33
[36m(ActorGroup(rank=3) pid=4057619)[0m language is None, reset current_start_frame to 0
[36m(ActorGroup(rank=3) pid=4057619)[0m videos shape torch.Size([1, 3, 4, 160, 320]) 33
[36m(ActorGroup(rank=1) pid=4057616)[0m Time taken: Total 5.00 seconds, Text Encoder 0.17 seconds, Image Encoder 0.14 seconds, VAE 0.00 seconds, KV Cache Creation 1.08 seconds, Diffusion 3.60 seconds, DIT Compute Steps 3 steps, Scheduler 0.01 seconds
[36m(ActorGroup(rank=0) pid=4057615)[0m Time taken: Total 5.00 seconds, Text Encoder 0.17 seconds, Image Encoder 0.14 seconds, VAE 0.00 seconds, KV Cache Creation 1.08 seconds, Diffusion 3.60 seconds, DIT Compute Steps 3 steps, Scheduler 0.01 seconds
[36m(ActorGroup(rank=2) pid=4057617)[0m Time taken: Total 5.00 seconds, Text Encoder 0.17 seconds, Image Encoder 0.14 seconds, VAE 0.00 seconds, KV Cache Creation 1.08 seconds, Diffusion 3.60 seconds, DIT Compute Steps 3 steps, Scheduler 0.01 seconds
[36m(ActorGroup(rank=3) pid=4057619)[0m Time taken: Total 5.00 seconds, Text Encoder 0.17 seconds, Image Encoder 0.14 seconds, VAE 0.00 seconds, KV Cache Creation 1.08 seconds, Diffusion 3.60 seconds, DIT Compute Steps 3 steps, Scheduler 0.01 seconds
[36m(ActorGroup(rank=0) pid=4057615)[0m [INFO 14:18:38 ActorGroup-Rank-0][fsdp_actor_worker.py:1774] actor training: micro-batch start 60/64 epoch=1/1 global_batch=4/4 micro=12/16
[36m(ActorGroup(rank=1) pid=4057616)[0m language is None, reset current_start_frame to 0
[36m(ActorGroup(rank=1) pid=4057616)[0m videos shape torch.Size([1, 3, 4, 160, 320]) 33
[36m(ActorGroup(rank=0) pid=4057615)[0m language is None, reset current_start_frame to 0
[36m(ActorGroup(rank=0) pid=4057615)[0m videos shape torch.Size([1, 3, 4, 160, 320]) 33
[36m(ActorGroup(rank=2) pid=4057617)[0m language is None, reset current_start_frame to 0
[36m(ActorGroup(rank=2) pid=4057617)[0m videos shape torch.Size([1, 3, 4, 160, 320]) 33
[36m(ActorGroup(rank=3) pid=4057619)[0m language is None, reset current_start_frame to 0
[36m(ActorGroup(rank=3) pid=4057619)[0m videos shape torch.Size([1, 3, 4, 160, 320]) 33
[36m(ActorGroup(rank=1) pid=4057616)[0m Time taken: Total 4.59 seconds, Text Encoder 0.17 seconds, Image Encoder 0.15 seconds, VAE 0.00 seconds, KV Cache Creation 1.08 seconds, Diffusion 3.18 seconds, DIT Compute Steps 3 steps, Scheduler 0.01 seconds
[36m(ActorGroup(rank=0) pid=4057615)[0m Time taken: Total 4.59 seconds, Text Encoder 0.17 seconds, Image Encoder 0.14 seconds, VAE 0.00 seconds, KV Cache Creation 1.08 seconds, Diffusion 3.19 seconds, DIT Compute Steps 3 steps, Scheduler 0.01 seconds
[36m(ActorGroup(rank=0) pid=4057615)[0m [INFO 14:18:43 ActorGroup-Rank-0][fsdp_actor_worker.py:1844] actor training: model forward done 60/64 elapsed=4.71s
[36m(ActorGroup(rank=2) pid=4057617)[0m Time taken: Total 4.59 seconds, Text Encoder 0.17 seconds, Image Encoder 0.14 seconds, VAE 0.00 seconds, KV Cache Creation 1.08 seconds, Diffusion 3.19 seconds, DIT Compute Steps 3 steps, Scheduler 0.01 seconds
[36m(ActorGroup(rank=3) pid=4057619)[0m Time taken: Total 4.59 seconds, Text Encoder 0.17 seconds, Image Encoder 0.14 seconds, VAE 0.00 seconds, KV Cache Creation 1.08 seconds, Diffusion 3.18 seconds, DIT Compute Steps 3 steps, Scheduler 0.01 seconds
[36m(ActorGroup(rank=0) pid=4057615)[0m [INFO 14:18:45 ActorGroup-Rank-0][fsdp_actor_worker.py:1980] actor training: backward done 60/64 elapsed=2.12s
[36m(ActorGroup(rank=1) pid=4057616)[0m language is None, reset current_start_frame to 0
[36m(ActorGroup(rank=1) pid=4057616)[0m videos shape torch.Size([1, 3, 4, 160, 320]) 33
[36m(ActorGroup(rank=0) pid=4057615)[0m language is None, reset current_start_frame to 0
[36m(ActorGroup(rank=0) pid=4057615)[0m videos shape torch.Size([1, 3, 4, 160, 320]) 33
[36m(ActorGroup(rank=2) pid=4057617)[0m language is None, reset current_start_frame to 0
[36m(ActorGroup(rank=2) pid=4057617)[0m videos shape torch.Size([1, 3, 4, 160, 320]) 33
[36m(ActorGroup(rank=3) pid=4057619)[0m language is None, reset current_start_frame to 0
[36m(ActorGroup(rank=3) pid=4057619)[0m videos shape torch.Size([1, 3, 4, 160, 320]) 33
[36m(ActorGroup(rank=1) pid=4057616)[0m Time taken: Total 4.63 seconds, Text Encoder 0.17 seconds, Image Encoder 0.14 seconds, VAE 0.00 seconds, KV Cache Creation 1.13 seconds, Diffusion 3.18 seconds, DIT Compute Steps 3 steps, Scheduler 0.01 seconds
[36m(ActorGroup(rank=0) pid=4057615)[0m Time taken: Total 4.63 seconds, Text Encoder 0.17 seconds, Image Encoder 0.14 seconds, VAE 0.00 seconds, KV Cache Creation 1.13 seconds, Diffusion 3.18 seconds, DIT Compute Steps 3 steps, Scheduler 0.01 seconds
[36m(ActorGroup(rank=2) pid=4057617)[0m Time taken: Total 4.63 seconds, Text Encoder 0.17 seconds, Image Encoder 0.14 seconds, VAE 0.00 seconds, KV Cache Creation 1.13 seconds, Diffusion 3.18 seconds, DIT Compute Steps 3 steps, Scheduler 0.01 seconds
[36m(ActorGroup(rank=3) pid=4057619)[0m Time taken: Total 4.63 seconds, Text Encoder 0.17 seconds, Image Encoder 0.14 seconds, VAE 0.00 seconds, KV Cache Creation 1.13 seconds, Diffusion 3.18 seconds, DIT Compute Steps 3 steps, Scheduler 0.01 seconds
[36m(ActorGroup(rank=1) pid=4057616)[0m language is None, reset current_start_frame to 0
[36m(ActorGroup(rank=1) pid=4057616)[0m videos shape torch.Size([1, 3, 4, 160, 320]) 33
[36m(ActorGroup(rank=0) pid=4057615)[0m language is None, reset current_start_frame to 0
[36m(ActorGroup(rank=0) pid=4057615)[0m videos shape torch.Size([1, 3, 4, 160, 320]) 33
[36m(ActorGroup(rank=2) pid=4057617)[0m language is None, reset current_start_frame to 0
[36m(ActorGroup(rank=2) pid=4057617)[0m videos shape torch.Size([1, 3, 4, 160, 320]) 33
[36m(ActorGroup(rank=3) pid=4057619)[0m language is None, reset current_start_frame to 0
[36m(ActorGroup(rank=3) pid=4057619)[0m videos shape torch.Size([1, 3, 4, 160, 320]) 33
[36m(ActorGroup(rank=1) pid=4057616)[0m Time taken: Total 4.58 seconds, Text Encoder 0.18 seconds, Image Encoder 0.14 seconds, VAE 0.00 seconds, KV Cache Creation 1.07 seconds, Diffusion 3.18 seconds, DIT Compute Steps 3 steps, Scheduler 0.01 seconds
[36m(ActorGroup(rank=0) pid=4057615)[0m Time taken: Total 4.58 seconds, Text Encoder 0.18 seconds, Image Encoder 0.14 seconds, VAE 0.00 seconds, KV Cache Creation 1.08 seconds, Diffusion 3.18 seconds, DIT Compute Steps 3 steps, Scheduler 0.01 seconds
[36m(ActorGroup(rank=2) pid=4057617)[0m Time taken: Total 4.57 seconds, Text Encoder 0.17 seconds, Image Encoder 0.14 seconds, VAE 0.00 seconds, KV Cache Creation 1.08 seconds, Diffusion 3.18 seconds, DIT Compute Steps 3 steps, Scheduler 0.01 seconds
[36m(ActorGroup(rank=3) pid=4057619)[0m Time taken: Total 4.57 seconds, Text Encoder 0.17 seconds, Image Encoder 0.14 seconds, VAE 0.00 seconds, KV Cache Creation 1.07 seconds, Diffusion 3.18 seconds, DIT Compute Steps 3 steps, Scheduler 0.01 seconds
[36m(ActorGroup(rank=1) pid=4057616)[0m language is None, reset current_start_frame to 0
[36m(ActorGroup(rank=1) pid=4057616)[0m videos shape torch.Size([1, 3, 4, 160, 320]) 33
[36m(ActorGroup(rank=0) pid=4057615)[0m language is None, reset current_start_frame to 0
[36m(ActorGroup(rank=0) pid=4057615)[0m videos shape torch.Size([1, 3, 4, 160, 320]) 33
[36m(ActorGroup(rank=2) pid=4057617)[0m language is None, reset current_start_frame to 0
[36m(ActorGroup(rank=2) pid=4057617)[0m videos shape torch.Size([1, 3, 4, 160, 320]) 33
[36m(ActorGroup(rank=3) pid=4057619)[0m language is None, reset current_start_frame to 0
[36m(ActorGroup(rank=3) pid=4057619)[0m videos shape torch.Size([1, 3, 4, 160, 320]) 33
[36m(ActorGroup(rank=1) pid=4057616)[0m Time taken: Total 4.98 seconds, Text Encoder 0.17 seconds, Image Encoder 0.14 seconds, VAE 0.00 seconds, KV Cache Creation 1.07 seconds, Diffusion 3.59 seconds, DIT Compute Steps 3 steps, Scheduler 0.01 seconds
[36m(ActorGroup(rank=0) pid=4057615)[0m Time taken: Total 4.98 seconds, Text Encoder 0.17 seconds, Image Encoder 0.14 seconds, VAE 0.00 seconds, KV Cache Creation 1.07 seconds, Diffusion 3.59 seconds, DIT Compute Steps 3 steps, Scheduler 0.01 seconds
[36m(ActorGroup(rank=2) pid=4057617)[0m Time taken: Total 4.98 seconds, Text Encoder 0.17 seconds, Image Encoder 0.14 seconds, VAE 0.00 seconds, KV Cache Creation 1.07 seconds, Diffusion 3.59 seconds, DIT Compute Steps 3 steps, Scheduler 0.01 seconds
[36m(ActorGroup(rank=3) pid=4057619)[0m Time taken: Total 4.98 seconds, Text Encoder 0.17 seconds, Image Encoder 0.14 seconds, VAE 0.00 seconds, KV Cache Creation 1.07 seconds, Diffusion 3.59 seconds, DIT Compute Steps 3 steps, Scheduler 0.01 seconds
[36m(ActorGroup(rank=0) pid=4057615)[0m [INFO 14:19:06 ActorGroup-Rank-0][fsdp_actor_worker.py:1774] actor training: micro-batch start 64/64 epoch=1/1 global_batch=4/4 micro=16/16
[36m(ActorGroup(rank=1) pid=4057616)[0m language is None, reset current_start_frame to 0
[36m(ActorGroup(rank=1) pid=4057616)[0m videos shape torch.Size([1, 3, 4, 160, 320]) 33
[36m(ActorGroup(rank=0) pid=4057615)[0m language is None, reset current_start_frame to 0
[36m(ActorGroup(rank=0) pid=4057615)[0m videos shape torch.Size([1, 3, 4, 160, 320]) 33
[36m(ActorGroup(rank=2) pid=4057617)[0m language is None, reset current_start_frame to 0
[36m(ActorGroup(rank=2) pid=4057617)[0m videos shape torch.Size([1, 3, 4, 160, 320]) 33
[36m(ActorGroup(rank=3) pid=4057619)[0m language is None, reset current_start_frame to 0
[36m(ActorGroup(rank=3) pid=4057619)[0m videos shape torch.Size([1, 3, 4, 160, 320]) 33
[36m(ActorGroup(rank=1) pid=4057616)[0m Time taken: Total 4.56 seconds, Text Encoder 0.17 seconds, Image Encoder 0.14 seconds, VAE 0.00 seconds, KV Cache Creation 1.07 seconds, Diffusion 3.17 seconds, DIT Compute Steps 3 steps, Scheduler 0.01 seconds
[36m(ActorGroup(rank=0) pid=4057615)[0m Time taken: Total 4.56 seconds, Text Encoder 0.17 seconds, Image Encoder 0.14 seconds, VAE 0.00 seconds, KV Cache Creation 1.07 seconds, Diffusion 3.17 seconds, DIT Compute Steps 3 steps, Scheduler 0.01 seconds
[36m(ActorGroup(rank=0) pid=4057615)[0m [INFO 14:19:11 ActorGroup-Rank-0][fsdp_actor_worker.py:1844] actor training: model forward done 64/64 elapsed=4.66s
[36m(ActorGroup(rank=2) pid=4057617)[0m Time taken: Total 4.56 seconds, Text Encoder 0.17 seconds, Image Encoder 0.14 seconds, VAE 0.00 seconds, KV Cache Creation 1.07 seconds, Diffusion 3.17 seconds, DIT Compute Steps 3 steps, Scheduler 0.01 seconds
[36m(ActorGroup(rank=3) pid=4057619)[0m Time taken: Total 4.56 seconds, Text Encoder 0.17 seconds, Image Encoder 0.14 seconds, VAE 0.00 seconds, KV Cache Creation 1.07 seconds, Diffusion 3.17 seconds, DIT Compute Steps 3 steps, Scheduler 0.01 seconds
[36m(ActorGroup(rank=0) pid=4057615)[0m [INFO 14:19:13 ActorGroup-Rank-0][fsdp_actor_worker.py:1980] actor training: backward done 64/64 elapsed=2.31s
[36m(ActorGroup(rank=0) pid=4057615)[0m [INFO 14:19:13 ActorGroup-Rank-0][fsdp_actor_worker.py:2001] actor training: global batch done 4/4 epoch=1/1 elapsed=112.24s
[36m(ActorGroup(rank=0) pid=4057615)[0m [INFO 14:19:15 ActorGroup-Rank-0][fsdp_actor_worker.py:2014] actor training: empty_cache done global_batch=4/4 elapsed=1.91s
[36m(ActorGroup(rank=0) pid=4057615)[0m [INFO 14:19:15 ActorGroup-Rank-0][fsdp_actor_worker.py:2031] actor training: optimizer step done global_batch=4/4 grad_norm=159.29 elapsed=0.05s
[36m(ActorGroup(rank=0) pid=4057615)[0m [INFO 14:19:16 ActorGroup-Rank-0][fsdp_actor_worker.py:2049] actor training: reducing metrics

╭──────────────────────────────────────────────────────────────────────────────────────────────────────────────────────╮
├──────────────────────────────────────────────────── Metric Table ────────────────────────────────────────────────────┤
│ Global Step:    1/2 │ Progress: ████████████████████░░░░░░░░░░░░░░░░░░░░ │  50.0%                                    │
│ Elapsed: 11:47 │ ETA: 11:47 │ Step Time: 707.299s                                                                    │
├──────────────────────────────────────────────────────── Time ────────────────────────────────────────────────────────┤
│                                                                                                                      │
│actor/run_training=457.8               │cal_adv_and_returns=0.0046             │env/compute_bootstrap_rewards=2.98e-04│
│env/env_interact_step=5.421            │env/interact=244.4                     │env/recv_rollout_results=225.8        │
│env/run_interact_once=244.4            │generate_rollouts=245.3                │rollout/generate_one_epoch=243.7      │
│rollout/predict=225.1                  │step=707.3                             │sync_weights=4.232                    │
│                                                                                                                      │
├──────────────────────────────────────────────────── Environment ─────────────────────────────────────────────────────┤
│                                                                                                                      │
│episode_len=128.0                      │num_trajectories=32                    │return=0.875                          │
│reward=0.009417112                     │success_once=0.875                     │                                      │
│                                                                                                                      │
├────────────────────────────────────────────────────── Rollout ───────────────────────────────────────────────────────┤
│                                                                                                                      │
│advantages_max=1.420                   │advantages_mean=-0.149                 │advantages_min=-3.967                 │
│returns_max=1.000                      │returns_mean=0.470                     │returns_min=-1.000                    │
│rewards=0.0063                         │                                       │                                      │
│                                                                                                                      │
├─────────────────────────────────────────────────── Training/Actor ───────────────────────────────────────────────────┤
│                                                                                                                      │
│actor/approx_kl=13.331                 │actor/clip_fraction=0.285              │actor/clipped_ratio=0.766             │
│actor/dual_cliped_ratio=0.0000         │actor/entropy_loss=0.0000              │actor/grad_norm=114.1                 │
│actor/lr=1.00e-05                      │actor/policy_loss=0.221                │actor/policy_loss_abs=0.803           │
│actor/ratio=0.639                      │actor/ratio_abs=0.595                  │actor/total_loss=0.024                │
│                                                                                                                      │
├────────────────────────────────────────────────── Training/Critic ───────────────────────────────────────────────────┤
│                                                                                                                      │
│critic/explained_variance=0.0000       │critic/lr=1.00e-04                     │critic/value_clip_ratio=0.0000        │[36m(RolloutGroup(rank=0) pid=4057629)[0m Generating Rollout Epochs:   0%|          | 0/1 [00:00<?, ?it/s]

│critic/value_loss=0.166                │                                       │                                      │
│                                                                                                                      │
╰──────────────────────────────────────────────────────────────────────────────────────────────────────────────────────╯

[36m(ActorGroup(rank=0) pid=4057615)[0m [INFO 14:19:16 ActorGroup-Rank-0][fsdp_actor_worker.py:2053] actor training: done elapsed=457.72s
[36m(ActorGroup(rank=0) pid=4057615)[0m [INFO 14:19:16 ActorGroup-Rank-0][fsdp_actor_worker.py:1351] sync_model_to_rollout: collecting rollout state_dict
[36m(ActorGroup(rank=1) pid=4057616)[0m [INFO 14:19:16 ActorGroup-Rank-1][fsdp_actor_worker.py:1351] sync_model_to_rollout: collecting rollout state_dict
[36m(ActorGroup(rank=2) pid=4057617)[0m [INFO 14:19:16 ActorGroup-Rank-2][fsdp_actor_worker.py:1351] sync_model_to_rollout: collecting rollout state_dict
[36m(ActorGroup(rank=3) pid=4057619)[0m [INFO 14:19:16 ActorGroup-Rank-3][fsdp_actor_worker.py:1351] sync_model_to_rollout: collecting rollout state_dict
[36m(ActorGroup(rank=1) pid=4057616)[0m [INFO 14:19:17 ActorGroup-Rank-1][fsdp_actor_worker.py:1360] sync_model_to_rollout: state_dict_keys=614 sync_names=614 version=0
[36m(ActorGroup(rank=1) pid=4057616)[0m [INFO 14:19:17 ActorGroup-Rank-1][fsdp_actor_worker.py:1414] sync_model_to_rollout: syncing weights
[36m(ActorGroup(rank=0) pid=4057615)[0m [INFO 14:19:17 ActorGroup-Rank-0][fsdp_actor_worker.py:1360] sync_model_to_rollout: state_dict_keys=614 sync_names=614 version=1
[36m(ActorGroup(rank=0) pid=4057615)[0m [INFO 14:19:17 ActorGroup-Rank-0][fsdp_actor_worker.py:1414] sync_model_to_rollout: syncing weights
[36m(ActorGroup(rank=2) pid=4057617)[0m [INFO 14:19:17 ActorGroup-Rank-2][fsdp_actor_worker.py:1360] sync_model_to_rollout: state_dict_keys=614 sync_names=614 version=1
[36m(ActorGroup(rank=2) pid=4057617)[0m [INFO 14:19:17 ActorGroup-Rank-2][fsdp_actor_worker.py:1414] sync_model_to_rollout: syncing weights
[36m(ActorGroup(rank=3) pid=4057619)[0m [INFO 14:19:17 ActorGroup-Rank-3][fsdp_actor_worker.py:1360] sync_model_to_rollout: state_dict_keys=614 sync_names=614 version=0
[36m(ActorGroup(rank=3) pid=4057619)[0m [INFO 14:19:17 ActorGroup-Rank-3][fsdp_actor_worker.py:1414] sync_model_to_rollout: syncing weights
[36m(ActorGroup(rank=1) pid=4057616)[0m [INFO 14:19:18 ActorGroup-Rank-1][fsdp_actor_worker.py:1416] sync_model_to_rollout: weights synced
[36m(ActorGroup(rank=0) pid=4057615)[0m [INFO 14:19:18 ActorGroup-Rank-0][fsdp_actor_worker.py:1416] sync_model_to_rollout: weights synced
[36m(ActorGroup(rank=2) pid=4057617)[0m [INFO 14:19:18 ActorGroup-Rank-2][fsdp_actor_worker.py:1416] sync_model_to_rollout: weights synced
[36m(ActorGroup(rank=3) pid=4057619)[0m [INFO 14:19:18 ActorGroup-Rank-3][fsdp_actor_worker.py:1416] sync_model_to_rollout: weights synced
[36m(RolloutGroup(rank=0) pid=4057629)[0m language is None, reset current_start_frame to 0
[36m(RolloutGroup(rank=0) pid=4057629)[0m videos shape torch.Size([8, 3, 4, 160, 320]) 33
[36m(RolloutGroup(rank=1) pid=4057636)[0m language is None, reset current_start_frame to 0
[36m(RolloutGroup(rank=1) pid=4057636)[0m videos shape torch.Size([8, 3, 4, 160, 320]) 33
[36m(RolloutGroup(rank=3) pid=4057642)[0m language is None, reset current_start_frame to 0
[36m(RolloutGroup(rank=3) pid=4057642)[0m videos shape torch.Size([8, 3, 4, 160, 320]) 33
[36m(RolloutGroup(rank=2) pid=4057637)[0m language is None, reset current_start_frame to 0
[36m(RolloutGroup(rank=2) pid=4057637)[0m videos shape torch.Size([8, 3, 4, 160, 320]) 33
[36m(RolloutGroup(rank=0) pid=4057629)[0m Time taken: Total 2.47 seconds, Text Encoder 0.63 seconds, Image Encoder 0.54 seconds, VAE 0.00 seconds, KV Cache Creation 0.28 seconds, Diffusion 1.02 seconds, DIT Compute Steps 3 steps, Scheduler 0.01 seconds
[36m(RolloutGroup(rank=0) pid=4057629)[0m language is None, reset current_start_frame to 0
[36m(RolloutGroup(rank=0) pid=4057629)[0m videos shape torch.Size([8, 3, 4, 160, 320]) 33
[36m(RolloutGroup(rank=1) pid=4057636)[0m Time taken: Total 2.46 seconds, Text Encoder 0.63 seconds, Image Encoder 0.54 seconds, VAE 0.00 seconds, KV Cache Creation 0.28 seconds, Diffusion 1.02 seconds, DIT Compute Steps 3 steps, Scheduler 0.01 seconds
[36m(RolloutGroup(rank=1) pid=4057636)[0m language is None, reset current_start_frame to 0
[36m(RolloutGroup(rank=1) pid=4057636)[0m videos shape torch.Size([8, 3, 4, 160, 320]) 33
[36m(RolloutGroup(rank=3) pid=4057642)[0m Time taken: Total 2.48 seconds, Text Encoder 0.63 seconds, Image Encoder 0.54 seconds, VAE 0.00 seconds, KV Cache Creation 0.28 seconds, Diffusion 1.02 seconds, DIT Compute Steps 3 steps, Scheduler 0.01 seconds
[36m(RolloutGroup(rank=3) pid=4057642)[0m language is None, reset current_start_frame to 0
[36m(RolloutGroup(rank=3) pid=4057642)[0m videos shape torch.Size([8, 3, 4, 160, 320]) 33
[36m(RolloutGroup(rank=2) pid=4057637)[0m Time taken: Total 2.48 seconds, Text Encoder 0.63 seconds, Image Encoder 0.54 seconds, VAE 0.00 seconds, KV Cache Creation 0.29 seconds, Diffusion 1.02 seconds, DIT Compute Steps 3 steps, Scheduler 0.01 seconds
[36m(RolloutGroup(rank=2) pid=4057637)[0m language is None, reset current_start_frame to 0
[36m(RolloutGroup(rank=2) pid=4057637)[0m videos shape torch.Size([8, 3, 4, 160, 320]) 33
[36m(RolloutGroup(rank=0) pid=4057629)[0m Time taken: Total 2.46 seconds, Text Encoder 0.62 seconds, Image Encoder 0.54 seconds, VAE 0.00 seconds, KV Cache Creation 0.28 seconds, Diffusion 1.01 seconds, DIT Compute Steps 3 steps, Scheduler 0.01 seconds
[36m(RolloutGroup(rank=0) pid=4057629)[0m language is None, reset current_start_frame to 0
[36m(RolloutGroup(rank=0) pid=4057629)[0m videos shape torch.Size([8, 3, 4, 160, 320]) 33
[36m(RolloutGroup(rank=1) pid=4057636)[0m Time taken: Total 2.46 seconds, Text Encoder 0.62 seconds, Image Encoder 0.54 seconds, VAE 0.00 seconds, KV Cache Creation 0.28 seconds, Diffusion 1.01 seconds, DIT Compute Steps 3 steps, Scheduler 0.01 seconds
[36m(RolloutGroup(rank=1) pid=4057636)[0m language is None, reset current_start_frame to 0
[36m(RolloutGroup(rank=1) pid=4057636)[0m videos shape torch.Size([8, 3, 4, 160, 320]) 33
[36m(RolloutGroup(rank=3) pid=4057642)[0m Time taken: Total 2.47 seconds, Text Encoder 0.62 seconds, Image Encoder 0.54 seconds, VAE 0.00 seconds, KV Cache Creation 0.28 seconds, Diffusion 1.02 seconds, DIT Compute Steps 3 steps, Scheduler 0.01 seconds
[36m(RolloutGroup(rank=3) pid=4057642)[0m language is None, reset current_start_frame to 0
[36m(RolloutGroup(rank=3) pid=4057642)[0m videos shape torch.Size([8, 3, 4, 160, 320]) 33
[36m(RolloutGroup(rank=2) pid=4057637)[0m Time taken: Total 2.47 seconds, Text Encoder 0.62 seconds, Image Encoder 0.54 seconds, VAE 0.00 seconds, KV Cache Creation 0.28 seconds, Diffusion 1.02 seconds, DIT Compute Steps 3 steps, Scheduler 0.01 seconds
[36m(RolloutGroup(rank=2) pid=4057637)[0m language is None, reset current_start_frame to 0
[36m(RolloutGroup(rank=2) pid=4057637)[0m videos shape torch.Size([8, 3, 4, 160, 320]) 33
[36m(RolloutGroup(rank=1) pid=4057636)[0m Time taken: Total 2.46 seconds, Text Encoder 0.62 seconds, Image Encoder 0.54 seconds, VAE 0.00 seconds, KV Cache Creation 0.28 seconds, Diffusion 1.02 seconds, DIT Compute Steps 3 steps, Scheduler 0.01 seconds
[36m(RolloutGroup(rank=1) pid=4057636)[0m language is None, reset current_start_frame to 0
[36m(RolloutGroup(rank=1) pid=4057636)[0m videos shape torch.Size([8, 3, 4, 160, 320]) 33
[36m(RolloutGroup(rank=0) pid=4057629)[0m Time taken: Total 2.46 seconds, Text Encoder 0.62 seconds, Image Encoder 0.54 seconds, VAE 0.00 seconds, KV Cache Creation 0.28 seconds, Diffusion 1.01 seconds, DIT Compute Steps 3 steps, Scheduler 0.01 seconds
[36m(RolloutGroup(rank=0) pid=4057629)[0m language is None, reset current_start_frame to 0
[36m(RolloutGroup(rank=0) pid=4057629)[0m videos shape torch.Size([8, 3, 4, 160, 320]) 33
[36m(RolloutGroup(rank=3) pid=4057642)[0m Time taken: Total 2.47 seconds, Text Encoder 0.62 seconds, Image Encoder 0.54 seconds, VAE 0.00 seconds, KV Cache Creation 0.28 seconds, Diffusion 1.02 seconds, DIT Compute Steps 3 steps, Scheduler 0.01 seconds
[36m(RolloutGroup(rank=3) pid=4057642)[0m language is None, reset current_start_frame to 0
[36m(RolloutGroup(rank=3) pid=4057642)[0m videos shape torch.Size([8, 3, 4, 160, 320]) 33
[36m(RolloutGroup(rank=2) pid=4057637)[0m Time taken: Total 2.47 seconds, Text Encoder 0.62 seconds, Image Encoder 0.54 seconds, VAE 0.00 seconds, KV Cache Creation 0.28 seconds, Diffusion 1.02 seconds, DIT Compute Steps 3 steps, Scheduler 0.01 seconds
[36m(RolloutGroup(rank=2) pid=4057637)[0m language is None, reset current_start_frame to 0
[36m(RolloutGroup(rank=2) pid=4057637)[0m videos shape torch.Size([8, 3, 4, 160, 320]) 33
[36m(RolloutGroup(rank=1) pid=4057636)[0m Time taken: Total 2.46 seconds, Text Encoder 0.62 seconds, Image Encoder 0.54 seconds, VAE 0.00 seconds, KV Cache Creation 0.28 seconds, Diffusion 1.02 seconds, DIT Compute Steps 3 steps, Scheduler 0.01 seconds
[36m(RolloutGroup(rank=1) pid=4057636)[0m language is None, reset current_start_frame to 0
[36m(RolloutGroup(rank=1) pid=4057636)[0m videos shape torch.Size([8, 3, 4, 160, 320]) 33
[36m(RolloutGroup(rank=0) pid=4057629)[0m Time taken: Total 2.46 seconds, Text Encoder 0.62 seconds, Image Encoder 0.54 seconds, VAE 0.00 seconds, KV Cache Creation 0.28 seconds, Diffusion 1.01 seconds, DIT Compute Steps 3 steps, Scheduler 0.01 seconds
[36m(RolloutGroup(rank=0) pid=4057629)[0m language is None, reset current_start_frame to 0
[36m(RolloutGroup(rank=0) pid=4057629)[0m videos shape torch.Size([8, 3, 4, 160, 320]) 33
[36m(RolloutGroup(rank=3) pid=4057642)[0m Time taken: Total 2.47 seconds, Text Encoder 0.62 seconds, Image Encoder 0.54 seconds, VAE 0.00 seconds, KV Cache Creation 0.28 seconds, Diffusion 1.02 seconds, DIT Compute Steps 3 steps, Scheduler 0.01 seconds
[36m(RolloutGroup(rank=3) pid=4057642)[0m language is None, reset current_start_frame to 0
[36m(RolloutGroup(rank=3) pid=4057642)[0m videos shape torch.Size([8, 3, 4, 160, 320]) 33
[36m(RolloutGroup(rank=2) pid=4057637)[0m Time taken: Total 2.46 seconds, Text Encoder 0.62 seconds, Image Encoder 0.54 seconds, VAE 0.00 seconds, KV Cache Creation 0.28 seconds, Diffusion 1.01 seconds, DIT Compute Steps 3 steps, Scheduler 0.01 seconds
[36m(RolloutGroup(rank=2) pid=4057637)[0m language is None, reset current_start_frame to 0
[36m(RolloutGroup(rank=2) pid=4057637)[0m videos shape torch.Size([8, 3, 4, 160, 320]) 33
[36m(RolloutGroup(rank=1) pid=4057636)[0m Time taken: Total 2.46 seconds, Text Encoder 0.62 seconds, Image Encoder 0.54 seconds, VAE 0.00 seconds, KV Cache Creation 0.28 seconds, Diffusion 1.02 seconds, DIT Compute Steps 3 steps, Scheduler 0.01 seconds
[36m(RolloutGroup(rank=1) pid=4057636)[0m language is None, reset current_start_frame to 0
[36m(RolloutGroup(rank=1) pid=4057636)[0m videos shape torch.Size([8, 3, 4, 160, 320]) 33
[36m(RolloutGroup(rank=0) pid=4057629)[0m Time taken: Total 2.46 seconds, Text Encoder 0.62 seconds, Image Encoder 0.54 seconds, VAE 0.00 seconds, KV Cache Creation 0.28 seconds, Diffusion 1.01 seconds, DIT Compute Steps 3 steps, Scheduler 0.01 seconds
[36m(RolloutGroup(rank=0) pid=4057629)[0m language is None, reset current_start_frame to 0
[36m(RolloutGroup(rank=0) pid=4057629)[0m videos shape torch.Size([8, 3, 4, 160, 320]) 33
[36m(RolloutGroup(rank=3) pid=4057642)[0m Time taken: Total 2.47 seconds, Text Encoder 0.62 seconds, Image Encoder 0.54 seconds, VAE 0.00 seconds, KV Cache Creation 0.28 seconds, Diffusion 1.02 seconds, DIT Compute Steps 3 steps, Scheduler 0.01 seconds
[36m(RolloutGroup(rank=3) pid=4057642)[0m language is None, reset current_start_frame to 0
[36m(RolloutGroup(rank=3) pid=4057642)[0m videos shape torch.Size([8, 3, 4, 160, 320]) 33
[36m(RolloutGroup(rank=2) pid=4057637)[0m Time taken: Total 2.46 seconds, Text Encoder 0.62 seconds, Image Encoder 0.54 seconds, VAE 0.00 seconds, KV Cache Creation 0.28 seconds, Diffusion 1.01 seconds, DIT Compute Steps 3 steps, Scheduler 0.01 seconds
[36m(RolloutGroup(rank=2) pid=4057637)[0m language is None, reset current_start_frame to 0
[36m(RolloutGroup(rank=2) pid=4057637)[0m videos shape torch.Size([8, 3, 4, 160, 320]) 33
[36m(RolloutGroup(rank=0) pid=4057629)[0m Time taken: Total 2.46 seconds, Text Encoder 0.62 seconds, Image Encoder 0.54 seconds, VAE 0.00 seconds, KV Cache Creation 0.28 seconds, Diffusion 1.01 seconds, DIT Compute Steps 3 steps, Scheduler 0.01 seconds
[36m(RolloutGroup(rank=0) pid=4057629)[0m language is None, reset current_start_frame to 0
[36m(RolloutGroup(rank=0) pid=4057629)[0m videos shape torch.Size([8, 3, 4, 160, 320]) 33
[36m(RolloutGroup(rank=1) pid=4057636)[0m Time taken: Total 2.46 seconds, Text Encoder 0.62 seconds, Image Encoder 0.54 seconds, VAE 0.00 seconds, KV Cache Creation 0.28 seconds, Diffusion 1.01 seconds, DIT Compute Steps 3 steps, Scheduler 0.01 seconds
[36m(RolloutGroup(rank=1) pid=4057636)[0m language is None, reset current_start_frame to 0
[36m(RolloutGroup(rank=1) pid=4057636)[0m videos shape torch.Size([8, 3, 4, 160, 320]) 33
[36m(RolloutGroup(rank=3) pid=4057642)[0m Time taken: Total 2.47 seconds, Text Encoder 0.62 seconds, Image Encoder 0.54 seconds, VAE 0.00 seconds, KV Cache Creation 0.28 seconds, Diffusion 1.02 seconds, DIT Compute Steps 3 steps, Scheduler 0.01 seconds
[36m(RolloutGroup(rank=3) pid=4057642)[0m language is None, reset current_start_frame to 0
[36m(RolloutGroup(rank=3) pid=4057642)[0m videos shape torch.Size([8, 3, 4, 160, 320]) 33
[36m(RolloutGroup(rank=2) pid=4057637)[0m Time taken: Total 2.46 seconds, Text Encoder 0.62 seconds, Image Encoder 0.54 seconds, VAE 0.00 seconds, KV Cache Creation 0.28 seconds, Diffusion 1.01 seconds, DIT Compute Steps 3 steps, Scheduler 0.01 seconds
[36m(RolloutGroup(rank=2) pid=4057637)[0m language is None, reset current_start_frame to 0
[36m(RolloutGroup(rank=2) pid=4057637)[0m videos shape torch.Size([8, 3, 4, 160, 320]) 33
[36m(RolloutGroup(rank=0) pid=4057629)[0m Time taken: Total 2.46 seconds, Text Encoder 0.62 seconds, Image Encoder 0.54 seconds, VAE 0.00 seconds, KV Cache Creation 0.28 seconds, Diffusion 1.01 seconds, DIT Compute Steps 3 steps, Scheduler 0.01 seconds
[36m(RolloutGroup(rank=0) pid=4057629)[0m language is None, reset current_start_frame to 0
[36m(RolloutGroup(rank=0) pid=4057629)[0m videos shape torch.Size([8, 3, 4, 160, 320]) 33
[36m(RolloutGroup(rank=1) pid=4057636)[0m Time taken: Total 2.46 seconds, Text Encoder 0.62 seconds, Image Encoder 0.54 seconds, VAE 0.00 seconds, KV Cache Creation 0.28 seconds, Diffusion 1.01 seconds, DIT Compute Steps 3 steps, Scheduler 0.01 seconds
[36m(RolloutGroup(rank=1) pid=4057636)[0m language is None, reset current_start_frame to 0
[36m(RolloutGroup(rank=1) pid=4057636)[0m videos shape torch.Size([8, 3, 4, 160, 320]) 33
[36m(RolloutGroup(rank=3) pid=4057642)[0m Time taken: Total 2.47 seconds, Text Encoder 0.62 seconds, Image Encoder 0.54 seconds, VAE 0.00 seconds, KV Cache Creation 0.28 seconds, Diffusion 1.02 seconds, DIT Compute Steps 3 steps, Scheduler 0.01 seconds
[36m(RolloutGroup(rank=3) pid=4057642)[0m language is None, reset current_start_frame to 0
[36m(RolloutGroup(rank=3) pid=4057642)[0m videos shape torch.Size([8, 3, 4, 160, 320]) 33
[36m(RolloutGroup(rank=2) pid=4057637)[0m Time taken: Total 2.47 seconds, Text Encoder 0.62 seconds, Image Encoder 0.54 seconds, VAE 0.00 seconds, KV Cache Creation 0.28 seconds, Diffusion 1.02 seconds, DIT Compute Steps 3 steps, Scheduler 0.01 seconds
[36m(RolloutGroup(rank=2) pid=4057637)[0m language is None, reset current_start_frame to 0
[36m(RolloutGroup(rank=2) pid=4057637)[0m videos shape torch.Size([8, 3, 4, 160, 320]) 33
[36m(RolloutGroup(rank=0) pid=4057629)[0m Time taken: Total 2.46 seconds, Text Encoder 0.62 seconds, Image Encoder 0.54 seconds, VAE 0.00 seconds, KV Cache Creation 0.28 seconds, Diffusion 1.01 seconds, DIT Compute Steps 3 steps, Scheduler 0.01 seconds
[36m(RolloutGroup(rank=0) pid=4057629)[0m language is None, reset current_start_frame to 0
[36m(RolloutGroup(rank=0) pid=4057629)[0m videos shape torch.Size([8, 3, 4, 160, 320]) 33
[36m(RolloutGroup(rank=1) pid=4057636)[0m Time taken: Total 2.46 seconds, Text Encoder 0.62 seconds, Image Encoder 0.54 seconds, VAE 0.00 seconds, KV Cache Creation 0.28 seconds, Diffusion 1.02 seconds, DIT Compute Steps 3 steps, Scheduler 0.01 seconds
[36m(RolloutGroup(rank=1) pid=4057636)[0m language is None, reset current_start_frame to 0
[36m(RolloutGroup(rank=1) pid=4057636)[0m videos shape torch.Size([8, 3, 4, 160, 320]) 33
[36m(RolloutGroup(rank=3) pid=4057642)[0m Time taken: Total 2.47 seconds, Text Encoder 0.62 seconds, Image Encoder 0.54 seconds, VAE 0.00 seconds, KV Cache Creation 0.28 seconds, Diffusion 1.02 seconds, DIT Compute Steps 3 steps, Scheduler 0.01 seconds
[36m(RolloutGroup(rank=3) pid=4057642)[0m language is None, reset current_start_frame to 0
[36m(RolloutGroup(rank=3) pid=4057642)[0m videos shape torch.Size([8, 3, 4, 160, 320]) 33
[36m(RolloutGroup(rank=2) pid=4057637)[0m Time taken: Total 2.46 seconds, Text Encoder 0.62 seconds, Image Encoder 0.54 seconds, VAE 0.00 seconds, KV Cache Creation 0.28 seconds, Diffusion 1.01 seconds, DIT Compute Steps 3 steps, Scheduler 0.01 seconds
[36m(RolloutGroup(rank=2) pid=4057637)[0m language is None, reset current_start_frame to 0
[36m(RolloutGroup(rank=2) pid=4057637)[0m videos shape torch.Size([8, 3, 4, 160, 320]) 33
[36m(RolloutGroup(rank=0) pid=4057629)[0m Time taken: Total 2.47 seconds, Text Encoder 0.62 seconds, Image Encoder 0.54 seconds, VAE 0.00 seconds, KV Cache Creation 0.28 seconds, Diffusion 1.02 seconds, DIT Compute Steps 3 steps, Scheduler 0.01 seconds
[36m(RolloutGroup(rank=0) pid=4057629)[0m language is None, reset current_start_frame to 0
[36m(RolloutGroup(rank=0) pid=4057629)[0m videos shape torch.Size([8, 3, 4, 160, 320]) 33
[36m(RolloutGroup(rank=1) pid=4057636)[0m Time taken: Total 2.47 seconds, Text Encoder 0.62 seconds, Image Encoder 0.54 seconds, VAE 0.00 seconds, KV Cache Creation 0.28 seconds, Diffusion 1.02 seconds, DIT Compute Steps 3 steps, Scheduler 0.01 seconds
[36m(RolloutGroup(rank=1) pid=4057636)[0m language is None, reset current_start_frame to 0
[36m(RolloutGroup(rank=1) pid=4057636)[0m videos shape torch.Size([8, 3, 4, 160, 320]) 33
[36m(RolloutGroup(rank=3) pid=4057642)[0m Time taken: Total 2.48 seconds, Text Encoder 0.62 seconds, Image Encoder 0.54 seconds, VAE 0.00 seconds, KV Cache Creation 0.28 seconds, Diffusion 1.02 seconds, DIT Compute Steps 3 steps, Scheduler 0.01 seconds
[36m(RolloutGroup(rank=3) pid=4057642)[0m language is None, reset current_start_frame to 0
[36m(RolloutGroup(rank=3) pid=4057642)[0m videos shape torch.Size([8, 3, 4, 160, 320]) 33
[36m(RolloutGroup(rank=2) pid=4057637)[0m Time taken: Total 2.47 seconds, Text Encoder 0.62 seconds, Image Encoder 0.54 seconds, VAE 0.00 seconds, KV Cache Creation 0.28 seconds, Diffusion 1.02 seconds, DIT Compute Steps 3 steps, Scheduler 0.01 seconds
[36m(RolloutGroup(rank=2) pid=4057637)[0m language is None, reset current_start_frame to 0
[36m(RolloutGroup(rank=2) pid=4057637)[0m videos shape torch.Size([8, 3, 4, 160, 320]) 33
[36m(RolloutGroup(rank=0) pid=4057629)[0m Time taken: Total 2.46 seconds, Text Encoder 0.62 seconds, Image Encoder 0.54 seconds, VAE 0.00 seconds, KV Cache Creation 0.28 seconds, Diffusion 1.01 seconds, DIT Compute Steps 3 steps, Scheduler 0.01 seconds
[36m(RolloutGroup(rank=1) pid=4057636)[0m Time taken: Total 2.46 seconds, Text Encoder 0.62 seconds, Image Encoder 0.54 seconds, VAE 0.00 seconds, KV Cache Creation 0.28 seconds, Diffusion 1.02 seconds, DIT Compute Steps 3 steps, Scheduler 0.01 seconds
[36m(RolloutGroup(rank=3) pid=4057642)[0m Time taken: Total 2.47 seconds, Text Encoder 0.62 seconds, Image Encoder 0.54 seconds, VAE 0.00 seconds, KV Cache Creation 0.28 seconds, Diffusion 1.02 seconds, DIT Compute Steps 3 steps, Scheduler 0.01 seconds
[36m(RolloutGroup(rank=2) pid=4057637)[0m Time taken: Total 2.47 seconds, Text Encoder 0.62 seconds, Image Encoder 0.54 seconds, VAE 0.00 seconds, KV Cache Creation 0.28 seconds, Diffusion 1.02 seconds, DIT Compute Steps 3 steps, Scheduler 0.01 seconds
[36m(RolloutGroup(rank=1) pid=4057636)[0m language is None, reset current_start_frame to 0
[36m(RolloutGroup(rank=1) pid=4057636)[0m videos shape torch.Size([8, 3, 4, 160, 320]) 33
[36m(RolloutGroup(rank=0) pid=4057629)[0m language is None, reset current_start_frame to 0
[36m(RolloutGroup(rank=0) pid=4057629)[0m videos shape torch.Size([8, 3, 4, 160, 320]) 33
[36m(RolloutGroup(rank=3) pid=4057642)[0m language is None, reset current_start_frame to 0
[36m(RolloutGroup(rank=3) pid=4057642)[0m videos shape torch.Size([8, 3, 4, 160, 320]) 33
[36m(RolloutGroup(rank=2) pid=4057637)[0m language is None, reset current_start_frame to 0
[36m(RolloutGroup(rank=2) pid=4057637)[0m videos shape torch.Size([8, 3, 4, 160, 320]) 33
[36m(RolloutGroup(rank=1) pid=4057636)[0m Time taken: Total 2.47 seconds, Text Encoder 0.62 seconds, Image Encoder 0.54 seconds, VAE 0.00 seconds, KV Cache Creation 0.28 seconds, Diffusion 1.02 seconds, DIT Compute Steps 3 steps, Scheduler 0.01 seconds
[36m(RolloutGroup(rank=1) pid=4057636)[0m language is None, reset current_start_frame to 0
[36m(RolloutGroup(rank=1) pid=4057636)[0m videos shape torch.Size([8, 3, 4, 160, 320]) 33
[36m(RolloutGroup(rank=0) pid=4057629)[0m Time taken: Total 2.47 seconds, Text Encoder 0.62 seconds, Image Encoder 0.54 seconds, VAE 0.00 seconds, KV Cache Creation 0.28 seconds, Diffusion 1.02 seconds, DIT Compute Steps 3 steps, Scheduler 0.01 seconds
[36m(RolloutGroup(rank=0) pid=4057629)[0m language is None, reset current_start_frame to 0
[36m(RolloutGroup(rank=0) pid=4057629)[0m videos shape torch.Size([8, 3, 4, 160, 320]) 33
[36m(RolloutGroup(rank=3) pid=4057642)[0m Time taken: Total 2.47 seconds, Text Encoder 0.62 seconds, Image Encoder 0.54 seconds, VAE 0.00 seconds, KV Cache Creation 0.28 seconds, Diffusion 1.02 seconds, DIT Compute Steps 3 steps, Scheduler 0.01 seconds
[36m(RolloutGroup(rank=3) pid=4057642)[0m language is None, reset current_start_frame to 0
[36m(RolloutGroup(rank=3) pid=4057642)[0m videos shape torch.Size([8, 3, 4, 160, 320]) 33
[36m(RolloutGroup(rank=2) pid=4057637)[0m Time taken: Total 2.47 seconds, Text Encoder 0.62 seconds, Image Encoder 0.54 seconds, VAE 0.00 seconds, KV Cache Creation 0.28 seconds, Diffusion 1.02 seconds, DIT Compute Steps 3 steps, Scheduler 0.01 seconds
[36m(RolloutGroup(rank=2) pid=4057637)[0m language is None, reset current_start_frame to 0
[36m(RolloutGroup(rank=2) pid=4057637)[0m videos shape torch.Size([8, 3, 4, 160, 320]) 33
[36m(RolloutGroup(rank=1) pid=4057636)[0m Time taken: Total 2.46 seconds, Text Encoder 0.62 seconds, Image Encoder 0.54 seconds, VAE 0.00 seconds, KV Cache Creation 0.28 seconds, Diffusion 1.02 seconds, DIT Compute Steps 3 steps, Scheduler 0.01 seconds
[36m(RolloutGroup(rank=1) pid=4057636)[0m language is None, reset current_start_frame to 0
[36m(RolloutGroup(rank=1) pid=4057636)[0m videos shape torch.Size([8, 3, 4, 160, 320]) 33
[36m(RolloutGroup(rank=0) pid=4057629)[0m Time taken: Total 2.47 seconds, Text Encoder 0.62 seconds, Image Encoder 0.54 seconds, VAE 0.00 seconds, KV Cache Creation 0.28 seconds, Diffusion 1.02 seconds, DIT Compute Steps 3 steps, Scheduler 0.01 seconds
[36m(RolloutGroup(rank=0) pid=4057629)[0m language is None, reset current_start_frame to 0
[36m(RolloutGroup(rank=0) pid=4057629)[0m videos shape torch.Size([8, 3, 4, 160, 320]) 33
[36m(RolloutGroup(rank=3) pid=4057642)[0m Time taken: Total 2.47 seconds, Text Encoder 0.62 seconds, Image Encoder 0.54 seconds, VAE 0.00 seconds, KV Cache Creation 0.28 seconds, Diffusion 1.02 seconds, DIT Compute Steps 3 steps, Scheduler 0.01 seconds
[36m(RolloutGroup(rank=3) pid=4057642)[0m language is None, reset current_start_frame to 0
[36m(RolloutGroup(rank=3) pid=4057642)[0m videos shape torch.Size([8, 3, 4, 160, 320]) 33
[36m(RolloutGroup(rank=2) pid=4057637)[0m Time taken: Total 2.47 seconds, Text Encoder 0.62 seconds, Image Encoder 0.54 seconds, VAE 0.00 seconds, KV Cache Creation 0.28 seconds, Diffusion 1.02 seconds, DIT Compute Steps 3 steps, Scheduler 0.01 seconds
[36m(RolloutGroup(rank=2) pid=4057637)[0m language is None, reset current_start_frame to 0
[36m(RolloutGroup(rank=2) pid=4057637)[0m videos shape torch.Size([8, 3, 4, 160, 320]) 33
[36m(RolloutGroup(rank=1) pid=4057636)[0m Time taken: Total 2.47 seconds, Text Encoder 0.62 seconds, Image Encoder 0.54 seconds, VAE 0.00 seconds, KV Cache Creation 0.28 seconds, Diffusion 1.02 seconds, DIT Compute Steps 3 steps, Scheduler 0.01 seconds
[36m(RolloutGroup(rank=1) pid=4057636)[0m language is None, reset current_start_frame to 0
[36m(RolloutGroup(rank=1) pid=4057636)[0m videos shape torch.Size([8, 3, 4, 160, 320]) 33
[36m(RolloutGroup(rank=0) pid=4057629)[0m Time taken: Total 2.47 seconds, Text Encoder 0.62 seconds, Image Encoder 0.54 seconds, VAE 0.00 seconds, KV Cache Creation 0.28 seconds, Diffusion 1.02 seconds, DIT Compute Steps 3 steps, Scheduler 0.01 seconds
[36m(RolloutGroup(rank=0) pid=4057629)[0m language is None, reset current_start_frame to 0
[36m(RolloutGroup(rank=0) pid=4057629)[0m videos shape torch.Size([8, 3, 4, 160, 320]) 33
[36m(RolloutGroup(rank=3) pid=4057642)[0m Time taken: Total 2.47 seconds, Text Encoder 0.62 seconds, Image Encoder 0.54 seconds, VAE 0.00 seconds, KV Cache Creation 0.28 seconds, Diffusion 1.02 seconds, DIT Compute Steps 3 steps, Scheduler 0.01 seconds
[36m(RolloutGroup(rank=3) pid=4057642)[0m language is None, reset current_start_frame to 0
[36m(RolloutGroup(rank=3) pid=4057642)[0m videos shape torch.Size([8, 3, 4, 160, 320]) 33
[36m(RolloutGroup(rank=2) pid=4057637)[0m Time taken: Total 2.47 seconds, Text Encoder 0.62 seconds, Image Encoder 0.54 seconds, VAE 0.00 seconds, KV Cache Creation 0.28 seconds, Diffusion 1.01 seconds, DIT Compute Steps 3 steps, Scheduler 0.01 seconds
[36m(RolloutGroup(rank=2) pid=4057637)[0m language is None, reset current_start_frame to 0
[36m(RolloutGroup(rank=2) pid=4057637)[0m videos shape torch.Size([8, 3, 4, 160, 320]) 33
[36m(RolloutGroup(rank=1) pid=4057636)[0m Time taken: Total 2.46 seconds, Text Encoder 0.62 seconds, Image Encoder 0.54 seconds, VAE 0.00 seconds, KV Cache Creation 0.28 seconds, Diffusion 1.02 seconds, DIT Compute Steps 3 steps, Scheduler 0.01 seconds
[36m(RolloutGroup(rank=1) pid=4057636)[0m language is None, reset current_start_frame to 0
[36m(RolloutGroup(rank=1) pid=4057636)[0m videos shape torch.Size([8, 3, 4, 160, 320]) 33
[36m(RolloutGroup(rank=0) pid=4057629)[0m Time taken: Total 2.47 seconds, Text Encoder 0.62 seconds, Image Encoder 0.54 seconds, VAE 0.00 seconds, KV Cache Creation 0.28 seconds, Diffusion 1.02 seconds, DIT Compute Steps 3 steps, Scheduler 0.01 seconds
[36m(RolloutGroup(rank=0) pid=4057629)[0m language is None, reset current_start_frame to 0
[36m(RolloutGroup(rank=0) pid=4057629)[0m videos shape torch.Size([8, 3, 4, 160, 320]) 33
[36m(RolloutGroup(rank=3) pid=4057642)[0m Time taken: Total 2.47 seconds, Text Encoder 0.62 seconds, Image Encoder 0.54 seconds, VAE 0.00 seconds, KV Cache Creation 0.28 seconds, Diffusion 1.02 seconds, DIT Compute Steps 3 steps, Scheduler 0.01 seconds
[36m(RolloutGroup(rank=3) pid=4057642)[0m language is None, reset current_start_frame to 0
[36m(RolloutGroup(rank=3) pid=4057642)[0m videos shape torch.Size([8, 3, 4, 160, 320]) 33
[36m(RolloutGroup(rank=2) pid=4057637)[0m Time taken: Total 2.47 seconds, Text Encoder 0.62 seconds, Image Encoder 0.54 seconds, VAE 0.00 seconds, KV Cache Creation 0.28 seconds, Diffusion 1.02 seconds, DIT Compute Steps 3 steps, Scheduler 0.01 seconds
[36m(RolloutGroup(rank=2) pid=4057637)[0m language is None, reset current_start_frame to 0
[36m(RolloutGroup(rank=2) pid=4057637)[0m videos shape torch.Size([8, 3, 4, 160, 320]) 33
[36m(RolloutGroup(rank=0) pid=4057629)[0m Time taken: Total 2.47 seconds, Text Encoder 0.62 seconds, Image Encoder 0.54 seconds, VAE 0.00 seconds, KV Cache Creation 0.28 seconds, Diffusion 1.02 seconds, DIT Compute Steps 3 steps, Scheduler 0.01 seconds
[36m(RolloutGroup(rank=1) pid=4057636)[0m Time taken: Total 2.46 seconds, Text Encoder 0.62 seconds, Image Encoder 0.54 seconds, VAE 0.00 seconds, KV Cache Creation 0.28 seconds, Diffusion 1.02 seconds, DIT Compute Steps 3 steps, Scheduler 0.01 seconds
[36m(RolloutGroup(rank=1) pid=4057636)[0m language is None, reset current_start_frame to 0
[36m(RolloutGroup(rank=1) pid=4057636)[0m videos shape torch.Size([8, 3, 4, 160, 320]) 33
[36m(RolloutGroup(rank=0) pid=4057629)[0m language is None, reset current_start_frame to 0
[36m(RolloutGroup(rank=0) pid=4057629)[0m videos shape torch.Size([8, 3, 4, 160, 320]) 33
[36m(RolloutGroup(rank=3) pid=4057642)[0m Time taken: Total 2.47 seconds, Text Encoder 0.62 seconds, Image Encoder 0.54 seconds, VAE 0.00 seconds, KV Cache Creation 0.28 seconds, Diffusion 1.02 seconds, DIT Compute Steps 3 steps, Scheduler 0.01 seconds
[36m(RolloutGroup(rank=3) pid=4057642)[0m language is None, reset current_start_frame to 0
[36m(RolloutGroup(rank=3) pid=4057642)[0m videos shape torch.Size([8, 3, 4, 160, 320]) 33
[36m(RolloutGroup(rank=2) pid=4057637)[0m Time taken: Total 2.47 seconds, Text Encoder 0.62 seconds, Image Encoder 0.54 seconds, VAE 0.00 seconds, KV Cache Creation 0.28 seconds, Diffusion 1.02 seconds, DIT Compute Steps 3 steps, Scheduler 0.01 seconds
[36m(RolloutGroup(rank=2) pid=4057637)[0m language is None, reset current_start_frame to 0
[36m(RolloutGroup(rank=2) pid=4057637)[0m videos shape torch.Size([8, 3, 4, 160, 320]) 33
[36m(RolloutGroup(rank=1) pid=4057636)[0m Time taken: Total 2.46 seconds, Text Encoder 0.62 seconds, Image Encoder 0.54 seconds, VAE 0.00 seconds, KV Cache Creation 0.28 seconds, Diffusion 1.01 seconds, DIT Compute Steps 3 steps, Scheduler 0.01 seconds
[36m(RolloutGroup(rank=1) pid=4057636)[0m language is None, reset current_start_frame to 0
[36m(RolloutGroup(rank=1) pid=4057636)[0m videos shape torch.Size([8, 3, 4, 160, 320]) 33
[36m(RolloutGroup(rank=0) pid=4057629)[0m Time taken: Total 2.47 seconds, Text Encoder 0.62 seconds, Image Encoder 0.54 seconds, VAE 0.00 seconds, KV Cache Creation 0.28 seconds, Diffusion 1.02 seconds, DIT Compute Steps 3 steps, Scheduler 0.01 seconds
[36m(RolloutGroup(rank=0) pid=4057629)[0m language is None, reset current_start_frame to 0
[36m(RolloutGroup(rank=0) pid=4057629)[0m videos shape torch.Size([8, 3, 4, 160, 320]) 33
[36m(RolloutGroup(rank=3) pid=4057642)[0m Time taken: Total 2.47 seconds, Text Encoder 0.62 seconds, Image Encoder 0.54 seconds, VAE 0.00 seconds, KV Cache Creation 0.28 seconds, Diffusion 1.02 seconds, DIT Compute Steps 3 steps, Scheduler 0.01 seconds
[36m(RolloutGroup(rank=3) pid=4057642)[0m language is None, reset current_start_frame to 0
[36m(RolloutGroup(rank=3) pid=4057642)[0m videos shape torch.Size([8, 3, 4, 160, 320]) 33
[36m(RolloutGroup(rank=2) pid=4057637)[0m Time taken: Total 2.47 seconds, Text Encoder 0.62 seconds, Image Encoder 0.54 seconds, VAE 0.00 seconds, KV Cache Creation 0.28 seconds, Diffusion 1.02 seconds, DIT Compute Steps 3 steps, Scheduler 0.01 seconds
[36m(RolloutGroup(rank=2) pid=4057637)[0m language is None, reset current_start_frame to 0
[36m(RolloutGroup(rank=2) pid=4057637)[0m videos shape torch.Size([8, 3, 4, 160, 320]) 33
[36m(RolloutGroup(rank=0) pid=4057629)[0m Time taken: Total 2.47 seconds, Text Encoder 0.62 seconds, Image Encoder 0.54 seconds, VAE 0.00 seconds, KV Cache Creation 0.28 seconds, Diffusion 1.02 seconds, DIT Compute Steps 3 steps, Scheduler 0.01 seconds
[36m(RolloutGroup(rank=1) pid=4057636)[0m Time taken: Total 2.46 seconds, Text Encoder 0.62 seconds, Image Encoder 0.54 seconds, VAE 0.00 seconds, KV Cache Creation 0.28 seconds, Diffusion 1.01 seconds, DIT Compute Steps 3 steps, Scheduler 0.01 seconds
[36m(RolloutGroup(rank=1) pid=4057636)[0m language is None, reset current_start_frame to 0
[36m(RolloutGroup(rank=1) pid=4057636)[0m videos shape torch.Size([8, 3, 4, 160, 320]) 33
[36m(RolloutGroup(rank=0) pid=4057629)[0m language is None, reset current_start_frame to 0
[36m(RolloutGroup(rank=0) pid=4057629)[0m videos shape torch.Size([8, 3, 4, 160, 320]) 33
[36m(RolloutGroup(rank=3) pid=4057642)[0m Time taken: Total 2.47 seconds, Text Encoder 0.62 seconds, Image Encoder 0.55 seconds, VAE 0.00 seconds, KV Cache Creation 0.28 seconds, Diffusion 1.02 seconds, DIT Compute Steps 3 steps, Scheduler 0.01 seconds
[36m(RolloutGroup(rank=3) pid=4057642)[0m language is None, reset current_start_frame to 0
[36m(RolloutGroup(rank=3) pid=4057642)[0m videos shape torch.Size([8, 3, 4, 160, 320]) 33
[36m(RolloutGroup(rank=2) pid=4057637)[0m Time taken: Total 2.47 seconds, Text Encoder 0.62 seconds, Image Encoder 0.54 seconds, VAE 0.00 seconds, KV Cache Creation 0.28 seconds, Diffusion 1.01 seconds, DIT Compute Steps 3 steps, Scheduler 0.01 seconds
[36m(RolloutGroup(rank=2) pid=4057637)[0m language is None, reset current_start_frame to 0
[36m(RolloutGroup(rank=2) pid=4057637)[0m videos shape torch.Size([8, 3, 4, 160, 320]) 33
[36m(RolloutGroup(rank=0) pid=4057629)[0m Time taken: Total 2.47 seconds, Text Encoder 0.62 seconds, Image Encoder 0.54 seconds, VAE 0.00 seconds, KV Cache Creation 0.28 seconds, Diffusion 1.02 seconds, DIT Compute Steps 3 steps, Scheduler 0.01 seconds
[36m(RolloutGroup(rank=0) pid=4057629)[0m language is None, reset current_start_frame to 0
[36m(RolloutGroup(rank=0) pid=4057629)[0m videos shape torch.Size([8, 3, 4, 160, 320]) 33
[36m(RolloutGroup(rank=1) pid=4057636)[0m Time taken: Total 2.46 seconds, Text Encoder 0.62 seconds, Image Encoder 0.54 seconds, VAE 0.00 seconds, KV Cache Creation 0.28 seconds, Diffusion 1.01 seconds, DIT Compute Steps 3 steps, Scheduler 0.01 seconds
[36m(RolloutGroup(rank=1) pid=4057636)[0m language is None, reset current_start_frame to 0
[36m(RolloutGroup(rank=1) pid=4057636)[0m videos shape torch.Size([8, 3, 4, 160, 320]) 33
[36m(RolloutGroup(rank=3) pid=4057642)[0m Time taken: Total 2.47 seconds, Text Encoder 0.62 seconds, Image Encoder 0.54 seconds, VAE 0.00 seconds, KV Cache Creation 0.28 seconds, Diffusion 1.02 seconds, DIT Compute Steps 3 steps, Scheduler 0.01 seconds
[36m(RolloutGroup(rank=3) pid=4057642)[0m language is None, reset current_start_frame to 0
[36m(RolloutGroup(rank=3) pid=4057642)[0m videos shape torch.Size([8, 3, 4, 160, 320]) 33
[36m(RolloutGroup(rank=2) pid=4057637)[0m Time taken: Total 2.47 seconds, Text Encoder 0.62 seconds, Image Encoder 0.54 seconds, VAE 0.00 seconds, KV Cache Creation 0.28 seconds, Diffusion 1.02 seconds, DIT Compute Steps 3 steps, Scheduler 0.01 seconds
[36m(RolloutGroup(rank=2) pid=4057637)[0m language is None, reset current_start_frame to 0
[36m(RolloutGroup(rank=2) pid=4057637)[0m videos shape torch.Size([8, 3, 4, 160, 320]) 33
[36m(RolloutGroup(rank=1) pid=4057636)[0m Time taken: Total 2.46 seconds, Text Encoder 0.62 seconds, Image Encoder 0.54 seconds, VAE 0.00 seconds, KV Cache Creation 0.28 seconds, Diffusion 1.01 seconds, DIT Compute Steps 3 steps, Scheduler 0.01 seconds
[36m(RolloutGroup(rank=1) pid=4057636)[0m language is None, reset current_start_frame to 0
[36m(RolloutGroup(rank=1) pid=4057636)[0m videos shape torch.Size([8, 3, 4, 160, 320]) 33
[36m(RolloutGroup(rank=0) pid=4057629)[0m Time taken: Total 2.47 seconds, Text Encoder 0.62 seconds, Image Encoder 0.54 seconds, VAE 0.00 seconds, KV Cache Creation 0.28 seconds, Diffusion 1.02 seconds, DIT Compute Steps 3 steps, Scheduler 0.01 seconds
[36m(RolloutGroup(rank=0) pid=4057629)[0m language is None, reset current_start_frame to 0
[36m(RolloutGroup(rank=0) pid=4057629)[0m videos shape torch.Size([8, 3, 4, 160, 320]) 33
[36m(RolloutGroup(rank=3) pid=4057642)[0m Time taken: Total 2.47 seconds, Text Encoder 0.62 seconds, Image Encoder 0.55 seconds, VAE 0.00 seconds, KV Cache Creation 0.28 seconds, Diffusion 1.02 seconds, DIT Compute Steps 3 steps, Scheduler 0.01 seconds
[36m(RolloutGroup(rank=3) pid=4057642)[0m language is None, reset current_start_frame to 0
[36m(RolloutGroup(rank=3) pid=4057642)[0m videos shape torch.Size([8, 3, 4, 160, 320]) 33
[36m(RolloutGroup(rank=2) pid=4057637)[0m Time taken: Total 2.47 seconds, Text Encoder 0.62 seconds, Image Encoder 0.54 seconds, VAE 0.00 seconds, KV Cache Creation 0.28 seconds, Diffusion 1.01 seconds, DIT Compute Steps 3 steps, Scheduler 0.01 seconds
[36m(RolloutGroup(rank=2) pid=4057637)[0m language is None, reset current_start_frame to 0
[36m(RolloutGroup(rank=2) pid=4057637)[0m videos shape torch.Size([8, 3, 4, 160, 320]) 33
[36m(RolloutGroup(rank=1) pid=4057636)[0m Time taken: Total 2.46 seconds, Text Encoder 0.62 seconds, Image Encoder 0.54 seconds, VAE 0.00 seconds, KV Cache Creation 0.28 seconds, Diffusion 1.01 seconds, DIT Compute Steps 3 steps, Scheduler 0.01 seconds
[36m(RolloutGroup(rank=0) pid=4057629)[0m Time taken: Total 2.48 seconds, Text Encoder 0.62 seconds, Image Encoder 0.54 seconds, VAE 0.00 seconds, KV Cache Creation 0.29 seconds, Diffusion 1.02 seconds, DIT Compute Steps 3 steps, Scheduler 0.01 seconds
[36m(RolloutGroup(rank=3) pid=4057642)[0m Time taken: Total 2.47 seconds, Text Encoder 0.62 seconds, Image Encoder 0.54 seconds, VAE 0.00 seconds, KV Cache Creation 0.28 seconds, Diffusion 1.02 seconds, DIT Compute Steps 3 steps, Scheduler 0.01 seconds
[36m(RolloutGroup(rank=2) pid=4057637)[0m Time taken: Total 2.49 seconds, Text Encoder 0.62 seconds, Image Encoder 0.54 seconds, VAE 0.00 seconds, KV Cache Creation 0.28 seconds, Diffusion 1.04 seconds, DIT Compute Steps 3 steps, Scheduler 0.01 seconds
[36m(RolloutGroup(rank=1) pid=4057636)[0m language is None, reset current_start_frame to 0
[36m(RolloutGroup(rank=1) pid=4057636)[0m videos shape torch.Size([8, 3, 4, 160, 320]) 33
[36m(RolloutGroup(rank=0) pid=4057629)[0m language is None, reset current_start_frame to 0
[36m(RolloutGroup(rank=0) pid=4057629)[0m videos shape torch.Size([8, 3, 4, 160, 320]) 33
[36m(RolloutGroup(rank=3) pid=4057642)[0m language is None, reset current_start_frame to 0
[36m(RolloutGroup(rank=3) pid=4057642)[0m videos shape torch.Size([8, 3, 4, 160, 320]) 33
[36m(RolloutGroup(rank=2) pid=4057637)[0m language is None, reset current_start_frame to 0
[36m(RolloutGroup(rank=2) pid=4057637)[0m videos shape torch.Size([8, 3, 4, 160, 320]) 33
[36m(RolloutGroup(rank=1) pid=4057636)[0m Time taken: Total 2.46 seconds, Text Encoder 0.62 seconds, Image Encoder 0.54 seconds, VAE 0.00 seconds, KV Cache Creation 0.28 seconds, Diffusion 1.01 seconds, DIT Compute Steps 3 steps, Scheduler 0.01 seconds
[36m(RolloutGroup(rank=1) pid=4057636)[0m language is None, reset current_start_frame to 0
[36m(RolloutGroup(rank=1) pid=4057636)[0m videos shape torch.Size([8, 3, 4, 160, 320]) 33
[36m(RolloutGroup(rank=0) pid=4057629)[0m Time taken: Total 2.47 seconds, Text Encoder 0.62 seconds, Image Encoder 0.54 seconds, VAE 0.00 seconds, KV Cache Creation 0.28 seconds, Diffusion 1.02 seconds, DIT Compute Steps 3 steps, Scheduler 0.01 seconds
[36m(RolloutGroup(rank=0) pid=4057629)[0m language is None, reset current_start_frame to 0
[36m(RolloutGroup(rank=0) pid=4057629)[0m videos shape torch.Size([8, 3, 4, 160, 320]) 33
[36m(RolloutGroup(rank=3) pid=4057642)[0m Time taken: Total 2.47 seconds, Text Encoder 0.62 seconds, Image Encoder 0.54 seconds, VAE 0.00 seconds, KV Cache Creation 0.28 seconds, Diffusion 1.02 seconds, DIT Compute Steps 3 steps, Scheduler 0.01 seconds
[36m(RolloutGroup(rank=3) pid=4057642)[0m language is None, reset current_start_frame to 0
[36m(RolloutGroup(rank=3) pid=4057642)[0m videos shape torch.Size([8, 3, 4, 160, 320]) 33
[36m(RolloutGroup(rank=2) pid=4057637)[0m Time taken: Total 2.46 seconds, Text Encoder 0.62 seconds, Image Encoder 0.54 seconds, VAE 0.00 seconds, KV Cache Creation 0.28 seconds, Diffusion 1.01 seconds, DIT Compute Steps 3 steps, Scheduler 0.01 seconds
[36m(RolloutGroup(rank=2) pid=4057637)[0m language is None, reset current_start_frame to 0
[36m(RolloutGroup(rank=2) pid=4057637)[0m videos shape torch.Size([8, 3, 4, 160, 320]) 33
[36m(RolloutGroup(rank=1) pid=4057636)[0m Time taken: Total 2.46 seconds, Text Encoder 0.62 seconds, Image Encoder 0.54 seconds, VAE 0.00 seconds, KV Cache Creation 0.28 seconds, Diffusion 1.01 seconds, DIT Compute Steps 3 steps, Scheduler 0.01 seconds
[36m(RolloutGroup(rank=1) pid=4057636)[0m language is None, reset current_start_frame to 0
[36m(RolloutGroup(rank=1) pid=4057636)[0m videos shape torch.Size([8, 3, 4, 160, 320]) 33
[36m(RolloutGroup(rank=0) pid=4057629)[0m Time taken: Total 2.47 seconds, Text Encoder 0.62 seconds, Image Encoder 0.54 seconds, VAE 0.00 seconds, KV Cache Creation 0.28 seconds, Diffusion 1.02 seconds, DIT Compute Steps 3 steps, Scheduler 0.01 seconds
[36m(RolloutGroup(rank=0) pid=4057629)[0m language is None, reset current_start_frame to 0
[36m(RolloutGroup(rank=0) pid=4057629)[0m videos shape torch.Size([8, 3, 4, 160, 320]) 33
[36m(RolloutGroup(rank=3) pid=4057642)[0m Time taken: Total 2.47 seconds, Text Encoder 0.62 seconds, Image Encoder 0.54 seconds, VAE 0.00 seconds, KV Cache Creation 0.28 seconds, Diffusion 1.02 seconds, DIT Compute Steps 3 steps, Scheduler 0.01 seconds
[36m(RolloutGroup(rank=3) pid=4057642)[0m language is None, reset current_start_frame to 0
[36m(RolloutGroup(rank=3) pid=4057642)[0m videos shape torch.Size([8, 3, 4, 160, 320]) 33
[36m(RolloutGroup(rank=2) pid=4057637)[0m Time taken: Total 2.47 seconds, Text Encoder 0.62 seconds, Image Encoder 0.54 seconds, VAE 0.00 seconds, KV Cache Creation 0.28 seconds, Diffusion 1.02 seconds, DIT Compute Steps 3 steps, Scheduler 0.01 seconds
[36m(RolloutGroup(rank=2) pid=4057637)[0m language is None, reset current_start_frame to 0
[36m(RolloutGroup(rank=2) pid=4057637)[0m videos shape torch.Size([8, 3, 4, 160, 320]) 33
[36m(RolloutGroup(rank=1) pid=4057636)[0m Time taken: Total 2.46 seconds, Text Encoder 0.62 seconds, Image Encoder 0.54 seconds, VAE 0.00 seconds, KV Cache Creation 0.28 seconds, Diffusion 1.02 seconds, DIT Compute Steps 3 steps, Scheduler 0.01 seconds
[36m(RolloutGroup(rank=1) pid=4057636)[0m language is None, reset current_start_frame to 0
[36m(RolloutGroup(rank=1) pid=4057636)[0m videos shape torch.Size([8, 3, 4, 160, 320]) 33
[36m(RolloutGroup(rank=0) pid=4057629)[0m Time taken: Total 2.47 seconds, Text Encoder 0.62 seconds, Image Encoder 0.54 seconds, VAE 0.00 seconds, KV Cache Creation 0.28 seconds, Diffusion 1.02 seconds, DIT Compute Steps 3 steps, Scheduler 0.01 seconds
[36m(RolloutGroup(rank=0) pid=4057629)[0m language is None, reset current_start_frame to 0
[36m(RolloutGroup(rank=0) pid=4057629)[0m videos shape torch.Size([8, 3, 4, 160, 320]) 33
[36m(RolloutGroup(rank=3) pid=4057642)[0m Time taken: Total 2.47 seconds, Text Encoder 0.62 seconds, Image Encoder 0.55 seconds, VAE 0.00 seconds, KV Cache Creation 0.28 seconds, Diffusion 1.02 seconds, DIT Compute Steps 3 steps, Scheduler 0.01 seconds
[36m(RolloutGroup(rank=3) pid=4057642)[0m language is None, reset current_start_frame to 0
[36m(RolloutGroup(rank=3) pid=4057642)[0m videos shape torch.Size([8, 3, 4, 160, 320]) 33
[36m(RolloutGroup(rank=2) pid=4057637)[0m Time taken: Total 2.47 seconds, Text Encoder 0.62 seconds, Image Encoder 0.54 seconds, VAE 0.00 seconds, KV Cache Creation 0.28 seconds, Diffusion 1.02 seconds, DIT Compute Steps 3 steps, Scheduler 0.01 seconds
[36m(RolloutGroup(rank=2) pid=4057637)[0m language is None, reset current_start_frame to 0
[36m(RolloutGroup(rank=2) pid=4057637)[0m videos shape torch.Size([8, 3, 4, 160, 320]) 33
[36m(RolloutGroup(rank=1) pid=4057636)[0m Time taken: Total 2.46 seconds, Text Encoder 0.62 seconds, Image Encoder 0.54 seconds, VAE 0.00 seconds, KV Cache Creation 0.28 seconds, Diffusion 1.01 seconds, DIT Compute Steps 3 steps, Scheduler 0.01 seconds
[36m(RolloutGroup(rank=1) pid=4057636)[0m language is None, reset current_start_frame to 0
[36m(RolloutGroup(rank=1) pid=4057636)[0m videos shape torch.Size([8, 3, 4, 160, 320]) 33
[36m(RolloutGroup(rank=0) pid=4057629)[0m Time taken: Total 2.47 seconds, Text Encoder 0.62 seconds, Image Encoder 0.54 seconds, VAE 0.00 seconds, KV Cache Creation 0.28 seconds, Diffusion 1.02 seconds, DIT Compute Steps 3 steps, Scheduler 0.01 seconds
[36m(RolloutGroup(rank=0) pid=4057629)[0m language is None, reset current_start_frame to 0
[36m(RolloutGroup(rank=0) pid=4057629)[0m videos shape torch.Size([8, 3, 4, 160, 320]) 33
[36m(RolloutGroup(rank=3) pid=4057642)[0m Time taken: Total 2.47 seconds, Text Encoder 0.62 seconds, Image Encoder 0.55 seconds, VAE 0.00 seconds, KV Cache Creation 0.28 seconds, Diffusion 1.02 seconds, DIT Compute Steps 3 steps, Scheduler 0.01 seconds
[36m(RolloutGroup(rank=3) pid=4057642)[0m language is None, reset current_start_frame to 0
[36m(RolloutGroup(rank=3) pid=4057642)[0m videos shape torch.Size([8, 3, 4, 160, 320]) 33
[36m(RolloutGroup(rank=2) pid=4057637)[0m Time taken: Total 2.46 seconds, Text Encoder 0.62 seconds, Image Encoder 0.54 seconds, VAE 0.00 seconds, KV Cache Creation 0.28 seconds, Diffusion 1.01 seconds, DIT Compute Steps 3 steps, Scheduler 0.01 seconds
[36m(RolloutGroup(rank=2) pid=4057637)[0m language is None, reset current_start_frame to 0
[36m(RolloutGroup(rank=2) pid=4057637)[0m videos shape torch.Size([8, 3, 4, 160, 320]) 33
[36m(RolloutGroup(rank=1) pid=4057636)[0m Time taken: Total 2.46 seconds, Text Encoder 0.62 seconds, Image Encoder 0.54 seconds, VAE 0.00 seconds, KV Cache Creation 0.28 seconds, Diffusion 1.02 seconds, DIT Compute Steps 3 steps, Scheduler 0.01 seconds
[36m(RolloutGroup(rank=1) pid=4057636)[0m language is None, reset current_start_frame to 0
[36m(RolloutGroup(rank=1) pid=4057636)[0m videos shape torch.Size([8, 3, 4, 160, 320]) 33
[36m(RolloutGroup(rank=0) pid=4057629)[0m Time taken: Total 2.47 seconds, Text Encoder 0.62 seconds, Image Encoder 0.54 seconds, VAE 0.00 seconds, KV Cache Creation 0.28 seconds, Diffusion 1.02 seconds, DIT Compute Steps 3 steps, Scheduler 0.01 seconds
[36m(RolloutGroup(rank=0) pid=4057629)[0m language is None, reset current_start_frame to 0
[36m(RolloutGroup(rank=0) pid=4057629)[0m videos shape torch.Size([8, 3, 4, 160, 320]) 33
[36m(RolloutGroup(rank=3) pid=4057642)[0m Time taken: Total 2.47 seconds, Text Encoder 0.62 seconds, Image Encoder 0.55 seconds, VAE 0.00 seconds, KV Cache Creation 0.28 seconds, Diffusion 1.02 seconds, DIT Compute Steps 3 steps, Scheduler 0.01 seconds
[36m(RolloutGroup(rank=3) pid=4057642)[0m language is None, reset current_start_frame to 0
[36m(RolloutGroup(rank=3) pid=4057642)[0m videos shape torch.Size([8, 3, 4, 160, 320]) 33
[36m(RolloutGroup(rank=2) pid=4057637)[0m Time taken: Total 2.47 seconds, Text Encoder 0.62 seconds, Image Encoder 0.54 seconds, VAE 0.00 seconds, KV Cache Creation 0.28 seconds, Diffusion 1.02 seconds, DIT Compute Steps 3 steps, Scheduler 0.01 seconds
[36m(RolloutGroup(rank=2) pid=4057637)[0m language is None, reset current_start_frame to 0
[36m(RolloutGroup(rank=2) pid=4057637)[0m videos shape torch.Size([8, 3, 4, 160, 320]) 33
[36m(RolloutGroup(rank=1) pid=4057636)[0m Time taken: Total 2.46 seconds, Text Encoder 0.62 seconds, Image Encoder 0.54 seconds, VAE 0.00 seconds, KV Cache Creation 0.28 seconds, Diffusion 1.01 seconds, DIT Compute Steps 3 steps, Scheduler 0.01 seconds
[36m(RolloutGroup(rank=1) pid=4057636)[0m language is None, reset current_start_frame to 0
[36m(RolloutGroup(rank=1) pid=4057636)[0m videos shape torch.Size([8, 3, 4, 160, 320]) 33
[36m(RolloutGroup(rank=0) pid=4057629)[0m Time taken: Total 2.47 seconds, Text Encoder 0.62 seconds, Image Encoder 0.54 seconds, VAE 0.00 seconds, KV Cache Creation 0.28 seconds, Diffusion 1.02 seconds, DIT Compute Steps 3 steps, Scheduler 0.01 seconds
[36m(RolloutGroup(rank=0) pid=4057629)[0m language is None, reset current_start_frame to 0
[36m(RolloutGroup(rank=0) pid=4057629)[0m videos shape torch.Size([8, 3, 4, 160, 320]) 33
[36m(RolloutGroup(rank=3) pid=4057642)[0m Time taken: Total 2.47 seconds, Text Encoder 0.62 seconds, Image Encoder 0.55 seconds, VAE 0.00 seconds, KV Cache Creation 0.28 seconds, Diffusion 1.02 seconds, DIT Compute Steps 3 steps, Scheduler 0.01 seconds
[36m(RolloutGroup(rank=3) pid=4057642)[0m language is None, reset current_start_frame to 0
[36m(RolloutGroup(rank=3) pid=4057642)[0m videos shape torch.Size([8, 3, 4, 160, 320]) 33
[36m(RolloutGroup(rank=2) pid=4057637)[0m Time taken: Total 2.46 seconds, Text Encoder 0.62 seconds, Image Encoder 0.54 seconds, VAE 0.00 seconds, KV Cache Creation 0.28 seconds, Diffusion 1.01 seconds, DIT Compute Steps 3 steps, Scheduler 0.01 seconds
[36m(RolloutGroup(rank=2) pid=4057637)[0m language is None, reset current_start_frame to 0
[36m(RolloutGroup(rank=2) pid=4057637)[0m videos shape torch.Size([8, 3, 4, 160, 320]) 33
[36m(RolloutGroup(rank=1) pid=4057636)[0m Time taken: Total 2.47 seconds, Text Encoder 0.62 seconds, Image Encoder 0.54 seconds, VAE 0.00 seconds, KV Cache Creation 0.28 seconds, Diffusion 1.02 seconds, DIT Compute Steps 3 steps, Scheduler 0.01 seconds
[36m(RolloutGroup(rank=1) pid=4057636)[0m language is None, reset current_start_frame to 0
[36m(RolloutGroup(rank=1) pid=4057636)[0m videos shape torch.Size([8, 3, 4, 160, 320]) 33
[36m(RolloutGroup(rank=0) pid=4057629)[0m Time taken: Total 2.47 seconds, Text Encoder 0.62 seconds, Image Encoder 0.54 seconds, VAE 0.00 seconds, KV Cache Creation 0.28 seconds, Diffusion 1.02 seconds, DIT Compute Steps 3 steps, Scheduler 0.01 seconds
[36m(RolloutGroup(rank=0) pid=4057629)[0m language is None, reset current_start_frame to 0
[36m(RolloutGroup(rank=0) pid=4057629)[0m videos shape torch.Size([8, 3, 4, 160, 320]) 33
[36m(RolloutGroup(rank=3) pid=4057642)[0m Time taken: Total 2.47 seconds, Text Encoder 0.62 seconds, Image Encoder 0.55 seconds, VAE 0.00 seconds, KV Cache Creation 0.28 seconds, Diffusion 1.02 seconds, DIT Compute Steps 3 steps, Scheduler 0.01 seconds
[36m(RolloutGroup(rank=3) pid=4057642)[0m language is None, reset current_start_frame to 0
[36m(RolloutGroup(rank=3) pid=4057642)[0m videos shape torch.Size([8, 3, 4, 160, 320]) 33
[36m(RolloutGroup(rank=2) pid=4057637)[0m Time taken: Total 2.47 seconds, Text Encoder 0.62 seconds, Image Encoder 0.54 seconds, VAE 0.00 seconds, KV Cache Creation 0.28 seconds, Diffusion 1.02 seconds, DIT Compute Steps 3 steps, Scheduler 0.01 seconds
[36m(RolloutGroup(rank=2) pid=4057637)[0m language is None, reset current_start_frame to 0
[36m(RolloutGroup(rank=2) pid=4057637)[0m videos shape torch.Size([8, 3, 4, 160, 320]) 33
[36m(RolloutGroup(rank=1) pid=4057636)[0m Time taken: Total 2.47 seconds, Text Encoder 0.62 seconds, Image Encoder 0.54 seconds, VAE 0.00 seconds, KV Cache Creation 0.28 seconds, Diffusion 1.02 seconds, DIT Compute Steps 3 steps, Scheduler 0.01 seconds
[36m(RolloutGroup(rank=1) pid=4057636)[0m language is None, reset current_start_frame to 0
[36m(RolloutGroup(rank=1) pid=4057636)[0m videos shape torch.Size([8, 3, 4, 160, 320]) 33
[36m(RolloutGroup(rank=0) pid=4057629)[0m Time taken: Total 2.47 seconds, Text Encoder 0.62 seconds, Image Encoder 0.54 seconds, VAE 0.00 seconds, KV Cache Creation 0.28 seconds, Diffusion 1.02 seconds, DIT Compute Steps 3 steps, Scheduler 0.01 seconds
[36m(RolloutGroup(rank=0) pid=4057629)[0m language is None, reset current_start_frame to 0
[36m(RolloutGroup(rank=0) pid=4057629)[0m videos shape torch.Size([8, 3, 4, 160, 320]) 33
[36m(RolloutGroup(rank=3) pid=4057642)[0m Time taken: Total 2.47 seconds, Text Encoder 0.62 seconds, Image Encoder 0.55 seconds, VAE 0.00 seconds, KV Cache Creation 0.28 seconds, Diffusion 1.02 seconds, DIT Compute Steps 3 steps, Scheduler 0.01 seconds
[36m(RolloutGroup(rank=3) pid=4057642)[0m language is None, reset current_start_frame to 0
[36m(RolloutGroup(rank=3) pid=4057642)[0m videos shape torch.Size([8, 3, 4, 160, 320]) 33
[36m(RolloutGroup(rank=2) pid=4057637)[0m Time taken: Total 2.48 seconds, Text Encoder 0.62 seconds, Image Encoder 0.54 seconds, VAE 0.00 seconds, KV Cache Creation 0.28 seconds, Diffusion 1.02 seconds, DIT Compute Steps 3 steps, Scheduler 0.01 seconds
[36m(RolloutGroup(rank=2) pid=4057637)[0m language is None, reset current_start_frame to 0
[36m(RolloutGroup(rank=2) pid=4057637)[0m videos shape torch.Size([8, 3, 4, 160, 320]) 33
[36m(RolloutGroup(rank=1) pid=4057636)[0m Time taken: Total 2.47 seconds, Text Encoder 0.62 seconds, Image Encoder 0.54 seconds, VAE 0.00 seconds, KV Cache Creation 0.28 seconds, Diffusion 1.02 seconds, DIT Compute Steps 3 steps, Scheduler 0.01 seconds
[36m(RolloutGroup(rank=1) pid=4057636)[0m language is None, reset current_start_frame to 0
[36m(RolloutGroup(rank=1) pid=4057636)[0m videos shape torch.Size([8, 3, 4, 160, 320]) 33
[36m(RolloutGroup(rank=0) pid=4057629)[0m Time taken: Total 2.47 seconds, Text Encoder 0.62 seconds, Image Encoder 0.54 seconds, VAE 0.00 seconds, KV Cache Creation 0.28 seconds, Diffusion 1.02 seconds, DIT Compute Steps 3 steps, Scheduler 0.01 seconds
[36m(RolloutGroup(rank=0) pid=4057629)[0m language is None, reset current_start_frame to 0
[36m(RolloutGroup(rank=0) pid=4057629)[0m videos shape torch.Size([8, 3, 4, 160, 320]) 33
[36m(RolloutGroup(rank=3) pid=4057642)[0m Time taken: Total 2.47 seconds, Text Encoder 0.62 seconds, Image Encoder 0.55 seconds, VAE 0.00 seconds, KV Cache Creation 0.28 seconds, Diffusion 1.02 seconds, DIT Compute Steps 3 steps, Scheduler 0.01 seconds
[36m(RolloutGroup(rank=3) pid=4057642)[0m language is None, reset current_start_frame to 0
[36m(RolloutGroup(rank=3) pid=4057642)[0m videos shape torch.Size([8, 3, 4, 160, 320]) 33
[36m(RolloutGroup(rank=2) pid=4057637)[0m Time taken: Total 2.47 seconds, Text Encoder 0.62 seconds, Image Encoder 0.54 seconds, VAE 0.00 seconds, KV Cache Creation 0.28 seconds, Diffusion 1.02 seconds, DIT Compute Steps 3 steps, Scheduler 0.01 seconds
[36m(RolloutGroup(rank=2) pid=4057637)[0m language is None, reset current_start_frame to 0
[36m(RolloutGroup(rank=2) pid=4057637)[0m videos shape torch.Size([8, 3, 4, 160, 320]) 33
[36m(RolloutGroup(rank=1) pid=4057636)[0m Time taken: Total 2.46 seconds, Text Encoder 0.62 seconds, Image Encoder 0.54 seconds, VAE 0.00 seconds, KV Cache Creation 0.28 seconds, Diffusion 1.01 seconds, DIT Compute Steps 3 steps, Scheduler 0.01 seconds
[36m(RolloutGroup(rank=0) pid=4057629)[0m Time taken: Total 2.47 seconds, Text Encoder 0.62 seconds, Image Encoder 0.54 seconds, VAE 0.00 seconds, KV Cache Creation 0.28 seconds, Diffusion 1.02 seconds, DIT Compute Steps 3 steps, Scheduler 0.01 seconds
[36m(RolloutGroup(rank=3) pid=4057642)[0m Time taken: Total 2.47 seconds, Text Encoder 0.62 seconds, Image Encoder 0.55 seconds, VAE 0.00 seconds, KV Cache Creation 0.28 seconds, Diffusion 1.02 seconds, DIT Compute Steps 3 steps, Scheduler 0.01 seconds
[36m(RolloutGroup(rank=2) pid=4057637)[0m Time taken: Total 2.47 seconds, Text Encoder 0.62 seconds, Image Encoder 0.54 seconds, VAE 0.00 seconds, KV Cache Creation 0.28 seconds, Diffusion 1.02 seconds, DIT Compute Steps 3 steps, Scheduler 0.01 seconds
[36m(RolloutGroup(rank=1) pid=4057636)[0m language is None, reset current_start_frame to 0
[36m(RolloutGroup(rank=1) pid=4057636)[0m videos shape torch.Size([8, 3, 4, 160, 320]) 33
[36m(RolloutGroup(rank=0) pid=4057629)[0m language is None, reset current_start_frame to 0
[36m(RolloutGroup(rank=0) pid=4057629)[0m videos shape torch.Size([8, 3, 4, 160, 320]) 33
[36m(RolloutGroup(rank=3) pid=4057642)[0m language is None, reset current_start_frame to 0
[36m(RolloutGroup(rank=3) pid=4057642)[0m videos shape torch.Size([8, 3, 4, 160, 320]) 33
[36m(RolloutGroup(rank=2) pid=4057637)[0m language is None, reset current_start_frame to 0
[36m(RolloutGroup(rank=2) pid=4057637)[0m videos shape torch.Size([8, 3, 4, 160, 320]) 33
[36m(RolloutGroup(rank=1) pid=4057636)[0m Time taken: Total 2.46 seconds, Text Encoder 0.62 seconds, Image Encoder 0.54 seconds, VAE 0.00 seconds, KV Cache Creation 0.28 seconds, Diffusion 1.01 seconds, DIT Compute Steps 3 steps, Scheduler 0.01 seconds
[36m(RolloutGroup(rank=1) pid=4057636)[0m language is None, reset current_start_frame to 0
[36m(RolloutGroup(rank=1) pid=4057636)[0m videos shape torch.Size([8, 3, 4, 160, 320]) 33
[36m(RolloutGroup(rank=0) pid=4057629)[0m Time taken: Total 2.47 seconds, Text Encoder 0.62 seconds, Image Encoder 0.54 seconds, VAE 0.00 seconds, KV Cache Creation 0.28 seconds, Diffusion 1.02 seconds, DIT Compute Steps 3 steps, Scheduler 0.01 seconds
[36m(RolloutGroup(rank=0) pid=4057629)[0m language is None, reset current_start_frame to 0
[36m(RolloutGroup(rank=0) pid=4057629)[0m videos shape torch.Size([8, 3, 4, 160, 320]) 33
[36m(RolloutGroup(rank=3) pid=4057642)[0m Time taken: Total 2.47 seconds, Text Encoder 0.63 seconds, Image Encoder 0.54 seconds, VAE 0.00 seconds, KV Cache Creation 0.28 seconds, Diffusion 1.02 seconds, DIT Compute Steps 3 steps, Scheduler 0.01 seconds
[36m(RolloutGroup(rank=3) pid=4057642)[0m language is None, reset current_start_frame to 0
[36m(RolloutGroup(rank=3) pid=4057642)[0m videos shape torch.Size([8, 3, 4, 160, 320]) 33
[36m(RolloutGroup(rank=2) pid=4057637)[0m Time taken: Total 2.47 seconds, Text Encoder 0.62 seconds, Image Encoder 0.54 seconds, VAE 0.00 seconds, KV Cache Creation 0.28 seconds, Diffusion 1.02 seconds, DIT Compute Steps 3 steps, Scheduler 0.01 seconds
[36m(RolloutGroup(rank=2) pid=4057637)[0m language is None, reset current_start_frame to 0
[36m(RolloutGroup(rank=2) pid=4057637)[0m videos shape torch.Size([8, 3, 4, 160, 320]) 33
[36m(RolloutGroup(rank=1) pid=4057636)[0m Time taken: Total 2.46 seconds, Text Encoder 0.62 seconds, Image Encoder 0.54 seconds, VAE 0.00 seconds, KV Cache Creation 0.28 seconds, Diffusion 1.01 seconds, DIT Compute Steps 3 steps, Scheduler 0.01 seconds
[36m(RolloutGroup(rank=1) pid=4057636)[0m language is None, reset current_start_frame to 0
[36m(RolloutGroup(rank=1) pid=4057636)[0m videos shape torch.Size([8, 3, 4, 160, 320]) 33
[36m(RolloutGroup(rank=0) pid=4057629)[0m Time taken: Total 2.47 seconds, Text Encoder 0.62 seconds, Image Encoder 0.54 seconds, VAE 0.00 seconds, KV Cache Creation 0.28 seconds, Diffusion 1.02 seconds, DIT Compute Steps 3 steps, Scheduler 0.01 seconds
[36m(RolloutGroup(rank=0) pid=4057629)[0m language is None, reset current_start_frame to 0
[36m(RolloutGroup(rank=0) pid=4057629)[0m videos shape torch.Size([8, 3, 4, 160, 320]) 33
[36m(RolloutGroup(rank=3) pid=4057642)[0m Time taken: Total 2.47 seconds, Text Encoder 0.62 seconds, Image Encoder 0.55 seconds, VAE 0.00 seconds, KV Cache Creation 0.28 seconds, Diffusion 1.02 seconds, DIT Compute Steps 3 steps, Scheduler 0.01 seconds
[36m(RolloutGroup(rank=3) pid=4057642)[0m language is None, reset current_start_frame to 0
[36m(RolloutGroup(rank=3) pid=4057642)[0m videos shape torch.Size([8, 3, 4, 160, 320]) 33
[36m(RolloutGroup(rank=2) pid=4057637)[0m Time taken: Total 2.47 seconds, Text Encoder 0.62 seconds, Image Encoder 0.54 seconds, VAE 0.00 seconds, KV Cache Creation 0.28 seconds, Diffusion 1.02 seconds, DIT Compute Steps 3 steps, Scheduler 0.01 seconds
[36m(RolloutGroup(rank=2) pid=4057637)[0m language is None, reset current_start_frame to 0
[36m(RolloutGroup(rank=2) pid=4057637)[0m videos shape torch.Size([8, 3, 4, 160, 320]) 33
[36m(RolloutGroup(rank=1) pid=4057636)[0m Time taken: Total 2.46 seconds, Text Encoder 0.62 seconds, Image Encoder 0.54 seconds, VAE 0.00 seconds, KV Cache Creation 0.28 seconds, Diffusion 1.01 seconds, DIT Compute Steps 3 steps, Scheduler 0.01 seconds
[36m(RolloutGroup(rank=1) pid=4057636)[0m language is None, reset current_start_frame to 0
[36m(RolloutGroup(rank=1) pid=4057636)[0m videos shape torch.Size([8, 3, 4, 160, 320]) 33
[36m(RolloutGroup(rank=0) pid=4057629)[0m Time taken: Total 2.47 seconds, Text Encoder 0.62 seconds, Image Encoder 0.54 seconds, VAE 0.00 seconds, KV Cache Creation 0.28 seconds, Diffusion 1.02 seconds, DIT Compute Steps 3 steps, Scheduler 0.01 seconds
[36m(RolloutGroup(rank=0) pid=4057629)[0m language is None, reset current_start_frame to 0
[36m(RolloutGroup(rank=0) pid=4057629)[0m videos shape torch.Size([8, 3, 4, 160, 320]) 33
[36m(RolloutGroup(rank=3) pid=4057642)[0m Time taken: Total 2.47 seconds, Text Encoder 0.63 seconds, Image Encoder 0.55 seconds, VAE 0.00 seconds, KV Cache Creation 0.28 seconds, Diffusion 1.02 seconds, DIT Compute Steps 3 steps, Scheduler 0.01 seconds
[36m(RolloutGroup(rank=3) pid=4057642)[0m language is None, reset current_start_frame to 0
[36m(RolloutGroup(rank=3) pid=4057642)[0m videos shape torch.Size([8, 3, 4, 160, 320]) 33
[36m(RolloutGroup(rank=2) pid=4057637)[0m Time taken: Total 2.47 seconds, Text Encoder 0.62 seconds, Image Encoder 0.54 seconds, VAE 0.00 seconds, KV Cache Creation 0.28 seconds, Diffusion 1.02 seconds, DIT Compute Steps 3 steps, Scheduler 0.01 seconds
[36m(RolloutGroup(rank=2) pid=4057637)[0m language is None, reset current_start_frame to 0
[36m(RolloutGroup(rank=2) pid=4057637)[0m videos shape torch.Size([8, 3, 4, 160, 320]) 33
[36m(RolloutGroup(rank=1) pid=4057636)[0m Time taken: Total 2.46 seconds, Text Encoder 0.62 seconds, Image Encoder 0.54 seconds, VAE 0.00 seconds, KV Cache Creation 0.28 seconds, Diffusion 1.01 seconds, DIT Compute Steps 3 steps, Scheduler 0.01 seconds
[36m(RolloutGroup(rank=1) pid=4057636)[0m language is None, reset current_start_frame to 0
[36m(RolloutGroup(rank=1) pid=4057636)[0m videos shape torch.Size([8, 3, 4, 160, 320]) 33
[36m(RolloutGroup(rank=0) pid=4057629)[0m Time taken: Total 2.47 seconds, Text Encoder 0.62 seconds, Image Encoder 0.54 seconds, VAE 0.00 seconds, KV Cache Creation 0.28 seconds, Diffusion 1.02 seconds, DIT Compute Steps 3 steps, Scheduler 0.01 seconds
[36m(RolloutGroup(rank=0) pid=4057629)[0m language is None, reset current_start_frame to 0
[36m(RolloutGroup(rank=0) pid=4057629)[0m videos shape torch.Size([8, 3, 4, 160, 320]) 33
[36m(RolloutGroup(rank=3) pid=4057642)[0m Time taken: Total 2.47 seconds, Text Encoder 0.62 seconds, Image Encoder 0.55 seconds, VAE 0.00 seconds, KV Cache Creation 0.28 seconds, Diffusion 1.02 seconds, DIT Compute Steps 3 steps, Scheduler 0.01 seconds
[36m(RolloutGroup(rank=3) pid=4057642)[0m language is None, reset current_start_frame to 0
[36m(RolloutGroup(rank=3) pid=4057642)[0m videos shape torch.Size([8, 3, 4, 160, 320]) 33
[36m(RolloutGroup(rank=2) pid=4057637)[0m Time taken: Total 2.47 seconds, Text Encoder 0.62 seconds, Image Encoder 0.54 seconds, VAE 0.00 seconds, KV Cache Creation 0.28 seconds, Diffusion 1.02 seconds, DIT Compute Steps 3 steps, Scheduler 0.01 seconds
[36m(RolloutGroup(rank=2) pid=4057637)[0m language is None, reset current_start_frame to 0
[36m(RolloutGroup(rank=2) pid=4057637)[0m videos shape torch.Size([8, 3, 4, 160, 320]) 33
[36m(RolloutGroup(rank=1) pid=4057636)[0m Time taken: Total 2.46 seconds, Text Encoder 0.62 seconds, Image Encoder 0.54 seconds, VAE 0.00 seconds, KV Cache Creation 0.28 seconds, Diffusion 1.01 seconds, DIT Compute Steps 3 steps, Scheduler 0.01 seconds
[36m(RolloutGroup(rank=1) pid=4057636)[0m language is None, reset current_start_frame to 0
[36m(RolloutGroup(rank=1) pid=4057636)[0m videos shape torch.Size([8, 3, 4, 160, 320]) 33
[36m(RolloutGroup(rank=0) pid=4057629)[0m Time taken: Total 2.47 seconds, Text Encoder 0.62 seconds, Image Encoder 0.54 seconds, VAE 0.00 seconds, KV Cache Creation 0.28 seconds, Diffusion 1.02 seconds, DIT Compute Steps 3 steps, Scheduler 0.01 seconds
[36m(RolloutGroup(rank=0) pid=4057629)[0m language is None, reset current_start_frame to 0
[36m(RolloutGroup(rank=0) pid=4057629)[0m videos shape torch.Size([8, 3, 4, 160, 320]) 33
[36m(RolloutGroup(rank=3) pid=4057642)[0m Time taken: Total 2.47 seconds, Text Encoder 0.63 seconds, Image Encoder 0.55 seconds, VAE 0.00 seconds, KV Cache Creation 0.28 seconds, Diffusion 1.02 seconds, DIT Compute Steps 3 steps, Scheduler 0.01 seconds
[36m(RolloutGroup(rank=3) pid=4057642)[0m language is None, reset current_start_frame to 0
[36m(RolloutGroup(rank=3) pid=4057642)[0m videos shape torch.Size([8, 3, 4, 160, 320]) 33
[36m(RolloutGroup(rank=2) pid=4057637)[0m Time taken: Total 2.47 seconds, Text Encoder 0.62 seconds, Image Encoder 0.54 seconds, VAE 0.00 seconds, KV Cache Creation 0.28 seconds, Diffusion 1.02 seconds, DIT Compute Steps 3 steps, Scheduler 0.01 seconds
[36m(RolloutGroup(rank=2) pid=4057637)[0m language is None, reset current_start_frame to 0
[36m(RolloutGroup(rank=2) pid=4057637)[0m videos shape torch.Size([8, 3, 4, 160, 320]) 33
[36m(RolloutGroup(rank=1) pid=4057636)[0m Time taken: Total 2.46 seconds, Text Encoder 0.62 seconds, Image Encoder 0.54 seconds, VAE 0.00 seconds, KV Cache Creation 0.28 seconds, Diffusion 1.01 seconds, DIT Compute Steps 3 steps, Scheduler 0.01 seconds
[36m(RolloutGroup(rank=1) pid=4057636)[0m language is None, reset current_start_frame to 0
[36m(RolloutGroup(rank=1) pid=4057636)[0m videos shape torch.Size([8, 3, 4, 160, 320]) 33
[36m(RolloutGroup(rank=0) pid=4057629)[0m Time taken: Total 2.47 seconds, Text Encoder 0.62 seconds, Image Encoder 0.54 seconds, VAE 0.00 seconds, KV Cache Creation 0.28 seconds, Diffusion 1.02 seconds, DIT Compute Steps 3 steps, Scheduler 0.01 seconds
[36m(RolloutGroup(rank=0) pid=4057629)[0m language is None, reset current_start_frame to 0
[36m(RolloutGroup(rank=0) pid=4057629)[0m videos shape torch.Size([8, 3, 4, 160, 320]) 33
[36m(RolloutGroup(rank=3) pid=4057642)[0m Time taken: Total 2.47 seconds, Text Encoder 0.62 seconds, Image Encoder 0.55 seconds, VAE 0.00 seconds, KV Cache Creation 0.28 seconds, Diffusion 1.02 seconds, DIT Compute Steps 3 steps, Scheduler 0.01 seconds
[36m(RolloutGroup(rank=3) pid=4057642)[0m language is None, reset current_start_frame to 0
[36m(RolloutGroup(rank=3) pid=4057642)[0m videos shape torch.Size([8, 3, 4, 160, 320]) 33
[36m(RolloutGroup(rank=2) pid=4057637)[0m Time taken: Total 2.47 seconds, Text Encoder 0.62 seconds, Image Encoder 0.54 seconds, VAE 0.00 seconds, KV Cache Creation 0.28 seconds, Diffusion 1.02 seconds, DIT Compute Steps 3 steps, Scheduler 0.01 seconds
[36m(RolloutGroup(rank=2) pid=4057637)[0m language is None, reset current_start_frame to 0
[36m(RolloutGroup(rank=2) pid=4057637)[0m videos shape torch.Size([8, 3, 4, 160, 320]) 33
[36m(RolloutGroup(rank=1) pid=4057636)[0m Time taken: Total 2.46 seconds, Text Encoder 0.62 seconds, Image Encoder 0.54 seconds, VAE 0.00 seconds, KV Cache Creation 0.28 seconds, Diffusion 1.01 seconds, DIT Compute Steps 3 steps, Scheduler 0.01 seconds
[36m(RolloutGroup(rank=1) pid=4057636)[0m language is None, reset current_start_frame to 0
[36m(RolloutGroup(rank=1) pid=4057636)[0m videos shape torch.Size([8, 3, 4, 160, 320]) 33
[36m(RolloutGroup(rank=0) pid=4057629)[0m Time taken: Total 2.47 seconds, Text Encoder 0.62 seconds, Image Encoder 0.54 seconds, VAE 0.00 seconds, KV Cache Creation 0.28 seconds, Diffusion 1.02 seconds, DIT Compute Steps 3 steps, Scheduler 0.01 seconds
[36m(RolloutGroup(rank=0) pid=4057629)[0m language is None, reset current_start_frame to 0
[36m(RolloutGroup(rank=0) pid=4057629)[0m videos shape torch.Size([8, 3, 4, 160, 320]) 33
[36m(RolloutGroup(rank=3) pid=4057642)[0m Time taken: Total 2.47 seconds, Text Encoder 0.62 seconds, Image Encoder 0.55 seconds, VAE 0.00 seconds, KV Cache Creation 0.28 seconds, Diffusion 1.02 seconds, DIT Compute Steps 3 steps, Scheduler 0.01 seconds
[36m(RolloutGroup(rank=3) pid=4057642)[0m language is None, reset current_start_frame to 0
[36m(RolloutGroup(rank=3) pid=4057642)[0m videos shape torch.Size([8, 3, 4, 160, 320]) 33
[36m(RolloutGroup(rank=2) pid=4057637)[0m Time taken: Total 2.47 seconds, Text Encoder 0.62 seconds, Image Encoder 0.54 seconds, VAE 0.00 seconds, KV Cache Creation 0.28 seconds, Diffusion 1.02 seconds, DIT Compute Steps 3 steps, Scheduler 0.01 seconds
[36m(RolloutGroup(rank=2) pid=4057637)[0m language is None, reset current_start_frame to 0
[36m(RolloutGroup(rank=2) pid=4057637)[0m videos shape torch.Size([8, 3, 4, 160, 320]) 33
[36m(RolloutGroup(rank=1) pid=4057636)[0m Time taken: Total 2.46 seconds, Text Encoder 0.62 seconds, Image Encoder 0.54 seconds, VAE 0.00 seconds, KV Cache Creation 0.28 seconds, Diffusion 1.01 seconds, DIT Compute Steps 3 steps, Scheduler 0.01 seconds
[36m(RolloutGroup(rank=1) pid=4057636)[0m language is None, reset current_start_frame to 0
[36m(RolloutGroup(rank=1) pid=4057636)[0m videos shape torch.Size([8, 3, 4, 160, 320]) 33
[36m(RolloutGroup(rank=0) pid=4057629)[0m Time taken: Total 2.47 seconds, Text Encoder 0.62 seconds, Image Encoder 0.54 seconds, VAE 0.00 seconds, KV Cache Creation 0.28 seconds, Diffusion 1.02 seconds, DIT Compute Steps 3 steps, Scheduler 0.01 seconds
[36m(RolloutGroup(rank=0) pid=4057629)[0m language is None, reset current_start_frame to 0
[36m(RolloutGroup(rank=0) pid=4057629)[0m videos shape torch.Size([8, 3, 4, 160, 320]) 33
[36m(RolloutGroup(rank=3) pid=4057642)[0m Time taken: Total 2.47 seconds, Text Encoder 0.62 seconds, Image Encoder 0.54 seconds, VAE 0.00 seconds, KV Cache Creation 0.28 seconds, Diffusion 1.02 seconds, DIT Compute Steps 3 steps, Scheduler 0.01 seconds
[36m(RolloutGroup(rank=3) pid=4057642)[0m language is None, reset current_start_frame to 0
[36m(RolloutGroup(rank=3) pid=4057642)[0m videos shape torch.Size([8, 3, 4, 160, 320]) 33
[36m(RolloutGroup(rank=2) pid=4057637)[0m Time taken: Total 2.47 seconds, Text Encoder 0.62 seconds, Image Encoder 0.54 seconds, VAE 0.00 seconds, KV Cache Creation 0.28 seconds, Diffusion 1.02 seconds, DIT Compute Steps 3 steps, Scheduler 0.01 seconds
[36m(RolloutGroup(rank=2) pid=4057637)[0m language is None, reset current_start_frame to 0
[36m(RolloutGroup(rank=2) pid=4057637)[0m videos shape torch.Size([8, 3, 4, 160, 320]) 33
[36m(RolloutGroup(rank=1) pid=4057636)[0m Time taken: Total 2.46 seconds, Text Encoder 0.62 seconds, Image Encoder 0.54 seconds, VAE 0.00 seconds, KV Cache Creation 0.28 seconds, Diffusion 1.01 seconds, DIT Compute Steps 3 steps, Scheduler 0.01 seconds
[36m(RolloutGroup(rank=1) pid=4057636)[0m language is None, reset current_start_frame to 0
[36m(RolloutGroup(rank=1) pid=4057636)[0m videos shape torch.Size([8, 3, 4, 160, 320]) 33
[36m(RolloutGroup(rank=0) pid=4057629)[0m Time taken: Total 2.47 seconds, Text Encoder 0.62 seconds, Image Encoder 0.54 seconds, VAE 0.00 seconds, KV Cache Creation 0.28 seconds, Diffusion 1.02 seconds, DIT Compute Steps 3 steps, Scheduler 0.01 seconds
[36m(RolloutGroup(rank=0) pid=4057629)[0m language is None, reset current_start_frame to 0
[36m(RolloutGroup(rank=0) pid=4057629)[0m videos shape torch.Size([8, 3, 4, 160, 320]) 33
[36m(RolloutGroup(rank=3) pid=4057642)[0m Time taken: Total 2.47 seconds, Text Encoder 0.63 seconds, Image Encoder 0.55 seconds, VAE 0.00 seconds, KV Cache Creation 0.28 seconds, Diffusion 1.02 seconds, DIT Compute Steps 3 steps, Scheduler 0.01 seconds
[36m(RolloutGroup(rank=3) pid=4057642)[0m language is None, reset current_start_frame to 0
[36m(RolloutGroup(rank=3) pid=4057642)[0m videos shape torch.Size([8, 3, 4, 160, 320]) 33
[36m(RolloutGroup(rank=2) pid=4057637)[0m Time taken: Total 2.47 seconds, Text Encoder 0.62 seconds, Image Encoder 0.54 seconds, VAE 0.00 seconds, KV Cache Creation 0.28 seconds, Diffusion 1.02 seconds, DIT Compute Steps 3 steps, Scheduler 0.01 seconds
[36m(RolloutGroup(rank=2) pid=4057637)[0m language is None, reset current_start_frame to 0
[36m(RolloutGroup(rank=2) pid=4057637)[0m videos shape torch.Size([8, 3, 4, 160, 320]) 33
[36m(RolloutGroup(rank=1) pid=4057636)[0m Time taken: Total 2.46 seconds, Text Encoder 0.62 seconds, Image Encoder 0.54 seconds, VAE 0.00 seconds, KV Cache Creation 0.28 seconds, Diffusion 1.01 seconds, DIT Compute Steps 3 steps, Scheduler 0.01 seconds
[36m(RolloutGroup(rank=0) pid=4057629)[0m Time taken: Total 2.47 seconds, Text Encoder 0.62 seconds, Image Encoder 0.54 seconds, VAE 0.00 seconds, KV Cache Creation 0.28 seconds, Diffusion 1.02 seconds, DIT Compute Steps 3 steps, Scheduler 0.01 seconds
[36m(RolloutGroup(rank=3) pid=4057642)[0m Time taken: Total 2.47 seconds, Text Encoder 0.62 seconds, Image Encoder 0.55 seconds, VAE 0.00 seconds, KV Cache Creation 0.28 seconds, Diffusion 1.02 seconds, DIT Compute Steps 3 steps, Scheduler 0.01 seconds
[36m(RolloutGroup(rank=1) pid=4057636)[0m language is None, reset current_start_frame to 0
[36m(RolloutGroup(rank=1) pid=4057636)[0m videos shape torch.Size([8, 3, 4, 160, 320]) 33
[36m(RolloutGroup(rank=2) pid=4057637)[0m Time taken: Total 2.47 seconds, Text Encoder 0.62 seconds, Image Encoder 0.54 seconds, VAE 0.00 seconds, KV Cache Creation 0.28 seconds, Diffusion 1.02 seconds, DIT Compute Steps 3 steps, Scheduler 0.01 seconds
[36m(RolloutGroup(rank=0) pid=4057629)[0m language is None, reset current_start_frame to 0
[36m(RolloutGroup(rank=0) pid=4057629)[0m videos shape torch.Size([8, 3, 4, 160, 320]) 33
[36m(RolloutGroup(rank=3) pid=4057642)[0m language is None, reset current_start_frame to 0
[36m(RolloutGroup(rank=3) pid=4057642)[0m videos shape torch.Size([8, 3, 4, 160, 320]) 33
[36m(RolloutGroup(rank=2) pid=4057637)[0m language is None, reset current_start_frame to 0
[36m(RolloutGroup(rank=2) pid=4057637)[0m videos shape torch.Size([8, 3, 4, 160, 320]) 33
[36m(RolloutGroup(rank=1) pid=4057636)[0m Time taken: Total 2.46 seconds, Text Encoder 0.62 seconds, Image Encoder 0.54 seconds, VAE 0.00 seconds, KV Cache Creation 0.28 seconds, Diffusion 1.01 seconds, DIT Compute Steps 3 steps, Scheduler 0.01 seconds
[36m(RolloutGroup(rank=1) pid=4057636)[0m language is None, reset current_start_frame to 0
[36m(RolloutGroup(rank=1) pid=4057636)[0m videos shape torch.Size([8, 3, 4, 160, 320]) 33
[36m(RolloutGroup(rank=0) pid=4057629)[0m Time taken: Total 2.47 seconds, Text Encoder 0.62 seconds, Image Encoder 0.54 seconds, VAE 0.00 seconds, KV Cache Creation 0.28 seconds, Diffusion 1.01 seconds, DIT Compute Steps 3 steps, Scheduler 0.01 seconds
[36m(RolloutGroup(rank=0) pid=4057629)[0m language is None, reset current_start_frame to 0
[36m(RolloutGroup(rank=0) pid=4057629)[0m videos shape torch.Size([8, 3, 4, 160, 320]) 33
[36m(RolloutGroup(rank=3) pid=4057642)[0m Time taken: Total 2.47 seconds, Text Encoder 0.63 seconds, Image Encoder 0.54 seconds, VAE 0.00 seconds, KV Cache Creation 0.28 seconds, Diffusion 1.02 seconds, DIT Compute Steps 3 steps, Scheduler 0.01 seconds
[36m(RolloutGroup(rank=3) pid=4057642)[0m language is None, reset current_start_frame to 0
[36m(RolloutGroup(rank=3) pid=4057642)[0m videos shape torch.Size([8, 3, 4, 160, 320]) 33
[36m(RolloutGroup(rank=2) pid=4057637)[0m Time taken: Total 2.47 seconds, Text Encoder 0.62 seconds, Image Encoder 0.54 seconds, VAE 0.00 seconds, KV Cache Creation 0.28 seconds, Diffusion 1.02 seconds, DIT Compute Steps 3 steps, Scheduler 0.01 seconds
[36m(RolloutGroup(rank=2) pid=4057637)[0m language is None, reset current_start_frame to 0
[36m(RolloutGroup(rank=2) pid=4057637)[0m videos shape torch.Size([8, 3, 4, 160, 320]) 33
[36m(RolloutGroup(rank=1) pid=4057636)[0m Time taken: Total 2.46 seconds, Text Encoder 0.62 seconds, Image Encoder 0.54 seconds, VAE 0.00 seconds, KV Cache Creation 0.28 seconds, Diffusion 1.01 seconds, DIT Compute Steps 3 steps, Scheduler 0.01 seconds
[36m(RolloutGroup(rank=1) pid=4057636)[0m language is None, reset current_start_frame to 0
[36m(RolloutGroup(rank=1) pid=4057636)[0m videos shape torch.Size([8, 3, 4, 160, 320]) 33
[36m(RolloutGroup(rank=0) pid=4057629)[0m Time taken: Total 2.47 seconds, Text Encoder 0.62 seconds, Image Encoder 0.54 seconds, VAE 0.00 seconds, KV Cache Creation 0.28 seconds, Diffusion 1.02 seconds, DIT Compute Steps 3 steps, Scheduler 0.01 seconds
[36m(RolloutGroup(rank=0) pid=4057629)[0m language is None, reset current_start_frame to 0
[36m(RolloutGroup(rank=0) pid=4057629)[0m videos shape torch.Size([8, 3, 4, 160, 320]) 33
[36m(RolloutGroup(rank=3) pid=4057642)[0m Time taken: Total 2.47 seconds, Text Encoder 0.62 seconds, Image Encoder 0.55 seconds, VAE 0.00 seconds, KV Cache Creation 0.28 seconds, Diffusion 1.02 seconds, DIT Compute Steps 3 steps, Scheduler 0.01 seconds
[36m(RolloutGroup(rank=3) pid=4057642)[0m language is None, reset current_start_frame to 0
[36m(RolloutGroup(rank=3) pid=4057642)[0m videos shape torch.Size([8, 3, 4, 160, 320]) 33
[36m(RolloutGroup(rank=2) pid=4057637)[0m Time taken: Total 2.47 seconds, Text Encoder 0.62 seconds, Image Encoder 0.54 seconds, VAE 0.00 seconds, KV Cache Creation 0.28 seconds, Diffusion 1.02 seconds, DIT Compute Steps 3 steps, Scheduler 0.01 seconds
[36m(RolloutGroup(rank=2) pid=4057637)[0m language is None, reset current_start_frame to 0
[36m(RolloutGroup(rank=2) pid=4057637)[0m videos shape torch.Size([8, 3, 4, 160, 320]) 33
[36m(RolloutGroup(rank=1) pid=4057636)[0m Time taken: Total 2.46 seconds, Text Encoder 0.62 seconds, Image Encoder 0.54 seconds, VAE 0.00 seconds, KV Cache Creation 0.28 seconds, Diffusion 1.01 seconds, DIT Compute Steps 3 steps, Scheduler 0.01 seconds
[36m(RolloutGroup(rank=1) pid=4057636)[0m language is None, reset current_start_frame to 0
[36m(RolloutGroup(rank=1) pid=4057636)[0m videos shape torch.Size([8, 3, 4, 160, 320]) 33
[36m(RolloutGroup(rank=0) pid=4057629)[0m Time taken: Total 2.47 seconds, Text Encoder 0.62 seconds, Image Encoder 0.54 seconds, VAE 0.00 seconds, KV Cache Creation 0.28 seconds, Diffusion 1.02 seconds, DIT Compute Steps 3 steps, Scheduler 0.01 seconds
[36m(RolloutGroup(rank=0) pid=4057629)[0m language is None, reset current_start_frame to 0
[36m(RolloutGroup(rank=0) pid=4057629)[0m videos shape torch.Size([8, 3, 4, 160, 320]) 33
[36m(RolloutGroup(rank=3) pid=4057642)[0m Time taken: Total 2.47 seconds, Text Encoder 0.62 seconds, Image Encoder 0.55 seconds, VAE 0.00 seconds, KV Cache Creation 0.28 seconds, Diffusion 1.02 seconds, DIT Compute Steps 3 steps, Scheduler 0.01 seconds
[36m(RolloutGroup(rank=3) pid=4057642)[0m language is None, reset current_start_frame to 0
[36m(RolloutGroup(rank=3) pid=4057642)[0m videos shape torch.Size([8, 3, 4, 160, 320]) 33
[36m(RolloutGroup(rank=2) pid=4057637)[0m Time taken: Total 2.47 seconds, Text Encoder 0.62 seconds, Image Encoder 0.54 seconds, VAE 0.00 seconds, KV Cache Creation 0.28 seconds, Diffusion 1.02 seconds, DIT Compute Steps 3 steps, Scheduler 0.01 seconds
[36m(RolloutGroup(rank=2) pid=4057637)[0m language is None, reset current_start_frame to 0
[36m(RolloutGroup(rank=2) pid=4057637)[0m videos shape torch.Size([8, 3, 4, 160, 320]) 33
[36m(RolloutGroup(rank=1) pid=4057636)[0m Time taken: Total 2.46 seconds, Text Encoder 0.62 seconds, Image Encoder 0.54 seconds, VAE 0.00 seconds, KV Cache Creation 0.28 seconds, Diffusion 1.01 seconds, DIT Compute Steps 3 steps, Scheduler 0.01 seconds
[36m(RolloutGroup(rank=1) pid=4057636)[0m language is None, reset current_start_frame to 0
[36m(RolloutGroup(rank=1) pid=4057636)[0m videos shape torch.Size([8, 3, 4, 160, 320]) 33
[36m(RolloutGroup(rank=0) pid=4057629)[0m Time taken: Total 2.46 seconds, Text Encoder 0.62 seconds, Image Encoder 0.54 seconds, VAE 0.00 seconds, KV Cache Creation 0.28 seconds, Diffusion 1.01 seconds, DIT Compute Steps 3 steps, Scheduler 0.01 seconds
[36m(RolloutGroup(rank=0) pid=4057629)[0m language is None, reset current_start_frame to 0
[36m(RolloutGroup(rank=0) pid=4057629)[0m videos shape torch.Size([8, 3, 4, 160, 320]) 33
[36m(RolloutGroup(rank=3) pid=4057642)[0m Time taken: Total 2.47 seconds, Text Encoder 0.63 seconds, Image Encoder 0.54 seconds, VAE 0.00 seconds, KV Cache Creation 0.28 seconds, Diffusion 1.02 seconds, DIT Compute Steps 3 steps, Scheduler 0.01 seconds
[36m(RolloutGroup(rank=3) pid=4057642)[0m language is None, reset current_start_frame to 0
[36m(RolloutGroup(rank=3) pid=4057642)[0m videos shape torch.Size([8, 3, 4, 160, 320]) 33
[36m(RolloutGroup(rank=2) pid=4057637)[0m Time taken: Total 2.47 seconds, Text Encoder 0.62 seconds, Image Encoder 0.54 seconds, VAE 0.00 seconds, KV Cache Creation 0.28 seconds, Diffusion 1.02 seconds, DIT Compute Steps 3 steps, Scheduler 0.01 seconds
[36m(RolloutGroup(rank=2) pid=4057637)[0m language is None, reset current_start_frame to 0
[36m(RolloutGroup(rank=2) pid=4057637)[0m videos shape torch.Size([8, 3, 4, 160, 320]) 33
[36m(RolloutGroup(rank=1) pid=4057636)[0m Time taken: Total 2.45 seconds, Text Encoder 0.62 seconds, Image Encoder 0.54 seconds, VAE 0.00 seconds, KV Cache Creation 0.27 seconds, Diffusion 1.01 seconds, DIT Compute Steps 3 steps, Scheduler 0.01 seconds
[36m(RolloutGroup(rank=1) pid=4057636)[0m language is None, reset current_start_frame to 0
[36m(RolloutGroup(rank=1) pid=4057636)[0m videos shape torch.Size([8, 3, 4, 160, 320]) 33
[36m(RolloutGroup(rank=0) pid=4057629)[0m Time taken: Total 2.47 seconds, Text Encoder 0.62 seconds, Image Encoder 0.54 seconds, VAE 0.00 seconds, KV Cache Creation 0.28 seconds, Diffusion 1.01 seconds, DIT Compute Steps 3 steps, Scheduler 0.01 seconds
[36m(RolloutGroup(rank=0) pid=4057629)[0m language is None, reset current_start_frame to 0
[36m(RolloutGroup(rank=0) pid=4057629)[0m videos shape torch.Size([8, 3, 4, 160, 320]) 33
[36m(RolloutGroup(rank=3) pid=4057642)[0m Time taken: Total 2.47 seconds, Text Encoder 0.62 seconds, Image Encoder 0.55 seconds, VAE 0.00 seconds, KV Cache Creation 0.28 seconds, Diffusion 1.02 seconds, DIT Compute Steps 3 steps, Scheduler 0.01 seconds
[36m(RolloutGroup(rank=3) pid=4057642)[0m language is None, reset current_start_frame to 0
[36m(RolloutGroup(rank=3) pid=4057642)[0m videos shape torch.Size([8, 3, 4, 160, 320]) 33
[36m(RolloutGroup(rank=2) pid=4057637)[0m Time taken: Total 2.47 seconds, Text Encoder 0.62 seconds, Image Encoder 0.54 seconds, VAE 0.00 seconds, KV Cache Creation 0.28 seconds, Diffusion 1.02 seconds, DIT Compute Steps 3 steps, Scheduler 0.01 seconds
[36m(RolloutGroup(rank=2) pid=4057637)[0m language is None, reset current_start_frame to 0
[36m(RolloutGroup(rank=2) pid=4057637)[0m videos shape torch.Size([8, 3, 4, 160, 320]) 33
[36m(RolloutGroup(rank=1) pid=4057636)[0m Time taken: Total 2.45 seconds, Text Encoder 0.62 seconds, Image Encoder 0.54 seconds, VAE 0.00 seconds, KV Cache Creation 0.27 seconds, Diffusion 1.01 seconds, DIT Compute Steps 3 steps, Scheduler 0.01 seconds
[36m(RolloutGroup(rank=1) pid=4057636)[0m language is None, reset current_start_frame to 0
[36m(RolloutGroup(rank=1) pid=4057636)[0m videos shape torch.Size([8, 3, 4, 160, 320]) 33
[36m(RolloutGroup(rank=0) pid=4057629)[0m Time taken: Total 2.46 seconds, Text Encoder 0.62 seconds, Image Encoder 0.54 seconds, VAE 0.00 seconds, KV Cache Creation 0.28 seconds, Diffusion 1.01 seconds, DIT Compute Steps 3 steps, Scheduler 0.01 seconds
[36m(RolloutGroup(rank=0) pid=4057629)[0m language is None, reset current_start_frame to 0
[36m(RolloutGroup(rank=0) pid=4057629)[0m videos shape torch.Size([8, 3, 4, 160, 320]) 33
[36m(RolloutGroup(rank=3) pid=4057642)[0m Time taken: Total 2.47 seconds, Text Encoder 0.63 seconds, Image Encoder 0.55 seconds, VAE 0.00 seconds, KV Cache Creation 0.28 seconds, Diffusion 1.02 seconds, DIT Compute Steps 3 steps, Scheduler 0.01 seconds
[36m(RolloutGroup(rank=3) pid=4057642)[0m language is None, reset current_start_frame to 0
[36m(RolloutGroup(rank=3) pid=4057642)[0m videos shape torch.Size([8, 3, 4, 160, 320]) 33
[36m(RolloutGroup(rank=2) pid=4057637)[0m Time taken: Total 2.47 seconds, Text Encoder 0.62 seconds, Image Encoder 0.54 seconds, VAE 0.00 seconds, KV Cache Creation 0.28 seconds, Diffusion 1.02 seconds, DIT Compute Steps 3 steps, Scheduler 0.01 seconds
[36m(RolloutGroup(rank=2) pid=4057637)[0m language is None, reset current_start_frame to 0
[36m(RolloutGroup(rank=2) pid=4057637)[0m videos shape torch.Size([8, 3, 4, 160, 320]) 33
[36m(RolloutGroup(rank=1) pid=4057636)[0m Time taken: Total 2.46 seconds, Text Encoder 0.62 seconds, Image Encoder 0.54 seconds, VAE 0.00 seconds, KV Cache Creation 0.28 seconds, Diffusion 1.01 seconds, DIT Compute Steps 3 steps, Scheduler 0.01 seconds
[36m(RolloutGroup(rank=1) pid=4057636)[0m language is None, reset current_start_frame to 0
[36m(RolloutGroup(rank=1) pid=4057636)[0m videos shape torch.Size([8, 3, 4, 160, 320]) 33
[36m(RolloutGroup(rank=0) pid=4057629)[0m Time taken: Total 2.47 seconds, Text Encoder 0.62 seconds, Image Encoder 0.54 seconds, VAE 0.00 seconds, KV Cache Creation 0.28 seconds, Diffusion 1.02 seconds, DIT Compute Steps 3 steps, Scheduler 0.01 seconds
[36m(RolloutGroup(rank=0) pid=4057629)[0m language is None, reset current_start_frame to 0
[36m(RolloutGroup(rank=0) pid=4057629)[0m videos shape torch.Size([8, 3, 4, 160, 320]) 33
[36m(RolloutGroup(rank=3) pid=4057642)[0m Time taken: Total 2.47 seconds, Text Encoder 0.63 seconds, Image Encoder 0.54 seconds, VAE 0.00 seconds, KV Cache Creation 0.28 seconds, Diffusion 1.02 seconds, DIT Compute Steps 3 steps, Scheduler 0.01 seconds
[36m(RolloutGroup(rank=3) pid=4057642)[0m language is None, reset current_start_frame to 0
[36m(RolloutGroup(rank=3) pid=4057642)[0m videos shape torch.Size([8, 3, 4, 160, 320]) 33
[36m(RolloutGroup(rank=2) pid=4057637)[0m Time taken: Total 2.47 seconds, Text Encoder 0.62 seconds, Image Encoder 0.54 seconds, VAE 0.00 seconds, KV Cache Creation 0.28 seconds, Diffusion 1.02 seconds, DIT Compute Steps 3 steps, Scheduler 0.01 seconds
[36m(RolloutGroup(rank=2) pid=4057637)[0m language is None, reset current_start_frame to 0
[36m(RolloutGroup(rank=2) pid=4057637)[0m videos shape torch.Size([8, 3, 4, 160, 320]) 33
[36m(RolloutGroup(rank=1) pid=4057636)[0m Time taken: Total 2.45 seconds, Text Encoder 0.62 seconds, Image Encoder 0.54 seconds, VAE 0.00 seconds, KV Cache Creation 0.28 seconds, Diffusion 1.01 seconds, DIT Compute Steps 3 steps, Scheduler 0.01 seconds
[36m(RolloutGroup(rank=1) pid=4057636)[0m language is None, reset current_start_frame to 0
[36m(RolloutGroup(rank=1) pid=4057636)[0m videos shape torch.Size([8, 3, 4, 160, 320]) 33
[36m(RolloutGroup(rank=0) pid=4057629)[0m Time taken: Total 2.46 seconds, Text Encoder 0.62 seconds, Image Encoder 0.54 seconds, VAE 0.00 seconds, KV Cache Creation 0.28 seconds, Diffusion 1.01 seconds, DIT Compute Steps 3 steps, Scheduler 0.01 seconds
[36m(RolloutGroup(rank=0) pid=4057629)[0m language is None, reset current_start_frame to 0
[36m(RolloutGroup(rank=0) pid=4057629)[0m videos shape torch.Size([8, 3, 4, 160, 320]) 33
[36m(RolloutGroup(rank=3) pid=4057642)[0m Time taken: Total 2.47 seconds, Text Encoder 0.63 seconds, Image Encoder 0.54 seconds, VAE 0.00 seconds, KV Cache Creation 0.28 seconds, Diffusion 1.02 seconds, DIT Compute Steps 3 steps, Scheduler 0.01 seconds
[36m(RolloutGroup(rank=3) pid=4057642)[0m language is None, reset current_start_frame to 0
[36m(RolloutGroup(rank=3) pid=4057642)[0m videos shape torch.Size([8, 3, 4, 160, 320]) 33
[36m(RolloutGroup(rank=2) pid=4057637)[0m Time taken: Total 2.47 seconds, Text Encoder 0.62 seconds, Image Encoder 0.54 seconds, VAE 0.00 seconds, KV Cache Creation 0.28 seconds, Diffusion 1.02 seconds, DIT Compute Steps 3 steps, Scheduler 0.01 seconds
[36m(RolloutGroup(rank=2) pid=4057637)[0m language is None, reset current_start_frame to 0
[36m(RolloutGroup(rank=2) pid=4057637)[0m videos shape torch.Size([8, 3, 4, 160, 320]) 33
[36m(RolloutGroup(rank=1) pid=4057636)[0m Time taken: Total 2.46 seconds, Text Encoder 0.62 seconds, Image Encoder 0.54 seconds, VAE 0.00 seconds, KV Cache Creation 0.28 seconds, Diffusion 1.01 seconds, DIT Compute Steps 3 steps, Scheduler 0.01 seconds
[36m(RolloutGroup(rank=1) pid=4057636)[0m language is None, reset current_start_frame to 0
[36m(RolloutGroup(rank=1) pid=4057636)[0m videos shape torch.Size([8, 3, 4, 160, 320]) 33
[36m(RolloutGroup(rank=0) pid=4057629)[0m Time taken: Total 2.46 seconds, Text Encoder 0.62 seconds, Image Encoder 0.54 seconds, VAE 0.00 seconds, KV Cache Creation 0.28 seconds, Diffusion 1.01 seconds, DIT Compute Steps 3 steps, Scheduler 0.01 seconds
[36m(RolloutGroup(rank=0) pid=4057629)[0m language is None, reset current_start_frame to 0
[36m(RolloutGroup(rank=0) pid=4057629)[0m videos shape torch.Size([8, 3, 4, 160, 320]) 33
[36m(RolloutGroup(rank=3) pid=4057642)[0m Time taken: Total 2.47 seconds, Text Encoder 0.63 seconds, Image Encoder 0.55 seconds, VAE 0.00 seconds, KV Cache Creation 0.28 seconds, Diffusion 1.02 seconds, DIT Compute Steps 3 steps, Scheduler 0.01 seconds
[36m(RolloutGroup(rank=3) pid=4057642)[0m language is None, reset current_start_frame to 0
[36m(RolloutGroup(rank=3) pid=4057642)[0m videos shape torch.Size([8, 3, 4, 160, 320]) 33
[36m(RolloutGroup(rank=2) pid=4057637)[0m Time taken: Total 2.47 seconds, Text Encoder 0.62 seconds, Image Encoder 0.54 seconds, VAE 0.00 seconds, KV Cache Creation 0.28 seconds, Diffusion 1.02 seconds, DIT Compute Steps 3 steps, Scheduler 0.01 seconds
[36m(RolloutGroup(rank=2) pid=4057637)[0m language is None, reset current_start_frame to 0
[36m(RolloutGroup(rank=2) pid=4057637)[0m videos shape torch.Size([8, 3, 4, 160, 320]) 33
[36m(RolloutGroup(rank=1) pid=4057636)[0m Time taken: Total 2.45 seconds, Text Encoder 0.62 seconds, Image Encoder 0.54 seconds, VAE 0.00 seconds, KV Cache Creation 0.28 seconds, Diffusion 1.01 seconds, DIT Compute Steps 3 steps, Scheduler 0.01 seconds
[36m(RolloutGroup(rank=0) pid=4057629)[0m Time taken: Total 2.46 seconds, Text Encoder 0.62 seconds, Image Encoder 0.54 seconds, VAE 0.00 seconds, KV Cache Creation 0.28 seconds, Diffusion 1.01 seconds, DIT Compute Steps 3 steps, Scheduler 0.01 seconds
[36m(RolloutGroup(rank=3) pid=4057642)[0m Time taken: Total 2.47 seconds, Text Encoder 0.63 seconds, Image Encoder 0.55 seconds, VAE 0.00 seconds, KV Cache Creation 0.28 seconds, Diffusion 1.02 seconds, DIT Compute Steps 3 steps, Scheduler 0.01 seconds
[36m(RolloutGroup(rank=1) pid=4057636)[0m language is None, reset current_start_frame to 0
[36m(RolloutGroup(rank=1) pid=4057636)[0m videos shape torch.Size([8, 3, 4, 160, 320]) 33
[36m(RolloutGroup(rank=2) pid=4057637)[0m Time taken: Total 2.48 seconds, Text Encoder 0.62 seconds, Image Encoder 0.54 seconds, VAE 0.00 seconds, KV Cache Creation 0.28 seconds, Diffusion 1.02 seconds, DIT Compute Steps 3 steps, Scheduler 0.01 seconds
[36m(RolloutGroup(rank=0) pid=4057629)[0m language is None, reset current_start_frame to 0
[36m(RolloutGroup(rank=0) pid=4057629)[0m videos shape torch.Size([8, 3, 4, 160, 320]) 33
[36m(RolloutGroup(rank=3) pid=4057642)[0m language is None, reset current_start_frame to 0
[36m(RolloutGroup(rank=3) pid=4057642)[0m videos shape torch.Size([8, 3, 4, 160, 320]) 33
[36m(RolloutGroup(rank=2) pid=4057637)[0m language is None, reset current_start_frame to 0
[36m(RolloutGroup(rank=2) pid=4057637)[0m videos shape torch.Size([8, 3, 4, 160, 320]) 33
[36m(RolloutGroup(rank=1) pid=4057636)[0m Time taken: Total 2.46 seconds, Text Encoder 0.62 seconds, Image Encoder 0.54 seconds, VAE 0.00 seconds, KV Cache Creation 0.28 seconds, Diffusion 1.01 seconds, DIT Compute Steps 3 steps, Scheduler 0.01 seconds
[36m(RolloutGroup(rank=1) pid=4057636)[0m language is None, reset current_start_frame to 0
[36m(RolloutGroup(rank=1) pid=4057636)[0m videos shape torch.Size([8, 3, 4, 160, 320]) 33
[36m(RolloutGroup(rank=0) pid=4057629)[0m Time taken: Total 2.47 seconds, Text Encoder 0.62 seconds, Image Encoder 0.54 seconds, VAE 0.00 seconds, KV Cache Creation 0.28 seconds, Diffusion 1.02 seconds, DIT Compute Steps 3 steps, Scheduler 0.01 seconds
[36m(RolloutGroup(rank=0) pid=4057629)[0m language is None, reset current_start_frame to 0
[36m(RolloutGroup(rank=0) pid=4057629)[0m videos shape torch.Size([8, 3, 4, 160, 320]) 33
[36m(RolloutGroup(rank=3) pid=4057642)[0m Time taken: Total 2.47 seconds, Text Encoder 0.63 seconds, Image Encoder 0.54 seconds, VAE 0.00 seconds, KV Cache Creation 0.28 seconds, Diffusion 1.01 seconds, DIT Compute Steps 3 steps, Scheduler 0.01 seconds
[36m(RolloutGroup(rank=3) pid=4057642)[0m language is None, reset current_start_frame to 0
[36m(RolloutGroup(rank=3) pid=4057642)[0m videos shape torch.Size([8, 3, 4, 160, 320]) 33
[36m(RolloutGroup(rank=2) pid=4057637)[0m Time taken: Total 2.47 seconds, Text Encoder 0.62 seconds, Image Encoder 0.54 seconds, VAE 0.00 seconds, KV Cache Creation 0.28 seconds, Diffusion 1.02 seconds, DIT Compute Steps 3 steps, Scheduler 0.01 seconds
[36m(RolloutGroup(rank=2) pid=4057637)[0m language is None, reset current_start_frame to 0
[36m(RolloutGroup(rank=2) pid=4057637)[0m videos shape torch.Size([8, 3, 4, 160, 320]) 33
[36m(RolloutGroup(rank=1) pid=4057636)[0m Time taken: Total 2.46 seconds, Text Encoder 0.62 seconds, Image Encoder 0.54 seconds, VAE 0.00 seconds, KV Cache Creation 0.28 seconds, Diffusion 1.01 seconds, DIT Compute Steps 3 steps, Scheduler 0.01 seconds
[36m(RolloutGroup(rank=1) pid=4057636)[0m language is None, reset current_start_frame to 0
[36m(RolloutGroup(rank=1) pid=4057636)[0m videos shape torch.Size([8, 3, 4, 160, 320]) 33
[36m(RolloutGroup(rank=0) pid=4057629)[0m Time taken: Total 2.47 seconds, Text Encoder 0.62 seconds, Image Encoder 0.54 seconds, VAE 0.00 seconds, KV Cache Creation 0.28 seconds, Diffusion 1.02 seconds, DIT Compute Steps 3 steps, Scheduler 0.01 seconds
[36m(RolloutGroup(rank=0) pid=4057629)[0m language is None, reset current_start_frame to 0
[36m(RolloutGroup(rank=0) pid=4057629)[0m videos shape torch.Size([8, 3, 4, 160, 320]) 33
[36m(RolloutGroup(rank=3) pid=4057642)[0m Time taken: Total 2.47 seconds, Text Encoder 0.62 seconds, Image Encoder 0.55 seconds, VAE 0.00 seconds, KV Cache Creation 0.28 seconds, Diffusion 1.01 seconds, DIT Compute Steps 3 steps, Scheduler 0.01 seconds
[36m(RolloutGroup(rank=3) pid=4057642)[0m language is None, reset current_start_frame to 0
[36m(RolloutGroup(rank=3) pid=4057642)[0m videos shape torch.Size([8, 3, 4, 160, 320]) 33
[36m(RolloutGroup(rank=2) pid=4057637)[0m Time taken: Total 2.47 seconds, Text Encoder 0.62 seconds, Image Encoder 0.54 seconds, VAE 0.00 seconds, KV Cache Creation 0.28 seconds, Diffusion 1.02 seconds, DIT Compute Steps 3 steps, Scheduler 0.01 seconds
[36m(RolloutGroup(rank=2) pid=4057637)[0m language is None, reset current_start_frame to 0
[36m(RolloutGroup(rank=2) pid=4057637)[0m videos shape torch.Size([8, 3, 4, 160, 320]) 33
[36m(RolloutGroup(rank=1) pid=4057636)[0m Time taken: Total 2.46 seconds, Text Encoder 0.62 seconds, Image Encoder 0.54 seconds, VAE 0.00 seconds, KV Cache Creation 0.28 seconds, Diffusion 1.02 seconds, DIT Compute Steps 3 steps, Scheduler 0.01 seconds
[36m(RolloutGroup(rank=1) pid=4057636)[0m language is None, reset current_start_frame to 0
[36m(RolloutGroup(rank=1) pid=4057636)[0m videos shape torch.Size([8, 3, 4, 160, 320]) 33
[36m(RolloutGroup(rank=0) pid=4057629)[0m Time taken: Total 2.47 seconds, Text Encoder 0.62 seconds, Image Encoder 0.54 seconds, VAE 0.00 seconds, KV Cache Creation 0.28 seconds, Diffusion 1.02 seconds, DIT Compute Steps 3 steps, Scheduler 0.01 seconds
[36m(RolloutGroup(rank=0) pid=4057629)[0m language is None, reset current_start_frame to 0
[36m(RolloutGroup(rank=0) pid=4057629)[0m videos shape torch.Size([8, 3, 4, 160, 320]) 33
[36m(RolloutGroup(rank=3) pid=4057642)[0m Time taken: Total 2.47 seconds, Text Encoder 0.62 seconds, Image Encoder 0.55 seconds, VAE 0.00 seconds, KV Cache Creation 0.28 seconds, Diffusion 1.02 seconds, DIT Compute Steps 3 steps, Scheduler 0.01 seconds
[36m(RolloutGroup(rank=3) pid=4057642)[0m language is None, reset current_start_frame to 0
[36m(RolloutGroup(rank=3) pid=4057642)[0m videos shape torch.Size([8, 3, 4, 160, 320]) 33
[36m(RolloutGroup(rank=2) pid=4057637)[0m Time taken: Total 2.47 seconds, Text Encoder 0.62 seconds, Image Encoder 0.54 seconds, VAE 0.00 seconds, KV Cache Creation 0.28 seconds, Diffusion 1.02 seconds, DIT Compute Steps 3 steps, Scheduler 0.01 seconds
[36m(RolloutGroup(rank=2) pid=4057637)[0m language is None, reset current_start_frame to 0
[36m(RolloutGroup(rank=2) pid=4057637)[0m videos shape torch.Size([8, 3, 4, 160, 320]) 33
[36m(RolloutGroup(rank=1) pid=4057636)[0m Time taken: Total 2.46 seconds, Text Encoder 0.62 seconds, Image Encoder 0.54 seconds, VAE 0.00 seconds, KV Cache Creation 0.28 seconds, Diffusion 1.01 seconds, DIT Compute Steps 3 steps, Scheduler 0.01 seconds
[36m(RolloutGroup(rank=1) pid=4057636)[0m language is None, reset current_start_frame to 0
[36m(RolloutGroup(rank=1) pid=4057636)[0m videos shape torch.Size([8, 3, 4, 160, 320]) 33
[36m(RolloutGroup(rank=0) pid=4057629)[0m Time taken: Total 2.47 seconds, Text Encoder 0.62 seconds, Image Encoder 0.54 seconds, VAE 0.00 seconds, KV Cache Creation 0.28 seconds, Diffusion 1.02 seconds, DIT Compute Steps 3 steps, Scheduler 0.01 seconds
[36m(RolloutGroup(rank=0) pid=4057629)[0m language is None, reset current_start_frame to 0
[36m(RolloutGroup(rank=0) pid=4057629)[0m videos shape torch.Size([8, 3, 4, 160, 320]) 33
[36m(RolloutGroup(rank=3) pid=4057642)[0m Time taken: Total 2.47 seconds, Text Encoder 0.63 seconds, Image Encoder 0.55 seconds, VAE 0.00 seconds, KV Cache Creation 0.28 seconds, Diffusion 1.01 seconds, DIT Compute Steps 3 steps, Scheduler 0.01 seconds
[36m(RolloutGroup(rank=3) pid=4057642)[0m language is None, reset current_start_frame to 0
[36m(RolloutGroup(rank=3) pid=4057642)[0m videos shape torch.Size([8, 3, 4, 160, 320]) 33
[36m(RolloutGroup(rank=2) pid=4057637)[0m Time taken: Total 2.47 seconds, Text Encoder 0.62 seconds, Image Encoder 0.54 seconds, VAE 0.00 seconds, KV Cache Creation 0.28 seconds, Diffusion 1.02 seconds, DIT Compute Steps 3 steps, Scheduler 0.01 seconds
[36m(RolloutGroup(rank=2) pid=4057637)[0m language is None, reset current_start_frame to 0
[36m(RolloutGroup(rank=2) pid=4057637)[0m videos shape torch.Size([8, 3, 4, 160, 320]) 33
[36m(RolloutGroup(rank=1) pid=4057636)[0m Time taken: Total 2.46 seconds, Text Encoder 0.62 seconds, Image Encoder 0.54 seconds, VAE 0.00 seconds, KV Cache Creation 0.28 seconds, Diffusion 1.01 seconds, DIT Compute Steps 3 steps, Scheduler 0.01 seconds
[36m(RolloutGroup(rank=1) pid=4057636)[0m language is None, reset current_start_frame to 0
[36m(RolloutGroup(rank=1) pid=4057636)[0m videos shape torch.Size([8, 3, 4, 160, 320]) 33
[36m(RolloutGroup(rank=0) pid=4057629)[0m Time taken: Total 2.47 seconds, Text Encoder 0.62 seconds, Image Encoder 0.54 seconds, VAE 0.00 seconds, KV Cache Creation 0.28 seconds, Diffusion 1.02 seconds, DIT Compute Steps 3 steps, Scheduler 0.01 seconds
[36m(RolloutGroup(rank=0) pid=4057629)[0m language is None, reset current_start_frame to 0
[36m(RolloutGroup(rank=0) pid=4057629)[0m videos shape torch.Size([8, 3, 4, 160, 320]) 33
[36m(RolloutGroup(rank=3) pid=4057642)[0m Time taken: Total 2.47 seconds, Text Encoder 0.62 seconds, Image Encoder 0.55 seconds, VAE 0.00 seconds, KV Cache Creation 0.28 seconds, Diffusion 1.01 seconds, DIT Compute Steps 3 steps, Scheduler 0.01 seconds
[36m(RolloutGroup(rank=3) pid=4057642)[0m language is None, reset current_start_frame to 0
[36m(RolloutGroup(rank=3) pid=4057642)[0m videos shape torch.Size([8, 3, 4, 160, 320]) 33
[36m(RolloutGroup(rank=2) pid=4057637)[0m Time taken: Total 2.47 seconds, Text Encoder 0.62 seconds, Image Encoder 0.54 seconds, VAE 0.00 seconds, KV Cache Creation 0.28 seconds, Diffusion 1.02 seconds, DIT Compute Steps 3 steps, Scheduler 0.01 seconds
[36m(RolloutGroup(rank=2) pid=4057637)[0m language is None, reset current_start_frame to 0
[36m(RolloutGroup(rank=2) pid=4057637)[0m videos shape torch.Size([8, 3, 4, 160, 320]) 33
[36m(RolloutGroup(rank=1) pid=4057636)[0m Time taken: Total 2.46 seconds, Text Encoder 0.62 seconds, Image Encoder 0.54 seconds, VAE 0.00 seconds, KV Cache Creation 0.28 seconds, Diffusion 1.01 seconds, DIT Compute Steps 3 steps, Scheduler 0.01 seconds
[36m(RolloutGroup(rank=1) pid=4057636)[0m language is None, reset current_start_frame to 0
[36m(RolloutGroup(rank=1) pid=4057636)[0m videos shape torch.Size([8, 3, 4, 160, 320]) 33
[36m(RolloutGroup(rank=0) pid=4057629)[0m Time taken: Total 2.47 seconds, Text Encoder 0.62 seconds, Image Encoder 0.54 seconds, VAE 0.00 seconds, KV Cache Creation 0.28 seconds, Diffusion 1.02 seconds, DIT Compute Steps 3 steps, Scheduler 0.01 seconds
[36m(RolloutGroup(rank=0) pid=4057629)[0m language is None, reset current_start_frame to 0
[36m(RolloutGroup(rank=0) pid=4057629)[0m videos shape torch.Size([8, 3, 4, 160, 320]) 33
[36m(RolloutGroup(rank=3) pid=4057642)[0m Time taken: Total 2.47 seconds, Text Encoder 0.62 seconds, Image Encoder 0.54 seconds, VAE 0.00 seconds, KV Cache Creation 0.28 seconds, Diffusion 1.01 seconds, DIT Compute Steps 3 steps, Scheduler 0.01 seconds
[36m(RolloutGroup(rank=3) pid=4057642)[0m language is None, reset current_start_frame to 0
[36m(RolloutGroup(rank=3) pid=4057642)[0m videos shape torch.Size([8, 3, 4, 160, 320]) 33
[36m(RolloutGroup(rank=2) pid=4057637)[0m Time taken: Total 2.47 seconds, Text Encoder 0.62 seconds, Image Encoder 0.54 seconds, VAE 0.00 seconds, KV Cache Creation 0.28 seconds, Diffusion 1.02 seconds, DIT Compute Steps 3 steps, Scheduler 0.01 seconds
[36m(RolloutGroup(rank=2) pid=4057637)[0m language is None, reset current_start_frame to 0
[36m(RolloutGroup(rank=2) pid=4057637)[0m videos shape torch.Size([8, 3, 4, 160, 320]) 33
[36m(RolloutGroup(rank=1) pid=4057636)[0m Time taken: Total 2.46 seconds, Text Encoder 0.62 seconds, Image Encoder 0.54 seconds, VAE 0.00 seconds, KV Cache Creation 0.28 seconds, Diffusion 1.01 seconds, DIT Compute Steps 3 steps, Scheduler 0.01 seconds
[36m(RolloutGroup(rank=1) pid=4057636)[0m language is None, reset current_start_frame to 0
[36m(RolloutGroup(rank=1) pid=4057636)[0m videos shape torch.Size([8, 3, 4, 160, 320]) 33
[36m(RolloutGroup(rank=0) pid=4057629)[0m Time taken: Total 2.47 seconds, Text Encoder 0.62 seconds, Image Encoder 0.54 seconds, VAE 0.00 seconds, KV Cache Creation 0.28 seconds, Diffusion 1.02 seconds, DIT Compute Steps 3 steps, Scheduler 0.01 seconds
[36m(RolloutGroup(rank=0) pid=4057629)[0m language is None, reset current_start_frame to 0
[36m(RolloutGroup(rank=0) pid=4057629)[0m videos shape torch.Size([8, 3, 4, 160, 320]) 33
[36m(RolloutGroup(rank=3) pid=4057642)[0m Time taken: Total 2.47 seconds, Text Encoder 0.63 seconds, Image Encoder 0.55 seconds, VAE 0.00 seconds, KV Cache Creation 0.28 seconds, Diffusion 1.01 seconds, DIT Compute Steps 3 steps, Scheduler 0.01 seconds
[36m(RolloutGroup(rank=3) pid=4057642)[0m language is None, reset current_start_frame to 0
[36m(RolloutGroup(rank=3) pid=4057642)[0m videos shape torch.Size([8, 3, 4, 160, 320]) 33
[36m(RolloutGroup(rank=2) pid=4057637)[0m Time taken: Total 2.47 seconds, Text Encoder 0.62 seconds, Image Encoder 0.54 seconds, VAE 0.00 seconds, KV Cache Creation 0.28 seconds, Diffusion 1.02 seconds, DIT Compute Steps 3 steps, Scheduler 0.01 seconds
[36m(RolloutGroup(rank=2) pid=4057637)[0m language is None, reset current_start_frame to 0
[36m(RolloutGroup(rank=2) pid=4057637)[0m videos shape torch.Size([8, 3, 4, 160, 320]) 33
[36m(RolloutGroup(rank=1) pid=4057636)[0m Time taken: Total 2.46 seconds, Text Encoder 0.62 seconds, Image Encoder 0.54 seconds, VAE 0.00 seconds, KV Cache Creation 0.28 seconds, Diffusion 1.01 seconds, DIT Compute Steps 3 steps, Scheduler 0.01 seconds
[36m(RolloutGroup(rank=1) pid=4057636)[0m language is None, reset current_start_frame to 0
[36m(RolloutGroup(rank=1) pid=4057636)[0m videos shape torch.Size([8, 3, 4, 160, 320]) 33
[36m(RolloutGroup(rank=0) pid=4057629)[0m Time taken: Total 2.47 seconds, Text Encoder 0.62 seconds, Image Encoder 0.54 seconds, VAE 0.00 seconds, KV Cache Creation 0.28 seconds, Diffusion 1.02 seconds, DIT Compute Steps 3 steps, Scheduler 0.01 seconds
[36m(RolloutGroup(rank=0) pid=4057629)[0m language is None, reset current_start_frame to 0
[36m(RolloutGroup(rank=0) pid=4057629)[0m videos shape torch.Size([8, 3, 4, 160, 320]) 33
[36m(RolloutGroup(rank=3) pid=4057642)[0m Time taken: Total 2.47 seconds, Text Encoder 0.62 seconds, Image Encoder 0.55 seconds, VAE 0.00 seconds, KV Cache Creation 0.28 seconds, Diffusion 1.01 seconds, DIT Compute Steps 3 steps, Scheduler 0.01 seconds
[36m(RolloutGroup(rank=3) pid=4057642)[0m language is None, reset current_start_frame to 0
[36m(RolloutGroup(rank=3) pid=4057642)[0m videos shape torch.Size([8, 3, 4, 160, 320]) 33
[36m(RolloutGroup(rank=2) pid=4057637)[0m Time taken: Total 2.47 seconds, Text Encoder 0.62 seconds, Image Encoder 0.54 seconds, VAE 0.00 seconds, KV Cache Creation 0.28 seconds, Diffusion 1.02 seconds, DIT Compute Steps 3 steps, Scheduler 0.01 seconds
[36m(RolloutGroup(rank=2) pid=4057637)[0m language is None, reset current_start_frame to 0
[36m(RolloutGroup(rank=2) pid=4057637)[0m videos shape torch.Size([8, 3, 4, 160, 320]) 33
[36m(RolloutGroup(rank=1) pid=4057636)[0m Time taken: Total 2.46 seconds, Text Encoder 0.62 seconds, Image Encoder 0.54 seconds, VAE 0.00 seconds, KV Cache Creation 0.28 seconds, Diffusion 1.01 seconds, DIT Compute Steps 3 steps, Scheduler 0.01 seconds
[36m(RolloutGroup(rank=1) pid=4057636)[0m language is None, reset current_start_frame to 0
[36m(RolloutGroup(rank=1) pid=4057636)[0m videos shape torch.Size([8, 3, 4, 160, 320]) 33
[36m(RolloutGroup(rank=0) pid=4057629)[0m Time taken: Total 2.47 seconds, Text Encoder 0.62 seconds, Image Encoder 0.54 seconds, VAE 0.00 seconds, KV Cache Creation 0.28 seconds, Diffusion 1.02 seconds, DIT Compute Steps 3 steps, Scheduler 0.01 seconds
[36m(RolloutGroup(rank=0) pid=4057629)[0m language is None, reset current_start_frame to 0
[36m(RolloutGroup(rank=0) pid=4057629)[0m videos shape torch.Size([8, 3, 4, 160, 320]) 33
[36m(RolloutGroup(rank=3) pid=4057642)[0m Time taken: Total 2.47 seconds, Text Encoder 0.62 seconds, Image Encoder 0.55 seconds, VAE 0.00 seconds, KV Cache Creation 0.28 seconds, Diffusion 1.01 seconds, DIT Compute Steps 3 steps, Scheduler 0.01 seconds
[36m(RolloutGroup(rank=3) pid=4057642)[0m language is None, reset current_start_frame to 0
[36m(RolloutGroup(rank=3) pid=4057642)[0m videos shape torch.Size([8, 3, 4, 160, 320]) 33
[36m(RolloutGroup(rank=2) pid=4057637)[0m Time taken: Total 2.47 seconds, Text Encoder 0.62 seconds, Image Encoder 0.54 seconds, VAE 0.00 seconds, KV Cache Creation 0.28 seconds, Diffusion 1.02 seconds, DIT Compute Steps 3 steps, Scheduler 0.01 seconds
[36m(RolloutGroup(rank=2) pid=4057637)[0m language is None, reset current_start_frame to 0
[36m(RolloutGroup(rank=2) pid=4057637)[0m videos shape torch.Size([8, 3, 4, 160, 320]) 33
[36m(RolloutGroup(rank=1) pid=4057636)[0m Time taken: Total 2.46 seconds, Text Encoder 0.62 seconds, Image Encoder 0.54 seconds, VAE 0.00 seconds, KV Cache Creation 0.28 seconds, Diffusion 1.02 seconds, DIT Compute Steps 3 steps, Scheduler 0.01 seconds
[36m(RolloutGroup(rank=0) pid=4057629)[0m Time taken: Total 2.47 seconds, Text Encoder 0.62 seconds, Image Encoder 0.54 seconds, VAE 0.00 seconds, KV Cache Creation 0.28 seconds, Diffusion 1.02 seconds, DIT Compute Steps 3 steps, Scheduler 0.01 seconds
[36m(RolloutGroup(rank=3) pid=4057642)[0m Time taken: Total 2.47 seconds, Text Encoder 0.62 seconds, Image Encoder 0.55 seconds, VAE 0.00 seconds, KV Cache Creation 0.28 seconds, Diffusion 1.02 seconds, DIT Compute Steps 3 steps, Scheduler 0.01 seconds
[36m(RolloutGroup(rank=1) pid=4057636)[0m language is None, reset current_start_frame to 0
[36m(RolloutGroup(rank=1) pid=4057636)[0m videos shape torch.Size([8, 3, 4, 160, 320]) 33
[36m(RolloutGroup(rank=2) pid=4057637)[0m Time taken: Total 2.47 seconds, Text Encoder 0.62 seconds, Image Encoder 0.54 seconds, VAE 0.00 seconds, KV Cache Creation 0.28 seconds, Diffusion 1.02 seconds, DIT Compute Steps 3 steps, Scheduler 0.01 seconds
[36m(RolloutGroup(rank=0) pid=4057629)[0m language is None, reset current_start_frame to 0
[36m(RolloutGroup(rank=0) pid=4057629)[0m videos shape torch.Size([8, 3, 4, 160, 320]) 33
[36m(RolloutGroup(rank=3) pid=4057642)[0m language is None, reset current_start_frame to 0
[36m(RolloutGroup(rank=3) pid=4057642)[0m videos shape torch.Size([8, 3, 4, 160, 320]) 33
[36m(RolloutGroup(rank=2) pid=4057637)[0m language is None, reset current_start_frame to 0
[36m(RolloutGroup(rank=2) pid=4057637)[0m videos shape torch.Size([8, 3, 4, 160, 320]) 33
[36m(RolloutGroup(rank=1) pid=4057636)[0m Time taken: Total 2.46 seconds, Text Encoder 0.62 seconds, Image Encoder 0.54 seconds, VAE 0.00 seconds, KV Cache Creation 0.28 seconds, Diffusion 1.01 seconds, DIT Compute Steps 3 steps, Scheduler 0.01 seconds
[36m(RolloutGroup(rank=1) pid=4057636)[0m language is None, reset current_start_frame to 0
[36m(RolloutGroup(rank=1) pid=4057636)[0m videos shape torch.Size([8, 3, 4, 160, 320]) 33
[36m(RolloutGroup(rank=0) pid=4057629)[0m Time taken: Total 2.47 seconds, Text Encoder 0.62 seconds, Image Encoder 0.54 seconds, VAE 0.00 seconds, KV Cache Creation 0.28 seconds, Diffusion 1.02 seconds, DIT Compute Steps 3 steps, Scheduler 0.01 seconds
[36m(RolloutGroup(rank=0) pid=4057629)[0m language is None, reset current_start_frame to 0
[36m(RolloutGroup(rank=0) pid=4057629)[0m videos shape torch.Size([8, 3, 4, 160, 320]) 33
[36m(RolloutGroup(rank=3) pid=4057642)[0m Time taken: Total 2.47 seconds, Text Encoder 0.63 seconds, Image Encoder 0.54 seconds, VAE 0.00 seconds, KV Cache Creation 0.28 seconds, Diffusion 1.02 seconds, DIT Compute Steps 3 steps, Scheduler 0.01 seconds
[36m(RolloutGroup(rank=3) pid=4057642)[0m language is None, reset current_start_frame to 0
[36m(RolloutGroup(rank=3) pid=4057642)[0m videos shape torch.Size([8, 3, 4, 160, 320]) 33
[36m(RolloutGroup(rank=2) pid=4057637)[0m Time taken: Total 2.47 seconds, Text Encoder 0.62 seconds, Image Encoder 0.54 seconds, VAE 0.00 seconds, KV Cache Creation 0.28 seconds, Diffusion 1.02 seconds, DIT Compute Steps 3 steps, Scheduler 0.01 seconds
[36m(RolloutGroup(rank=2) pid=4057637)[0m language is None, reset current_start_frame to 0
[36m(RolloutGroup(rank=2) pid=4057637)[0m videos shape torch.Size([8, 3, 4, 160, 320]) 33
[36m(RolloutGroup(rank=1) pid=4057636)[0m Time taken: Total 2.46 seconds, Text Encoder 0.62 seconds, Image Encoder 0.54 seconds, VAE 0.00 seconds, KV Cache Creation 0.28 seconds, Diffusion 1.02 seconds, DIT Compute Steps 3 steps, Scheduler 0.01 seconds
[36m(RolloutGroup(rank=1) pid=4057636)[0m language is None, reset current_start_frame to 0
[36m(RolloutGroup(rank=1) pid=4057636)[0m videos shape torch.Size([8, 3, 4, 160, 320]) 33
[36m(RolloutGroup(rank=0) pid=4057629)[0m Time taken: Total 2.47 seconds, Text Encoder 0.62 seconds, Image Encoder 0.54 seconds, VAE 0.00 seconds, KV Cache Creation 0.28 seconds, Diffusion 1.01 seconds, DIT Compute Steps 3 steps, Scheduler 0.01 seconds
[36m(RolloutGroup(rank=0) pid=4057629)[0m language is None, reset current_start_frame to 0
[36m(RolloutGroup(rank=0) pid=4057629)[0m videos shape torch.Size([8, 3, 4, 160, 320]) 33
[36m(RolloutGroup(rank=3) pid=4057642)[0m Time taken: Total 2.47 seconds, Text Encoder 0.62 seconds, Image Encoder 0.55 seconds, VAE 0.00 seconds, KV Cache Creation 0.28 seconds, Diffusion 1.02 seconds, DIT Compute Steps 3 steps, Scheduler 0.01 seconds
[36m(RolloutGroup(rank=3) pid=4057642)[0m language is None, reset current_start_frame to 0
[36m(RolloutGroup(rank=3) pid=4057642)[0m videos shape torch.Size([8, 3, 4, 160, 320]) 33
[36m(RolloutGroup(rank=2) pid=4057637)[0m Time taken: Total 2.47 seconds, Text Encoder 0.62 seconds, Image Encoder 0.54 seconds, VAE 0.00 seconds, KV Cache Creation 0.28 seconds, Diffusion 1.02 seconds, DIT Compute Steps 3 steps, Scheduler 0.01 seconds
[36m(RolloutGroup(rank=2) pid=4057637)[0m language is None, reset current_start_frame to 0
[36m(RolloutGroup(rank=2) pid=4057637)[0m videos shape torch.Size([8, 3, 4, 160, 320]) 33
[36m(RolloutGroup(rank=1) pid=4057636)[0m Time taken: Total 2.46 seconds, Text Encoder 0.62 seconds, Image Encoder 0.54 seconds, VAE 0.00 seconds, KV Cache Creation 0.28 seconds, Diffusion 1.02 seconds, DIT Compute Steps 3 steps, Scheduler 0.01 seconds
[36m(RolloutGroup(rank=1) pid=4057636)[0m language is None, reset current_start_frame to 0
[36m(RolloutGroup(rank=1) pid=4057636)[0m videos shape torch.Size([8, 3, 4, 160, 320]) 33
[36m(RolloutGroup(rank=0) pid=4057629)[0m Time taken: Total 2.47 seconds, Text Encoder 0.62 seconds, Image Encoder 0.54 seconds, VAE 0.00 seconds, KV Cache Creation 0.28 seconds, Diffusion 1.01 seconds, DIT Compute Steps 3 steps, Scheduler 0.01 seconds
[36m(RolloutGroup(rank=0) pid=4057629)[0m language is None, reset current_start_frame to 0
[36m(RolloutGroup(rank=0) pid=4057629)[0m videos shape torch.Size([8, 3, 4, 160, 320]) 33
[36m(RolloutGroup(rank=3) pid=4057642)[0m Time taken: Total 2.47 seconds, Text Encoder 0.62 seconds, Image Encoder 0.55 seconds, VAE 0.00 seconds, KV Cache Creation 0.28 seconds, Diffusion 1.02 seconds, DIT Compute Steps 3 steps, Scheduler 0.01 seconds
[36m(RolloutGroup(rank=3) pid=4057642)[0m language is None, reset current_start_frame to 0
[36m(RolloutGroup(rank=3) pid=4057642)[0m videos shape torch.Size([8, 3, 4, 160, 320]) 33
[36m(RolloutGroup(rank=2) pid=4057637)[0m Time taken: Total 2.47 seconds, Text Encoder 0.62 seconds, Image Encoder 0.54 seconds, VAE 0.00 seconds, KV Cache Creation 0.28 seconds, Diffusion 1.02 seconds, DIT Compute Steps 3 steps, Scheduler 0.01 seconds
[36m(RolloutGroup(rank=2) pid=4057637)[0m language is None, reset current_start_frame to 0
[36m(RolloutGroup(rank=2) pid=4057637)[0m videos shape torch.Size([8, 3, 4, 160, 320]) 33
[36m(RolloutGroup(rank=1) pid=4057636)[0m Time taken: Total 2.46 seconds, Text Encoder 0.62 seconds, Image Encoder 0.54 seconds, VAE 0.00 seconds, KV Cache Creation 0.28 seconds, Diffusion 1.01 seconds, DIT Compute Steps 3 steps, Scheduler 0.01 seconds
[36m(RolloutGroup(rank=1) pid=4057636)[0m language is None, reset current_start_frame to 0
[36m(RolloutGroup(rank=1) pid=4057636)[0m videos shape torch.Size([8, 3, 4, 160, 320]) 33
[36m(RolloutGroup(rank=0) pid=4057629)[0m Time taken: Total 2.46 seconds, Text Encoder 0.62 seconds, Image Encoder 0.54 seconds, VAE 0.00 seconds, KV Cache Creation 0.28 seconds, Diffusion 1.01 seconds, DIT Compute Steps 3 steps, Scheduler 0.01 seconds
[36m(RolloutGroup(rank=0) pid=4057629)[0m language is None, reset current_start_frame to 0
[36m(RolloutGroup(rank=0) pid=4057629)[0m videos shape torch.Size([8, 3, 4, 160, 320]) 33
[36m(RolloutGroup(rank=3) pid=4057642)[0m Time taken: Total 2.47 seconds, Text Encoder 0.62 seconds, Image Encoder 0.55 seconds, VAE 0.00 seconds, KV Cache Creation 0.28 seconds, Diffusion 1.02 seconds, DIT Compute Steps 3 steps, Scheduler 0.01 seconds
[36m(RolloutGroup(rank=3) pid=4057642)[0m language is None, reset current_start_frame to 0
[36m(RolloutGroup(rank=3) pid=4057642)[0m videos shape torch.Size([8, 3, 4, 160, 320]) 33
[36m(RolloutGroup(rank=2) pid=4057637)[0m Time taken: Total 2.47 seconds, Text Encoder 0.62 seconds, Image Encoder 0.54 seconds, VAE 0.00 seconds, KV Cache Creation 0.28 seconds, Diffusion 1.02 seconds, DIT Compute Steps 3 steps, Scheduler 0.01 seconds
[36m(RolloutGroup(rank=2) pid=4057637)[0m language is None, reset current_start_frame to 0
[36m(RolloutGroup(rank=2) pid=4057637)[0m videos shape torch.Size([8, 3, 4, 160, 320]) 33
[36m(RolloutGroup(rank=1) pid=4057636)[0m Time taken: Total 2.46 seconds, Text Encoder 0.62 seconds, Image Encoder 0.54 seconds, VAE 0.00 seconds, KV Cache Creation 0.28 seconds, Diffusion 1.01 seconds, DIT Compute Steps 3 steps, Scheduler 0.01 seconds
[36m(RolloutGroup(rank=1) pid=4057636)[0m language is None, reset current_start_frame to 0
[36m(RolloutGroup(rank=1) pid=4057636)[0m videos shape torch.Size([8, 3, 4, 160, 320]) 33
[36m(RolloutGroup(rank=0) pid=4057629)[0m Time taken: Total 2.47 seconds, Text Encoder 0.62 seconds, Image Encoder 0.54 seconds, VAE 0.00 seconds, KV Cache Creation 0.28 seconds, Diffusion 1.01 seconds, DIT Compute Steps 3 steps, Scheduler 0.01 seconds
[36m(RolloutGroup(rank=0) pid=4057629)[0m language is None, reset current_start_frame to 0
[36m(RolloutGroup(rank=0) pid=4057629)[0m videos shape torch.Size([8, 3, 4, 160, 320]) 33
[36m(RolloutGroup(rank=3) pid=4057642)[0m Time taken: Total 2.47 seconds, Text Encoder 0.63 seconds, Image Encoder 0.55 seconds, VAE 0.00 seconds, KV Cache Creation 0.28 seconds, Diffusion 1.02 seconds, DIT Compute Steps 3 steps, Scheduler 0.01 seconds
[36m(RolloutGroup(rank=3) pid=4057642)[0m language is None, reset current_start_frame to 0
[36m(RolloutGroup(rank=3) pid=4057642)[0m videos shape torch.Size([8, 3, 4, 160, 320]) 33
[36m(RolloutGroup(rank=2) pid=4057637)[0m Time taken: Total 2.47 seconds, Text Encoder 0.62 seconds, Image Encoder 0.54 seconds, VAE 0.00 seconds, KV Cache Creation 0.28 seconds, Diffusion 1.02 seconds, DIT Compute Steps 3 steps, Scheduler 0.01 seconds
[36m(RolloutGroup(rank=2) pid=4057637)[0m language is None, reset current_start_frame to 0
[36m(RolloutGroup(rank=2) pid=4057637)[0m videos shape torch.Size([8, 3, 4, 160, 320]) 33
[36m(RolloutGroup(rank=1) pid=4057636)[0m Time taken: Total 2.46 seconds, Text Encoder 0.62 seconds, Image Encoder 0.54 seconds, VAE 0.00 seconds, KV Cache Creation 0.28 seconds, Diffusion 1.01 seconds, DIT Compute Steps 3 steps, Scheduler 0.01 seconds
[36m(RolloutGroup(rank=1) pid=4057636)[0m language is None, reset current_start_frame to 0
[36m(RolloutGroup(rank=1) pid=4057636)[0m videos shape torch.Size([8, 3, 4, 160, 320]) 33
[36m(RolloutGroup(rank=0) pid=4057629)[0m Time taken: Total 2.46 seconds, Text Encoder 0.62 seconds, Image Encoder 0.54 seconds, VAE 0.00 seconds, KV Cache Creation 0.28 seconds, Diffusion 1.01 seconds, DIT Compute Steps 3 steps, Scheduler 0.01 seconds
[36m(RolloutGroup(rank=0) pid=4057629)[0m language is None, reset current_start_frame to 0
[36m(RolloutGroup(rank=0) pid=4057629)[0m videos shape torch.Size([8, 3, 4, 160, 320]) 33
[36m(RolloutGroup(rank=3) pid=4057642)[0m Time taken: Total 2.47 seconds, Text Encoder 0.62 seconds, Image Encoder 0.55 seconds, VAE 0.00 seconds, KV Cache Creation 0.28 seconds, Diffusion 1.02 seconds, DIT Compute Steps 3 steps, Scheduler 0.01 seconds
[36m(RolloutGroup(rank=3) pid=4057642)[0m language is None, reset current_start_frame to 0
[36m(RolloutGroup(rank=3) pid=4057642)[0m videos shape torch.Size([8, 3, 4, 160, 320]) 33
[36m(RolloutGroup(rank=2) pid=4057637)[0m Time taken: Total 2.47 seconds, Text Encoder 0.62 seconds, Image Encoder 0.54 seconds, VAE 0.00 seconds, KV Cache Creation 0.28 seconds, Diffusion 1.02 seconds, DIT Compute Steps 3 steps, Scheduler 0.01 seconds
[36m(RolloutGroup(rank=2) pid=4057637)[0m language is None, reset current_start_frame to 0
[36m(RolloutGroup(rank=2) pid=4057637)[0m videos shape torch.Size([8, 3, 4, 160, 320]) 33
[36m(RolloutGroup(rank=1) pid=4057636)[0m Time taken: Total 2.46 seconds, Text Encoder 0.62 seconds, Image Encoder 0.54 seconds, VAE 0.00 seconds, KV Cache Creation 0.28 seconds, Diffusion 1.01 seconds, DIT Compute Steps 3 steps, Scheduler 0.01 seconds
[36m(RolloutGroup(rank=1) pid=4057636)[0m language is None, reset current_start_frame to 0
[36m(RolloutGroup(rank=1) pid=4057636)[0m videos shape torch.Size([8, 3, 4, 160, 320]) 33
[36m(RolloutGroup(rank=0) pid=4057629)[0m Time taken: Total 2.46 seconds, Text Encoder 0.62 seconds, Image Encoder 0.54 seconds, VAE 0.00 seconds, KV Cache Creation 0.28 seconds, Diffusion 1.01 seconds, DIT Compute Steps 3 steps, Scheduler 0.01 seconds
[36m(RolloutGroup(rank=0) pid=4057629)[0m language is None, reset current_start_frame to 0
[36m(RolloutGroup(rank=0) pid=4057629)[0m videos shape torch.Size([8, 3, 4, 160, 320]) 33
[36m(RolloutGroup(rank=3) pid=4057642)[0m Time taken: Total 2.47 seconds, Text Encoder 0.62 seconds, Image Encoder 0.54 seconds, VAE 0.00 seconds, KV Cache Creation 0.28 seconds, Diffusion 1.02 seconds, DIT Compute Steps 3 steps, Scheduler 0.01 seconds
[36m(RolloutGroup(rank=3) pid=4057642)[0m language is None, reset current_start_frame to 0
[36m(RolloutGroup(rank=3) pid=4057642)[0m videos shape torch.Size([8, 3, 4, 160, 320]) 33
[36m(RolloutGroup(rank=2) pid=4057637)[0m Time taken: Total 2.47 seconds, Text Encoder 0.62 seconds, Image Encoder 0.54 seconds, VAE 0.00 seconds, KV Cache Creation 0.28 seconds, Diffusion 1.02 seconds, DIT Compute Steps 3 steps, Scheduler 0.01 seconds
[36m(RolloutGroup(rank=2) pid=4057637)[0m language is None, reset current_start_frame to 0
[36m(RolloutGroup(rank=2) pid=4057637)[0m videos shape torch.Size([8, 3, 4, 160, 320]) 33
[36m(RolloutGroup(rank=1) pid=4057636)[0m Time taken: Total 2.45 seconds, Text Encoder 0.62 seconds, Image Encoder 0.54 seconds, VAE 0.00 seconds, KV Cache Creation 0.27 seconds, Diffusion 1.01 seconds, DIT Compute Steps 3 steps, Scheduler 0.01 seconds
[36m(RolloutGroup(rank=1) pid=4057636)[0m language is None, reset current_start_frame to 0
[36m(RolloutGroup(rank=1) pid=4057636)[0m videos shape torch.Size([8, 3, 4, 160, 320]) 33
[36m(RolloutGroup(rank=0) pid=4057629)[0m Time taken: Total 2.46 seconds, Text Encoder 0.62 seconds, Image Encoder 0.54 seconds, VAE 0.00 seconds, KV Cache Creation 0.28 seconds, Diffusion 1.01 seconds, DIT Compute Steps 3 steps, Scheduler 0.01 seconds
[36m(RolloutGroup(rank=0) pid=4057629)[0m language is None, reset current_start_frame to 0
[36m(RolloutGroup(rank=0) pid=4057629)[0m videos shape torch.Size([8, 3, 4, 160, 320]) 33
[36m(RolloutGroup(rank=3) pid=4057642)[0m Time taken: Total 2.47 seconds, Text Encoder 0.63 seconds, Image Encoder 0.54 seconds, VAE 0.00 seconds, KV Cache Creation 0.28 seconds, Diffusion 1.02 seconds, DIT Compute Steps 3 steps, Scheduler 0.01 seconds
[36m(RolloutGroup(rank=3) pid=4057642)[0m language is None, reset current_start_frame to 0
[36m(RolloutGroup(rank=3) pid=4057642)[0m videos shape torch.Size([8, 3, 4, 160, 320]) 33
[36m(RolloutGroup(rank=2) pid=4057637)[0m Time taken: Total 2.47 seconds, Text Encoder 0.62 seconds, Image Encoder 0.54 seconds, VAE 0.00 seconds, KV Cache Creation 0.28 seconds, Diffusion 1.02 seconds, DIT Compute Steps 3 steps, Scheduler 0.01 seconds
[36m(RolloutGroup(rank=2) pid=4057637)[0m language is None, reset current_start_frame to 0
[36m(RolloutGroup(rank=2) pid=4057637)[0m videos shape torch.Size([8, 3, 4, 160, 320]) 33
[36m(RolloutGroup(rank=1) pid=4057636)[0m Time taken: Total 2.46 seconds, Text Encoder 0.62 seconds, Image Encoder 0.54 seconds, VAE 0.00 seconds, KV Cache Creation 0.28 seconds, Diffusion 1.01 seconds, DIT Compute Steps 3 steps, Scheduler 0.01 seconds
[36m(RolloutGroup(rank=1) pid=4057636)[0m language is None, reset current_start_frame to 0
[36m(RolloutGroup(rank=1) pid=4057636)[0m videos shape torch.Size([8, 3, 4, 160, 320]) 33
[36m(RolloutGroup(rank=0) pid=4057629)[0m Time taken: Total 2.46 seconds, Text Encoder 0.62 seconds, Image Encoder 0.54 seconds, VAE 0.00 seconds, KV Cache Creation 0.28 seconds, Diffusion 1.01 seconds, DIT Compute Steps 3 steps, Scheduler 0.01 seconds
[36m(RolloutGroup(rank=0) pid=4057629)[0m language is None, reset current_start_frame to 0
[36m(RolloutGroup(rank=0) pid=4057629)[0m videos shape torch.Size([8, 3, 4, 160, 320]) 33
[36m(RolloutGroup(rank=3) pid=4057642)[0m Time taken: Total 2.47 seconds, Text Encoder 0.62 seconds, Image Encoder 0.54 seconds, VAE 0.00 seconds, KV Cache Creation 0.28 seconds, Diffusion 1.02 seconds, DIT Compute Steps 3 steps, Scheduler 0.01 seconds
[36m(RolloutGroup(rank=3) pid=4057642)[0m language is None, reset current_start_frame to 0
[36m(RolloutGroup(rank=3) pid=4057642)[0m videos shape torch.Size([8, 3, 4, 160, 320]) 33
[36m(RolloutGroup(rank=2) pid=4057637)[0m Time taken: Total 2.47 seconds, Text Encoder 0.62 seconds, Image Encoder 0.54 seconds, VAE 0.00 seconds, KV Cache Creation 0.28 seconds, Diffusion 1.02 seconds, DIT Compute Steps 3 steps, Scheduler 0.01 seconds
[36m(RolloutGroup(rank=2) pid=4057637)[0m language is None, reset current_start_frame to 0
[36m(RolloutGroup(rank=2) pid=4057637)[0m videos shape torch.Size([8, 3, 4, 160, 320]) 33
[36m(RolloutGroup(rank=1) pid=4057636)[0m Time taken: Total 2.46 seconds, Text Encoder 0.62 seconds, Image Encoder 0.54 seconds, VAE 0.00 seconds, KV Cache Creation 0.28 seconds, Diffusion 1.01 seconds, DIT Compute Steps 3 steps, Scheduler 0.01 seconds
[36m(RolloutGroup(rank=0) pid=4057629)[0m Time taken: Total 2.50 seconds, Text Encoder 0.62 seconds, Image Encoder 0.54 seconds, VAE 0.00 seconds, KV Cache Creation 0.31 seconds, Diffusion 1.02 seconds, DIT Compute Steps 3 steps, Scheduler 0.01 seconds
[36m(RolloutGroup(rank=1) pid=4057636)[0m language is None, reset current_start_frame to 0
[36m(RolloutGroup(rank=1) pid=4057636)[0m videos shape torch.Size([8, 3, 4, 160, 320]) 33
[36m(RolloutGroup(rank=3) pid=4057642)[0m Time taken: Total 2.49 seconds, Text Encoder 0.63 seconds, Image Encoder 0.55 seconds, VAE 0.00 seconds, KV Cache Creation 0.28 seconds, Diffusion 1.03 seconds, DIT Compute Steps 3 steps, Scheduler 0.01 seconds
[36m(RolloutGroup(rank=2) pid=4057637)[0m Time taken: Total 2.48 seconds, Text Encoder 0.62 seconds, Image Encoder 0.54 seconds, VAE 0.00 seconds, KV Cache Creation 0.29 seconds, Diffusion 1.02 seconds, DIT Compute Steps 3 steps, Scheduler 0.01 seconds
[36m(RolloutGroup(rank=0) pid=4057629)[0m language is None, reset current_start_frame to 0
[36m(RolloutGroup(rank=0) pid=4057629)[0m videos shape torch.Size([8, 3, 4, 160, 320]) 33
[36m(RolloutGroup(rank=3) pid=4057642)[0m language is None, reset current_start_frame to 0
[36m(RolloutGroup(rank=3) pid=4057642)[0m videos shape torch.Size([8, 3, 4, 160, 320]) 33
[36m(RolloutGroup(rank=2) pid=4057637)[0m language is None, reset current_start_frame to 0
[36m(RolloutGroup(rank=2) pid=4057637)[0m videos shape torch.Size([8, 3, 4, 160, 320]) 33
[36m(RolloutGroup(rank=1) pid=4057636)[0m Time taken: Total 2.47 seconds, Text Encoder 0.62 seconds, Image Encoder 0.54 seconds, VAE 0.00 seconds, KV Cache Creation 0.28 seconds, Diffusion 1.02 seconds, DIT Compute Steps 3 steps, Scheduler 0.01 seconds
[36m(RolloutGroup(rank=1) pid=4057636)[0m language is None, reset current_start_frame to 0
[36m(RolloutGroup(rank=1) pid=4057636)[0m videos shape torch.Size([8, 3, 4, 160, 320]) 33
[36m(RolloutGroup(rank=0) pid=4057629)[0m Time taken: Total 2.47 seconds, Text Encoder 0.62 seconds, Image Encoder 0.54 seconds, VAE 0.00 seconds, KV Cache Creation 0.28 seconds, Diffusion 1.02 seconds, DIT Compute Steps 3 steps, Scheduler 0.01 seconds
[36m(RolloutGroup(rank=0) pid=4057629)[0m language is None, reset current_start_frame to 0
[36m(RolloutGroup(rank=0) pid=4057629)[0m videos shape torch.Size([8, 3, 4, 160, 320]) 33
[36m(RolloutGroup(rank=3) pid=4057642)[0m Time taken: Total 2.47 seconds, Text Encoder 0.63 seconds, Image Encoder 0.55 seconds, VAE 0.00 seconds, KV Cache Creation 0.28 seconds, Diffusion 1.02 seconds, DIT Compute Steps 3 steps, Scheduler 0.01 seconds
[36m(RolloutGroup(rank=3) pid=4057642)[0m language is None, reset current_start_frame to 0
[36m(RolloutGroup(rank=3) pid=4057642)[0m videos shape torch.Size([8, 3, 4, 160, 320]) 33
[36m(RolloutGroup(rank=2) pid=4057637)[0m Time taken: Total 2.47 seconds, Text Encoder 0.62 seconds, Image Encoder 0.54 seconds, VAE 0.00 seconds, KV Cache Creation 0.28 seconds, Diffusion 1.02 seconds, DIT Compute Steps 3 steps, Scheduler 0.01 seconds
[36m(RolloutGroup(rank=2) pid=4057637)[0m language is None, reset current_start_frame to 0
[36m(RolloutGroup(rank=2) pid=4057637)[0m videos shape torch.Size([8, 3, 4, 160, 320]) 33
[36m(RolloutGroup(rank=1) pid=4057636)[0m Time taken: Total 2.46 seconds, Text Encoder 0.62 seconds, Image Encoder 0.54 seconds, VAE 0.00 seconds, KV Cache Creation 0.28 seconds, Diffusion 1.02 seconds, DIT Compute Steps 3 steps, Scheduler 0.01 seconds
[36m(RolloutGroup(rank=1) pid=4057636)[0m language is None, reset current_start_frame to 0
[36m(RolloutGroup(rank=1) pid=4057636)[0m videos shape torch.Size([8, 3, 4, 160, 320]) 33
[36m(RolloutGroup(rank=0) pid=4057629)[0m Time taken: Total 2.47 seconds, Text Encoder 0.62 seconds, Image Encoder 0.54 seconds, VAE 0.00 seconds, KV Cache Creation 0.28 seconds, Diffusion 1.02 seconds, DIT Compute Steps 3 steps, Scheduler 0.01 seconds
[36m(RolloutGroup(rank=0) pid=4057629)[0m language is None, reset current_start_frame to 0
[36m(RolloutGroup(rank=0) pid=4057629)[0m videos shape torch.Size([8, 3, 4, 160, 320]) 33
[36m(RolloutGroup(rank=3) pid=4057642)[0m Time taken: Total 2.47 seconds, Text Encoder 0.63 seconds, Image Encoder 0.54 seconds, VAE 0.00 seconds, KV Cache Creation 0.28 seconds, Diffusion 1.02 seconds, DIT Compute Steps 3 steps, Scheduler 0.01 seconds
[36m(RolloutGroup(rank=3) pid=4057642)[0m language is None, reset current_start_frame to 0
[36m(RolloutGroup(rank=3) pid=4057642)[0m videos shape torch.Size([8, 3, 4, 160, 320]) 33
[36m(RolloutGroup(rank=2) pid=4057637)[0m Time taken: Total 2.47 seconds, Text Encoder 0.62 seconds, Image Encoder 0.54 seconds, VAE 0.00 seconds, KV Cache Creation 0.28 seconds, Diffusion 1.02 seconds, DIT Compute Steps 3 steps, Scheduler 0.01 seconds
[36m(RolloutGroup(rank=2) pid=4057637)[0m language is None, reset current_start_frame to 0
[36m(RolloutGroup(rank=2) pid=4057637)[0m videos shape torch.Size([8, 3, 4, 160, 320]) 33
[36m(RolloutGroup(rank=1) pid=4057636)[0m Time taken: Total 2.46 seconds, Text Encoder 0.62 seconds, Image Encoder 0.54 seconds, VAE 0.00 seconds, KV Cache Creation 0.28 seconds, Diffusion 1.02 seconds, DIT Compute Steps 3 steps, Scheduler 0.01 seconds
[36m(RolloutGroup(rank=1) pid=4057636)[0m language is None, reset current_start_frame to 0
[36m(RolloutGroup(rank=1) pid=4057636)[0m videos shape torch.Size([8, 3, 4, 160, 320]) 33
[36m(RolloutGroup(rank=0) pid=4057629)[0m Time taken: Total 2.48 seconds, Text Encoder 0.62 seconds, Image Encoder 0.54 seconds, VAE 0.00 seconds, KV Cache Creation 0.28 seconds, Diffusion 1.02 seconds, DIT Compute Steps 3 steps, Scheduler 0.01 seconds
[36m(RolloutGroup(rank=0) pid=4057629)[0m language is None, reset current_start_frame to 0
[36m(RolloutGroup(rank=0) pid=4057629)[0m videos shape torch.Size([8, 3, 4, 160, 320]) 33
[36m(RolloutGroup(rank=3) pid=4057642)[0m Time taken: Total 2.47 seconds, Text Encoder 0.62 seconds, Image Encoder 0.55 seconds, VAE 0.00 seconds, KV Cache Creation 0.28 seconds, Diffusion 1.02 seconds, DIT Compute Steps 3 steps, Scheduler 0.01 seconds
[36m(RolloutGroup(rank=3) pid=4057642)[0m language is None, reset current_start_frame to 0
[36m(RolloutGroup(rank=3) pid=4057642)[0m videos shape torch.Size([8, 3, 4, 160, 320]) 33
[36m(RolloutGroup(rank=2) pid=4057637)[0m Time taken: Total 2.47 seconds, Text Encoder 0.62 seconds, Image Encoder 0.54 seconds, VAE 0.00 seconds, KV Cache Creation 0.28 seconds, Diffusion 1.02 seconds, DIT Compute Steps 3 steps, Scheduler 0.01 seconds
[36m(RolloutGroup(rank=2) pid=4057637)[0m language is None, reset current_start_frame to 0
[36m(RolloutGroup(rank=2) pid=4057637)[0m videos shape torch.Size([8, 3, 4, 160, 320]) 33
[36m(RolloutGroup(rank=1) pid=4057636)[0m Time taken: Total 2.46 seconds, Text Encoder 0.62 seconds, Image Encoder 0.54 seconds, VAE 0.00 seconds, KV Cache Creation 0.28 seconds, Diffusion 1.02 seconds, DIT Compute Steps 3 steps, Scheduler 0.01 seconds
[36m(RolloutGroup(rank=1) pid=4057636)[0m language is None, reset current_start_frame to 0
[36m(RolloutGroup(rank=1) pid=4057636)[0m videos shape torch.Size([8, 3, 4, 160, 320]) 33
[36m(RolloutGroup(rank=0) pid=4057629)[0m Time taken: Total 2.47 seconds, Text Encoder 0.62 seconds, Image Encoder 0.54 seconds, VAE 0.00 seconds, KV Cache Creation 0.28 seconds, Diffusion 1.02 seconds, DIT Compute Steps 3 steps, Scheduler 0.01 seconds
[36m(RolloutGroup(rank=0) pid=4057629)[0m language is None, reset current_start_frame to 0
[36m(RolloutGroup(rank=0) pid=4057629)[0m videos shape torch.Size([8, 3, 4, 160, 320]) 33
[36m(RolloutGroup(rank=3) pid=4057642)[0m Time taken: Total 2.48 seconds, Text Encoder 0.63 seconds, Image Encoder 0.55 seconds, VAE 0.00 seconds, KV Cache Creation 0.28 seconds, Diffusion 1.02 seconds, DIT Compute Steps 3 steps, Scheduler 0.01 seconds
[36m(RolloutGroup(rank=3) pid=4057642)[0m language is None, reset current_start_frame to 0
[36m(RolloutGroup(rank=3) pid=4057642)[0m videos shape torch.Size([8, 3, 4, 160, 320]) 33
[36m(RolloutGroup(rank=2) pid=4057637)[0m Time taken: Total 2.47 seconds, Text Encoder 0.62 seconds, Image Encoder 0.54 seconds, VAE 0.00 seconds, KV Cache Creation 0.28 seconds, Diffusion 1.02 seconds, DIT Compute Steps 3 steps, Scheduler 0.01 seconds
[36m(RolloutGroup(rank=2) pid=4057637)[0m language is None, reset current_start_frame to 0
[36m(RolloutGroup(rank=2) pid=4057637)[0m videos shape torch.Size([8, 3, 4, 160, 320]) 33
[36m(RolloutGroup(rank=1) pid=4057636)[0m Time taken: Total 2.46 seconds, Text Encoder 0.62 seconds, Image Encoder 0.54 seconds, VAE 0.00 seconds, KV Cache Creation 0.28 seconds, Diffusion 1.02 seconds, DIT Compute Steps 3 steps, Scheduler 0.01 seconds
[36m(RolloutGroup(rank=1) pid=4057636)[0m language is None, reset current_start_frame to 0
[36m(RolloutGroup(rank=1) pid=4057636)[0m videos shape torch.Size([8, 3, 4, 160, 320]) 33
[36m(RolloutGroup(rank=0) pid=4057629)[0m Time taken: Total 2.47 seconds, Text Encoder 0.62 seconds, Image Encoder 0.54 seconds, VAE 0.00 seconds, KV Cache Creation 0.28 seconds, Diffusion 1.02 seconds, DIT Compute Steps 3 steps, Scheduler 0.01 seconds
[36m(RolloutGroup(rank=0) pid=4057629)[0m language is None, reset current_start_frame to 0
[36m(RolloutGroup(rank=0) pid=4057629)[0m videos shape torch.Size([8, 3, 4, 160, 320]) 33
[36m(RolloutGroup(rank=3) pid=4057642)[0m Time taken: Total 2.48 seconds, Text Encoder 0.63 seconds, Image Encoder 0.54 seconds, VAE 0.00 seconds, KV Cache Creation 0.28 seconds, Diffusion 1.02 seconds, DIT Compute Steps 3 steps, Scheduler 0.01 seconds
[36m(RolloutGroup(rank=3) pid=4057642)[0m language is None, reset current_start_frame to 0
[36m(RolloutGroup(rank=3) pid=4057642)[0m videos shape torch.Size([8, 3, 4, 160, 320]) 33
[36m(RolloutGroup(rank=2) pid=4057637)[0m Time taken: Total 2.47 seconds, Text Encoder 0.62 seconds, Image Encoder 0.54 seconds, VAE 0.00 seconds, KV Cache Creation 0.28 seconds, Diffusion 1.02 seconds, DIT Compute Steps 3 steps, Scheduler 0.01 seconds
[36m(RolloutGroup(rank=2) pid=4057637)[0m language is None, reset current_start_frame to 0
[36m(RolloutGroup(rank=2) pid=4057637)[0m videos shape torch.Size([8, 3, 4, 160, 320]) 33
[36m(RolloutGroup(rank=1) pid=4057636)[0m Time taken: Total 2.46 seconds, Text Encoder 0.62 seconds, Image Encoder 0.54 seconds, VAE 0.00 seconds, KV Cache Creation 0.28 seconds, Diffusion 1.02 seconds, DIT Compute Steps 3 steps, Scheduler 0.01 seconds
[36m(RolloutGroup(rank=1) pid=4057636)[0m language is None, reset current_start_frame to 0
[36m(RolloutGroup(rank=1) pid=4057636)[0m videos shape torch.Size([8, 3, 4, 160, 320]) 33
[36m(RolloutGroup(rank=0) pid=4057629)[0m Time taken: Total 2.47 seconds, Text Encoder 0.62 seconds, Image Encoder 0.54 seconds, VAE 0.00 seconds, KV Cache Creation 0.28 seconds, Diffusion 1.02 seconds, DIT Compute Steps 3 steps, Scheduler 0.01 seconds
[36m(RolloutGroup(rank=0) pid=4057629)[0m language is None, reset current_start_frame to 0
[36m(RolloutGroup(rank=0) pid=4057629)[0m videos shape torch.Size([8, 3, 4, 160, 320]) 33
[36m(RolloutGroup(rank=3) pid=4057642)[0m Time taken: Total 2.47 seconds, Text Encoder 0.62 seconds, Image Encoder 0.54 seconds, VAE 0.00 seconds, KV Cache Creation 0.28 seconds, Diffusion 1.02 seconds, DIT Compute Steps 3 steps, Scheduler 0.01 seconds
[36m(RolloutGroup(rank=3) pid=4057642)[0m language is None, reset current_start_frame to 0
[36m(RolloutGroup(rank=3) pid=4057642)[0m videos shape torch.Size([8, 3, 4, 160, 320]) 33
[36m(RolloutGroup(rank=2) pid=4057637)[0m Time taken: Total 2.47 seconds, Text Encoder 0.62 seconds, Image Encoder 0.54 seconds, VAE 0.00 seconds, KV Cache Creation 0.28 seconds, Diffusion 1.02 seconds, DIT Compute Steps 3 steps, Scheduler 0.01 seconds
[36m(RolloutGroup(rank=2) pid=4057637)[0m language is None, reset current_start_frame to 0
[36m(RolloutGroup(rank=2) pid=4057637)[0m videos shape torch.Size([8, 3, 4, 160, 320]) 33
[36m(RolloutGroup(rank=1) pid=4057636)[0m Time taken: Total 2.46 seconds, Text Encoder 0.62 seconds, Image Encoder 0.54 seconds, VAE 0.00 seconds, KV Cache Creation 0.28 seconds, Diffusion 1.02 seconds, DIT Compute Steps 3 steps, Scheduler 0.01 seconds
[36m(RolloutGroup(rank=1) pid=4057636)[0m language is None, reset current_start_frame to 0
[36m(RolloutGroup(rank=1) pid=4057636)[0m videos shape torch.Size([8, 3, 4, 160, 320]) 33
[36m(RolloutGroup(rank=0) pid=4057629)[0m Time taken: Total 2.47 seconds, Text Encoder 0.62 seconds, Image Encoder 0.54 seconds, VAE 0.00 seconds, KV Cache Creation 0.28 seconds, Diffusion 1.02 seconds, DIT Compute Steps 3 steps, Scheduler 0.01 seconds
[36m(RolloutGroup(rank=0) pid=4057629)[0m language is None, reset current_start_frame to 0
[36m(RolloutGroup(rank=0) pid=4057629)[0m videos shape torch.Size([8, 3, 4, 160, 320]) 33
[36m(RolloutGroup(rank=3) pid=4057642)[0m Time taken: Total 2.47 seconds, Text Encoder 0.62 seconds, Image Encoder 0.55 seconds, VAE 0.00 seconds, KV Cache Creation 0.28 seconds, Diffusion 1.02 seconds, DIT Compute Steps 3 steps, Scheduler 0.01 seconds
[36m(RolloutGroup(rank=3) pid=4057642)[0m language is None, reset current_start_frame to 0
[36m(RolloutGroup(rank=3) pid=4057642)[0m videos shape torch.Size([8, 3, 4, 160, 320]) 33
[36m(RolloutGroup(rank=2) pid=4057637)[0m Time taken: Total 2.47 seconds, Text Encoder 0.62 seconds, Image Encoder 0.54 seconds, VAE 0.00 seconds, KV Cache Creation 0.28 seconds, Diffusion 1.02 seconds, DIT Compute Steps 3 steps, Scheduler 0.01 seconds
[36m(RolloutGroup(rank=2) pid=4057637)[0m language is None, reset current_start_frame to 0
[36m(RolloutGroup(rank=2) pid=4057637)[0m videos shape torch.Size([8, 3, 4, 160, 320]) 33
[36m(RolloutGroup(rank=1) pid=4057636)[0m Time taken: Total 2.46 seconds, Text Encoder 0.62 seconds, Image Encoder 0.54 seconds, VAE 0.00 seconds, KV Cache Creation 0.28 seconds, Diffusion 1.01 seconds, DIT Compute Steps 3 steps, Scheduler 0.01 seconds
[36m(RolloutGroup(rank=1) pid=4057636)[0m language is None, reset current_start_frame to 0
[36m(RolloutGroup(rank=1) pid=4057636)[0m videos shape torch.Size([8, 3, 4, 160, 320]) 33
[36m(RolloutGroup(rank=0) pid=4057629)[0m Time taken: Total 2.47 seconds, Text Encoder 0.62 seconds, Image Encoder 0.54 seconds, VAE 0.00 seconds, KV Cache Creation 0.28 seconds, Diffusion 1.02 seconds, DIT Compute Steps 3 steps, Scheduler 0.01 seconds
[36m(RolloutGroup(rank=0) pid=4057629)[0m language is None, reset current_start_frame to 0
[36m(RolloutGroup(rank=0) pid=4057629)[0m videos shape torch.Size([8, 3, 4, 160, 320]) 33
[36m(RolloutGroup(rank=3) pid=4057642)[0m Time taken: Total 2.47 seconds, Text Encoder 0.62 seconds, Image Encoder 0.55 seconds, VAE 0.00 seconds, KV Cache Creation 0.28 seconds, Diffusion 1.02 seconds, DIT Compute Steps 3 steps, Scheduler 0.01 seconds
[36m(RolloutGroup(rank=3) pid=4057642)[0m language is None, reset current_start_frame to 0
[36m(RolloutGroup(rank=3) pid=4057642)[0m videos shape torch.Size([8, 3, 4, 160, 320]) 33
[36m(RolloutGroup(rank=2) pid=4057637)[0m Time taken: Total 2.47 seconds, Text Encoder 0.62 seconds, Image Encoder 0.54 seconds, VAE 0.00 seconds, KV Cache Creation 0.28 seconds, Diffusion 1.02 seconds, DIT Compute Steps 3 steps, Scheduler 0.01 seconds
[36m(RolloutGroup(rank=2) pid=4057637)[0m language is None, reset current_start_frame to 0
[36m(RolloutGroup(rank=2) pid=4057637)[0m videos shape torch.Size([8, 3, 4, 160, 320]) 33
[36m(RolloutGroup(rank=1) pid=4057636)[0m Time taken: Total 2.46 seconds, Text Encoder 0.62 seconds, Image Encoder 0.54 seconds, VAE 0.00 seconds, KV Cache Creation 0.28 seconds, Diffusion 1.01 seconds, DIT Compute Steps 3 steps, Scheduler 0.01 seconds
[36m(RolloutGroup(rank=1) pid=4057636)[0m language is None, reset current_start_frame to 0
[36m(RolloutGroup(rank=1) pid=4057636)[0m videos shape torch.Size([8, 3, 4, 160, 320]) 33
[36m(RolloutGroup(rank=0) pid=4057629)[0m Time taken: Total 2.47 seconds, Text Encoder 0.62 seconds, Image Encoder 0.54 seconds, VAE 0.00 seconds, KV Cache Creation 0.28 seconds, Diffusion 1.02 seconds, DIT Compute Steps 3 steps, Scheduler 0.01 seconds
[36m(RolloutGroup(rank=0) pid=4057629)[0m language is None, reset current_start_frame to 0
[36m(RolloutGroup(rank=0) pid=4057629)[0m videos shape torch.Size([8, 3, 4, 160, 320]) 33
[36m(RolloutGroup(rank=3) pid=4057642)[0m Time taken: Total 2.47 seconds, Text Encoder 0.63 seconds, Image Encoder 0.55 seconds, VAE 0.00 seconds, KV Cache Creation 0.28 seconds, Diffusion 1.02 seconds, DIT Compute Steps 3 steps, Scheduler 0.01 seconds
[36m(RolloutGroup(rank=3) pid=4057642)[0m language is None, reset current_start_frame to 0
[36m(RolloutGroup(rank=3) pid=4057642)[0m videos shape torch.Size([8, 3, 4, 160, 320]) 33
[36m(RolloutGroup(rank=2) pid=4057637)[0m Time taken: Total 2.47 seconds, Text Encoder 0.62 seconds, Image Encoder 0.54 seconds, VAE 0.00 seconds, KV Cache Creation 0.28 seconds, Diffusion 1.02 seconds, DIT Compute Steps 3 steps, Scheduler 0.01 seconds
[36m(RolloutGroup(rank=2) pid=4057637)[0m language is None, reset current_start_frame to 0
[36m(RolloutGroup(rank=2) pid=4057637)[0m videos shape torch.Size([8, 3, 4, 160, 320]) 33
[36m(RolloutGroup(rank=1) pid=4057636)[0m Time taken: Total 2.46 seconds, Text Encoder 0.62 seconds, Image Encoder 0.54 seconds, VAE 0.00 seconds, KV Cache Creation 0.28 seconds, Diffusion 1.01 seconds, DIT Compute Steps 3 steps, Scheduler 0.01 seconds
[36m(RolloutGroup(rank=1) pid=4057636)[0m language is None, reset current_start_frame to 0
[36m(RolloutGroup(rank=1) pid=4057636)[0m videos shape torch.Size([8, 3, 4, 160, 320]) 33
[36m(RolloutGroup(rank=0) pid=4057629)[0m Time taken: Total 2.47 seconds, Text Encoder 0.62 seconds, Image Encoder 0.54 seconds, VAE 0.00 seconds, KV Cache Creation 0.28 seconds, Diffusion 1.02 seconds, DIT Compute Steps 3 steps, Scheduler 0.01 seconds
[36m(RolloutGroup(rank=3) pid=4057642)[0m Time taken: Total 2.48 seconds, Text Encoder 0.63 seconds, Image Encoder 0.55 seconds, VAE 0.00 seconds, KV Cache Creation 0.28 seconds, Diffusion 1.02 seconds, DIT Compute Steps 3 steps, Scheduler 0.01 seconds
[36m(RolloutGroup(rank=2) pid=4057637)[0m Time taken: Total 2.47 seconds, Text Encoder 0.62 seconds, Image Encoder 0.54 seconds, VAE 0.00 seconds, KV Cache Creation 0.28 seconds, Diffusion 1.02 seconds, DIT Compute Steps 3 steps, Scheduler 0.01 seconds
[36m(RolloutGroup(rank=0) pid=4057629)[0m language is None, reset current_start_frame to 0
[36m(RolloutGroup(rank=0) pid=4057629)[0m videos shape torch.Size([8, 3, 4, 160, 320]) 33
[36m(RolloutGroup(rank=3) pid=4057642)[0m language is None, reset current_start_frame to 0
[36m(RolloutGroup(rank=3) pid=4057642)[0m videos shape torch.Size([8, 3, 4, 160, 320]) 33
[36m(RolloutGroup(rank=2) pid=4057637)[0m language is None, reset current_start_frame to 0
[36m(RolloutGroup(rank=2) pid=4057637)[0m videos shape torch.Size([8, 3, 4, 160, 320]) 33
[36m(RolloutGroup(rank=1) pid=4057636)[0m Time taken: Total 2.46 seconds, Text Encoder 0.62 seconds, Image Encoder 0.54 seconds, VAE 0.00 seconds, KV Cache Creation 0.28 seconds, Diffusion 1.01 seconds, DIT Compute Steps 3 steps, Scheduler 0.01 seconds
[36m(RolloutGroup(rank=1) pid=4057636)[0m language is None, reset current_start_frame to 0
[36m(RolloutGroup(rank=1) pid=4057636)[0m videos shape torch.Size([8, 3, 4, 160, 320]) 33
[36m(RolloutGroup(rank=0) pid=4057629)[0m Time taken: Total 2.47 seconds, Text Encoder 0.62 seconds, Image Encoder 0.54 seconds, VAE 0.00 seconds, KV Cache Creation 0.28 seconds, Diffusion 1.02 seconds, DIT Compute Steps 3 steps, Scheduler 0.01 seconds
[36m(RolloutGroup(rank=0) pid=4057629)[0m language is None, reset current_start_frame to 0
[36m(RolloutGroup(rank=0) pid=4057629)[0m videos shape torch.Size([8, 3, 4, 160, 320]) 33
[36m(RolloutGroup(rank=2) pid=4057637)[0m Time taken: Total 2.46 seconds, Text Encoder 0.62 seconds, Image Encoder 0.54 seconds, VAE 0.00 seconds, KV Cache Creation 0.28 seconds, Diffusion 1.01 seconds, DIT Compute Steps 3 steps, Scheduler 0.01 seconds
[36m(RolloutGroup(rank=2) pid=4057637)[0m language is None, reset current_start_frame to 0
[36m(RolloutGroup(rank=2) pid=4057637)[0m videos shape torch.Size([8, 3, 4, 160, 320]) 33
[36m(RolloutGroup(rank=3) pid=4057642)[0m Time taken: Total 2.47 seconds, Text Encoder 0.63 seconds, Image Encoder 0.54 seconds, VAE 0.00 seconds, KV Cache Creation 0.28 seconds, Diffusion 1.02 seconds, DIT Compute Steps 3 steps, Scheduler 0.01 seconds
[36m(RolloutGroup(rank=3) pid=4057642)[0m language is None, reset current_start_frame to 0
[36m(RolloutGroup(rank=3) pid=4057642)[0m videos shape torch.Size([8, 3, 4, 160, 320]) 33
[36m(RolloutGroup(rank=1) pid=4057636)[0m Time taken: Total 2.46 seconds, Text Encoder 0.62 seconds, Image Encoder 0.54 seconds, VAE 0.00 seconds, KV Cache Creation 0.28 seconds, Diffusion 1.01 seconds, DIT Compute Steps 3 steps, Scheduler 0.01 seconds
[36m(RolloutGroup(rank=1) pid=4057636)[0m language is None, reset current_start_frame to 0
[36m(RolloutGroup(rank=1) pid=4057636)[0m videos shape torch.Size([8, 3, 4, 160, 320]) 33
[36m(RolloutGroup(rank=0) pid=4057629)[0m Time taken: Total 2.47 seconds, Text Encoder 0.62 seconds, Image Encoder 0.54 seconds, VAE 0.00 seconds, KV Cache Creation 0.28 seconds, Diffusion 1.02 seconds, DIT Compute Steps 3 steps, Scheduler 0.01 seconds
[36m(RolloutGroup(rank=0) pid=4057629)[0m language is None, reset current_start_frame to 0
[36m(RolloutGroup(rank=0) pid=4057629)[0m videos shape torch.Size([8, 3, 4, 160, 320]) 33
[36m(RolloutGroup(rank=2) pid=4057637)[0m Time taken: Total 2.46 seconds, Text Encoder 0.62 seconds, Image Encoder 0.54 seconds, VAE 0.00 seconds, KV Cache Creation 0.28 seconds, Diffusion 1.01 seconds, DIT Compute Steps 3 steps, Scheduler 0.01 seconds
[36m(RolloutGroup(rank=2) pid=4057637)[0m language is None, reset current_start_frame to 0
[36m(RolloutGroup(rank=2) pid=4057637)[0m videos shape torch.Size([8, 3, 4, 160, 320]) 33
[36m(RolloutGroup(rank=3) pid=4057642)[0m Time taken: Total 2.47 seconds, Text Encoder 0.62 seconds, Image Encoder 0.54 seconds, VAE 0.00 seconds, KV Cache Creation 0.28 seconds, Diffusion 1.02 seconds, DIT Compute Steps 3 steps, Scheduler 0.01 seconds
[36m(RolloutGroup(rank=3) pid=4057642)[0m language is None, reset current_start_frame to 0
[36m(RolloutGroup(rank=3) pid=4057642)[0m videos shape torch.Size([8, 3, 4, 160, 320]) 33
[36m(RolloutGroup(rank=1) pid=4057636)[0m Time taken: Total 2.46 seconds, Text Encoder 0.62 seconds, Image Encoder 0.54 seconds, VAE 0.00 seconds, KV Cache Creation 0.28 seconds, Diffusion 1.01 seconds, DIT Compute Steps 3 steps, Scheduler 0.01 seconds
[36m(RolloutGroup(rank=1) pid=4057636)[0m language is None, reset current_start_frame to 0
[36m(RolloutGroup(rank=1) pid=4057636)[0m videos shape torch.Size([8, 3, 4, 160, 320]) 33
[36m(RolloutGroup(rank=0) pid=4057629)[0m Time taken: Total 2.47 seconds, Text Encoder 0.62 seconds, Image Encoder 0.54 seconds, VAE 0.00 seconds, KV Cache Creation 0.28 seconds, Diffusion 1.02 seconds, DIT Compute Steps 3 steps, Scheduler 0.01 seconds
[36m(RolloutGroup(rank=0) pid=4057629)[0m language is None, reset current_start_frame to 0
[36m(RolloutGroup(rank=0) pid=4057629)[0m videos shape torch.Size([8, 3, 4, 160, 320]) 33
[36m(RolloutGroup(rank=2) pid=4057637)[0m Time taken: Total 2.46 seconds, Text Encoder 0.62 seconds, Image Encoder 0.54 seconds, VAE 0.00 seconds, KV Cache Creation 0.28 seconds, Diffusion 1.02 seconds, DIT Compute Steps 3 steps, Scheduler 0.01 seconds
[36m(RolloutGroup(rank=2) pid=4057637)[0m language is None, reset current_start_frame to 0
[36m(RolloutGroup(rank=2) pid=4057637)[0m videos shape torch.Size([8, 3, 4, 160, 320]) 33
[36m(RolloutGroup(rank=3) pid=4057642)[0m Time taken: Total 2.47 seconds, Text Encoder 0.62 seconds, Image Encoder 0.54 seconds, VAE 0.00 seconds, KV Cache Creation 0.28 seconds, Diffusion 1.02 seconds, DIT Compute Steps 3 steps, Scheduler 0.01 seconds
[36m(RolloutGroup(rank=3) pid=4057642)[0m language is None, reset current_start_frame to 0
[36m(RolloutGroup(rank=3) pid=4057642)[0m videos shape torch.Size([8, 3, 4, 160, 320]) 33
[36m(RolloutGroup(rank=1) pid=4057636)[0m Time taken: Total 2.46 seconds, Text Encoder 0.62 seconds, Image Encoder 0.54 seconds, VAE 0.00 seconds, KV Cache Creation 0.28 seconds, Diffusion 1.01 seconds, DIT Compute Steps 3 steps, Scheduler 0.01 seconds
[36m(RolloutGroup(rank=1) pid=4057636)[0m language is None, reset current_start_frame to 0
[36m(RolloutGroup(rank=1) pid=4057636)[0m videos shape torch.Size([8, 3, 4, 160, 320]) 33
[36m(RolloutGroup(rank=0) pid=4057629)[0m Time taken: Total 2.47 seconds, Text Encoder 0.62 seconds, Image Encoder 0.54 seconds, VAE 0.00 seconds, KV Cache Creation 0.28 seconds, Diffusion 1.02 seconds, DIT Compute Steps 3 steps, Scheduler 0.01 seconds
[36m(RolloutGroup(rank=0) pid=4057629)[0m language is None, reset current_start_frame to 0
[36m(RolloutGroup(rank=0) pid=4057629)[0m videos shape torch.Size([8, 3, 4, 160, 320]) 33
[36m(RolloutGroup(rank=2) pid=4057637)[0m Time taken: Total 2.47 seconds, Text Encoder 0.62 seconds, Image Encoder 0.54 seconds, VAE 0.00 seconds, KV Cache Creation 0.28 seconds, Diffusion 1.02 seconds, DIT Compute Steps 3 steps, Scheduler 0.01 seconds
[36m(RolloutGroup(rank=2) pid=4057637)[0m language is None, reset current_start_frame to 0
[36m(RolloutGroup(rank=2) pid=4057637)[0m videos shape torch.Size([8, 3, 4, 160, 320]) 33
[36m(RolloutGroup(rank=3) pid=4057642)[0m Time taken: Total 2.47 seconds, Text Encoder 0.63 seconds, Image Encoder 0.54 seconds, VAE 0.00 seconds, KV Cache Creation 0.28 seconds, Diffusion 1.02 seconds, DIT Compute Steps 3 steps, Scheduler 0.01 seconds
[36m(RolloutGroup(rank=3) pid=4057642)[0m language is None, reset current_start_frame to 0
[36m(RolloutGroup(rank=3) pid=4057642)[0m videos shape torch.Size([8, 3, 4, 160, 320]) 33
[36m(RolloutGroup(rank=1) pid=4057636)[0m Time taken: Total 2.46 seconds, Text Encoder 0.62 seconds, Image Encoder 0.54 seconds, VAE 0.00 seconds, KV Cache Creation 0.28 seconds, Diffusion 1.01 seconds, DIT Compute Steps 3 steps, Scheduler 0.01 seconds
[36m(RolloutGroup(rank=1) pid=4057636)[0m language is None, reset current_start_frame to 0
[36m(RolloutGroup(rank=1) pid=4057636)[0m videos shape torch.Size([8, 3, 4, 160, 320]) 33
[36m(RolloutGroup(rank=0) pid=4057629)[0m Time taken: Total 2.47 seconds, Text Encoder 0.62 seconds, Image Encoder 0.54 seconds, VAE 0.00 seconds, KV Cache Creation 0.28 seconds, Diffusion 1.02 seconds, DIT Compute Steps 3 steps, Scheduler 0.01 seconds
[36m(RolloutGroup(rank=0) pid=4057629)[0m language is None, reset current_start_frame to 0
[36m(RolloutGroup(rank=0) pid=4057629)[0m videos shape torch.Size([8, 3, 4, 160, 320]) 33
[36m(RolloutGroup(rank=2) pid=4057637)[0m Time taken: Total 2.47 seconds, Text Encoder 0.62 seconds, Image Encoder 0.54 seconds, VAE 0.00 seconds, KV Cache Creation 0.28 seconds, Diffusion 1.02 seconds, DIT Compute Steps 3 steps, Scheduler 0.01 seconds
[36m(RolloutGroup(rank=2) pid=4057637)[0m language is None, reset current_start_frame to 0
[36m(RolloutGroup(rank=2) pid=4057637)[0m videos shape torch.Size([8, 3, 4, 160, 320]) 33
[36m(RolloutGroup(rank=3) pid=4057642)[0m Time taken: Total 2.47 seconds, Text Encoder 0.62 seconds, Image Encoder 0.55 seconds, VAE 0.00 seconds, KV Cache Creation 0.28 seconds, Diffusion 1.02 seconds, DIT Compute Steps 3 steps, Scheduler 0.01 seconds
[36m(RolloutGroup(rank=3) pid=4057642)[0m language is None, reset current_start_frame to 0
[36m(RolloutGroup(rank=3) pid=4057642)[0m videos shape torch.Size([8, 3, 4, 160, 320]) 33
[36m(RolloutGroup(rank=1) pid=4057636)[0m Time taken: Total 2.46 seconds, Text Encoder 0.62 seconds, Image Encoder 0.54 seconds, VAE 0.00 seconds, KV Cache Creation 0.28 seconds, Diffusion 1.01 seconds, DIT Compute Steps 3 steps, Scheduler 0.01 seconds
[36m(RolloutGroup(rank=1) pid=4057636)[0m language is None, reset current_start_frame to 0
[36m(RolloutGroup(rank=1) pid=4057636)[0m videos shape torch.Size([8, 3, 4, 160, 320]) 33
[36m(RolloutGroup(rank=0) pid=4057629)[0m Time taken: Total 2.47 seconds, Text Encoder 0.62 seconds, Image Encoder 0.54 seconds, VAE 0.00 seconds, KV Cache Creation 0.28 seconds, Diffusion 1.01 seconds, DIT Compute Steps 3 steps, Scheduler 0.01 seconds
[36m(RolloutGroup(rank=0) pid=4057629)[0m language is None, reset current_start_frame to 0
[36m(RolloutGroup(rank=0) pid=4057629)[0m videos shape torch.Size([8, 3, 4, 160, 320]) 33
[36m(RolloutGroup(rank=2) pid=4057637)[0m Time taken: Total 2.46 seconds, Text Encoder 0.62 seconds, Image Encoder 0.54 seconds, VAE 0.00 seconds, KV Cache Creation 0.28 seconds, Diffusion 1.01 seconds, DIT Compute Steps 3 steps, Scheduler 0.01 seconds
[36m(RolloutGroup(rank=2) pid=4057637)[0m language is None, reset current_start_frame to 0
[36m(RolloutGroup(rank=2) pid=4057637)[0m videos shape torch.Size([8, 3, 4, 160, 320]) 33
[36m(RolloutGroup(rank=3) pid=4057642)[0m Time taken: Total 2.48 seconds, Text Encoder 0.63 seconds, Image Encoder 0.55 seconds, VAE 0.00 seconds, KV Cache Creation 0.28 seconds, Diffusion 1.02 seconds, DIT Compute Steps 3 steps, Scheduler 0.01 seconds
[36m(RolloutGroup(rank=3) pid=4057642)[0m language is None, reset current_start_frame to 0
[36m(RolloutGroup(rank=3) pid=4057642)[0m videos shape torch.Size([8, 3, 4, 160, 320]) 33
[36m(RolloutGroup(rank=1) pid=4057636)[0m Time taken: Total 2.46 seconds, Text Encoder 0.62 seconds, Image Encoder 0.54 seconds, VAE 0.00 seconds, KV Cache Creation 0.28 seconds, Diffusion 1.01 seconds, DIT Compute Steps 3 steps, Scheduler 0.01 seconds
[36m(RolloutGroup(rank=1) pid=4057636)[0m language is None, reset current_start_frame to 0
[36m(RolloutGroup(rank=1) pid=4057636)[0m videos shape torch.Size([8, 3, 4, 160, 320]) 33
[36m(RolloutGroup(rank=0) pid=4057629)[0m Time taken: Total 2.46 seconds, Text Encoder 0.62 seconds, Image Encoder 0.54 seconds, VAE 0.00 seconds, KV Cache Creation 0.28 seconds, Diffusion 1.01 seconds, DIT Compute Steps 3 steps, Scheduler 0.01 seconds
[36m(RolloutGroup(rank=0) pid=4057629)[0m language is None, reset current_start_frame to 0
[36m(RolloutGroup(rank=0) pid=4057629)[0m videos shape torch.Size([8, 3, 4, 160, 320]) 33
[36m(RolloutGroup(rank=2) pid=4057637)[0m Time taken: Total 2.46 seconds, Text Encoder 0.62 seconds, Image Encoder 0.54 seconds, VAE 0.00 seconds, KV Cache Creation 0.28 seconds, Diffusion 1.01 seconds, DIT Compute Steps 3 steps, Scheduler 0.01 seconds
[36m(RolloutGroup(rank=2) pid=4057637)[0m language is None, reset current_start_frame to 0
[36m(RolloutGroup(rank=2) pid=4057637)[0m videos shape torch.Size([8, 3, 4, 160, 320]) 33
[36m(RolloutGroup(rank=3) pid=4057642)[0m Time taken: Total 2.47 seconds, Text Encoder 0.62 seconds, Image Encoder 0.55 seconds, VAE 0.00 seconds, KV Cache Creation 0.28 seconds, Diffusion 1.02 seconds, DIT Compute Steps 3 steps, Scheduler 0.01 seconds
[36m(RolloutGroup(rank=3) pid=4057642)[0m language is None, reset current_start_frame to 0
[36m(RolloutGroup(rank=3) pid=4057642)[0m videos shape torch.Size([8, 3, 4, 160, 320]) 33
[36m(RolloutGroup(rank=1) pid=4057636)[0m Time taken: Total 2.46 seconds, Text Encoder 0.62 seconds, Image Encoder 0.54 seconds, VAE 0.00 seconds, KV Cache Creation 0.28 seconds, Diffusion 1.02 seconds, DIT Compute Steps 3 steps, Scheduler 0.01 seconds
[36m(RolloutGroup(rank=1) pid=4057636)[0m language is None, reset current_start_frame to 0
[36m(RolloutGroup(rank=1) pid=4057636)[0m videos shape torch.Size([8, 3, 4, 160, 320]) 33
[36m(RolloutGroup(rank=0) pid=4057629)[0m Time taken: Total 2.46 seconds, Text Encoder 0.62 seconds, Image Encoder 0.54 seconds, VAE 0.00 seconds, KV Cache Creation 0.28 seconds, Diffusion 1.01 seconds, DIT Compute Steps 3 steps, Scheduler 0.01 seconds
[36m(RolloutGroup(rank=0) pid=4057629)[0m language is None, reset current_start_frame to 0
[36m(RolloutGroup(rank=0) pid=4057629)[0m videos shape torch.Size([8, 3, 4, 160, 320]) 33
[36m(RolloutGroup(rank=2) pid=4057637)[0m Time taken: Total 2.46 seconds, Text Encoder 0.62 seconds, Image Encoder 0.54 seconds, VAE 0.00 seconds, KV Cache Creation 0.28 seconds, Diffusion 1.01 seconds, DIT Compute Steps 3 steps, Scheduler 0.01 seconds[36m(RolloutGroup(rank=0) pid=4057629)[0m Generating Rollout Epochs: 100%|██████████| 1/1 [04:01<00:00, 241.62s/it]Generating Rollout Epochs: 100%|██████████| 1/1 [04:01<00:00, 241.62s/it]

[36m(RolloutGroup(rank=2) pid=4057637)[0m language is None, reset current_start_frame to 0
[36m(RolloutGroup(rank=2) pid=4057637)[0m videos shape torch.Size([8, 3, 4, 160, 320]) 33
[36m(RolloutGroup(rank=3) pid=4057642)[0m Time taken: Total 2.47 seconds, Text Encoder 0.63 seconds, Image Encoder 0.55 seconds, VAE 0.00 seconds, KV Cache Creation 0.28 seconds, Diffusion 1.02 seconds, DIT Compute Steps 3 steps, Scheduler 0.01 seconds
[36m(RolloutGroup(rank=3) pid=4057642)[0m language is None, reset current_start_frame to 0
[36m(RolloutGroup(rank=3) pid=4057642)[0m videos shape torch.Size([8, 3, 4, 160, 320]) 33
[36m(RolloutGroup(rank=1) pid=4057636)[0m Time taken: Total 2.46 seconds, Text Encoder 0.62 seconds, Image Encoder 0.54 seconds, VAE 0.00 seconds, KV Cache Creation 0.28 seconds, Diffusion 1.02 seconds, DIT Compute Steps 3 steps, Scheduler 0.01 seconds
[36m(RolloutGroup(rank=1) pid=4057636)[0m language is None, reset current_start_frame to 0
[36m(RolloutGroup(rank=1) pid=4057636)[0m videos shape torch.Size([8, 3, 4, 160, 320]) 33
[36m(RolloutGroup(rank=0) pid=4057629)[0m Time taken: Total 2.46 seconds, Text Encoder 0.62 seconds, Image Encoder 0.54 seconds, VAE 0.00 seconds, KV Cache Creation 0.28 seconds, Diffusion 1.01 seconds, DIT Compute Steps 3 steps, Scheduler 0.01 seconds
[36m(RolloutGroup(rank=0) pid=4057629)[0m language is None, reset current_start_frame to 0
[36m(RolloutGroup(rank=0) pid=4057629)[0m videos shape torch.Size([8, 3, 4, 160, 320]) 33
[36m(RolloutGroup(rank=2) pid=4057637)[0m Time taken: Total 2.47 seconds, Text Encoder 0.62 seconds, Image Encoder 0.54 seconds, VAE 0.00 seconds, KV Cache Creation 0.28 seconds, Diffusion 1.02 seconds, DIT Compute Steps 3 steps, Scheduler 0.01 seconds
[36m(RolloutGroup(rank=2) pid=4057637)[0m language is None, reset current_start_frame to 0
[36m(RolloutGroup(rank=2) pid=4057637)[0m videos shape torch.Size([8, 3, 4, 160, 320]) 33
[36m(RolloutGroup(rank=3) pid=4057642)[0m Time taken: Total 2.48 seconds, Text Encoder 0.62 seconds, Image Encoder 0.55 seconds, VAE 0.00 seconds, KV Cache Creation 0.28 seconds, Diffusion 1.02 seconds, DIT Compute Steps 3 steps, Scheduler 0.01 seconds
[36m(RolloutGroup(rank=3) pid=4057642)[0m language is None, reset current_start_frame to 0
[36m(RolloutGroup(rank=3) pid=4057642)[0m videos shape torch.Size([8, 3, 4, 160, 320]) 33
[36m(RolloutGroup(rank=1) pid=4057636)[0m Time taken: Total 2.46 seconds, Text Encoder 0.62 seconds, Image Encoder 0.54 seconds, VAE 0.00 seconds, KV Cache Creation 0.28 seconds, Diffusion 1.01 seconds, DIT Compute Steps 3 steps, Scheduler 0.01 seconds
[36m(RolloutGroup(rank=0) pid=4057629)[0m Time taken: Total 2.47 seconds, Text Encoder 0.62 seconds, Image Encoder 0.54 seconds, VAE 0.00 seconds, KV Cache Creation 0.28 seconds, Diffusion 1.02 seconds, DIT Compute Steps 3 steps, Scheduler 0.01 seconds
[36m(RolloutGroup(rank=2) pid=4057637)[0m Time taken: Total 2.47 seconds, Text Encoder 0.62 seconds, Image Encoder 0.54 seconds, VAE 0.00 seconds, KV Cache Creation 0.28 seconds, Diffusion 1.02 seconds, DIT Compute Steps 3 steps, Scheduler 0.01 seconds
[36m(RolloutGroup(rank=3) pid=4057642)[0m Time taken: Total 2.48 seconds, Text Encoder 0.62 seconds, Image Encoder 0.54 seconds, VAE 0.00 seconds, KV Cache Creation 0.28 seconds, Diffusion 1.02 seconds, DIT Compute Steps 3 steps, Scheduler 0.01 seconds
[36m(ActorGroup(rank=0) pid=4057615)[0m [INFO 14:23:22 ActorGroup-Rank-0][fsdp_actor_worker.py:1726] actor training: start rollout_size_per_rank=64 global_batch_size=64 batch_size_per_rank=16 micro_batch_size=1 gradient_accumulation=16 update_epoch=1 global_batches_per_rank=4 micro_batches_per_global=16 total_micro_batches_per_rank=64
[36m(ActorGroup(rank=0) pid=4057615)[0m [INFO 14:23:22 ActorGroup-Rank-0][fsdp_actor_worker.py:1774] actor training: micro-batch start 1/64 epoch=1/1 global_batch=1/4 micro=1/16
[36m(ActorGroup(rank=1) pid=4057616)[0m language is None, reset current_start_frame to 0
[36m(ActorGroup(rank=1) pid=4057616)[0m videos shape torch.Size([1, 3, 4, 160, 320]) 33
[36m(ActorGroup(rank=0) pid=4057615)[0m language is None, reset current_start_frame to 0
[36m(ActorGroup(rank=0) pid=4057615)[0m videos shape torch.Size([1, 3, 4, 160, 320]) 33
[36m(ActorGroup(rank=2) pid=4057617)[0m language is None, reset current_start_frame to 0
[36m(ActorGroup(rank=2) pid=4057617)[0m videos shape torch.Size([1, 3, 4, 160, 320]) 33
[36m(ActorGroup(rank=3) pid=4057619)[0m language is None, reset current_start_frame to 0
[36m(ActorGroup(rank=3) pid=4057619)[0m videos shape torch.Size([1, 3, 4, 160, 320]) 33
[36m(ActorGroup(rank=1) pid=4057616)[0m Time taken: Total 5.09 seconds, Text Encoder 0.20 seconds, Image Encoder 0.14 seconds, VAE 0.00 seconds, KV Cache Creation 1.11 seconds, Diffusion 3.64 seconds, DIT Compute Steps 3 steps, Scheduler 0.01 seconds
[36m(ActorGroup(rank=0) pid=4057615)[0m Time taken: Total 5.11 seconds, Text Encoder 0.21 seconds, Image Encoder 0.14 seconds, VAE 0.00 seconds, KV Cache Creation 1.11 seconds, Diffusion 3.64 seconds, DIT Compute Steps 3 steps, Scheduler 0.01 seconds
[36m(ActorGroup(rank=0) pid=4057615)[0m [INFO 14:23:28 ActorGroup-Rank-0][fsdp_actor_worker.py:1844] actor training: model forward done 1/64 elapsed=5.26s
[36m(ActorGroup(rank=2) pid=4057617)[0m Time taken: Total 5.10 seconds, Text Encoder 0.21 seconds, Image Encoder 0.13 seconds, VAE 0.00 seconds, KV Cache Creation 1.11 seconds, Diffusion 3.64 seconds, DIT Compute Steps 3 steps, Scheduler 0.01 seconds
[36m(ActorGroup(rank=3) pid=4057619)[0m Time taken: Total 5.10 seconds, Text Encoder 0.21 seconds, Image Encoder 0.13 seconds, VAE 0.00 seconds, KV Cache Creation 1.11 seconds, Diffusion 3.64 seconds, DIT Compute Steps 3 steps, Scheduler 0.01 seconds
[36m(ActorGroup(rank=0) pid=4057615)[0m [INFO 14:23:30 ActorGroup-Rank-0][fsdp_actor_worker.py:1980] actor training: backward done 1/64 elapsed=2.09s
[36m(ActorGroup(rank=1) pid=4057616)[0m language is None, reset current_start_frame to 0
[36m(ActorGroup(rank=1) pid=4057616)[0m videos shape torch.Size([1, 3, 4, 160, 320]) 33
[36m(ActorGroup(rank=0) pid=4057615)[0m language is None, reset current_start_frame to 0
[36m(ActorGroup(rank=0) pid=4057615)[0m videos shape torch.Size([1, 3, 4, 160, 320]) 33
[36m(ActorGroup(rank=2) pid=4057617)[0m language is None, reset current_start_frame to 0
[36m(ActorGroup(rank=2) pid=4057617)[0m videos shape torch.Size([1, 3, 4, 160, 320]) 33
[36m(ActorGroup(rank=3) pid=4057619)[0m language is None, reset current_start_frame to 0
[36m(ActorGroup(rank=3) pid=4057619)[0m videos shape torch.Size([1, 3, 4, 160, 320]) 33
[36m(ActorGroup(rank=1) pid=4057616)[0m Time taken: Total 4.61 seconds, Text Encoder 0.17 seconds, Image Encoder 0.14 seconds, VAE 0.00 seconds, KV Cache Creation 1.08 seconds, Diffusion 3.22 seconds, DIT Compute Steps 3 steps, Scheduler 0.01 seconds
[36m(ActorGroup(rank=0) pid=4057615)[0m Time taken: Total 4.61 seconds, Text Encoder 0.17 seconds, Image Encoder 0.13 seconds, VAE 0.00 seconds, KV Cache Creation 1.08 seconds, Diffusion 3.22 seconds, DIT Compute Steps 3 steps, Scheduler 0.01 seconds
[36m(ActorGroup(rank=2) pid=4057617)[0m Time taken: Total 4.61 seconds, Text Encoder 0.17 seconds, Image Encoder 0.13 seconds, VAE 0.00 seconds, KV Cache Creation 1.08 seconds, Diffusion 3.22 seconds, DIT Compute Steps 3 steps, Scheduler 0.01 seconds
[36m(ActorGroup(rank=3) pid=4057619)[0m Time taken: Total 4.61 seconds, Text Encoder 0.17 seconds, Image Encoder 0.13 seconds, VAE 0.00 seconds, KV Cache Creation 1.08 seconds, Diffusion 3.22 seconds, DIT Compute Steps 3 steps, Scheduler 0.01 seconds
[36m(ActorGroup(rank=1) pid=4057616)[0m language is None, reset current_start_frame to 0
[36m(ActorGroup(rank=1) pid=4057616)[0m videos shape torch.Size([1, 3, 4, 160, 320]) 33
[36m(ActorGroup(rank=0) pid=4057615)[0m language is None, reset current_start_frame to 0
[36m(ActorGroup(rank=0) pid=4057615)[0m videos shape torch.Size([1, 3, 4, 160, 320]) 33
[36m(ActorGroup(rank=2) pid=4057617)[0m language is None, reset current_start_frame to 0
[36m(ActorGroup(rank=2) pid=4057617)[0m videos shape torch.Size([1, 3, 4, 160, 320]) 33
[36m(ActorGroup(rank=3) pid=4057619)[0m language is None, reset current_start_frame to 0
[36m(ActorGroup(rank=3) pid=4057619)[0m videos shape torch.Size([1, 3, 4, 160, 320]) 33
[36m(ActorGroup(rank=1) pid=4057616)[0m Time taken: Total 4.59 seconds, Text Encoder 0.17 seconds, Image Encoder 0.14 seconds, VAE 0.00 seconds, KV Cache Creation 1.09 seconds, Diffusion 3.18 seconds, DIT Compute Steps 3 steps, Scheduler 0.01 seconds
[36m(ActorGroup(rank=0) pid=4057615)[0m Time taken: Total 4.59 seconds, Text Encoder 0.17 seconds, Image Encoder 0.14 seconds, VAE 0.00 seconds, KV Cache Creation 1.09 seconds, Diffusion 3.19 seconds, DIT Compute Steps 3 steps, Scheduler 0.01 seconds
[36m(ActorGroup(rank=2) pid=4057617)[0m Time taken: Total 4.59 seconds, Text Encoder 0.17 seconds, Image Encoder 0.14 seconds, VAE 0.00 seconds, KV Cache Creation 1.09 seconds, Diffusion 3.19 seconds, DIT Compute Steps 3 steps, Scheduler 0.01 seconds
[36m(ActorGroup(rank=3) pid=4057619)[0m Time taken: Total 4.59 seconds, Text Encoder 0.17 seconds, Image Encoder 0.14 seconds, VAE 0.00 seconds, KV Cache Creation 1.09 seconds, Diffusion 3.19 seconds, DIT Compute Steps 3 steps, Scheduler 0.01 seconds
[36m(ActorGroup(rank=0) pid=4057615)[0m [INFO 14:23:43 ActorGroup-Rank-0][fsdp_actor_worker.py:1774] actor training: micro-batch start 4/64 epoch=1/1 global_batch=1/4 micro=4/16
[36m(ActorGroup(rank=1) pid=4057616)[0m language is None, reset current_start_frame to 0
[36m(ActorGroup(rank=1) pid=4057616)[0m videos shape torch.Size([1, 3, 4, 160, 320]) 33
[36m(ActorGroup(rank=0) pid=4057615)[0m language is None, reset current_start_frame to 0
[36m(ActorGroup(rank=0) pid=4057615)[0m videos shape torch.Size([1, 3, 4, 160, 320]) 33
[36m(ActorGroup(rank=2) pid=4057617)[0m language is None, reset current_start_frame to 0
[36m(ActorGroup(rank=2) pid=4057617)[0m videos shape torch.Size([1, 3, 4, 160, 320]) 33
[36m(ActorGroup(rank=3) pid=4057619)[0m language is None, reset current_start_frame to 0
[36m(ActorGroup(rank=3) pid=4057619)[0m videos shape torch.Size([1, 3, 4, 160, 320]) 33
[36m(ActorGroup(rank=1) pid=4057616)[0m Time taken: Total 4.98 seconds, Text Encoder 0.17 seconds, Image Encoder 0.14 seconds, VAE 0.00 seconds, KV Cache Creation 1.09 seconds, Diffusion 3.57 seconds, DIT Compute Steps 3 steps, Scheduler 0.01 seconds
[36m(ActorGroup(rank=0) pid=4057615)[0m Time taken: Total 4.98 seconds, Text Encoder 0.17 seconds, Image Encoder 0.13 seconds, VAE 0.00 seconds, KV Cache Creation 1.09 seconds, Diffusion 3.57 seconds, DIT Compute Steps 3 steps, Scheduler 0.01 seconds
[36m(ActorGroup(rank=2) pid=4057617)[0m Time taken: Total 4.98 seconds, Text Encoder 0.17 seconds, Image Encoder 0.13 seconds, VAE 0.00 seconds, KV Cache Creation 1.10 seconds, Diffusion 3.57 seconds, DIT Compute Steps 3 steps, Scheduler 0.01 seconds
[36m(ActorGroup(rank=3) pid=4057619)[0m Time taken: Total 4.98 seconds, Text Encoder 0.17 seconds, Image Encoder 0.13 seconds, VAE 0.00 seconds, KV Cache Creation 1.10 seconds, Diffusion 3.57 seconds, DIT Compute Steps 3 steps, Scheduler 0.01 seconds
[36m(ActorGroup(rank=0) pid=4057615)[0m [INFO 14:23:49 ActorGroup-Rank-0][fsdp_actor_worker.py:1844] actor training: model forward done 4/64 elapsed=5.08s
[36m(ActorGroup(rank=0) pid=4057615)[0m [INFO 14:23:51 ActorGroup-Rank-0][fsdp_actor_worker.py:1980] actor training: backward done 4/64 elapsed=2.06s
[36m(ActorGroup(rank=1) pid=4057616)[0m language is None, reset current_start_frame to 0
[36m(ActorGroup(rank=1) pid=4057616)[0m videos shape torch.Size([1, 3, 4, 160, 320]) 33
[36m(ActorGroup(rank=0) pid=4057615)[0m language is None, reset current_start_frame to 0
[36m(ActorGroup(rank=0) pid=4057615)[0m videos shape torch.Size([1, 3, 4, 160, 320]) 33
[36m(ActorGroup(rank=2) pid=4057617)[0m language is None, reset current_start_frame to 0
[36m(ActorGroup(rank=2) pid=4057617)[0m videos shape torch.Size([1, 3, 4, 160, 320]) 33
[36m(ActorGroup(rank=3) pid=4057619)[0m language is None, reset current_start_frame to 0
[36m(ActorGroup(rank=3) pid=4057619)[0m videos shape torch.Size([1, 3, 4, 160, 320]) 33
[36m(ActorGroup(rank=1) pid=4057616)[0m Time taken: Total 4.61 seconds, Text Encoder 0.17 seconds, Image Encoder 0.14 seconds, VAE 0.00 seconds, KV Cache Creation 1.09 seconds, Diffusion 3.21 seconds, DIT Compute Steps 3 steps, Scheduler 0.01 seconds
[36m(ActorGroup(rank=0) pid=4057615)[0m Time taken: Total 4.61 seconds, Text Encoder 0.17 seconds, Image Encoder 0.14 seconds, VAE 0.00 seconds, KV Cache Creation 1.09 seconds, Diffusion 3.21 seconds, DIT Compute Steps 3 steps, Scheduler 0.01 seconds
[36m(ActorGroup(rank=2) pid=4057617)[0m Time taken: Total 4.61 seconds, Text Encoder 0.17 seconds, Image Encoder 0.13 seconds, VAE 0.00 seconds, KV Cache Creation 1.09 seconds, Diffusion 3.21 seconds, DIT Compute Steps 3 steps, Scheduler 0.01 seconds
[36m(ActorGroup(rank=3) pid=4057619)[0m Time taken: Total 4.61 seconds, Text Encoder 0.17 seconds, Image Encoder 0.14 seconds, VAE 0.00 seconds, KV Cache Creation 1.09 seconds, Diffusion 3.21 seconds, DIT Compute Steps 3 steps, Scheduler 0.01 seconds
[36m(ActorGroup(rank=0) pid=4057615)[0m language is None, reset current_start_frame to 0
[36m(ActorGroup(rank=0) pid=4057615)[0m videos shape torch.Size([1, 3, 4, 160, 320]) 33
[36m(ActorGroup(rank=2) pid=4057617)[0m language is None, reset current_start_frame to 0
[36m(ActorGroup(rank=2) pid=4057617)[0m videos shape torch.Size([1, 3, 4, 160, 320]) 33
[36m(ActorGroup(rank=3) pid=4057619)[0m language is None, reset current_start_frame to 0
[36m(ActorGroup(rank=3) pid=4057619)[0m videos shape torch.Size([1, 3, 4, 160, 320]) 33
[36m(ActorGroup(rank=1) pid=4057616)[0m language is None, reset current_start_frame to 0
[36m(ActorGroup(rank=1) pid=4057616)[0m videos shape torch.Size([1, 3, 4, 160, 320]) 33
[36m(ActorGroup(rank=1) pid=4057616)[0m Time taken: Total 4.63 seconds, Text Encoder 0.17 seconds, Image Encoder 0.14 seconds, VAE 0.00 seconds, KV Cache Creation 1.10 seconds, Diffusion 3.21 seconds, DIT Compute Steps 3 steps, Scheduler 0.01 seconds
[36m(ActorGroup(rank=0) pid=4057615)[0m Time taken: Total 4.63 seconds, Text Encoder 0.17 seconds, Image Encoder 0.14 seconds, VAE 0.00 seconds, KV Cache Creation 1.10 seconds, Diffusion 3.21 seconds, DIT Compute Steps 3 steps, Scheduler 0.01 seconds
[36m(ActorGroup(rank=2) pid=4057617)[0m Time taken: Total 4.63 seconds, Text Encoder 0.17 seconds, Image Encoder 0.14 seconds, VAE 0.00 seconds, KV Cache Creation 1.10 seconds, Diffusion 3.21 seconds, DIT Compute Steps 3 steps, Scheduler 0.01 seconds
[36m(ActorGroup(rank=3) pid=4057619)[0m Time taken: Total 4.63 seconds, Text Encoder 0.17 seconds, Image Encoder 0.14 seconds, VAE 0.00 seconds, KV Cache Creation 1.10 seconds, Diffusion 3.21 seconds, DIT Compute Steps 3 steps, Scheduler 0.01 seconds
[36m(ActorGroup(rank=1) pid=4057616)[0m language is None, reset current_start_frame to 0
[36m(ActorGroup(rank=1) pid=4057616)[0m videos shape torch.Size([1, 3, 4, 160, 320]) 33
[36m(ActorGroup(rank=0) pid=4057615)[0m language is None, reset current_start_frame to 0
[36m(ActorGroup(rank=0) pid=4057615)[0m videos shape torch.Size([1, 3, 4, 160, 320]) 33
[36m(ActorGroup(rank=2) pid=4057617)[0m language is None, reset current_start_frame to 0
[36m(ActorGroup(rank=2) pid=4057617)[0m videos shape torch.Size([1, 3, 4, 160, 320]) 33
[36m(ActorGroup(rank=3) pid=4057619)[0m language is None, reset current_start_frame to 0
[36m(ActorGroup(rank=3) pid=4057619)[0m videos shape torch.Size([1, 3, 4, 160, 320]) 33
[36m(ActorGroup(rank=1) pid=4057616)[0m Time taken: Total 4.60 seconds, Text Encoder 0.17 seconds, Image Encoder 0.14 seconds, VAE 0.00 seconds, KV Cache Creation 1.09 seconds, Diffusion 3.19 seconds, DIT Compute Steps 3 steps, Scheduler 0.01 seconds
[36m(ActorGroup(rank=0) pid=4057615)[0m Time taken: Total 4.60 seconds, Text Encoder 0.17 seconds, Image Encoder 0.14 seconds, VAE 0.00 seconds, KV Cache Creation 1.09 seconds, Diffusion 3.19 seconds, DIT Compute Steps 3 steps, Scheduler 0.01 seconds
[36m(ActorGroup(rank=2) pid=4057617)[0m Time taken: Total 4.60 seconds, Text Encoder 0.17 seconds, Image Encoder 0.14 seconds, VAE 0.00 seconds, KV Cache Creation 1.09 seconds, Diffusion 3.19 seconds, DIT Compute Steps 3 steps, Scheduler 0.01 seconds
[36m(ActorGroup(rank=3) pid=4057619)[0m Time taken: Total 4.60 seconds, Text Encoder 0.17 seconds, Image Encoder 0.14 seconds, VAE 0.00 seconds, KV Cache Creation 1.09 seconds, Diffusion 3.19 seconds, DIT Compute Steps 3 steps, Scheduler 0.01 seconds
[36m(ActorGroup(rank=0) pid=4057615)[0m [INFO 14:24:11 ActorGroup-Rank-0][fsdp_actor_worker.py:1774] actor training: micro-batch start 8/64 epoch=1/1 global_batch=1/4 micro=8/16
[36m(ActorGroup(rank=1) pid=4057616)[0m language is None, reset current_start_frame to 0
[36m(ActorGroup(rank=1) pid=4057616)[0m videos shape torch.Size([1, 3, 4, 160, 320]) 33
[36m(ActorGroup(rank=0) pid=4057615)[0m language is None, reset current_start_frame to 0
[36m(ActorGroup(rank=0) pid=4057615)[0m videos shape torch.Size([1, 3, 4, 160, 320]) 33
[36m(ActorGroup(rank=2) pid=4057617)[0m language is None, reset current_start_frame to 0
[36m(ActorGroup(rank=2) pid=4057617)[0m videos shape torch.Size([1, 3, 4, 160, 320]) 33
[36m(ActorGroup(rank=3) pid=4057619)[0m language is None, reset current_start_frame to 0
[36m(ActorGroup(rank=3) pid=4057619)[0m videos shape torch.Size([1, 3, 4, 160, 320]) 33
[36m(ActorGroup(rank=1) pid=4057616)[0m Time taken: Total 4.57 seconds, Text Encoder 0.16 seconds, Image Encoder 0.14 seconds, VAE 0.00 seconds, KV Cache Creation 1.08 seconds, Diffusion 3.18 seconds, DIT Compute Steps 3 steps, Scheduler 0.01 seconds
[36m(ActorGroup(rank=0) pid=4057615)[0m Time taken: Total 4.58 seconds, Text Encoder 0.17 seconds, Image Encoder 0.14 seconds, VAE 0.00 seconds, KV Cache Creation 1.08 seconds, Diffusion 3.18 seconds, DIT Compute Steps 3 steps, Scheduler 0.01 seconds
[36m(ActorGroup(rank=2) pid=4057617)[0m Time taken: Total 4.57 seconds, Text Encoder 0.17 seconds, Image Encoder 0.14 seconds, VAE 0.00 seconds, KV Cache Creation 1.08 seconds, Diffusion 3.18 seconds, DIT Compute Steps 3 steps, Scheduler 0.01 seconds
[36m(ActorGroup(rank=3) pid=4057619)[0m Time taken: Total 4.57 seconds, Text Encoder 0.17 seconds, Image Encoder 0.14 seconds, VAE 0.00 seconds, KV Cache Creation 1.08 seconds, Diffusion 3.18 seconds, DIT Compute Steps 3 steps, Scheduler 0.01 seconds
[36m(ActorGroup(rank=0) pid=4057615)[0m [INFO 14:24:16 ActorGroup-Rank-0][fsdp_actor_worker.py:1844] actor training: model forward done 8/64 elapsed=4.67s
[36m(ActorGroup(rank=0) pid=4057615)[0m [INFO 14:24:18 ActorGroup-Rank-0][fsdp_actor_worker.py:1980] actor training: backward done 8/64 elapsed=2.06s
[36m(ActorGroup(rank=1) pid=4057616)[0m language is None, reset current_start_frame to 0
[36m(ActorGroup(rank=1) pid=4057616)[0m videos shape torch.Size([1, 3, 4, 160, 320]) 33
[36m(ActorGroup(rank=0) pid=4057615)[0m language is None, reset current_start_frame to 0
[36m(ActorGroup(rank=0) pid=4057615)[0m videos shape torch.Size([1, 3, 4, 160, 320]) 33
[36m(ActorGroup(rank=2) pid=4057617)[0m language is None, reset current_start_frame to 0
[36m(ActorGroup(rank=2) pid=4057617)[0m videos shape torch.Size([1, 3, 4, 160, 320]) 33
[36m(ActorGroup(rank=3) pid=4057619)[0m language is None, reset current_start_frame to 0
[36m(ActorGroup(rank=3) pid=4057619)[0m videos shape torch.Size([1, 3, 4, 160, 320]) 33
[36m(ActorGroup(rank=1) pid=4057616)[0m Time taken: Total 5.00 seconds, Text Encoder 0.16 seconds, Image Encoder 0.14 seconds, VAE 0.00 seconds, KV Cache Creation 1.49 seconds, Diffusion 3.20 seconds, DIT Compute Steps 3 steps, Scheduler 0.01 seconds
[36m(ActorGroup(rank=0) pid=4057615)[0m Time taken: Total 5.00 seconds, Text Encoder 0.17 seconds, Image Encoder 0.14 seconds, VAE 0.00 seconds, KV Cache Creation 1.49 seconds, Diffusion 3.20 seconds, DIT Compute Steps 3 steps, Scheduler 0.01 seconds
[36m(ActorGroup(rank=2) pid=4057617)[0m Time taken: Total 5.00 seconds, Text Encoder 0.17 seconds, Image Encoder 0.14 seconds, VAE 0.00 seconds, KV Cache Creation 1.49 seconds, Diffusion 3.20 seconds, DIT Compute Steps 3 steps, Scheduler 0.01 seconds
[36m(ActorGroup(rank=3) pid=4057619)[0m Time taken: Total 5.00 seconds, Text Encoder 0.17 seconds, Image Encoder 0.14 seconds, VAE 0.00 seconds, KV Cache Creation 1.48 seconds, Diffusion 3.20 seconds, DIT Compute Steps 3 steps, Scheduler 0.01 seconds
[36m(ActorGroup(rank=1) pid=4057616)[0m language is None, reset current_start_frame to 0
[36m(ActorGroup(rank=1) pid=4057616)[0m videos shape torch.Size([1, 3, 4, 160, 320]) 33
[36m(ActorGroup(rank=0) pid=4057615)[0m language is None, reset current_start_frame to 0
[36m(ActorGroup(rank=0) pid=4057615)[0m videos shape torch.Size([1, 3, 4, 160, 320]) 33
[36m(ActorGroup(rank=2) pid=4057617)[0m language is None, reset current_start_frame to 0
[36m(ActorGroup(rank=2) pid=4057617)[0m videos shape torch.Size([1, 3, 4, 160, 320]) 33
[36m(ActorGroup(rank=3) pid=4057619)[0m language is None, reset current_start_frame to 0
[36m(ActorGroup(rank=3) pid=4057619)[0m videos shape torch.Size([1, 3, 4, 160, 320]) 33
[36m(ActorGroup(rank=1) pid=4057616)[0m Time taken: Total 4.63 seconds, Text Encoder 0.17 seconds, Image Encoder 0.14 seconds, VAE 0.00 seconds, KV Cache Creation 1.09 seconds, Diffusion 3.23 seconds, DIT Compute Steps 3 steps, Scheduler 0.01 seconds
[36m(ActorGroup(rank=0) pid=4057615)[0m Time taken: Total 4.63 seconds, Text Encoder 0.17 seconds, Image Encoder 0.14 seconds, VAE 0.00 seconds, KV Cache Creation 1.09 seconds, Diffusion 3.23 seconds, DIT Compute Steps 3 steps, Scheduler 0.01 seconds
[36m(ActorGroup(rank=2) pid=4057617)[0m Time taken: Total 4.63 seconds, Text Encoder 0.17 seconds, Image Encoder 0.14 seconds, VAE 0.00 seconds, KV Cache Creation 1.09 seconds, Diffusion 3.23 seconds, DIT Compute Steps 3 steps, Scheduler 0.01 seconds
[36m(ActorGroup(rank=3) pid=4057619)[0m Time taken: Total 4.63 seconds, Text Encoder 0.17 seconds, Image Encoder 0.14 seconds, VAE 0.00 seconds, KV Cache Creation 1.09 seconds, Diffusion 3.23 seconds, DIT Compute Steps 3 steps, Scheduler 0.01 seconds
[36m(ActorGroup(rank=1) pid=4057616)[0m language is None, reset current_start_frame to 0
[36m(ActorGroup(rank=1) pid=4057616)[0m videos shape torch.Size([1, 3, 4, 160, 320]) 33
[36m(ActorGroup(rank=0) pid=4057615)[0m language is None, reset current_start_frame to 0
[36m(ActorGroup(rank=0) pid=4057615)[0m videos shape torch.Size([1, 3, 4, 160, 320]) 33
[36m(ActorGroup(rank=2) pid=4057617)[0m language is None, reset current_start_frame to 0
[36m(ActorGroup(rank=2) pid=4057617)[0m videos shape torch.Size([1, 3, 4, 160, 320]) 33
[36m(ActorGroup(rank=3) pid=4057619)[0m language is None, reset current_start_frame to 0
[36m(ActorGroup(rank=3) pid=4057619)[0m videos shape torch.Size([1, 3, 4, 160, 320]) 33
[36m(ActorGroup(rank=1) pid=4057616)[0m Time taken: Total 4.58 seconds, Text Encoder 0.17 seconds, Image Encoder 0.14 seconds, VAE 0.00 seconds, KV Cache Creation 1.09 seconds, Diffusion 3.17 seconds, DIT Compute Steps 3 steps, Scheduler 0.01 seconds
[36m(ActorGroup(rank=0) pid=4057615)[0m Time taken: Total 4.58 seconds, Text Encoder 0.17 seconds, Image Encoder 0.14 seconds, VAE 0.00 seconds, KV Cache Creation 1.09 seconds, Diffusion 3.17 seconds, DIT Compute Steps 3 steps, Scheduler 0.01 seconds
[36m(ActorGroup(rank=2) pid=4057617)[0m Time taken: Total 4.58 seconds, Text Encoder 0.17 seconds, Image Encoder 0.14 seconds, VAE 0.00 seconds, KV Cache Creation 1.09 seconds, Diffusion 3.17 seconds, DIT Compute Steps 3 steps, Scheduler 0.01 seconds
[36m(ActorGroup(rank=3) pid=4057619)[0m Time taken: Total 4.58 seconds, Text Encoder 0.17 seconds, Image Encoder 0.14 seconds, VAE 0.00 seconds, KV Cache Creation 1.09 seconds, Diffusion 3.17 seconds, DIT Compute Steps 3 steps, Scheduler 0.01 seconds
[36m(ActorGroup(rank=0) pid=4057615)[0m [INFO 14:24:39 ActorGroup-Rank-0][fsdp_actor_worker.py:1774] actor training: micro-batch start 12/64 epoch=1/1 global_batch=1/4 micro=12/16
[36m(ActorGroup(rank=1) pid=4057616)[0m language is None, reset current_start_frame to 0
[36m(ActorGroup(rank=1) pid=4057616)[0m videos shape torch.Size([1, 3, 4, 160, 320]) 33
[36m(ActorGroup(rank=0) pid=4057615)[0m language is None, reset current_start_frame to 0
[36m(ActorGroup(rank=0) pid=4057615)[0m videos shape torch.Size([1, 3, 4, 160, 320]) 33
[36m(ActorGroup(rank=2) pid=4057617)[0m language is None, reset current_start_frame to 0
[36m(ActorGroup(rank=2) pid=4057617)[0m videos shape torch.Size([1, 3, 4, 160, 320]) 33
[36m(ActorGroup(rank=3) pid=4057619)[0m language is None, reset current_start_frame to 0
[36m(ActorGroup(rank=3) pid=4057619)[0m videos shape torch.Size([1, 3, 4, 160, 320]) 33
[36m(ActorGroup(rank=1) pid=4057616)[0m Time taken: Total 4.58 seconds, Text Encoder 0.17 seconds, Image Encoder 0.14 seconds, VAE 0.00 seconds, KV Cache Creation 1.09 seconds, Diffusion 3.18 seconds, DIT Compute Steps 3 steps, Scheduler 0.01 seconds
[36m(ActorGroup(rank=0) pid=4057615)[0m Time taken: Total 4.59 seconds, Text Encoder 0.17 seconds, Image Encoder 0.14 seconds, VAE 0.00 seconds, KV Cache Creation 1.09 seconds, Diffusion 3.18 seconds, DIT Compute Steps 3 steps, Scheduler 0.01 seconds
[36m(ActorGroup(rank=0) pid=4057615)[0m [INFO 14:24:44 ActorGroup-Rank-0][fsdp_actor_worker.py:1844] actor training: model forward done 12/64 elapsed=4.69s
[36m(ActorGroup(rank=2) pid=4057617)[0m Time taken: Total 4.59 seconds, Text Encoder 0.17 seconds, Image Encoder 0.14 seconds, VAE 0.00 seconds, KV Cache Creation 1.09 seconds, Diffusion 3.18 seconds, DIT Compute Steps 3 steps, Scheduler 0.01 seconds
[36m(ActorGroup(rank=3) pid=4057619)[0m Time taken: Total 4.59 seconds, Text Encoder 0.17 seconds, Image Encoder 0.14 seconds, VAE 0.00 seconds, KV Cache Creation 1.09 seconds, Diffusion 3.18 seconds, DIT Compute Steps 3 steps, Scheduler 0.01 seconds
[36m(ActorGroup(rank=0) pid=4057615)[0m [INFO 14:24:46 ActorGroup-Rank-0][fsdp_actor_worker.py:1980] actor training: backward done 12/64 elapsed=2.09s
[36m(ActorGroup(rank=1) pid=4057616)[0m language is None, reset current_start_frame to 0
[36m(ActorGroup(rank=1) pid=4057616)[0m videos shape torch.Size([1, 3, 4, 160, 320]) 33
[36m(ActorGroup(rank=0) pid=4057615)[0m language is None, reset current_start_frame to 0
[36m(ActorGroup(rank=0) pid=4057615)[0m videos shape torch.Size([1, 3, 4, 160, 320]) 33
[36m(ActorGroup(rank=2) pid=4057617)[0m language is None, reset current_start_frame to 0
[36m(ActorGroup(rank=2) pid=4057617)[0m videos shape torch.Size([1, 3, 4, 160, 320]) 33
[36m(ActorGroup(rank=3) pid=4057619)[0m language is None, reset current_start_frame to 0
[36m(ActorGroup(rank=3) pid=4057619)[0m videos shape torch.Size([1, 3, 4, 160, 320]) 33
[36m(ActorGroup(rank=1) pid=4057616)[0m Time taken: Total 5.03 seconds, Text Encoder 0.17 seconds, Image Encoder 0.14 seconds, VAE 0.00 seconds, KV Cache Creation 1.09 seconds, Diffusion 3.62 seconds, DIT Compute Steps 3 steps, Scheduler 0.01 seconds
[36m(ActorGroup(rank=0) pid=4057615)[0m Time taken: Total 5.03 seconds, Text Encoder 0.17 seconds, Image Encoder 0.14 seconds, VAE 0.00 seconds, KV Cache Creation 1.09 seconds, Diffusion 3.62 seconds, DIT Compute Steps 3 steps, Scheduler 0.01 seconds
[36m(ActorGroup(rank=2) pid=4057617)[0m Time taken: Total 5.03 seconds, Text Encoder 0.17 seconds, Image Encoder 0.14 seconds, VAE 0.00 seconds, KV Cache Creation 1.09 seconds, Diffusion 3.62 seconds, DIT Compute Steps 3 steps, Scheduler 0.01 seconds
[36m(ActorGroup(rank=3) pid=4057619)[0m Time taken: Total 5.03 seconds, Text Encoder 0.17 seconds, Image Encoder 0.14 seconds, VAE 0.00 seconds, KV Cache Creation 1.09 seconds, Diffusion 3.62 seconds, DIT Compute Steps 3 steps, Scheduler 0.01 seconds
[36m(ActorGroup(rank=1) pid=4057616)[0m language is None, reset current_start_frame to 0
[36m(ActorGroup(rank=1) pid=4057616)[0m videos shape torch.Size([1, 3, 4, 160, 320]) 33
[36m(ActorGroup(rank=0) pid=4057615)[0m language is None, reset current_start_frame to 0
[36m(ActorGroup(rank=0) pid=4057615)[0m videos shape torch.Size([1, 3, 4, 160, 320]) 33
[36m(ActorGroup(rank=2) pid=4057617)[0m language is None, reset current_start_frame to 0
[36m(ActorGroup(rank=2) pid=4057617)[0m videos shape torch.Size([1, 3, 4, 160, 320]) 33
[36m(ActorGroup(rank=3) pid=4057619)[0m language is None, reset current_start_frame to 0
[36m(ActorGroup(rank=3) pid=4057619)[0m videos shape torch.Size([1, 3, 4, 160, 320]) 33
[36m(ActorGroup(rank=1) pid=4057616)[0m Time taken: Total 4.66 seconds, Text Encoder 0.17 seconds, Image Encoder 0.15 seconds, VAE 0.00 seconds, KV Cache Creation 1.09 seconds, Diffusion 3.24 seconds, DIT Compute Steps 3 steps, Scheduler 0.01 seconds
[36m(ActorGroup(rank=0) pid=4057615)[0m Time taken: Total 4.66 seconds, Text Encoder 0.17 seconds, Image Encoder 0.14 seconds, VAE 0.00 seconds, KV Cache Creation 1.09 seconds, Diffusion 3.24 seconds, DIT Compute Steps 3 steps, Scheduler 0.01 seconds
[36m(ActorGroup(rank=2) pid=4057617)[0m Time taken: Total 4.66 seconds, Text Encoder 0.17 seconds, Image Encoder 0.14 seconds, VAE 0.00 seconds, KV Cache Creation 1.09 seconds, Diffusion 3.24 seconds, DIT Compute Steps 3 steps, Scheduler 0.01 seconds
[36m(ActorGroup(rank=3) pid=4057619)[0m Time taken: Total 4.66 seconds, Text Encoder 0.17 seconds, Image Encoder 0.14 seconds, VAE 0.00 seconds, KV Cache Creation 1.09 seconds, Diffusion 3.24 seconds, DIT Compute Steps 3 steps, Scheduler 0.01 seconds
[36m(ActorGroup(rank=1) pid=4057616)[0m language is None, reset current_start_frame to 0
[36m(ActorGroup(rank=1) pid=4057616)[0m videos shape torch.Size([1, 3, 4, 160, 320]) 33
[36m(ActorGroup(rank=0) pid=4057615)[0m language is None, reset current_start_frame to 0
[36m(ActorGroup(rank=0) pid=4057615)[0m videos shape torch.Size([1, 3, 4, 160, 320]) 33
[36m(ActorGroup(rank=2) pid=4057617)[0m language is None, reset current_start_frame to 0
[36m(ActorGroup(rank=2) pid=4057617)[0m videos shape torch.Size([1, 3, 4, 160, 320]) 33
[36m(ActorGroup(rank=3) pid=4057619)[0m language is None, reset current_start_frame to 0
[36m(ActorGroup(rank=3) pid=4057619)[0m videos shape torch.Size([1, 3, 4, 160, 320]) 33
[36m(ActorGroup(rank=1) pid=4057616)[0m Time taken: Total 4.55 seconds, Text Encoder 0.17 seconds, Image Encoder 0.14 seconds, VAE 0.00 seconds, KV Cache Creation 1.07 seconds, Diffusion 3.16 seconds, DIT Compute Steps 3 steps, Scheduler 0.01 seconds
[36m(ActorGroup(rank=0) pid=4057615)[0m Time taken: Total 4.55 seconds, Text Encoder 0.17 seconds, Image Encoder 0.14 seconds, VAE 0.00 seconds, KV Cache Creation 1.07 seconds, Diffusion 3.16 seconds, DIT Compute Steps 3 steps, Scheduler 0.01 seconds
[36m(ActorGroup(rank=2) pid=4057617)[0m Time taken: Total 4.56 seconds, Text Encoder 0.17 seconds, Image Encoder 0.14 seconds, VAE 0.00 seconds, KV Cache Creation 1.07 seconds, Diffusion 3.17 seconds, DIT Compute Steps 3 steps, Scheduler 0.01 seconds
[36m(ActorGroup(rank=3) pid=4057619)[0m Time taken: Total 4.55 seconds, Text Encoder 0.17 seconds, Image Encoder 0.14 seconds, VAE 0.00 seconds, KV Cache Creation 1.07 seconds, Diffusion 3.16 seconds, DIT Compute Steps 3 steps, Scheduler 0.01 seconds
[36m(ActorGroup(rank=0) pid=4057615)[0m [INFO 14:25:07 ActorGroup-Rank-0][fsdp_actor_worker.py:1774] actor training: micro-batch start 16/64 epoch=1/1 global_batch=1/4 micro=16/16
[36m(ActorGroup(rank=1) pid=4057616)[0m language is None, reset current_start_frame to 0
[36m(ActorGroup(rank=1) pid=4057616)[0m videos shape torch.Size([1, 3, 4, 160, 320]) 33
[36m(ActorGroup(rank=0) pid=4057615)[0m language is None, reset current_start_frame to 0
[36m(ActorGroup(rank=0) pid=4057615)[0m videos shape torch.Size([1, 3, 4, 160, 320]) 33
[36m(ActorGroup(rank=2) pid=4057617)[0m language is None, reset current_start_frame to 0
[36m(ActorGroup(rank=2) pid=4057617)[0m videos shape torch.Size([1, 3, 4, 160, 320]) 33
[36m(ActorGroup(rank=3) pid=4057619)[0m language is None, reset current_start_frame to 0
[36m(ActorGroup(rank=3) pid=4057619)[0m videos shape torch.Size([1, 3, 4, 160, 320]) 33
[36m(ActorGroup(rank=1) pid=4057616)[0m Time taken: Total 4.60 seconds, Text Encoder 0.17 seconds, Image Encoder 0.14 seconds, VAE 0.00 seconds, KV Cache Creation 1.10 seconds, Diffusion 3.18 seconds, DIT Compute Steps 3 steps, Scheduler 0.01 seconds
[36m(ActorGroup(rank=0) pid=4057615)[0m Time taken: Total 4.60 seconds, Text Encoder 0.17 seconds, Image Encoder 0.14 seconds, VAE 0.00 seconds, KV Cache Creation 1.11 seconds, Diffusion 3.18 seconds, DIT Compute Steps 3 steps, Scheduler 0.01 seconds
[36m(ActorGroup(rank=0) pid=4057615)[0m [INFO 14:25:12 ActorGroup-Rank-0][fsdp_actor_worker.py:1844] actor training: model forward done 16/64 elapsed=4.71s
[36m(ActorGroup(rank=2) pid=4057617)[0m Time taken: Total 4.60 seconds, Text Encoder 0.17 seconds, Image Encoder 0.14 seconds, VAE 0.00 seconds, KV Cache Creation 1.11 seconds, Diffusion 3.18 seconds, DIT Compute Steps 3 steps, Scheduler 0.01 seconds
[36m(ActorGroup(rank=3) pid=4057619)[0m Time taken: Total 4.60 seconds, Text Encoder 0.17 seconds, Image Encoder 0.14 seconds, VAE 0.00 seconds, KV Cache Creation 1.11 seconds, Diffusion 3.18 seconds, DIT Compute Steps 3 steps, Scheduler 0.01 seconds
[36m(ActorGroup(rank=0) pid=4057615)[0m [INFO 14:25:14 ActorGroup-Rank-0][fsdp_actor_worker.py:1980] actor training: backward done 16/64 elapsed=2.28s
[36m(ActorGroup(rank=0) pid=4057615)[0m [INFO 14:25:14 ActorGroup-Rank-0][fsdp_actor_worker.py:2001] actor training: global batch done 1/4 epoch=1/1 elapsed=111.78s
[36m(ActorGroup(rank=0) pid=4057615)[0m [INFO 14:25:15 ActorGroup-Rank-0][fsdp_actor_worker.py:2014] actor training: empty_cache done global_batch=1/4 elapsed=1.08s
[36m(ActorGroup(rank=0) pid=4057615)[0m [INFO 14:25:15 ActorGroup-Rank-0][fsdp_actor_worker.py:2031] actor training: optimizer step done global_batch=1/4 grad_norm=158.25 elapsed=0.05s
[36m(ActorGroup(rank=1) pid=4057616)[0m language is None, reset current_start_frame to 0
[36m(ActorGroup(rank=1) pid=4057616)[0m videos shape torch.Size([1, 3, 4, 160, 320]) 33
[36m(ActorGroup(rank=0) pid=4057615)[0m language is None, reset current_start_frame to 0
[36m(ActorGroup(rank=0) pid=4057615)[0m videos shape torch.Size([1, 3, 4, 160, 320]) 33
[36m(ActorGroup(rank=2) pid=4057617)[0m language is None, reset current_start_frame to 0
[36m(ActorGroup(rank=2) pid=4057617)[0m videos shape torch.Size([1, 3, 4, 160, 320]) 33
[36m(ActorGroup(rank=3) pid=4057619)[0m language is None, reset current_start_frame to 0
[36m(ActorGroup(rank=3) pid=4057619)[0m videos shape torch.Size([1, 3, 4, 160, 320]) 33
[36m(ActorGroup(rank=1) pid=4057616)[0m Time taken: Total 5.51 seconds, Text Encoder 0.20 seconds, Image Encoder 0.14 seconds, VAE 0.00 seconds, KV Cache Creation 1.12 seconds, Diffusion 4.04 seconds, DIT Compute Steps 3 steps, Scheduler 0.01 seconds
[36m(ActorGroup(rank=0) pid=4057615)[0m Time taken: Total 5.51 seconds, Text Encoder 0.20 seconds, Image Encoder 0.14 seconds, VAE 0.00 seconds, KV Cache Creation 1.12 seconds, Diffusion 4.04 seconds, DIT Compute Steps 3 steps, Scheduler 0.01 seconds
[36m(ActorGroup(rank=2) pid=4057617)[0m Time taken: Total 5.51 seconds, Text Encoder 0.20 seconds, Image Encoder 0.13 seconds, VAE 0.00 seconds, KV Cache Creation 1.13 seconds, Diffusion 4.04 seconds, DIT Compute Steps 3 steps, Scheduler 0.01 seconds
[36m(ActorGroup(rank=3) pid=4057619)[0m Time taken: Total 5.51 seconds, Text Encoder 0.20 seconds, Image Encoder 0.14 seconds, VAE 0.00 seconds, KV Cache Creation 1.13 seconds, Diffusion 4.04 seconds, DIT Compute Steps 3 steps, Scheduler 0.01 seconds
[36m(ActorGroup(rank=1) pid=4057616)[0m language is None, reset current_start_frame to 0
[36m(ActorGroup(rank=1) pid=4057616)[0m videos shape torch.Size([1, 3, 4, 160, 320]) 33
[36m(ActorGroup(rank=0) pid=4057615)[0m language is None, reset current_start_frame to 0
[36m(ActorGroup(rank=0) pid=4057615)[0m videos shape torch.Size([1, 3, 4, 160, 320]) 33
[36m(ActorGroup(rank=2) pid=4057617)[0m language is None, reset current_start_frame to 0
[36m(ActorGroup(rank=2) pid=4057617)[0m videos shape torch.Size([1, 3, 4, 160, 320]) 33
[36m(ActorGroup(rank=3) pid=4057619)[0m language is None, reset current_start_frame to 0
[36m(ActorGroup(rank=3) pid=4057619)[0m videos shape torch.Size([1, 3, 4, 160, 320]) 33
[36m(ActorGroup(rank=1) pid=4057616)[0m Time taken: Total 4.60 seconds, Text Encoder 0.17 seconds, Image Encoder 0.15 seconds, VAE 0.00 seconds, KV Cache Creation 1.08 seconds, Diffusion 3.19 seconds, DIT Compute Steps 3 steps, Scheduler 0.01 seconds
[36m(ActorGroup(rank=0) pid=4057615)[0m Time taken: Total 4.59 seconds, Text Encoder 0.17 seconds, Image Encoder 0.14 seconds, VAE 0.00 seconds, KV Cache Creation 1.09 seconds, Diffusion 3.19 seconds, DIT Compute Steps 3 steps, Scheduler 0.01 seconds
[36m(ActorGroup(rank=2) pid=4057617)[0m Time taken: Total 4.59 seconds, Text Encoder 0.17 seconds, Image Encoder 0.14 seconds, VAE 0.00 seconds, KV Cache Creation 1.09 seconds, Diffusion 3.19 seconds, DIT Compute Steps 3 steps, Scheduler 0.01 seconds
[36m(ActorGroup(rank=3) pid=4057619)[0m Time taken: Total 4.60 seconds, Text Encoder 0.17 seconds, Image Encoder 0.14 seconds, VAE 0.00 seconds, KV Cache Creation 1.09 seconds, Diffusion 3.19 seconds, DIT Compute Steps 3 steps, Scheduler 0.01 seconds
[36m(ActorGroup(rank=1) pid=4057616)[0m language is None, reset current_start_frame to 0
[36m(ActorGroup(rank=1) pid=4057616)[0m videos shape torch.Size([1, 3, 4, 160, 320]) 33
[36m(ActorGroup(rank=0) pid=4057615)[0m language is None, reset current_start_frame to 0
[36m(ActorGroup(rank=0) pid=4057615)[0m videos shape torch.Size([1, 3, 4, 160, 320]) 33
[36m(ActorGroup(rank=2) pid=4057617)[0m language is None, reset current_start_frame to 0
[36m(ActorGroup(rank=2) pid=4057617)[0m videos shape torch.Size([1, 3, 4, 160, 320]) 33
[36m(ActorGroup(rank=3) pid=4057619)[0m language is None, reset current_start_frame to 0
[36m(ActorGroup(rank=3) pid=4057619)[0m videos shape torch.Size([1, 3, 4, 160, 320]) 33
[36m(ActorGroup(rank=1) pid=4057616)[0m Time taken: Total 4.59 seconds, Text Encoder 0.17 seconds, Image Encoder 0.14 seconds, VAE 0.00 seconds, KV Cache Creation 1.08 seconds, Diffusion 3.19 seconds, DIT Compute Steps 3 steps, Scheduler 0.01 seconds
[36m(ActorGroup(rank=0) pid=4057615)[0m Time taken: Total 4.59 seconds, Text Encoder 0.17 seconds, Image Encoder 0.14 seconds, VAE 0.00 seconds, KV Cache Creation 1.08 seconds, Diffusion 3.19 seconds, DIT Compute Steps 3 steps, Scheduler 0.01 seconds
[36m(ActorGroup(rank=2) pid=4057617)[0m Time taken: Total 4.59 seconds, Text Encoder 0.17 seconds, Image Encoder 0.14 seconds, VAE 0.00 seconds, KV Cache Creation 1.08 seconds, Diffusion 3.19 seconds, DIT Compute Steps 3 steps, Scheduler 0.01 seconds
[36m(ActorGroup(rank=3) pid=4057619)[0m Time taken: Total 4.59 seconds, Text Encoder 0.17 seconds, Image Encoder 0.14 seconds, VAE 0.00 seconds, KV Cache Creation 1.08 seconds, Diffusion 3.19 seconds, DIT Compute Steps 3 steps, Scheduler 0.01 seconds
[36m(ActorGroup(rank=1) pid=4057616)[0m language is None, reset current_start_frame to 0
[36m(ActorGroup(rank=1) pid=4057616)[0m videos shape torch.Size([1, 3, 4, 160, 320]) 33
[36m(ActorGroup(rank=0) pid=4057615)[0m [INFO 14:25:37 ActorGroup-Rank-0][fsdp_actor_worker.py:1774] actor training: micro-batch start 20/64 epoch=1/1 global_batch=2/4 micro=4/16
[36m(ActorGroup(rank=0) pid=4057615)[0m language is None, reset current_start_frame to 0
[36m(ActorGroup(rank=0) pid=4057615)[0m videos shape torch.Size([1, 3, 4, 160, 320]) 33
[36m(ActorGroup(rank=2) pid=4057617)[0m language is None, reset current_start_frame to 0
[36m(ActorGroup(rank=2) pid=4057617)[0m videos shape torch.Size([1, 3, 4, 160, 320]) 33
[36m(ActorGroup(rank=3) pid=4057619)[0m language is None, reset current_start_frame to 0
[36m(ActorGroup(rank=3) pid=4057619)[0m videos shape torch.Size([1, 3, 4, 160, 320]) 33
[36m(ActorGroup(rank=1) pid=4057616)[0m Time taken: Total 4.63 seconds, Text Encoder 0.17 seconds, Image Encoder 0.14 seconds, VAE 0.00 seconds, KV Cache Creation 1.09 seconds, Diffusion 3.23 seconds, DIT Compute Steps 3 steps, Scheduler 0.01 seconds
[36m(ActorGroup(rank=0) pid=4057615)[0m Time taken: Total 4.63 seconds, Text Encoder 0.17 seconds, Image Encoder 0.14 seconds, VAE 0.00 seconds, KV Cache Creation 1.09 seconds, Diffusion 3.23 seconds, DIT Compute Steps 3 steps, Scheduler 0.01 seconds
[36m(ActorGroup(rank=2) pid=4057617)[0m Time taken: Total 4.63 seconds, Text Encoder 0.17 seconds, Image Encoder 0.14 seconds, VAE 0.00 seconds, KV Cache Creation 1.09 seconds, Diffusion 3.23 seconds, DIT Compute Steps 3 steps, Scheduler 0.01 seconds
[36m(ActorGroup(rank=3) pid=4057619)[0m Time taken: Total 4.63 seconds, Text Encoder 0.17 seconds, Image Encoder 0.14 seconds, VAE 0.00 seconds, KV Cache Creation 1.09 seconds, Diffusion 3.23 seconds, DIT Compute Steps 3 steps, Scheduler 0.01 seconds
[36m(ActorGroup(rank=0) pid=4057615)[0m [INFO 14:25:42 ActorGroup-Rank-0][fsdp_actor_worker.py:1844] actor training: model forward done 20/64 elapsed=4.74s
[36m(ActorGroup(rank=0) pid=4057615)[0m [INFO 14:25:44 ActorGroup-Rank-0][fsdp_actor_worker.py:1980] actor training: backward done 20/64 elapsed=2.18s
[36m(ActorGroup(rank=1) pid=4057616)[0m language is None, reset current_start_frame to 0
[36m(ActorGroup(rank=1) pid=4057616)[0m videos shape torch.Size([1, 3, 4, 160, 320]) 33
[36m(ActorGroup(rank=0) pid=4057615)[0m language is None, reset current_start_frame to 0
[36m(ActorGroup(rank=0) pid=4057615)[0m videos shape torch.Size([1, 3, 4, 160, 320]) 33
[36m(ActorGroup(rank=2) pid=4057617)[0m language is None, reset current_start_frame to 0
[36m(ActorGroup(rank=2) pid=4057617)[0m videos shape torch.Size([1, 3, 4, 160, 320]) 33
[36m(ActorGroup(rank=3) pid=4057619)[0m language is None, reset current_start_frame to 0
[36m(ActorGroup(rank=3) pid=4057619)[0m videos shape torch.Size([1, 3, 4, 160, 320]) 33
[36m(ActorGroup(rank=1) pid=4057616)[0m Time taken: Total 4.99 seconds, Text Encoder 0.17 seconds, Image Encoder 0.14 seconds, VAE 0.00 seconds, KV Cache Creation 1.08 seconds, Diffusion 3.59 seconds, DIT Compute Steps 3 steps, Scheduler 0.01 seconds
[36m(ActorGroup(rank=0) pid=4057615)[0m Time taken: Total 4.99 seconds, Text Encoder 0.17 seconds, Image Encoder 0.14 seconds, VAE 0.00 seconds, KV Cache Creation 1.08 seconds, Diffusion 3.59 seconds, DIT Compute Steps 3 steps, Scheduler 0.01 seconds
[36m(ActorGroup(rank=2) pid=4057617)[0m Time taken: Total 4.99 seconds, Text Encoder 0.17 seconds, Image Encoder 0.14 seconds, VAE 0.00 seconds, KV Cache Creation 1.08 seconds, Diffusion 3.59 seconds, DIT Compute Steps 3 steps, Scheduler 0.01 seconds
[36m(ActorGroup(rank=3) pid=4057619)[0m Time taken: Total 4.99 seconds, Text Encoder 0.17 seconds, Image Encoder 0.14 seconds, VAE 0.00 seconds, KV Cache Creation 1.08 seconds, Diffusion 3.59 seconds, DIT Compute Steps 3 steps, Scheduler 0.01 seconds
[36m(ActorGroup(rank=1) pid=4057616)[0m language is None, reset current_start_frame to 0
[36m(ActorGroup(rank=1) pid=4057616)[0m videos shape torch.Size([1, 3, 4, 160, 320]) 33
[36m(ActorGroup(rank=0) pid=4057615)[0m language is None, reset current_start_frame to 0
[36m(ActorGroup(rank=0) pid=4057615)[0m videos shape torch.Size([1, 3, 4, 160, 320]) 33
[36m(ActorGroup(rank=2) pid=4057617)[0m language is None, reset current_start_frame to 0
[36m(ActorGroup(rank=2) pid=4057617)[0m videos shape torch.Size([1, 3, 4, 160, 320]) 33
[36m(ActorGroup(rank=3) pid=4057619)[0m language is None, reset current_start_frame to 0
[36m(ActorGroup(rank=3) pid=4057619)[0m videos shape torch.Size([1, 3, 4, 160, 320]) 33
[36m(ActorGroup(rank=1) pid=4057616)[0m Time taken: Total 4.57 seconds, Text Encoder 0.17 seconds, Image Encoder 0.14 seconds, VAE 0.00 seconds, KV Cache Creation 1.07 seconds, Diffusion 3.18 seconds, DIT Compute Steps 3 steps, Scheduler 0.01 seconds
[36m(ActorGroup(rank=0) pid=4057615)[0m Time taken: Total 4.56 seconds, Text Encoder 0.17 seconds, Image Encoder 0.14 seconds, VAE 0.00 seconds, KV Cache Creation 1.07 seconds, Diffusion 3.18 seconds, DIT Compute Steps 3 steps, Scheduler 0.01 seconds
[36m(ActorGroup(rank=2) pid=4057617)[0m Time taken: Total 4.56 seconds, Text Encoder 0.17 seconds, Image Encoder 0.14 seconds, VAE 0.00 seconds, KV Cache Creation 1.07 seconds, Diffusion 3.18 seconds, DIT Compute Steps 3 steps, Scheduler 0.01 seconds
[36m(ActorGroup(rank=3) pid=4057619)[0m Time taken: Total 4.57 seconds, Text Encoder 0.17 seconds, Image Encoder 0.14 seconds, VAE 0.00 seconds, KV Cache Creation 1.07 seconds, Diffusion 3.18 seconds, DIT Compute Steps 3 steps, Scheduler 0.01 seconds
[36m(ActorGroup(rank=1) pid=4057616)[0m language is None, reset current_start_frame to 0
[36m(ActorGroup(rank=1) pid=4057616)[0m videos shape torch.Size([1, 3, 4, 160, 320]) 33
[36m(ActorGroup(rank=0) pid=4057615)[0m language is None, reset current_start_frame to 0
[36m(ActorGroup(rank=0) pid=4057615)[0m videos shape torch.Size([1, 3, 4, 160, 320]) 33
[36m(ActorGroup(rank=2) pid=4057617)[0m language is None, reset current_start_frame to 0
[36m(ActorGroup(rank=2) pid=4057617)[0m videos shape torch.Size([1, 3, 4, 160, 320]) 33
[36m(ActorGroup(rank=3) pid=4057619)[0m language is None, reset current_start_frame to 0
[36m(ActorGroup(rank=3) pid=4057619)[0m videos shape torch.Size([1, 3, 4, 160, 320]) 33
[36m(ActorGroup(rank=1) pid=4057616)[0m Time taken: Total 4.59 seconds, Text Encoder 0.17 seconds, Image Encoder 0.15 seconds, VAE 0.00 seconds, KV Cache Creation 1.08 seconds, Diffusion 3.19 seconds, DIT Compute Steps 3 steps, Scheduler 0.01 seconds
[36m(ActorGroup(rank=0) pid=4057615)[0m Time taken: Total 4.59 seconds, Text Encoder 0.17 seconds, Image Encoder 0.14 seconds, VAE 0.00 seconds, KV Cache Creation 1.08 seconds, Diffusion 3.19 seconds, DIT Compute Steps 3 steps, Scheduler 0.01 seconds
[36m(ActorGroup(rank=2) pid=4057617)[0m Time taken: Total 4.60 seconds, Text Encoder 0.17 seconds, Image Encoder 0.14 seconds, VAE 0.00 seconds, KV Cache Creation 1.08 seconds, Diffusion 3.19 seconds, DIT Compute Steps 3 steps, Scheduler 0.01 seconds
[36m(ActorGroup(rank=3) pid=4057619)[0m Time taken: Total 4.59 seconds, Text Encoder 0.17 seconds, Image Encoder 0.14 seconds, VAE 0.00 seconds, KV Cache Creation 1.08 seconds, Diffusion 3.19 seconds, DIT Compute Steps 3 steps, Scheduler 0.01 seconds
[36m(ActorGroup(rank=0) pid=4057615)[0m [INFO 14:26:05 ActorGroup-Rank-0][fsdp_actor_worker.py:1774] actor training: micro-batch start 24/64 epoch=1/1 global_batch=2/4 micro=8/16
[36m(ActorGroup(rank=1) pid=4057616)[0m language is None, reset current_start_frame to 0
[36m(ActorGroup(rank=1) pid=4057616)[0m videos shape torch.Size([1, 3, 4, 160, 320]) 33
[36m(ActorGroup(rank=0) pid=4057615)[0m language is None, reset current_start_frame to 0
[36m(ActorGroup(rank=0) pid=4057615)[0m videos shape torch.Size([1, 3, 4, 160, 320]) 33
[36m(ActorGroup(rank=2) pid=4057617)[0m language is None, reset current_start_frame to 0
[36m(ActorGroup(rank=2) pid=4057617)[0m videos shape torch.Size([1, 3, 4, 160, 320]) 33
[36m(ActorGroup(rank=3) pid=4057619)[0m language is None, reset current_start_frame to 0
[36m(ActorGroup(rank=3) pid=4057619)[0m videos shape torch.Size([1, 3, 4, 160, 320]) 33
[36m(ActorGroup(rank=1) pid=4057616)[0m Time taken: Total 4.59 seconds, Text Encoder 0.17 seconds, Image Encoder 0.14 seconds, VAE 0.00 seconds, KV Cache Creation 1.08 seconds, Diffusion 3.19 seconds, DIT Compute Steps 3 steps, Scheduler 0.01 seconds
[36m(ActorGroup(rank=0) pid=4057615)[0m Time taken: Total 4.60 seconds, Text Encoder 0.17 seconds, Image Encoder 0.14 seconds, VAE 0.00 seconds, KV Cache Creation 1.08 seconds, Diffusion 3.19 seconds, DIT Compute Steps 3 steps, Scheduler 0.01 seconds
[36m(ActorGroup(rank=2) pid=4057617)[0m Time taken: Total 4.59 seconds, Text Encoder 0.17 seconds, Image Encoder 0.14 seconds, VAE 0.00 seconds, KV Cache Creation 1.08 seconds, Diffusion 3.19 seconds, DIT Compute Steps 3 steps, Scheduler 0.01 seconds
[36m(ActorGroup(rank=3) pid=4057619)[0m Time taken: Total 4.59 seconds, Text Encoder 0.17 seconds, Image Encoder 0.14 seconds, VAE 0.00 seconds, KV Cache Creation 1.08 seconds, Diffusion 3.19 seconds, DIT Compute Steps 3 steps, Scheduler 0.01 seconds
[36m(ActorGroup(rank=0) pid=4057615)[0m [INFO 14:26:10 ActorGroup-Rank-0][fsdp_actor_worker.py:1844] actor training: model forward done 24/64 elapsed=4.70s
[36m(ActorGroup(rank=0) pid=4057615)[0m [INFO 14:26:12 ActorGroup-Rank-0][fsdp_actor_worker.py:1980] actor training: backward done 24/64 elapsed=2.06s
[36m(ActorGroup(rank=1) pid=4057616)[0m language is None, reset current_start_frame to 0
[36m(ActorGroup(rank=1) pid=4057616)[0m videos shape torch.Size([1, 3, 4, 160, 320]) 33
[36m(ActorGroup(rank=0) pid=4057615)[0m language is None, reset current_start_frame to 0
[36m(ActorGroup(rank=0) pid=4057615)[0m videos shape torch.Size([1, 3, 4, 160, 320]) 33
[36m(ActorGroup(rank=2) pid=4057617)[0m language is None, reset current_start_frame to 0
[36m(ActorGroup(rank=2) pid=4057617)[0m videos shape torch.Size([1, 3, 4, 160, 320]) 33
[36m(ActorGroup(rank=3) pid=4057619)[0m language is None, reset current_start_frame to 0
[36m(ActorGroup(rank=3) pid=4057619)[0m videos shape torch.Size([1, 3, 4, 160, 320]) 33
[36m(ActorGroup(rank=1) pid=4057616)[0m Time taken: Total 4.57 seconds, Text Encoder 0.17 seconds, Image Encoder 0.14 seconds, VAE 0.00 seconds, KV Cache Creation 1.08 seconds, Diffusion 3.18 seconds, DIT Compute Steps 3 steps, Scheduler 0.01 seconds
[36m(ActorGroup(rank=0) pid=4057615)[0m Time taken: Total 4.57 seconds, Text Encoder 0.17 seconds, Image Encoder 0.14 seconds, VAE 0.00 seconds, KV Cache Creation 1.07 seconds, Diffusion 3.18 seconds, DIT Compute Steps 3 steps, Scheduler 0.01 seconds
[36m(ActorGroup(rank=2) pid=4057617)[0m Time taken: Total 4.57 seconds, Text Encoder 0.17 seconds, Image Encoder 0.14 seconds, VAE 0.00 seconds, KV Cache Creation 1.08 seconds, Diffusion 3.18 seconds, DIT Compute Steps 3 steps, Scheduler 0.01 seconds
[36m(ActorGroup(rank=3) pid=4057619)[0m Time taken: Total 4.57 seconds, Text Encoder 0.17 seconds, Image Encoder 0.14 seconds, VAE 0.00 seconds, KV Cache Creation 1.08 seconds, Diffusion 3.18 seconds, DIT Compute Steps 3 steps, Scheduler 0.01 seconds
[36m(ActorGroup(rank=1) pid=4057616)[0m language is None, reset current_start_frame to 0
[36m(ActorGroup(rank=1) pid=4057616)[0m videos shape torch.Size([1, 3, 4, 160, 320]) 33
[36m(ActorGroup(rank=0) pid=4057615)[0m language is None, reset current_start_frame to 0
[36m(ActorGroup(rank=0) pid=4057615)[0m videos shape torch.Size([1, 3, 4, 160, 320]) 33
[36m(ActorGroup(rank=2) pid=4057617)[0m language is None, reset current_start_frame to 0
[36m(ActorGroup(rank=2) pid=4057617)[0m videos shape torch.Size([1, 3, 4, 160, 320]) 33
[36m(ActorGroup(rank=3) pid=4057619)[0m language is None, reset current_start_frame to 0
[36m(ActorGroup(rank=3) pid=4057619)[0m videos shape torch.Size([1, 3, 4, 160, 320]) 33
[36m(ActorGroup(rank=1) pid=4057616)[0m Time taken: Total 4.95 seconds, Text Encoder 0.17 seconds, Image Encoder 0.14 seconds, VAE 0.00 seconds, KV Cache Creation 1.45 seconds, Diffusion 3.18 seconds, DIT Compute Steps 3 steps, Scheduler 0.01 seconds
[36m(ActorGroup(rank=0) pid=4057615)[0m Time taken: Total 4.95 seconds, Text Encoder 0.17 seconds, Image Encoder 0.14 seconds, VAE 0.00 seconds, KV Cache Creation 1.45 seconds, Diffusion 3.18 seconds, DIT Compute Steps 3 steps, Scheduler 0.01 seconds
[36m(ActorGroup(rank=2) pid=4057617)[0m Time taken: Total 4.95 seconds, Text Encoder 0.17 seconds, Image Encoder 0.14 seconds, VAE 0.00 seconds, KV Cache Creation 1.45 seconds, Diffusion 3.18 seconds, DIT Compute Steps 3 steps, Scheduler 0.01 seconds
[36m(ActorGroup(rank=3) pid=4057619)[0m Time taken: Total 4.95 seconds, Text Encoder 0.17 seconds, Image Encoder 0.14 seconds, VAE 0.00 seconds, KV Cache Creation 1.45 seconds, Diffusion 3.18 seconds, DIT Compute Steps 3 steps, Scheduler 0.01 seconds
[36m(ActorGroup(rank=1) pid=4057616)[0m language is None, reset current_start_frame to 0
[36m(ActorGroup(rank=1) pid=4057616)[0m videos shape torch.Size([1, 3, 4, 160, 320]) 33
[36m(ActorGroup(rank=0) pid=4057615)[0m language is None, reset current_start_frame to 0
[36m(ActorGroup(rank=0) pid=4057615)[0m videos shape torch.Size([1, 3, 4, 160, 320]) 33
[36m(ActorGroup(rank=2) pid=4057617)[0m language is None, reset current_start_frame to 0
[36m(ActorGroup(rank=2) pid=4057617)[0m videos shape torch.Size([1, 3, 4, 160, 320]) 33
[36m(ActorGroup(rank=3) pid=4057619)[0m language is None, reset current_start_frame to 0
[36m(ActorGroup(rank=3) pid=4057619)[0m videos shape torch.Size([1, 3, 4, 160, 320]) 33
[36m(ActorGroup(rank=1) pid=4057616)[0m Time taken: Total 4.61 seconds, Text Encoder 0.17 seconds, Image Encoder 0.15 seconds, VAE 0.00 seconds, KV Cache Creation 1.08 seconds, Diffusion 3.20 seconds, DIT Compute Steps 3 steps, Scheduler 0.01 seconds
[36m(ActorGroup(rank=0) pid=4057615)[0m Time taken: Total 4.61 seconds, Text Encoder 0.17 seconds, Image Encoder 0.14 seconds, VAE 0.00 seconds, KV Cache Creation 1.08 seconds, Diffusion 3.20 seconds, DIT Compute Steps 3 steps, Scheduler 0.01 seconds
[36m(ActorGroup(rank=2) pid=4057617)[0m Time taken: Total 4.60 seconds, Text Encoder 0.17 seconds, Image Encoder 0.14 seconds, VAE 0.00 seconds, KV Cache Creation 1.08 seconds, Diffusion 3.20 seconds, DIT Compute Steps 3 steps, Scheduler 0.01 seconds
[36m(ActorGroup(rank=3) pid=4057619)[0m Time taken: Total 4.60 seconds, Text Encoder 0.17 seconds, Image Encoder 0.14 seconds, VAE 0.00 seconds, KV Cache Creation 1.08 seconds, Diffusion 3.20 seconds, DIT Compute Steps 3 steps, Scheduler 0.01 seconds
[36m(ActorGroup(rank=0) pid=4057615)[0m [INFO 14:26:33 ActorGroup-Rank-0][fsdp_actor_worker.py:1774] actor training: micro-batch start 28/64 epoch=1/1 global_batch=2/4 micro=12/16
[36m(ActorGroup(rank=1) pid=4057616)[0m language is None, reset current_start_frame to 0
[36m(ActorGroup(rank=1) pid=4057616)[0m videos shape torch.Size([1, 3, 4, 160, 320]) 33
[36m(ActorGroup(rank=0) pid=4057615)[0m language is None, reset current_start_frame to 0
[36m(ActorGroup(rank=0) pid=4057615)[0m videos shape torch.Size([1, 3, 4, 160, 320]) 33
[36m(ActorGroup(rank=2) pid=4057617)[0m language is None, reset current_start_frame to 0
[36m(ActorGroup(rank=2) pid=4057617)[0m videos shape torch.Size([1, 3, 4, 160, 320]) 33
[36m(ActorGroup(rank=3) pid=4057619)[0m language is None, reset current_start_frame to 0
[36m(ActorGroup(rank=3) pid=4057619)[0m videos shape torch.Size([1, 3, 4, 160, 320]) 33
[36m(ActorGroup(rank=1) pid=4057616)[0m Time taken: Total 4.59 seconds, Text Encoder 0.17 seconds, Image Encoder 0.15 seconds, VAE 0.00 seconds, KV Cache Creation 1.08 seconds, Diffusion 3.19 seconds, DIT Compute Steps 3 steps, Scheduler 0.01 seconds
[36m(ActorGroup(rank=0) pid=4057615)[0m Time taken: Total 4.59 seconds, Text Encoder 0.17 seconds, Image Encoder 0.14 seconds, VAE 0.00 seconds, KV Cache Creation 1.08 seconds, Diffusion 3.19 seconds, DIT Compute Steps 3 steps, Scheduler 0.01 seconds
[36m(ActorGroup(rank=2) pid=4057617)[0m Time taken: Total 4.59 seconds, Text Encoder 0.17 seconds, Image Encoder 0.14 seconds, VAE 0.00 seconds, KV Cache Creation 1.08 seconds, Diffusion 3.19 seconds, DIT Compute Steps 3 steps, Scheduler 0.01 seconds
[36m(ActorGroup(rank=3) pid=4057619)[0m Time taken: Total 4.59 seconds, Text Encoder 0.17 seconds, Image Encoder 0.14 seconds, VAE 0.00 seconds, KV Cache Creation 1.08 seconds, Diffusion 3.19 seconds, DIT Compute Steps 3 steps, Scheduler 0.01 seconds
[36m(ActorGroup(rank=0) pid=4057615)[0m [INFO 14:26:37 ActorGroup-Rank-0][fsdp_actor_worker.py:1844] actor training: model forward done 28/64 elapsed=4.70s
[36m(ActorGroup(rank=0) pid=4057615)[0m [INFO 14:26:39 ActorGroup-Rank-0][fsdp_actor_worker.py:1980] actor training: backward done 28/64 elapsed=2.08s
[36m(ActorGroup(rank=1) pid=4057616)[0m language is None, reset current_start_frame to 0
[36m(ActorGroup(rank=1) pid=4057616)[0m videos shape torch.Size([1, 3, 4, 160, 320]) 33
[36m(ActorGroup(rank=0) pid=4057615)[0m language is None, reset current_start_frame to 0
[36m(ActorGroup(rank=0) pid=4057615)[0m videos shape torch.Size([1, 3, 4, 160, 320]) 33
[36m(ActorGroup(rank=2) pid=4057617)[0m language is None, reset current_start_frame to 0
[36m(ActorGroup(rank=2) pid=4057617)[0m videos shape torch.Size([1, 3, 4, 160, 320]) 33
[36m(ActorGroup(rank=3) pid=4057619)[0m language is None, reset current_start_frame to 0
[36m(ActorGroup(rank=3) pid=4057619)[0m videos shape torch.Size([1, 3, 4, 160, 320]) 33
[36m(ActorGroup(rank=1) pid=4057616)[0m Time taken: Total 4.60 seconds, Text Encoder 0.17 seconds, Image Encoder 0.15 seconds, VAE 0.00 seconds, KV Cache Creation 1.08 seconds, Diffusion 3.19 seconds, DIT Compute Steps 3 steps, Scheduler 0.01 seconds
[36m(ActorGroup(rank=0) pid=4057615)[0m Time taken: Total 4.60 seconds, Text Encoder 0.17 seconds, Image Encoder 0.14 seconds, VAE 0.00 seconds, KV Cache Creation 1.08 seconds, Diffusion 3.19 seconds, DIT Compute Steps 3 steps, Scheduler 0.01 seconds
[36m(ActorGroup(rank=2) pid=4057617)[0m Time taken: Total 4.60 seconds, Text Encoder 0.17 seconds, Image Encoder 0.14 seconds, VAE 0.00 seconds, KV Cache Creation 1.08 seconds, Diffusion 3.19 seconds, DIT Compute Steps 3 steps, Scheduler 0.01 seconds
[36m(ActorGroup(rank=3) pid=4057619)[0m Time taken: Total 4.59 seconds, Text Encoder 0.17 seconds, Image Encoder 0.14 seconds, VAE 0.00 seconds, KV Cache Creation 1.08 seconds, Diffusion 3.19 seconds, DIT Compute Steps 3 steps, Scheduler 0.01 seconds
[36m(ActorGroup(rank=1) pid=4057616)[0m language is None, reset current_start_frame to 0
[36m(ActorGroup(rank=1) pid=4057616)[0m videos shape torch.Size([1, 3, 4, 160, 320]) 33
[36m(ActorGroup(rank=0) pid=4057615)[0m language is None, reset current_start_frame to 0
[36m(ActorGroup(rank=0) pid=4057615)[0m videos shape torch.Size([1, 3, 4, 160, 320]) 33
[36m(ActorGroup(rank=2) pid=4057617)[0m language is None, reset current_start_frame to 0
[36m(ActorGroup(rank=2) pid=4057617)[0m videos shape torch.Size([1, 3, 4, 160, 320]) 33
[36m(ActorGroup(rank=3) pid=4057619)[0m language is None, reset current_start_frame to 0
[36m(ActorGroup(rank=3) pid=4057619)[0m videos shape torch.Size([1, 3, 4, 160, 320]) 33
[36m(ActorGroup(rank=1) pid=4057616)[0m Time taken: Total 4.97 seconds, Text Encoder 0.17 seconds, Image Encoder 0.14 seconds, VAE 0.00 seconds, KV Cache Creation 1.45 seconds, Diffusion 3.20 seconds, DIT Compute Steps 3 steps, Scheduler 0.01 seconds
[36m(ActorGroup(rank=0) pid=4057615)[0m Time taken: Total 4.97 seconds, Text Encoder 0.17 seconds, Image Encoder 0.14 seconds, VAE 0.00 seconds, KV Cache Creation 1.45 seconds, Diffusion 3.20 seconds, DIT Compute Steps 3 steps, Scheduler 0.01 seconds
[36m(ActorGroup(rank=2) pid=4057617)[0m Time taken: Total 4.97 seconds, Text Encoder 0.17 seconds, Image Encoder 0.14 seconds, VAE 0.00 seconds, KV Cache Creation 1.45 seconds, Diffusion 3.20 seconds, DIT Compute Steps 3 steps, Scheduler 0.01 seconds
[36m(ActorGroup(rank=3) pid=4057619)[0m Time taken: Total 4.97 seconds, Text Encoder 0.17 seconds, Image Encoder 0.14 seconds, VAE 0.00 seconds, KV Cache Creation 1.45 seconds, Diffusion 3.20 seconds, DIT Compute Steps 3 steps, Scheduler 0.01 seconds
[36m(ActorGroup(rank=1) pid=4057616)[0m language is None, reset current_start_frame to 0
[36m(ActorGroup(rank=1) pid=4057616)[0m videos shape torch.Size([1, 3, 4, 160, 320]) 33
[36m(ActorGroup(rank=0) pid=4057615)[0m language is None, reset current_start_frame to 0
[36m(ActorGroup(rank=0) pid=4057615)[0m videos shape torch.Size([1, 3, 4, 160, 320]) 33
[36m(ActorGroup(rank=2) pid=4057617)[0m language is None, reset current_start_frame to 0
[36m(ActorGroup(rank=2) pid=4057617)[0m videos shape torch.Size([1, 3, 4, 160, 320]) 33
[36m(ActorGroup(rank=3) pid=4057619)[0m language is None, reset current_start_frame to 0
[36m(ActorGroup(rank=3) pid=4057619)[0m videos shape torch.Size([1, 3, 4, 160, 320]) 33
[36m(ActorGroup(rank=1) pid=4057616)[0m Time taken: Total 4.59 seconds, Text Encoder 0.17 seconds, Image Encoder 0.14 seconds, VAE 0.00 seconds, KV Cache Creation 1.08 seconds, Diffusion 3.20 seconds, DIT Compute Steps 3 steps, Scheduler 0.01 seconds
[36m(ActorGroup(rank=0) pid=4057615)[0m Time taken: Total 4.59 seconds, Text Encoder 0.17 seconds, Image Encoder 0.13 seconds, VAE 0.00 seconds, KV Cache Creation 1.08 seconds, Diffusion 3.20 seconds, DIT Compute Steps 3 steps, Scheduler 0.01 seconds
[36m(ActorGroup(rank=2) pid=4057617)[0m Time taken: Total 4.59 seconds, Text Encoder 0.17 seconds, Image Encoder 0.13 seconds, VAE 0.00 seconds, KV Cache Creation 1.08 seconds, Diffusion 3.20 seconds, DIT Compute Steps 3 steps, Scheduler 0.01 seconds
[36m(ActorGroup(rank=3) pid=4057619)[0m Time taken: Total 4.59 seconds, Text Encoder 0.17 seconds, Image Encoder 0.13 seconds, VAE 0.00 seconds, KV Cache Creation 1.08 seconds, Diffusion 3.20 seconds, DIT Compute Steps 3 steps, Scheduler 0.01 seconds
[36m(ActorGroup(rank=1) pid=4057616)[0m language is None, reset current_start_frame to 0
[36m(ActorGroup(rank=1) pid=4057616)[0m videos shape torch.Size([1, 3, 4, 160, 320]) 33
[36m(ActorGroup(rank=0) pid=4057615)[0m [INFO 14:27:00 ActorGroup-Rank-0][fsdp_actor_worker.py:1774] actor training: micro-batch start 32/64 epoch=1/1 global_batch=2/4 micro=16/16
[36m(ActorGroup(rank=0) pid=4057615)[0m language is None, reset current_start_frame to 0
[36m(ActorGroup(rank=0) pid=4057615)[0m videos shape torch.Size([1, 3, 4, 160, 320]) 33
[36m(ActorGroup(rank=2) pid=4057617)[0m language is None, reset current_start_frame to 0
[36m(ActorGroup(rank=2) pid=4057617)[0m videos shape torch.Size([1, 3, 4, 160, 320]) 33
[36m(ActorGroup(rank=3) pid=4057619)[0m language is None, reset current_start_frame to 0
[36m(ActorGroup(rank=3) pid=4057619)[0m videos shape torch.Size([1, 3, 4, 160, 320]) 33
[36m(ActorGroup(rank=1) pid=4057616)[0m Time taken: Total 4.56 seconds, Text Encoder 0.17 seconds, Image Encoder 0.14 seconds, VAE 0.00 seconds, KV Cache Creation 1.07 seconds, Diffusion 3.17 seconds, DIT Compute Steps 3 steps, Scheduler 0.01 seconds
[36m(ActorGroup(rank=0) pid=4057615)[0m Time taken: Total 4.55 seconds, Text Encoder 0.17 seconds, Image Encoder 0.14 seconds, VAE 0.00 seconds, KV Cache Creation 1.07 seconds, Diffusion 3.17 seconds, DIT Compute Steps 3 steps, Scheduler 0.01 seconds
[36m(ActorGroup(rank=0) pid=4057615)[0m [INFO 14:27:05 ActorGroup-Rank-0][fsdp_actor_worker.py:1844] actor training: model forward done 32/64 elapsed=4.66s
[36m(ActorGroup(rank=2) pid=4057617)[0m Time taken: Total 4.55 seconds, Text Encoder 0.16 seconds, Image Encoder 0.14 seconds, VAE 0.00 seconds, KV Cache Creation 1.07 seconds, Diffusion 3.17 seconds, DIT Compute Steps 3 steps, Scheduler 0.01 seconds
[36m(ActorGroup(rank=3) pid=4057619)[0m Time taken: Total 4.55 seconds, Text Encoder 0.16 seconds, Image Encoder 0.14 seconds, VAE 0.00 seconds, KV Cache Creation 1.07 seconds, Diffusion 3.17 seconds, DIT Compute Steps 3 steps, Scheduler 0.01 seconds
[36m(ActorGroup(rank=0) pid=4057615)[0m [INFO 14:27:07 ActorGroup-Rank-0][fsdp_actor_worker.py:1980] actor training: backward done 32/64 elapsed=2.30s
[36m(ActorGroup(rank=0) pid=4057615)[0m [INFO 14:27:07 ActorGroup-Rank-0][fsdp_actor_worker.py:2001] actor training: global batch done 2/4 epoch=1/1 elapsed=112.18s
[36m(ActorGroup(rank=0) pid=4057615)[0m [INFO 14:27:08 ActorGroup-Rank-0][fsdp_actor_worker.py:2014] actor training: empty_cache done global_batch=2/4 elapsed=0.87s
[36m(ActorGroup(rank=0) pid=4057615)[0m [INFO 14:27:08 ActorGroup-Rank-0][fsdp_actor_worker.py:2031] actor training: optimizer step done global_batch=2/4 grad_norm=87.5815 elapsed=0.05s
[36m(ActorGroup(rank=1) pid=4057616)[0m language is None, reset current_start_frame to 0
[36m(ActorGroup(rank=1) pid=4057616)[0m videos shape torch.Size([1, 3, 4, 160, 320]) 33
[36m(ActorGroup(rank=0) pid=4057615)[0m language is None, reset current_start_frame to 0
[36m(ActorGroup(rank=0) pid=4057615)[0m videos shape torch.Size([1, 3, 4, 160, 320]) 33
[36m(ActorGroup(rank=2) pid=4057617)[0m language is None, reset current_start_frame to 0
[36m(ActorGroup(rank=2) pid=4057617)[0m videos shape torch.Size([1, 3, 4, 160, 320]) 33
[36m(ActorGroup(rank=3) pid=4057619)[0m language is None, reset current_start_frame to 0
[36m(ActorGroup(rank=3) pid=4057619)[0m videos shape torch.Size([1, 3, 4, 160, 320]) 33
[36m(ActorGroup(rank=1) pid=4057616)[0m Time taken: Total 5.06 seconds, Text Encoder 0.25 seconds, Image Encoder 0.14 seconds, VAE 0.00 seconds, KV Cache Creation 1.17 seconds, Diffusion 3.48 seconds, DIT Compute Steps 3 steps, Scheduler 0.01 seconds
[36m(ActorGroup(rank=0) pid=4057615)[0m Time taken: Total 5.06 seconds, Text Encoder 0.26 seconds, Image Encoder 0.14 seconds, VAE 0.00 seconds, KV Cache Creation 1.18 seconds, Diffusion 3.48 seconds, DIT Compute Steps 3 steps, Scheduler 0.01 seconds
[36m(ActorGroup(rank=2) pid=4057617)[0m Time taken: Total 5.06 seconds, Text Encoder 0.25 seconds, Image Encoder 0.14 seconds, VAE 0.00 seconds, KV Cache Creation 1.18 seconds, Diffusion 3.48 seconds, DIT Compute Steps 3 steps, Scheduler 0.01 seconds
[36m(ActorGroup(rank=3) pid=4057619)[0m Time taken: Total 5.06 seconds, Text Encoder 0.25 seconds, Image Encoder 0.14 seconds, VAE 0.00 seconds, KV Cache Creation 1.18 seconds, Diffusion 3.48 seconds, DIT Compute Steps 3 steps, Scheduler 0.01 seconds
[36m(ActorGroup(rank=1) pid=4057616)[0m language is None, reset current_start_frame to 0
[36m(ActorGroup(rank=1) pid=4057616)[0m videos shape torch.Size([1, 3, 4, 160, 320]) 33
[36m(ActorGroup(rank=0) pid=4057615)[0m language is None, reset current_start_frame to 0
[36m(ActorGroup(rank=0) pid=4057615)[0m videos shape torch.Size([1, 3, 4, 160, 320]) 33
[36m(ActorGroup(rank=2) pid=4057617)[0m language is None, reset current_start_frame to 0
[36m(ActorGroup(rank=2) pid=4057617)[0m videos shape torch.Size([1, 3, 4, 160, 320]) 33
[36m(ActorGroup(rank=3) pid=4057619)[0m language is None, reset current_start_frame to 0
[36m(ActorGroup(rank=3) pid=4057619)[0m videos shape torch.Size([1, 3, 4, 160, 320]) 33
[36m(ActorGroup(rank=1) pid=4057616)[0m Time taken: Total 5.01 seconds, Text Encoder 0.17 seconds, Image Encoder 0.15 seconds, VAE 0.00 seconds, KV Cache Creation 1.08 seconds, Diffusion 3.61 seconds, DIT Compute Steps 3 steps, Scheduler 0.01 seconds
[36m(ActorGroup(rank=0) pid=4057615)[0m Time taken: Total 5.01 seconds, Text Encoder 0.17 seconds, Image Encoder 0.14 seconds, VAE 0.00 seconds, KV Cache Creation 1.08 seconds, Diffusion 3.61 seconds, DIT Compute Steps 3 steps, Scheduler 0.01 seconds
[36m(ActorGroup(rank=2) pid=4057617)[0m Time taken: Total 5.01 seconds, Text Encoder 0.17 seconds, Image Encoder 0.14 seconds, VAE 0.00 seconds, KV Cache Creation 1.08 seconds, Diffusion 3.61 seconds, DIT Compute Steps 3 steps, Scheduler 0.01 seconds
[36m(ActorGroup(rank=3) pid=4057619)[0m Time taken: Total 5.01 seconds, Text Encoder 0.17 seconds, Image Encoder 0.14 seconds, VAE 0.00 seconds, KV Cache Creation 1.08 seconds, Diffusion 3.61 seconds, DIT Compute Steps 3 steps, Scheduler 0.01 seconds
[36m(ActorGroup(rank=1) pid=4057616)[0m language is None, reset current_start_frame to 0
[36m(ActorGroup(rank=1) pid=4057616)[0m videos shape torch.Size([1, 3, 4, 160, 320]) 33
[36m(ActorGroup(rank=0) pid=4057615)[0m language is None, reset current_start_frame to 0
[36m(ActorGroup(rank=0) pid=4057615)[0m videos shape torch.Size([1, 3, 4, 160, 320]) 33
[36m(ActorGroup(rank=2) pid=4057617)[0m language is None, reset current_start_frame to 0
[36m(ActorGroup(rank=2) pid=4057617)[0m videos shape torch.Size([1, 3, 4, 160, 320]) 33
[36m(ActorGroup(rank=3) pid=4057619)[0m language is None, reset current_start_frame to 0
[36m(ActorGroup(rank=3) pid=4057619)[0m videos shape torch.Size([1, 3, 4, 160, 320]) 33
[36m(ActorGroup(rank=1) pid=4057616)[0m Time taken: Total 4.61 seconds, Text Encoder 0.17 seconds, Image Encoder 0.14 seconds, VAE 0.00 seconds, KV Cache Creation 1.07 seconds, Diffusion 3.23 seconds, DIT Compute Steps 3 steps, Scheduler 0.01 seconds
[36m(ActorGroup(rank=0) pid=4057615)[0m Time taken: Total 4.62 seconds, Text Encoder 0.17 seconds, Image Encoder 0.14 seconds, VAE 0.00 seconds, KV Cache Creation 1.07 seconds, Diffusion 3.23 seconds, DIT Compute Steps 3 steps, Scheduler 0.01 seconds
[36m(ActorGroup(rank=2) pid=4057617)[0m Time taken: Total 4.61 seconds, Text Encoder 0.17 seconds, Image Encoder 0.14 seconds, VAE 0.00 seconds, KV Cache Creation 1.07 seconds, Diffusion 3.23 seconds, DIT Compute Steps 3 steps, Scheduler 0.01 seconds
[36m(ActorGroup(rank=3) pid=4057619)[0m Time taken: Total 4.61 seconds, Text Encoder 0.17 seconds, Image Encoder 0.14 seconds, VAE 0.00 seconds, KV Cache Creation 1.07 seconds, Diffusion 3.23 seconds, DIT Compute Steps 3 steps, Scheduler 0.01 seconds
[36m(ActorGroup(rank=0) pid=4057615)[0m [INFO 14:27:30 ActorGroup-Rank-0][fsdp_actor_worker.py:1774] actor training: micro-batch start 36/64 epoch=1/1 global_batch=3/4 micro=4/16
[36m(ActorGroup(rank=1) pid=4057616)[0m language is None, reset current_start_frame to 0
[36m(ActorGroup(rank=1) pid=4057616)[0m videos shape torch.Size([1, 3, 4, 160, 320]) 33
[36m(ActorGroup(rank=0) pid=4057615)[0m language is None, reset current_start_frame to 0
[36m(ActorGroup(rank=0) pid=4057615)[0m videos shape torch.Size([1, 3, 4, 160, 320]) 33
[36m(ActorGroup(rank=2) pid=4057617)[0m language is None, reset current_start_frame to 0
[36m(ActorGroup(rank=2) pid=4057617)[0m videos shape torch.Size([1, 3, 4, 160, 320]) 33
[36m(ActorGroup(rank=3) pid=4057619)[0m language is None, reset current_start_frame to 0
[36m(ActorGroup(rank=3) pid=4057619)[0m videos shape torch.Size([1, 3, 4, 160, 320]) 33
[36m(ActorGroup(rank=1) pid=4057616)[0m Time taken: Total 4.62 seconds, Text Encoder 0.17 seconds, Image Encoder 0.15 seconds, VAE 0.00 seconds, KV Cache Creation 1.09 seconds, Diffusion 3.20 seconds, DIT Compute Steps 3 steps, Scheduler 0.01 seconds
[36m(ActorGroup(rank=0) pid=4057615)[0m Time taken: Total 4.62 seconds, Text Encoder 0.17 seconds, Image Encoder 0.15 seconds, VAE 0.00 seconds, KV Cache Creation 1.10 seconds, Diffusion 3.20 seconds, DIT Compute Steps 3 steps, Scheduler 0.01 seconds
[36m(ActorGroup(rank=0) pid=4057615)[0m [INFO 14:27:35 ActorGroup-Rank-0][fsdp_actor_worker.py:1844] actor training: model forward done 36/64 elapsed=4.85s
[36m(ActorGroup(rank=2) pid=4057617)[0m Time taken: Total 4.62 seconds, Text Encoder 0.17 seconds, Image Encoder 0.15 seconds, VAE 0.00 seconds, KV Cache Creation 1.10 seconds, Diffusion 3.20 seconds, DIT Compute Steps 3 steps, Scheduler 0.01 seconds
[36m(ActorGroup(rank=3) pid=4057619)[0m Time taken: Total 4.62 seconds, Text Encoder 0.17 seconds, Image Encoder 0.14 seconds, VAE 0.00 seconds, KV Cache Creation 1.10 seconds, Diffusion 3.20 seconds, DIT Compute Steps 3 steps, Scheduler 0.01 seconds
[36m(ActorGroup(rank=0) pid=4057615)[0m [INFO 14:27:37 ActorGroup-Rank-0][fsdp_actor_worker.py:1980] actor training: backward done 36/64 elapsed=2.00s
[36m(ActorGroup(rank=1) pid=4057616)[0m language is None, reset current_start_frame to 0
[36m(ActorGroup(rank=1) pid=4057616)[0m videos shape torch.Size([1, 3, 4, 160, 320]) 33
[36m(ActorGroup(rank=0) pid=4057615)[0m language is None, reset current_start_frame to 0
[36m(ActorGroup(rank=0) pid=4057615)[0m videos shape torch.Size([1, 3, 4, 160, 320]) 33
[36m(ActorGroup(rank=2) pid=4057617)[0m language is None, reset current_start_frame to 0
[36m(ActorGroup(rank=2) pid=4057617)[0m videos shape torch.Size([1, 3, 4, 160, 320]) 33
[36m(ActorGroup(rank=3) pid=4057619)[0m language is None, reset current_start_frame to 0
[36m(ActorGroup(rank=3) pid=4057619)[0m videos shape torch.Size([1, 3, 4, 160, 320]) 33
[36m(ActorGroup(rank=1) pid=4057616)[0m Time taken: Total 4.59 seconds, Text Encoder 0.17 seconds, Image Encoder 0.15 seconds, VAE 0.00 seconds, KV Cache Creation 1.09 seconds, Diffusion 3.18 seconds, DIT Compute Steps 3 steps, Scheduler 0.01 seconds
[36m(ActorGroup(rank=0) pid=4057615)[0m Time taken: Total 4.59 seconds, Text Encoder 0.17 seconds, Image Encoder 0.14 seconds, VAE 0.00 seconds, KV Cache Creation 1.09 seconds, Diffusion 3.18 seconds, DIT Compute Steps 3 steps, Scheduler 0.01 seconds
[36m(ActorGroup(rank=2) pid=4057617)[0m Time taken: Total 4.59 seconds, Text Encoder 0.17 seconds, Image Encoder 0.14 seconds, VAE 0.00 seconds, KV Cache Creation 1.09 seconds, Diffusion 3.18 seconds, DIT Compute Steps 3 steps, Scheduler 0.01 seconds
[36m(ActorGroup(rank=3) pid=4057619)[0m Time taken: Total 4.59 seconds, Text Encoder 0.17 seconds, Image Encoder 0.14 seconds, VAE 0.00 seconds, KV Cache Creation 1.09 seconds, Diffusion 3.18 seconds, DIT Compute Steps 3 steps, Scheduler 0.01 seconds
[36m(ActorGroup(rank=1) pid=4057616)[0m language is None, reset current_start_frame to 0
[36m(ActorGroup(rank=1) pid=4057616)[0m videos shape torch.Size([1, 3, 4, 160, 320]) 33
[36m(ActorGroup(rank=0) pid=4057615)[0m language is None, reset current_start_frame to 0
[36m(ActorGroup(rank=0) pid=4057615)[0m videos shape torch.Size([1, 3, 4, 160, 320]) 33
[36m(ActorGroup(rank=2) pid=4057617)[0m language is None, reset current_start_frame to 0
[36m(ActorGroup(rank=2) pid=4057617)[0m videos shape torch.Size([1, 3, 4, 160, 320]) 33
[36m(ActorGroup(rank=3) pid=4057619)[0m language is None, reset current_start_frame to 0
[36m(ActorGroup(rank=3) pid=4057619)[0m videos shape torch.Size([1, 3, 4, 160, 320]) 33
[36m(ActorGroup(rank=1) pid=4057616)[0m Time taken: Total 4.96 seconds, Text Encoder 0.17 seconds, Image Encoder 0.14 seconds, VAE 0.00 seconds, KV Cache Creation 1.07 seconds, Diffusion 3.57 seconds, DIT Compute Steps 3 steps, Scheduler 0.01 seconds
[36m(ActorGroup(rank=0) pid=4057615)[0m Time taken: Total 4.96 seconds, Text Encoder 0.17 seconds, Image Encoder 0.14 seconds, VAE 0.00 seconds, KV Cache Creation 1.07 seconds, Diffusion 3.57 seconds, DIT Compute Steps 3 steps, Scheduler 0.01 seconds
[36m(ActorGroup(rank=2) pid=4057617)[0m Time taken: Total 4.96 seconds, Text Encoder 0.17 seconds, Image Encoder 0.14 seconds, VAE 0.00 seconds, KV Cache Creation 1.07 seconds, Diffusion 3.57 seconds, DIT Compute Steps 3 steps, Scheduler 0.01 seconds
[36m(ActorGroup(rank=3) pid=4057619)[0m Time taken: Total 4.96 seconds, Text Encoder 0.17 seconds, Image Encoder 0.14 seconds, VAE 0.00 seconds, KV Cache Creation 1.07 seconds, Diffusion 3.57 seconds, DIT Compute Steps 3 steps, Scheduler 0.01 seconds
[36m(ActorGroup(rank=1) pid=4057616)[0m language is None, reset current_start_frame to 0
[36m(ActorGroup(rank=1) pid=4057616)[0m videos shape torch.Size([1, 3, 4, 160, 320]) 33
[36m(ActorGroup(rank=0) pid=4057615)[0m language is None, reset current_start_frame to 0
[36m(ActorGroup(rank=0) pid=4057615)[0m videos shape torch.Size([1, 3, 4, 160, 320]) 33
[36m(ActorGroup(rank=2) pid=4057617)[0m language is None, reset current_start_frame to 0
[36m(ActorGroup(rank=2) pid=4057617)[0m videos shape torch.Size([1, 3, 4, 160, 320]) 33
[36m(ActorGroup(rank=3) pid=4057619)[0m language is None, reset current_start_frame to 0
[36m(ActorGroup(rank=3) pid=4057619)[0m videos shape torch.Size([1, 3, 4, 160, 320]) 33
[36m(ActorGroup(rank=1) pid=4057616)[0m Time taken: Total 4.56 seconds, Text Encoder 0.16 seconds, Image Encoder 0.14 seconds, VAE 0.00 seconds, KV Cache Creation 1.07 seconds, Diffusion 3.17 seconds, DIT Compute Steps 3 steps, Scheduler 0.01 seconds
[36m(ActorGroup(rank=0) pid=4057615)[0m Time taken: Total 4.56 seconds, Text Encoder 0.17 seconds, Image Encoder 0.14 seconds, VAE 0.00 seconds, KV Cache Creation 1.07 seconds, Diffusion 3.17 seconds, DIT Compute Steps 3 steps, Scheduler 0.01 seconds
[36m(ActorGroup(rank=2) pid=4057617)[0m Time taken: Total 4.56 seconds, Text Encoder 0.17 seconds, Image Encoder 0.14 seconds, VAE 0.00 seconds, KV Cache Creation 1.07 seconds, Diffusion 3.17 seconds, DIT Compute Steps 3 steps, Scheduler 0.01 seconds
[36m(ActorGroup(rank=3) pid=4057619)[0m Time taken: Total 4.56 seconds, Text Encoder 0.17 seconds, Image Encoder 0.14 seconds, VAE 0.00 seconds, KV Cache Creation 1.07 seconds, Diffusion 3.17 seconds, DIT Compute Steps 3 steps, Scheduler 0.01 seconds
[36m(ActorGroup(rank=0) pid=4057615)[0m [INFO 14:27:58 ActorGroup-Rank-0][fsdp_actor_worker.py:1774] actor training: micro-batch start 40/64 epoch=1/1 global_batch=3/4 micro=8/16
[36m(ActorGroup(rank=1) pid=4057616)[0m language is None, reset current_start_frame to 0
[36m(ActorGroup(rank=1) pid=4057616)[0m videos shape torch.Size([1, 3, 4, 160, 320]) 33
[36m(ActorGroup(rank=0) pid=4057615)[0m language is None, reset current_start_frame to 0
[36m(ActorGroup(rank=0) pid=4057615)[0m videos shape torch.Size([1, 3, 4, 160, 320]) 33
[36m(ActorGroup(rank=2) pid=4057617)[0m language is None, reset current_start_frame to 0
[36m(ActorGroup(rank=2) pid=4057617)[0m videos shape torch.Size([1, 3, 4, 160, 320]) 33
[36m(ActorGroup(rank=3) pid=4057619)[0m language is None, reset current_start_frame to 0
[36m(ActorGroup(rank=3) pid=4057619)[0m videos shape torch.Size([1, 3, 4, 160, 320]) 33
[36m(ActorGroup(rank=1) pid=4057616)[0m Time taken: Total 4.65 seconds, Text Encoder 0.17 seconds, Image Encoder 0.14 seconds, VAE 0.00 seconds, KV Cache Creation 1.12 seconds, Diffusion 3.22 seconds, DIT Compute Steps 3 steps, Scheduler 0.01 seconds
[36m(ActorGroup(rank=0) pid=4057615)[0m Time taken: Total 4.65 seconds, Text Encoder 0.17 seconds, Image Encoder 0.14 seconds, VAE 0.00 seconds, KV Cache Creation 1.11 seconds, Diffusion 3.22 seconds, DIT Compute Steps 3 steps, Scheduler 0.01 seconds
[36m(ActorGroup(rank=0) pid=4057615)[0m [INFO 14:28:02 ActorGroup-Rank-0][fsdp_actor_worker.py:1844] actor training: model forward done 40/64 elapsed=4.76s
[36m(ActorGroup(rank=2) pid=4057617)[0m Time taken: Total 4.65 seconds, Text Encoder 0.17 seconds, Image Encoder 0.14 seconds, VAE 0.00 seconds, KV Cache Creation 1.12 seconds, Diffusion 3.22 seconds, DIT Compute Steps 3 steps, Scheduler 0.01 seconds
[36m(ActorGroup(rank=3) pid=4057619)[0m Time taken: Total 4.65 seconds, Text Encoder 0.17 seconds, Image Encoder 0.14 seconds, VAE 0.00 seconds, KV Cache Creation 1.11 seconds, Diffusion 3.22 seconds, DIT Compute Steps 3 steps, Scheduler 0.01 seconds
[36m(ActorGroup(rank=0) pid=4057615)[0m [INFO 14:28:05 ActorGroup-Rank-0][fsdp_actor_worker.py:1980] actor training: backward done 40/64 elapsed=2.04s
[36m(ActorGroup(rank=1) pid=4057616)[0m language is None, reset current_start_frame to 0
[36m(ActorGroup(rank=1) pid=4057616)[0m videos shape torch.Size([1, 3, 4, 160, 320]) 33
[36m(ActorGroup(rank=0) pid=4057615)[0m language is None, reset current_start_frame to 0
[36m(ActorGroup(rank=0) pid=4057615)[0m videos shape torch.Size([1, 3, 4, 160, 320]) 33
[36m(ActorGroup(rank=2) pid=4057617)[0m language is None, reset current_start_frame to 0
[36m(ActorGroup(rank=2) pid=4057617)[0m videos shape torch.Size([1, 3, 4, 160, 320]) 33
[36m(ActorGroup(rank=3) pid=4057619)[0m language is None, reset current_start_frame to 0
[36m(ActorGroup(rank=3) pid=4057619)[0m videos shape torch.Size([1, 3, 4, 160, 320]) 33
[36m(ActorGroup(rank=1) pid=4057616)[0m Time taken: Total 4.58 seconds, Text Encoder 0.16 seconds, Image Encoder 0.14 seconds, VAE 0.00 seconds, KV Cache Creation 1.08 seconds, Diffusion 3.20 seconds, DIT Compute Steps 3 steps, Scheduler 0.01 seconds
[36m(ActorGroup(rank=0) pid=4057615)[0m Time taken: Total 4.58 seconds, Text Encoder 0.17 seconds, Image Encoder 0.13 seconds, VAE 0.00 seconds, KV Cache Creation 1.08 seconds, Diffusion 3.20 seconds, DIT Compute Steps 3 steps, Scheduler 0.01 seconds
[36m(ActorGroup(rank=2) pid=4057617)[0m Time taken: Total 4.58 seconds, Text Encoder 0.17 seconds, Image Encoder 0.13 seconds, VAE 0.00 seconds, KV Cache Creation 1.08 seconds, Diffusion 3.20 seconds, DIT Compute Steps 3 steps, Scheduler 0.01 seconds
[36m(ActorGroup(rank=3) pid=4057619)[0m Time taken: Total 4.58 seconds, Text Encoder 0.17 seconds, Image Encoder 0.13 seconds, VAE 0.00 seconds, KV Cache Creation 1.08 seconds, Diffusion 3.20 seconds, DIT Compute Steps 3 steps, Scheduler 0.01 seconds
[36m(ActorGroup(rank=1) pid=4057616)[0m language is None, reset current_start_frame to 0
[36m(ActorGroup(rank=1) pid=4057616)[0m videos shape torch.Size([1, 3, 4, 160, 320]) 33
[36m(ActorGroup(rank=0) pid=4057615)[0m language is None, reset current_start_frame to 0
[36m(ActorGroup(rank=0) pid=4057615)[0m videos shape torch.Size([1, 3, 4, 160, 320]) 33
[36m(ActorGroup(rank=2) pid=4057617)[0m language is None, reset current_start_frame to 0
[36m(ActorGroup(rank=2) pid=4057617)[0m videos shape torch.Size([1, 3, 4, 160, 320]) 33
[36m(ActorGroup(rank=3) pid=4057619)[0m language is None, reset current_start_frame to 0
[36m(ActorGroup(rank=3) pid=4057619)[0m videos shape torch.Size([1, 3, 4, 160, 320]) 33
[36m(ActorGroup(rank=1) pid=4057616)[0m Time taken: Total 4.97 seconds, Text Encoder 0.17 seconds, Image Encoder 0.14 seconds, VAE 0.00 seconds, KV Cache Creation 1.08 seconds, Diffusion 3.58 seconds, DIT Compute Steps 3 steps, Scheduler 0.01 seconds
[36m(ActorGroup(rank=0) pid=4057615)[0m Time taken: Total 4.97 seconds, Text Encoder 0.17 seconds, Image Encoder 0.14 seconds, VAE 0.00 seconds, KV Cache Creation 1.08 seconds, Diffusion 3.58 seconds, DIT Compute Steps 3 steps, Scheduler 0.01 seconds
[36m(ActorGroup(rank=2) pid=4057617)[0m Time taken: Total 4.97 seconds, Text Encoder 0.17 seconds, Image Encoder 0.14 seconds, VAE 0.00 seconds, KV Cache Creation 1.08 seconds, Diffusion 3.58 seconds, DIT Compute Steps 3 steps, Scheduler 0.01 seconds
[36m(ActorGroup(rank=3) pid=4057619)[0m Time taken: Total 4.97 seconds, Text Encoder 0.17 seconds, Image Encoder 0.14 seconds, VAE 0.00 seconds, KV Cache Creation 1.08 seconds, Diffusion 3.58 seconds, DIT Compute Steps 3 steps, Scheduler 0.01 seconds
[36m(ActorGroup(rank=1) pid=4057616)[0m language is None, reset current_start_frame to 0
[36m(ActorGroup(rank=1) pid=4057616)[0m videos shape torch.Size([1, 3, 4, 160, 320]) 33
[36m(ActorGroup(rank=0) pid=4057615)[0m language is None, reset current_start_frame to 0
[36m(ActorGroup(rank=0) pid=4057615)[0m videos shape torch.Size([1, 3, 4, 160, 320]) 33
[36m(ActorGroup(rank=2) pid=4057617)[0m language is None, reset current_start_frame to 0
[36m(ActorGroup(rank=2) pid=4057617)[0m videos shape torch.Size([1, 3, 4, 160, 320]) 33
[36m(ActorGroup(rank=3) pid=4057619)[0m language is None, reset current_start_frame to 0
[36m(ActorGroup(rank=3) pid=4057619)[0m videos shape torch.Size([1, 3, 4, 160, 320]) 33
[36m(ActorGroup(rank=1) pid=4057616)[0m Time taken: Total 4.56 seconds, Text Encoder 0.17 seconds, Image Encoder 0.14 seconds, VAE 0.00 seconds, KV Cache Creation 1.07 seconds, Diffusion 3.17 seconds, DIT Compute Steps 3 steps, Scheduler 0.01 seconds
[36m(ActorGroup(rank=0) pid=4057615)[0m Time taken: Total 4.56 seconds, Text Encoder 0.17 seconds, Image Encoder 0.14 seconds, VAE 0.00 seconds, KV Cache Creation 1.07 seconds, Diffusion 3.17 seconds, DIT Compute Steps 3 steps, Scheduler 0.01 seconds
[36m(ActorGroup(rank=2) pid=4057617)[0m Time taken: Total 4.56 seconds, Text Encoder 0.17 seconds, Image Encoder 0.14 seconds, VAE 0.00 seconds, KV Cache Creation 1.07 seconds, Diffusion 3.17 seconds, DIT Compute Steps 3 steps, Scheduler 0.01 seconds
[36m(ActorGroup(rank=3) pid=4057619)[0m Time taken: Total 4.56 seconds, Text Encoder 0.17 seconds, Image Encoder 0.14 seconds, VAE 0.00 seconds, KV Cache Creation 1.07 seconds, Diffusion 3.17 seconds, DIT Compute Steps 3 steps, Scheduler 0.01 seconds
[36m(ActorGroup(rank=0) pid=4057615)[0m [INFO 14:28:25 ActorGroup-Rank-0][fsdp_actor_worker.py:1774] actor training: micro-batch start 44/64 epoch=1/1 global_batch=3/4 micro=12/16
[36m(ActorGroup(rank=1) pid=4057616)[0m language is None, reset current_start_frame to 0
[36m(ActorGroup(rank=1) pid=4057616)[0m videos shape torch.Size([1, 3, 4, 160, 320]) 33
[36m(ActorGroup(rank=0) pid=4057615)[0m language is None, reset current_start_frame to 0
[36m(ActorGroup(rank=0) pid=4057615)[0m videos shape torch.Size([1, 3, 4, 160, 320]) 33
[36m(ActorGroup(rank=2) pid=4057617)[0m language is None, reset current_start_frame to 0
[36m(ActorGroup(rank=2) pid=4057617)[0m videos shape torch.Size([1, 3, 4, 160, 320]) 33
[36m(ActorGroup(rank=3) pid=4057619)[0m language is None, reset current_start_frame to 0
[36m(ActorGroup(rank=3) pid=4057619)[0m videos shape torch.Size([1, 3, 4, 160, 320]) 33
[36m(ActorGroup(rank=1) pid=4057616)[0m Time taken: Total 4.55 seconds, Text Encoder 0.16 seconds, Image Encoder 0.14 seconds, VAE 0.00 seconds, KV Cache Creation 1.07 seconds, Diffusion 3.17 seconds, DIT Compute Steps 3 steps, Scheduler 0.01 seconds
[36m(ActorGroup(rank=0) pid=4057615)[0m Time taken: Total 4.55 seconds, Text Encoder 0.17 seconds, Image Encoder 0.14 seconds, VAE 0.00 seconds, KV Cache Creation 1.07 seconds, Diffusion 3.17 seconds, DIT Compute Steps 3 steps, Scheduler 0.01 seconds
[36m(ActorGroup(rank=2) pid=4057617)[0m Time taken: Total 4.55 seconds, Text Encoder 0.17 seconds, Image Encoder 0.14 seconds, VAE 0.00 seconds, KV Cache Creation 1.07 seconds, Diffusion 3.17 seconds, DIT Compute Steps 3 steps, Scheduler 0.01 seconds
[36m(ActorGroup(rank=3) pid=4057619)[0m Time taken: Total 4.55 seconds, Text Encoder 0.17 seconds, Image Encoder 0.14 seconds, VAE 0.00 seconds, KV Cache Creation 1.07 seconds, Diffusion 3.17 seconds, DIT Compute Steps 3 steps, Scheduler 0.01 seconds
[36m(ActorGroup(rank=0) pid=4057615)[0m [INFO 14:28:30 ActorGroup-Rank-0][fsdp_actor_worker.py:1844] actor training: model forward done 44/64 elapsed=4.66s
[36m(ActorGroup(rank=0) pid=4057615)[0m [INFO 14:28:32 ActorGroup-Rank-0][fsdp_actor_worker.py:1980] actor training: backward done 44/64 elapsed=2.07s
[36m(ActorGroup(rank=1) pid=4057616)[0m language is None, reset current_start_frame to 0
[36m(ActorGroup(rank=1) pid=4057616)[0m videos shape torch.Size([1, 3, 4, 160, 320]) 33
[36m(ActorGroup(rank=0) pid=4057615)[0m language is None, reset current_start_frame to 0
[36m(ActorGroup(rank=0) pid=4057615)[0m videos shape torch.Size([1, 3, 4, 160, 320]) 33
[36m(ActorGroup(rank=2) pid=4057617)[0m language is None, reset current_start_frame to 0
[36m(ActorGroup(rank=2) pid=4057617)[0m videos shape torch.Size([1, 3, 4, 160, 320]) 33
[36m(ActorGroup(rank=3) pid=4057619)[0m language is None, reset current_start_frame to 0
[36m(ActorGroup(rank=3) pid=4057619)[0m videos shape torch.Size([1, 3, 4, 160, 320]) 33
[36m(ActorGroup(rank=1) pid=4057616)[0m Time taken: Total 4.56 seconds, Text Encoder 0.17 seconds, Image Encoder 0.14 seconds, VAE 0.00 seconds, KV Cache Creation 1.07 seconds, Diffusion 3.17 seconds, DIT Compute Steps 3 steps, Scheduler 0.01 seconds
[36m(ActorGroup(rank=0) pid=4057615)[0m Time taken: Total 4.56 seconds, Text Encoder 0.17 seconds, Image Encoder 0.14 seconds, VAE 0.00 seconds, KV Cache Creation 1.07 seconds, Diffusion 3.17 seconds, DIT Compute Steps 3 steps, Scheduler 0.01 seconds
[36m(ActorGroup(rank=2) pid=4057617)[0m Time taken: Total 4.56 seconds, Text Encoder 0.17 seconds, Image Encoder 0.14 seconds, VAE 0.00 seconds, KV Cache Creation 1.07 seconds, Diffusion 3.17 seconds, DIT Compute Steps 3 steps, Scheduler 0.01 seconds
[36m(ActorGroup(rank=3) pid=4057619)[0m Time taken: Total 4.56 seconds, Text Encoder 0.17 seconds, Image Encoder 0.14 seconds, VAE 0.00 seconds, KV Cache Creation 1.07 seconds, Diffusion 3.17 seconds, DIT Compute Steps 3 steps, Scheduler 0.01 seconds
[36m(ActorGroup(rank=1) pid=4057616)[0m language is None, reset current_start_frame to 0
[36m(ActorGroup(rank=1) pid=4057616)[0m videos shape torch.Size([1, 3, 4, 160, 320]) 33
[36m(ActorGroup(rank=0) pid=4057615)[0m language is None, reset current_start_frame to 0
[36m(ActorGroup(rank=0) pid=4057615)[0m videos shape torch.Size([1, 3, 4, 160, 320]) 33
[36m(ActorGroup(rank=2) pid=4057617)[0m language is None, reset current_start_frame to 0
[36m(ActorGroup(rank=2) pid=4057617)[0m videos shape torch.Size([1, 3, 4, 160, 320]) 33
[36m(ActorGroup(rank=3) pid=4057619)[0m language is None, reset current_start_frame to 0
[36m(ActorGroup(rank=3) pid=4057619)[0m videos shape torch.Size([1, 3, 4, 160, 320]) 33
[36m(ActorGroup(rank=1) pid=4057616)[0m Time taken: Total 4.54 seconds, Text Encoder 0.16 seconds, Image Encoder 0.14 seconds, VAE 0.00 seconds, KV Cache Creation 1.08 seconds, Diffusion 3.15 seconds, DIT Compute Steps 3 steps, Scheduler 0.01 seconds
[36m(ActorGroup(rank=0) pid=4057615)[0m Time taken: Total 4.54 seconds, Text Encoder 0.17 seconds, Image Encoder 0.14 seconds, VAE 0.00 seconds, KV Cache Creation 1.08 seconds, Diffusion 3.15 seconds, DIT Compute Steps 3 steps, Scheduler 0.01 seconds
[36m(ActorGroup(rank=2) pid=4057617)[0m Time taken: Total 4.54 seconds, Text Encoder 0.17 seconds, Image Encoder 0.14 seconds, VAE 0.00 seconds, KV Cache Creation 1.08 seconds, Diffusion 3.15 seconds, DIT Compute Steps 3 steps, Scheduler 0.01 seconds
[36m(ActorGroup(rank=3) pid=4057619)[0m Time taken: Total 4.54 seconds, Text Encoder 0.17 seconds, Image Encoder 0.14 seconds, VAE 0.00 seconds, KV Cache Creation 1.08 seconds, Diffusion 3.15 seconds, DIT Compute Steps 3 steps, Scheduler 0.01 seconds
[36m(ActorGroup(rank=1) pid=4057616)[0m language is None, reset current_start_frame to 0
[36m(ActorGroup(rank=1) pid=4057616)[0m videos shape torch.Size([1, 3, 4, 160, 320]) 33
[36m(ActorGroup(rank=0) pid=4057615)[0m language is None, reset current_start_frame to 0
[36m(ActorGroup(rank=0) pid=4057615)[0m videos shape torch.Size([1, 3, 4, 160, 320]) 33
[36m(ActorGroup(rank=2) pid=4057617)[0m language is None, reset current_start_frame to 0
[36m(ActorGroup(rank=2) pid=4057617)[0m videos shape torch.Size([1, 3, 4, 160, 320]) 33
[36m(ActorGroup(rank=3) pid=4057619)[0m language is None, reset current_start_frame to 0
[36m(ActorGroup(rank=3) pid=4057619)[0m videos shape torch.Size([1, 3, 4, 160, 320]) 33
[36m(ActorGroup(rank=1) pid=4057616)[0m Time taken: Total 4.89 seconds, Text Encoder 0.17 seconds, Image Encoder 0.14 seconds, VAE 0.00 seconds, KV Cache Creation 1.39 seconds, Diffusion 3.18 seconds, DIT Compute Steps 3 steps, Scheduler 0.01 seconds
[36m(ActorGroup(rank=0) pid=4057615)[0m Time taken: Total 4.88 seconds, Text Encoder 0.17 seconds, Image Encoder 0.14 seconds, VAE 0.00 seconds, KV Cache Creation 1.39 seconds, Diffusion 3.18 seconds, DIT Compute Steps 3 steps, Scheduler 0.01 seconds
[36m(ActorGroup(rank=2) pid=4057617)[0m Time taken: Total 4.89 seconds, Text Encoder 0.17 seconds, Image Encoder 0.14 seconds, VAE 0.00 seconds, KV Cache Creation 1.39 seconds, Diffusion 3.18 seconds, DIT Compute Steps 3 steps, Scheduler 0.01 seconds
[36m(ActorGroup(rank=3) pid=4057619)[0m Time taken: Total 4.88 seconds, Text Encoder 0.17 seconds, Image Encoder 0.14 seconds, VAE 0.00 seconds, KV Cache Creation 1.39 seconds, Diffusion 3.18 seconds, DIT Compute Steps 3 steps, Scheduler 0.01 seconds
[36m(ActorGroup(rank=0) pid=4057615)[0m [INFO 14:28:53 ActorGroup-Rank-0][fsdp_actor_worker.py:1774] actor training: micro-batch start 48/64 epoch=1/1 global_batch=3/4 micro=16/16
[36m(ActorGroup(rank=1) pid=4057616)[0m language is None, reset current_start_frame to 0
[36m(ActorGroup(rank=1) pid=4057616)[0m videos shape torch.Size([1, 3, 4, 160, 320]) 33
[36m(ActorGroup(rank=0) pid=4057615)[0m language is None, reset current_start_frame to 0
[36m(ActorGroup(rank=0) pid=4057615)[0m videos shape torch.Size([1, 3, 4, 160, 320]) 33
[36m(ActorGroup(rank=2) pid=4057617)[0m language is None, reset current_start_frame to 0
[36m(ActorGroup(rank=2) pid=4057617)[0m videos shape torch.Size([1, 3, 4, 160, 320]) 33
[36m(ActorGroup(rank=3) pid=4057619)[0m language is None, reset current_start_frame to 0
[36m(ActorGroup(rank=3) pid=4057619)[0m videos shape torch.Size([1, 3, 4, 160, 320]) 33
[36m(ActorGroup(rank=1) pid=4057616)[0m Time taken: Total 4.59 seconds, Text Encoder 0.17 seconds, Image Encoder 0.14 seconds, VAE 0.00 seconds, KV Cache Creation 1.07 seconds, Diffusion 3.21 seconds, DIT Compute Steps 3 steps, Scheduler 0.01 seconds
[36m(ActorGroup(rank=0) pid=4057615)[0m Time taken: Total 4.59 seconds, Text Encoder 0.17 seconds, Image Encoder 0.14 seconds, VAE 0.00 seconds, KV Cache Creation 1.07 seconds, Diffusion 3.20 seconds, DIT Compute Steps 3 steps, Scheduler 0.01 seconds
[36m(ActorGroup(rank=0) pid=4057615)[0m [INFO 14:28:58 ActorGroup-Rank-0][fsdp_actor_worker.py:1844] actor training: model forward done 48/64 elapsed=4.69s
[36m(ActorGroup(rank=2) pid=4057617)[0m Time taken: Total 4.59 seconds, Text Encoder 0.17 seconds, Image Encoder 0.14 seconds, VAE 0.00 seconds, KV Cache Creation 1.07 seconds, Diffusion 3.20 seconds, DIT Compute Steps 3 steps, Scheduler 0.01 seconds
[36m(ActorGroup(rank=3) pid=4057619)[0m Time taken: Total 4.59 seconds, Text Encoder 0.17 seconds, Image Encoder 0.14 seconds, VAE 0.00 seconds, KV Cache Creation 1.07 seconds, Diffusion 3.20 seconds, DIT Compute Steps 3 steps, Scheduler 0.01 seconds
[36m(ActorGroup(rank=0) pid=4057615)[0m [INFO 14:29:00 ActorGroup-Rank-0][fsdp_actor_worker.py:1980] actor training: backward done 48/64 elapsed=2.34s
[36m(ActorGroup(rank=0) pid=4057615)[0m [INFO 14:29:00 ActorGroup-Rank-0][fsdp_actor_worker.py:2001] actor training: global batch done 3/4 epoch=1/1 elapsed=111.68s
[36m(ActorGroup(rank=0) pid=4057615)[0m [INFO 14:29:01 ActorGroup-Rank-0][fsdp_actor_worker.py:2014] actor training: empty_cache done global_batch=3/4 elapsed=0.91s
[36m(ActorGroup(rank=0) pid=4057615)[0m [INFO 14:29:01 ActorGroup-Rank-0][fsdp_actor_worker.py:2031] actor training: optimizer step done global_batch=3/4 grad_norm=4812.94 elapsed=0.05s
[36m(ActorGroup(rank=1) pid=4057616)[0m language is None, reset current_start_frame to 0
[36m(ActorGroup(rank=1) pid=4057616)[0m videos shape torch.Size([1, 3, 4, 160, 320]) 33
[36m(ActorGroup(rank=0) pid=4057615)[0m language is None, reset current_start_frame to 0
[36m(ActorGroup(rank=0) pid=4057615)[0m videos shape torch.Size([1, 3, 4, 160, 320]) 33
[36m(ActorGroup(rank=2) pid=4057617)[0m language is None, reset current_start_frame to 0
[36m(ActorGroup(rank=2) pid=4057617)[0m videos shape torch.Size([1, 3, 4, 160, 320]) 33
[36m(ActorGroup(rank=3) pid=4057619)[0m language is None, reset current_start_frame to 0
[36m(ActorGroup(rank=3) pid=4057619)[0m videos shape torch.Size([1, 3, 4, 160, 320]) 33
[36m(ActorGroup(rank=1) pid=4057616)[0m Time taken: Total 5.21 seconds, Text Encoder 0.21 seconds, Image Encoder 0.14 seconds, VAE 0.00 seconds, KV Cache Creation 1.25 seconds, Diffusion 3.60 seconds, DIT Compute Steps 3 steps, Scheduler 0.01 seconds
[36m(ActorGroup(rank=0) pid=4057615)[0m Time taken: Total 5.22 seconds, Text Encoder 0.21 seconds, Image Encoder 0.14 seconds, VAE 0.00 seconds, KV Cache Creation 1.25 seconds, Diffusion 3.60 seconds, DIT Compute Steps 3 steps, Scheduler 0.01 seconds
[36m(ActorGroup(rank=2) pid=4057617)[0m Time taken: Total 5.21 seconds, Text Encoder 0.21 seconds, Image Encoder 0.14 seconds, VAE 0.00 seconds, KV Cache Creation 1.25 seconds, Diffusion 3.60 seconds, DIT Compute Steps 3 steps, Scheduler 0.01 seconds
[36m(ActorGroup(rank=3) pid=4057619)[0m Time taken: Total 5.21 seconds, Text Encoder 0.21 seconds, Image Encoder 0.14 seconds, VAE 0.00 seconds, KV Cache Creation 1.26 seconds, Diffusion 3.60 seconds, DIT Compute Steps 3 steps, Scheduler 0.01 seconds
[36m(ActorGroup(rank=1) pid=4057616)[0m language is None, reset current_start_frame to 0
[36m(ActorGroup(rank=1) pid=4057616)[0m videos shape torch.Size([1, 3, 4, 160, 320]) 33
[36m(ActorGroup(rank=0) pid=4057615)[0m language is None, reset current_start_frame to 0
[36m(ActorGroup(rank=0) pid=4057615)[0m videos shape torch.Size([1, 3, 4, 160, 320]) 33
[36m(ActorGroup(rank=2) pid=4057617)[0m language is None, reset current_start_frame to 0
[36m(ActorGroup(rank=2) pid=4057617)[0m videos shape torch.Size([1, 3, 4, 160, 320]) 33
[36m(ActorGroup(rank=3) pid=4057619)[0m language is None, reset current_start_frame to 0
[36m(ActorGroup(rank=3) pid=4057619)[0m videos shape torch.Size([1, 3, 4, 160, 320]) 33
[36m(ActorGroup(rank=1) pid=4057616)[0m Time taken: Total 4.76 seconds, Text Encoder 0.17 seconds, Image Encoder 0.15 seconds, VAE 0.00 seconds, KV Cache Creation 1.11 seconds, Diffusion 3.33 seconds, DIT Compute Steps 3 steps, Scheduler 0.01 seconds
[36m(ActorGroup(rank=0) pid=4057615)[0m Time taken: Total 4.76 seconds, Text Encoder 0.17 seconds, Image Encoder 0.15 seconds, VAE 0.00 seconds, KV Cache Creation 1.10 seconds, Diffusion 3.33 seconds, DIT Compute Steps 3 steps, Scheduler 0.01 seconds
[36m(ActorGroup(rank=2) pid=4057617)[0m Time taken: Total 4.76 seconds, Text Encoder 0.17 seconds, Image Encoder 0.15 seconds, VAE 0.00 seconds, KV Cache Creation 1.11 seconds, Diffusion 3.33 seconds, DIT Compute Steps 3 steps, Scheduler 0.01 seconds
[36m(ActorGroup(rank=3) pid=4057619)[0m Time taken: Total 4.76 seconds, Text Encoder 0.17 seconds, Image Encoder 0.15 seconds, VAE 0.00 seconds, KV Cache Creation 1.11 seconds, Diffusion 3.33 seconds, DIT Compute Steps 3 steps, Scheduler 0.01 seconds
[36m(ActorGroup(rank=1) pid=4057616)[0m language is None, reset current_start_frame to 0
[36m(ActorGroup(rank=1) pid=4057616)[0m videos shape torch.Size([1, 3, 4, 160, 320]) 33
[36m(ActorGroup(rank=0) pid=4057615)[0m language is None, reset current_start_frame to 0
[36m(ActorGroup(rank=0) pid=4057615)[0m videos shape torch.Size([1, 3, 4, 160, 320]) 33
[36m(ActorGroup(rank=2) pid=4057617)[0m language is None, reset current_start_frame to 0
[36m(ActorGroup(rank=2) pid=4057617)[0m videos shape torch.Size([1, 3, 4, 160, 320]) 33
[36m(ActorGroup(rank=3) pid=4057619)[0m language is None, reset current_start_frame to 0
[36m(ActorGroup(rank=3) pid=4057619)[0m videos shape torch.Size([1, 3, 4, 160, 320]) 33
[36m(ActorGroup(rank=1) pid=4057616)[0m Time taken: Total 5.14 seconds, Text Encoder 0.17 seconds, Image Encoder 0.15 seconds, VAE 0.00 seconds, KV Cache Creation 1.52 seconds, Diffusion 3.30 seconds, DIT Compute Steps 3 steps, Scheduler 0.01 seconds
[36m(ActorGroup(rank=0) pid=4057615)[0m Time taken: Total 5.14 seconds, Text Encoder 0.17 seconds, Image Encoder 0.15 seconds, VAE 0.00 seconds, KV Cache Creation 1.52 seconds, Diffusion 3.30 seconds, DIT Compute Steps 3 steps, Scheduler 0.01 seconds
[36m(ActorGroup(rank=2) pid=4057617)[0m Time taken: Total 5.14 seconds, Text Encoder 0.17 seconds, Image Encoder 0.15 seconds, VAE 0.00 seconds, KV Cache Creation 1.52 seconds, Diffusion 3.30 seconds, DIT Compute Steps 3 steps, Scheduler 0.01 seconds
[36m(ActorGroup(rank=3) pid=4057619)[0m Time taken: Total 5.15 seconds, Text Encoder 0.17 seconds, Image Encoder 0.15 seconds, VAE 0.00 seconds, KV Cache Creation 1.52 seconds, Diffusion 3.30 seconds, DIT Compute Steps 3 steps, Scheduler 0.01 seconds
[36m(ActorGroup(rank=1) pid=4057616)[0m language is None, reset current_start_frame to 0
[36m(ActorGroup(rank=1) pid=4057616)[0m videos shape torch.Size([1, 3, 4, 160, 320]) 33
[36m(ActorGroup(rank=0) pid=4057615)[0m [INFO 14:29:23 ActorGroup-Rank-0][fsdp_actor_worker.py:1774] actor training: micro-batch start 52/64 epoch=1/1 global_batch=4/4 micro=4/16
[36m(ActorGroup(rank=0) pid=4057615)[0m language is None, reset current_start_frame to 0
[36m(ActorGroup(rank=0) pid=4057615)[0m videos shape torch.Size([1, 3, 4, 160, 320]) 33
[36m(ActorGroup(rank=2) pid=4057617)[0m language is None, reset current_start_frame to 0
[36m(ActorGroup(rank=2) pid=4057617)[0m videos shape torch.Size([1, 3, 4, 160, 320]) 33
[36m(ActorGroup(rank=3) pid=4057619)[0m language is None, reset current_start_frame to 0
[36m(ActorGroup(rank=3) pid=4057619)[0m videos shape torch.Size([1, 3, 4, 160, 320]) 33
[36m(ActorGroup(rank=1) pid=4057616)[0m Time taken: Total 4.84 seconds, Text Encoder 0.17 seconds, Image Encoder 0.15 seconds, VAE 0.00 seconds, KV Cache Creation 1.16 seconds, Diffusion 3.36 seconds, DIT Compute Steps 3 steps, Scheduler 0.01 seconds
[36m(ActorGroup(rank=0) pid=4057615)[0m Time taken: Total 4.85 seconds, Text Encoder 0.17 seconds, Image Encoder 0.14 seconds, VAE 0.00 seconds, KV Cache Creation 1.16 seconds, Diffusion 3.36 seconds, DIT Compute Steps 3 steps, Scheduler 0.01 seconds
[36m(ActorGroup(rank=2) pid=4057617)[0m Time taken: Total 4.84 seconds, Text Encoder 0.17 seconds, Image Encoder 0.14 seconds, VAE 0.00 seconds, KV Cache Creation 1.16 seconds, Diffusion 3.36 seconds, DIT Compute Steps 3 steps, Scheduler 0.01 seconds
[36m(ActorGroup(rank=3) pid=4057619)[0m Time taken: Total 4.85 seconds, Text Encoder 0.17 seconds, Image Encoder 0.14 seconds, VAE 0.00 seconds, KV Cache Creation 1.16 seconds, Diffusion 3.36 seconds, DIT Compute Steps 3 steps, Scheduler 0.01 seconds
[36m(ActorGroup(rank=0) pid=4057615)[0m [INFO 14:29:28 ActorGroup-Rank-0][fsdp_actor_worker.py:1844] actor training: model forward done 52/64 elapsed=4.95s
[36m(ActorGroup(rank=1) pid=4057616)[0m language is None, reset current_start_frame to 0
[36m(ActorGroup(rank=1) pid=4057616)[0m videos shape torch.Size([1, 3, 4, 160, 320]) 33
[36m(ActorGroup(rank=0) pid=4057615)[0m [INFO 14:29:30 ActorGroup-Rank-0][fsdp_actor_worker.py:1980] actor training: backward done 52/64 elapsed=2.08s
[36m(ActorGroup(rank=0) pid=4057615)[0m language is None, reset current_start_frame to 0
[36m(ActorGroup(rank=0) pid=4057615)[0m videos shape torch.Size([1, 3, 4, 160, 320]) 33
[36m(ActorGroup(rank=2) pid=4057617)[0m language is None, reset current_start_frame to 0
[36m(ActorGroup(rank=2) pid=4057617)[0m videos shape torch.Size([1, 3, 4, 160, 320]) 33
[36m(ActorGroup(rank=3) pid=4057619)[0m language is None, reset current_start_frame to 0
[36m(ActorGroup(rank=3) pid=4057619)[0m videos shape torch.Size([1, 3, 4, 160, 320]) 33
[36m(ActorGroup(rank=1) pid=4057616)[0m Time taken: Total 4.68 seconds, Text Encoder 0.17 seconds, Image Encoder 0.14 seconds, VAE 0.00 seconds, KV Cache Creation 1.10 seconds, Diffusion 3.26 seconds, DIT Compute Steps 3 steps, Scheduler 0.01 seconds
[36m(ActorGroup(rank=0) pid=4057615)[0m Time taken: Total 4.68 seconds, Text Encoder 0.17 seconds, Image Encoder 0.14 seconds, VAE 0.00 seconds, KV Cache Creation 1.10 seconds, Diffusion 3.26 seconds, DIT Compute Steps 3 steps, Scheduler 0.01 seconds
[36m(ActorGroup(rank=2) pid=4057617)[0m Time taken: Total 4.68 seconds, Text Encoder 0.17 seconds, Image Encoder 0.14 seconds, VAE 0.00 seconds, KV Cache Creation 1.10 seconds, Diffusion 3.26 seconds, DIT Compute Steps 3 steps, Scheduler 0.01 seconds
[36m(ActorGroup(rank=3) pid=4057619)[0m Time taken: Total 4.68 seconds, Text Encoder 0.17 seconds, Image Encoder 0.14 seconds, VAE 0.00 seconds, KV Cache Creation 1.10 seconds, Diffusion 3.26 seconds, DIT Compute Steps 3 steps, Scheduler 0.01 seconds
[36m(ActorGroup(rank=1) pid=4057616)[0m language is None, reset current_start_frame to 0
[36m(ActorGroup(rank=1) pid=4057616)[0m videos shape torch.Size([1, 3, 4, 160, 320]) 33
[36m(ActorGroup(rank=0) pid=4057615)[0m language is None, reset current_start_frame to 0
[36m(ActorGroup(rank=0) pid=4057615)[0m videos shape torch.Size([1, 3, 4, 160, 320]) 33
[36m(ActorGroup(rank=2) pid=4057617)[0m language is None, reset current_start_frame to 0
[36m(ActorGroup(rank=2) pid=4057617)[0m videos shape torch.Size([1, 3, 4, 160, 320]) 33
[36m(ActorGroup(rank=3) pid=4057619)[0m language is None, reset current_start_frame to 0
[36m(ActorGroup(rank=3) pid=4057619)[0m videos shape torch.Size([1, 3, 4, 160, 320]) 33
[36m(ActorGroup(rank=1) pid=4057616)[0m Time taken: Total 4.72 seconds, Text Encoder 0.17 seconds, Image Encoder 0.14 seconds, VAE 0.00 seconds, KV Cache Creation 1.10 seconds, Diffusion 3.30 seconds, DIT Compute Steps 3 steps, Scheduler 0.01 seconds
[36m(ActorGroup(rank=0) pid=4057615)[0m Time taken: Total 4.72 seconds, Text Encoder 0.17 seconds, Image Encoder 0.15 seconds, VAE 0.00 seconds, KV Cache Creation 1.10 seconds, Diffusion 3.30 seconds, DIT Compute Steps 3 steps, Scheduler 0.01 seconds
[36m(ActorGroup(rank=2) pid=4057617)[0m Time taken: Total 4.72 seconds, Text Encoder 0.17 seconds, Image Encoder 0.14 seconds, VAE 0.00 seconds, KV Cache Creation 1.10 seconds, Diffusion 3.30 seconds, DIT Compute Steps 3 steps, Scheduler 0.01 seconds
[36m(ActorGroup(rank=3) pid=4057619)[0m Time taken: Total 4.72 seconds, Text Encoder 0.17 seconds, Image Encoder 0.14 seconds, VAE 0.00 seconds, KV Cache Creation 1.10 seconds, Diffusion 3.30 seconds, DIT Compute Steps 3 steps, Scheduler 0.01 seconds
[36m(ActorGroup(rank=1) pid=4057616)[0m language is None, reset current_start_frame to 0
[36m(ActorGroup(rank=1) pid=4057616)[0m videos shape torch.Size([1, 3, 4, 160, 320]) 33
[36m(ActorGroup(rank=0) pid=4057615)[0m language is None, reset current_start_frame to 0
[36m(ActorGroup(rank=0) pid=4057615)[0m videos shape torch.Size([1, 3, 4, 160, 320]) 33
[36m(ActorGroup(rank=2) pid=4057617)[0m language is None, reset current_start_frame to 0
[36m(ActorGroup(rank=2) pid=4057617)[0m videos shape torch.Size([1, 3, 4, 160, 320]) 33
[36m(ActorGroup(rank=3) pid=4057619)[0m language is None, reset current_start_frame to 0
[36m(ActorGroup(rank=3) pid=4057619)[0m videos shape torch.Size([1, 3, 4, 160, 320]) 33
[36m(ActorGroup(rank=1) pid=4057616)[0m Time taken: Total 5.27 seconds, Text Encoder 0.17 seconds, Image Encoder 0.15 seconds, VAE 0.00 seconds, KV Cache Creation 1.09 seconds, Diffusion 3.85 seconds, DIT Compute Steps 3 steps, Scheduler 0.01 seconds
[36m(ActorGroup(rank=0) pid=4057615)[0m Time taken: Total 5.27 seconds, Text Encoder 0.17 seconds, Image Encoder 0.15 seconds, VAE 0.00 seconds, KV Cache Creation 1.10 seconds, Diffusion 3.85 seconds, DIT Compute Steps 3 steps, Scheduler 0.01 seconds
[36m(ActorGroup(rank=2) pid=4057617)[0m Time taken: Total 5.26 seconds, Text Encoder 0.17 seconds, Image Encoder 0.15 seconds, VAE 0.00 seconds, KV Cache Creation 1.10 seconds, Diffusion 3.85 seconds, DIT Compute Steps 3 steps, Scheduler 0.01 seconds
[36m(ActorGroup(rank=3) pid=4057619)[0m Time taken: Total 5.26 seconds, Text Encoder 0.17 seconds, Image Encoder 0.15 seconds, VAE 0.00 seconds, KV Cache Creation 1.10 seconds, Diffusion 3.85 seconds, DIT Compute Steps 3 steps, Scheduler 0.01 seconds
[36m(ActorGroup(rank=0) pid=4057615)[0m [INFO 14:29:52 ActorGroup-Rank-0][fsdp_actor_worker.py:1774] actor training: micro-batch start 56/64 epoch=1/1 global_batch=4/4 micro=8/16
[36m(ActorGroup(rank=1) pid=4057616)[0m language is None, reset current_start_frame to 0
[36m(ActorGroup(rank=1) pid=4057616)[0m videos shape torch.Size([1, 3, 4, 160, 320]) 33
[36m(ActorGroup(rank=0) pid=4057615)[0m language is None, reset current_start_frame to 0
[36m(ActorGroup(rank=0) pid=4057615)[0m videos shape torch.Size([1, 3, 4, 160, 320]) 33
[36m(ActorGroup(rank=2) pid=4057617)[0m language is None, reset current_start_frame to 0
[36m(ActorGroup(rank=2) pid=4057617)[0m videos shape torch.Size([1, 3, 4, 160, 320]) 33
[36m(ActorGroup(rank=3) pid=4057619)[0m language is None, reset current_start_frame to 0
[36m(ActorGroup(rank=3) pid=4057619)[0m videos shape torch.Size([1, 3, 4, 160, 320]) 33
[36m(ActorGroup(rank=1) pid=4057616)[0m Time taken: Total 4.61 seconds, Text Encoder 0.16 seconds, Image Encoder 0.15 seconds, VAE 0.00 seconds, KV Cache Creation 1.08 seconds, Diffusion 3.20 seconds, DIT Compute Steps 3 steps, Scheduler 0.01 seconds
[36m(ActorGroup(rank=0) pid=4057615)[0m Time taken: Total 4.61 seconds, Text Encoder 0.17 seconds, Image Encoder 0.14 seconds, VAE 0.00 seconds, KV Cache Creation 1.09 seconds, Diffusion 3.21 seconds, DIT Compute Steps 3 steps, Scheduler 0.01 seconds
[36m(ActorGroup(rank=0) pid=4057615)[0m [INFO 14:29:57 ActorGroup-Rank-0][fsdp_actor_worker.py:1844] actor training: model forward done 56/64 elapsed=4.71s
[36m(ActorGroup(rank=2) pid=4057617)[0m Time taken: Total 4.61 seconds, Text Encoder 0.16 seconds, Image Encoder 0.14 seconds, VAE 0.00 seconds, KV Cache Creation 1.09 seconds, Diffusion 3.20 seconds, DIT Compute Steps 3 steps, Scheduler 0.01 seconds
[36m(ActorGroup(rank=3) pid=4057619)[0m Time taken: Total 4.61 seconds, Text Encoder 0.17 seconds, Image Encoder 0.14 seconds, VAE 0.00 seconds, KV Cache Creation 1.09 seconds, Diffusion 3.20 seconds, DIT Compute Steps 3 steps, Scheduler 0.01 seconds
[36m(ActorGroup(rank=0) pid=4057615)[0m [INFO 14:29:59 ActorGroup-Rank-0][fsdp_actor_worker.py:1980] actor training: backward done 56/64 elapsed=2.04s
[36m(ActorGroup(rank=1) pid=4057616)[0m language is None, reset current_start_frame to 0
[36m(ActorGroup(rank=1) pid=4057616)[0m videos shape torch.Size([1, 3, 4, 160, 320]) 33
[36m(ActorGroup(rank=0) pid=4057615)[0m language is None, reset current_start_frame to 0
[36m(ActorGroup(rank=0) pid=4057615)[0m videos shape torch.Size([1, 3, 4, 160, 320]) 33
[36m(ActorGroup(rank=2) pid=4057617)[0m language is None, reset current_start_frame to 0
[36m(ActorGroup(rank=2) pid=4057617)[0m videos shape torch.Size([1, 3, 4, 160, 320]) 33
[36m(ActorGroup(rank=3) pid=4057619)[0m language is None, reset current_start_frame to 0
[36m(ActorGroup(rank=3) pid=4057619)[0m videos shape torch.Size([1, 3, 4, 160, 320]) 33
[36m(ActorGroup(rank=1) pid=4057616)[0m Time taken: Total 4.64 seconds, Text Encoder 0.17 seconds, Image Encoder 0.14 seconds, VAE 0.00 seconds, KV Cache Creation 1.10 seconds, Diffusion 3.22 seconds, DIT Compute Steps 3 steps, Scheduler 0.01 seconds
[36m(ActorGroup(rank=0) pid=4057615)[0m Time taken: Total 4.64 seconds, Text Encoder 0.17 seconds, Image Encoder 0.14 seconds, VAE 0.00 seconds, KV Cache Creation 1.10 seconds, Diffusion 3.22 seconds, DIT Compute Steps 3 steps, Scheduler 0.01 seconds
[36m(ActorGroup(rank=2) pid=4057617)[0m Time taken: Total 4.64 seconds, Text Encoder 0.17 seconds, Image Encoder 0.14 seconds, VAE 0.00 seconds, KV Cache Creation 1.10 seconds, Diffusion 3.22 seconds, DIT Compute Steps 3 steps, Scheduler 0.01 seconds
[36m(ActorGroup(rank=3) pid=4057619)[0m Time taken: Total 4.64 seconds, Text Encoder 0.17 seconds, Image Encoder 0.14 seconds, VAE 0.00 seconds, KV Cache Creation 1.10 seconds, Diffusion 3.22 seconds, DIT Compute Steps 3 steps, Scheduler 0.01 seconds
[36m(ActorGroup(rank=1) pid=4057616)[0m language is None, reset current_start_frame to 0
[36m(ActorGroup(rank=1) pid=4057616)[0m videos shape torch.Size([1, 3, 4, 160, 320]) 33
[36m(ActorGroup(rank=0) pid=4057615)[0m language is None, reset current_start_frame to 0
[36m(ActorGroup(rank=0) pid=4057615)[0m videos shape torch.Size([1, 3, 4, 160, 320]) 33
[36m(ActorGroup(rank=2) pid=4057617)[0m language is None, reset current_start_frame to 0
[36m(ActorGroup(rank=2) pid=4057617)[0m videos shape torch.Size([1, 3, 4, 160, 320]) 33
[36m(ActorGroup(rank=3) pid=4057619)[0m language is None, reset current_start_frame to 0
[36m(ActorGroup(rank=3) pid=4057619)[0m videos shape torch.Size([1, 3, 4, 160, 320]) 33
[36m(ActorGroup(rank=1) pid=4057616)[0m Time taken: Total 4.65 seconds, Text Encoder 0.17 seconds, Image Encoder 0.14 seconds, VAE 0.00 seconds, KV Cache Creation 1.09 seconds, Diffusion 3.25 seconds, DIT Compute Steps 3 steps, Scheduler 0.01 seconds
[36m(ActorGroup(rank=0) pid=4057615)[0m Time taken: Total 4.64 seconds, Text Encoder 0.17 seconds, Image Encoder 0.13 seconds, VAE 0.00 seconds, KV Cache Creation 1.09 seconds, Diffusion 3.25 seconds, DIT Compute Steps 3 steps, Scheduler 0.01 seconds
[36m(ActorGroup(rank=2) pid=4057617)[0m Time taken: Total 4.64 seconds, Text Encoder 0.17 seconds, Image Encoder 0.13 seconds, VAE 0.00 seconds, KV Cache Creation 1.09 seconds, Diffusion 3.25 seconds, DIT Compute Steps 3 steps, Scheduler 0.01 seconds
[36m(ActorGroup(rank=3) pid=4057619)[0m Time taken: Total 4.64 seconds, Text Encoder 0.17 seconds, Image Encoder 0.13 seconds, VAE 0.00 seconds, KV Cache Creation 1.09 seconds, Diffusion 3.25 seconds, DIT Compute Steps 3 steps, Scheduler 0.01 seconds
[36m(ActorGroup(rank=1) pid=4057616)[0m language is None, reset current_start_frame to 0
[36m(ActorGroup(rank=1) pid=4057616)[0m videos shape torch.Size([1, 3, 4, 160, 320]) 33
[36m(ActorGroup(rank=0) pid=4057615)[0m language is None, reset current_start_frame to 0
[36m(ActorGroup(rank=0) pid=4057615)[0m videos shape torch.Size([1, 3, 4, 160, 320]) 33
[36m(ActorGroup(rank=2) pid=4057617)[0m language is None, reset current_start_frame to 0
[36m(ActorGroup(rank=2) pid=4057617)[0m videos shape torch.Size([1, 3, 4, 160, 320]) 33
[36m(ActorGroup(rank=3) pid=4057619)[0m language is None, reset current_start_frame to 0
[36m(ActorGroup(rank=3) pid=4057619)[0m videos shape torch.Size([1, 3, 4, 160, 320]) 33
[36m(ActorGroup(rank=1) pid=4057616)[0m Time taken: Total 5.02 seconds, Text Encoder 0.17 seconds, Image Encoder 0.14 seconds, VAE 0.00 seconds, KV Cache Creation 1.08 seconds, Diffusion 3.61 seconds, DIT Compute Steps 3 steps, Scheduler 0.01 seconds
[36m(ActorGroup(rank=0) pid=4057615)[0m Time taken: Total 5.02 seconds, Text Encoder 0.17 seconds, Image Encoder 0.14 seconds, VAE 0.00 seconds, KV Cache Creation 1.08 seconds, Diffusion 3.61 seconds, DIT Compute Steps 3 steps, Scheduler 0.01 seconds
[36m(ActorGroup(rank=2) pid=4057617)[0m Time taken: Total 5.02 seconds, Text Encoder 0.17 seconds, Image Encoder 0.14 seconds, VAE 0.00 seconds, KV Cache Creation 1.09 seconds, Diffusion 3.61 seconds, DIT Compute Steps 3 steps, Scheduler 0.01 seconds
[36m(ActorGroup(rank=3) pid=4057619)[0m Time taken: Total 5.02 seconds, Text Encoder 0.17 seconds, Image Encoder 0.14 seconds, VAE 0.00 seconds, KV Cache Creation 1.09 seconds, Diffusion 3.61 seconds, DIT Compute Steps 3 steps, Scheduler 0.01 seconds
[36m(ActorGroup(rank=0) pid=4057615)[0m [INFO 14:30:20 ActorGroup-Rank-0][fsdp_actor_worker.py:1774] actor training: micro-batch start 60/64 epoch=1/1 global_batch=4/4 micro=12/16
[36m(ActorGroup(rank=1) pid=4057616)[0m language is None, reset current_start_frame to 0
[36m(ActorGroup(rank=1) pid=4057616)[0m videos shape torch.Size([1, 3, 4, 160, 320]) 33
[36m(ActorGroup(rank=0) pid=4057615)[0m language is None, reset current_start_frame to 0
[36m(ActorGroup(rank=0) pid=4057615)[0m videos shape torch.Size([1, 3, 4, 160, 320]) 33
[36m(ActorGroup(rank=2) pid=4057617)[0m language is None, reset current_start_frame to 0
[36m(ActorGroup(rank=2) pid=4057617)[0m videos shape torch.Size([1, 3, 4, 160, 320]) 33
[36m(ActorGroup(rank=3) pid=4057619)[0m language is None, reset current_start_frame to 0
[36m(ActorGroup(rank=3) pid=4057619)[0m videos shape torch.Size([1, 3, 4, 160, 320]) 33
[36m(ActorGroup(rank=1) pid=4057616)[0m Time taken: Total 4.63 seconds, Text Encoder 0.17 seconds, Image Encoder 0.14 seconds, VAE 0.00 seconds, KV Cache Creation 1.09 seconds, Diffusion 3.22 seconds, DIT Compute Steps 3 steps, Scheduler 0.01 seconds
[36m(ActorGroup(rank=0) pid=4057615)[0m Time taken: Total 4.63 seconds, Text Encoder 0.17 seconds, Image Encoder 0.14 seconds, VAE 0.00 seconds, KV Cache Creation 1.09 seconds, Diffusion 3.22 seconds, DIT Compute Steps 3 steps, Scheduler 0.01 seconds
[36m(ActorGroup(rank=2) pid=4057617)[0m Time taken: Total 4.62 seconds, Text Encoder 0.16 seconds, Image Encoder 0.14 seconds, VAE 0.00 seconds, KV Cache Creation 1.09 seconds, Diffusion 3.22 seconds, DIT Compute Steps 3 steps, Scheduler 0.01 seconds
[36m(ActorGroup(rank=3) pid=4057619)[0m Time taken: Total 4.62 seconds, Text Encoder 0.16 seconds, Image Encoder 0.14 seconds, VAE 0.00 seconds, KV Cache Creation 1.09 seconds, Diffusion 3.22 seconds, DIT Compute Steps 3 steps, Scheduler 0.01 seconds
[36m(ActorGroup(rank=0) pid=4057615)[0m [INFO 14:30:24 ActorGroup-Rank-0][fsdp_actor_worker.py:1844] actor training: model forward done 60/64 elapsed=4.73s
[36m(ActorGroup(rank=0) pid=4057615)[0m [INFO 14:30:26 ActorGroup-Rank-0][fsdp_actor_worker.py:1980] actor training: backward done 60/64 elapsed=1.97s
[36m(ActorGroup(rank=1) pid=4057616)[0m language is None, reset current_start_frame to 0
[36m(ActorGroup(rank=1) pid=4057616)[0m videos shape torch.Size([1, 3, 4, 160, 320]) 33
[36m(ActorGroup(rank=0) pid=4057615)[0m language is None, reset current_start_frame to 0
[36m(ActorGroup(rank=0) pid=4057615)[0m videos shape torch.Size([1, 3, 4, 160, 320]) 33
[36m(ActorGroup(rank=2) pid=4057617)[0m language is None, reset current_start_frame to 0
[36m(ActorGroup(rank=2) pid=4057617)[0m videos shape torch.Size([1, 3, 4, 160, 320]) 33
[36m(ActorGroup(rank=3) pid=4057619)[0m language is None, reset current_start_frame to 0
[36m(ActorGroup(rank=3) pid=4057619)[0m videos shape torch.Size([1, 3, 4, 160, 320]) 33
[36m(ActorGroup(rank=1) pid=4057616)[0m Time taken: Total 4.68 seconds, Text Encoder 0.17 seconds, Image Encoder 0.14 seconds, VAE 0.00 seconds, KV Cache Creation 1.11 seconds, Diffusion 3.25 seconds, DIT Compute Steps 3 steps, Scheduler 0.01 seconds
[36m(ActorGroup(rank=0) pid=4057615)[0m Time taken: Total 4.68 seconds, Text Encoder 0.17 seconds, Image Encoder 0.14 seconds, VAE 0.00 seconds, KV Cache Creation 1.11 seconds, Diffusion 3.25 seconds, DIT Compute Steps 3 steps, Scheduler 0.01 seconds
[36m(ActorGroup(rank=2) pid=4057617)[0m Time taken: Total 4.68 seconds, Text Encoder 0.17 seconds, Image Encoder 0.14 seconds, VAE 0.00 seconds, KV Cache Creation 1.11 seconds, Diffusion 3.25 seconds, DIT Compute Steps 3 steps, Scheduler 0.01 seconds
[36m(ActorGroup(rank=3) pid=4057619)[0m Time taken: Total 4.68 seconds, Text Encoder 0.17 seconds, Image Encoder 0.14 seconds, VAE 0.00 seconds, KV Cache Creation 1.11 seconds, Diffusion 3.25 seconds, DIT Compute Steps 3 steps, Scheduler 0.01 seconds
[36m(ActorGroup(rank=1) pid=4057616)[0m language is None, reset current_start_frame to 0
[36m(ActorGroup(rank=1) pid=4057616)[0m videos shape torch.Size([1, 3, 4, 160, 320]) 33
[36m(ActorGroup(rank=0) pid=4057615)[0m language is None, reset current_start_frame to 0
[36m(ActorGroup(rank=0) pid=4057615)[0m videos shape torch.Size([1, 3, 4, 160, 320]) 33
[36m(ActorGroup(rank=2) pid=4057617)[0m language is None, reset current_start_frame to 0
[36m(ActorGroup(rank=2) pid=4057617)[0m videos shape torch.Size([1, 3, 4, 160, 320]) 33
[36m(ActorGroup(rank=3) pid=4057619)[0m language is None, reset current_start_frame to 0
[36m(ActorGroup(rank=3) pid=4057619)[0m videos shape torch.Size([1, 3, 4, 160, 320]) 33
[36m(ActorGroup(rank=1) pid=4057616)[0m Time taken: Total 4.63 seconds, Text Encoder 0.17 seconds, Image Encoder 0.14 seconds, VAE 0.00 seconds, KV Cache Creation 1.09 seconds, Diffusion 3.22 seconds, DIT Compute Steps 3 steps, Scheduler 0.01 seconds
[36m(ActorGroup(rank=0) pid=4057615)[0m Time taken: Total 4.63 seconds, Text Encoder 0.17 seconds, Image Encoder 0.14 seconds, VAE 0.00 seconds, KV Cache Creation 1.09 seconds, Diffusion 3.22 seconds, DIT Compute Steps 3 steps, Scheduler 0.01 seconds
[36m(ActorGroup(rank=2) pid=4057617)[0m Time taken: Total 4.63 seconds, Text Encoder 0.17 seconds, Image Encoder 0.14 seconds, VAE 0.00 seconds, KV Cache Creation 1.09 seconds, Diffusion 3.22 seconds, DIT Compute Steps 3 steps, Scheduler 0.01 seconds
[36m(ActorGroup(rank=3) pid=4057619)[0m Time taken: Total 4.63 seconds, Text Encoder 0.17 seconds, Image Encoder 0.14 seconds, VAE 0.00 seconds, KV Cache Creation 1.09 seconds, Diffusion 3.22 seconds, DIT Compute Steps 3 steps, Scheduler 0.01 seconds
[36m(ActorGroup(rank=1) pid=4057616)[0m language is None, reset current_start_frame to 0
[36m(ActorGroup(rank=1) pid=4057616)[0m videos shape torch.Size([1, 3, 4, 160, 320]) 33
[36m(ActorGroup(rank=0) pid=4057615)[0m language is None, reset current_start_frame to 0
[36m(ActorGroup(rank=0) pid=4057615)[0m videos shape torch.Size([1, 3, 4, 160, 320]) 33
[36m(ActorGroup(rank=2) pid=4057617)[0m language is None, reset current_start_frame to 0
[36m(ActorGroup(rank=2) pid=4057617)[0m videos shape torch.Size([1, 3, 4, 160, 320]) 33
[36m(ActorGroup(rank=3) pid=4057619)[0m language is None, reset current_start_frame to 0
[36m(ActorGroup(rank=3) pid=4057619)[0m videos shape torch.Size([1, 3, 4, 160, 320]) 33
[36m(ActorGroup(rank=1) pid=4057616)[0m Time taken: Total 5.07 seconds, Text Encoder 0.17 seconds, Image Encoder 0.14 seconds, VAE 0.00 seconds, KV Cache Creation 1.09 seconds, Diffusion 3.66 seconds, DIT Compute Steps 3 steps, Scheduler 0.01 seconds
[36m(ActorGroup(rank=0) pid=4057615)[0m Time taken: Total 5.07 seconds, Text Encoder 0.17 seconds, Image Encoder 0.14 seconds, VAE 0.00 seconds, KV Cache Creation 1.08 seconds, Diffusion 3.67 seconds, DIT Compute Steps 3 steps, Scheduler 0.01 seconds
[36m(ActorGroup(rank=2) pid=4057617)[0m Time taken: Total 5.07 seconds, Text Encoder 0.17 seconds, Image Encoder 0.14 seconds, VAE 0.00 seconds, KV Cache Creation 1.09 seconds, Diffusion 3.66 seconds, DIT Compute Steps 3 steps, Scheduler 0.01 seconds
[36m(ActorGroup(rank=3) pid=4057619)[0m Time taken: Total 5.07 seconds, Text Encoder 0.17 seconds, Image Encoder 0.14 seconds, VAE 0.00 seconds, KV Cache Creation 1.09 seconds, Diffusion 3.66 seconds, DIT Compute Steps 3 steps, Scheduler 0.01 seconds
[36m(ActorGroup(rank=0) pid=4057615)[0m [INFO 14:30:48 ActorGroup-Rank-0][fsdp_actor_worker.py:1774] actor training: micro-batch start 64/64 epoch=1/1 global_batch=4/4 micro=16/16
[36m(ActorGroup(rank=1) pid=4057616)[0m language is None, reset current_start_frame to 0
[36m(ActorGroup(rank=1) pid=4057616)[0m videos shape torch.Size([1, 3, 4, 160, 320]) 33
[36m(ActorGroup(rank=0) pid=4057615)[0m language is None, reset current_start_frame to 0
[36m(ActorGroup(rank=0) pid=4057615)[0m videos shape torch.Size([1, 3, 4, 160, 320]) 33
[36m(ActorGroup(rank=2) pid=4057617)[0m language is None, reset current_start_frame to 0
[36m(ActorGroup(rank=2) pid=4057617)[0m videos shape torch.Size([1, 3, 4, 160, 320]) 33
[36m(ActorGroup(rank=3) pid=4057619)[0m language is None, reset current_start_frame to 0
[36m(ActorGroup(rank=3) pid=4057619)[0m videos shape torch.Size([1, 3, 4, 160, 320]) 33
[36m(ActorGroup(rank=1) pid=4057616)[0m Time taken: Total 4.63 seconds, Text Encoder 0.17 seconds, Image Encoder 0.14 seconds, VAE 0.00 seconds, KV Cache Creation 1.09 seconds, Diffusion 3.23 seconds, DIT Compute Steps 3 steps, Scheduler 0.01 seconds
[36m(ActorGroup(rank=0) pid=4057615)[0m Time taken: Total 4.63 seconds, Text Encoder 0.17 seconds, Image Encoder 0.14 seconds, VAE 0.00 seconds, KV Cache Creation 1.09 seconds, Diffusion 3.23 seconds, DIT Compute Steps 3 steps, Scheduler 0.01 seconds
[36m(ActorGroup(rank=0) pid=4057615)[0m [INFO 14:30:52 ActorGroup-Rank-0][fsdp_actor_worker.py:1844] actor training: model forward done 64/64 elapsed=4.74s
[36m(ActorGroup(rank=2) pid=4057617)[0m Time taken: Total 4.63 seconds, Text Encoder 0.17 seconds, Image Encoder 0.14 seconds, VAE 0.00 seconds, KV Cache Creation 1.09 seconds, Diffusion 3.23 seconds, DIT Compute Steps 3 steps, Scheduler 0.01 seconds
[36m(ActorGroup(rank=3) pid=4057619)[0m Time taken: Total 4.63 seconds, Text Encoder 0.17 seconds, Image Encoder 0.14 seconds, VAE 0.00 seconds, KV Cache Creation 1.09 seconds, Diffusion 3.23 seconds, DIT Compute Steps 3 steps, Scheduler 0.01 seconds
[36m(ActorGroup(rank=0) pid=4057615)[0m [INFO 14:30:55 ActorGroup-Rank-0][fsdp_actor_worker.py:1980] actor training: backward done 64/64 elapsed=2.33s
[36m(ActorGroup(rank=0) pid=4057615)[0m [INFO 14:30:55 ActorGroup-Rank-0][fsdp_actor_worker.py:2001] actor training: global batch done 4/4 epoch=1/1 elapsed=113.81s
[36m(ActorGroup(rank=0) pid=4057615)[0m [INFO 14:30:56 ActorGroup-Rank-0][fsdp_actor_worker.py:2014] actor training: empty_cache done global_batch=4/4 elapsed=0.91s
[36m(ActorGroup(rank=0) pid=4057615)[0m [INFO 14:30:56 ActorGroup-Rank-0][fsdp_actor_worker.py:2031] actor training: optimizer step done global_batch=4/4 grad_norm=116.206 elapsed=0.06s
[36m(ActorGroup(rank=0) pid=4057615)[0m [INFO 14:30:56 ActorGroup-Rank-0][fsdp_actor_worker.py:2049] actor training: reducing metrics

╭──────────────────────────────────────────────────────────────────────────────────────────────────────────────────────╮
├──────────────────────────────────────────────────── Metric Table ────────────────────────────────────────────────────┤
│ Global Step:    2/2 │ Progress: ████████████████████████████████████████ │ 100.0%                                    │
│ Elapsed: 23:27 │ ETA: 00:00 │ Step Time: 703.878s                                                                    │
├──────────────────────────────────────────────────────── Time ────────────────────────────────────────────────────────┤
│                                                                                                                      │
│actor/run_training=454.0               │cal_adv_and_returns=0.0071             │env/compute_bootstrap_rewards=2.85e-04│
│env/env_interact_step=5.383            │env/interact=242.6                     │env/recv_rollout_results=224.8        │
│env/run_interact_once=242.6            │generate_rollouts=244.1                │rollout/generate_one_epoch=241.9      │
│rollout/predict=224.3                  │step=700.4                             │sync_weights=2.352                    │
│                                                                                                                      │
├──────────────────────────────────────────────────── Environment ─────────────────────────────────────────────────────┤
│                                                                                                                      │
│episode_len=128.0                      │num_trajectories=32                    │return=0.75                           │
│reward=0.0077136806                    │success_once=0.75                      │                                      │
│                                                                                                                      │
├────────────────────────────────────────────────────── Rollout ───────────────────────────────────────────────────────┤
│                                                                                                                      │
│advantages_max=1.355                   │advantages_mean=-0.163                 │advantages_min=-4.367                 │
│returns_max=1.000                      │returns_mean=0.447                     │returns_min=-1.000                    │
│rewards=0.0049                         │                                       │                                      │
│                                                                                                                      │
├─────────────────────────────────────────────────── Training/Actor ───────────────────────────────────────────────────┤
│                                                                                                                      │
│actor/approx_kl=32.444                 │actor/clip_fraction=0.262              │actor/clipped_ratio=0.791             │
│actor/dual_cliped_ratio=0.0000         │actor/entropy_loss=0.0000              │actor/grad_norm=1293.7                │
│actor/lr=1.00e-05                      │actor/policy_loss=1.134                │actor/policy_loss_abs=1.614           │
│actor/ratio=1.120                      │actor/ratio_abs=1.145                  │actor/total_loss=0.081                │
│                                                                                                                      │
├────────────────────────────────────────────────── Training/Critic ───────────────────────────────────────────────────┤
│                                                                                                                      │
│critic/explained_variance=0.0000       │critic/lr=1.00e-04                     │critic/value_clip_ratio=0.0000        │
│critic/value_loss=0.161                │                                       │                                      │
│                                                                                                                      │
╰──────────────────────────────────────────────────────────────────────────────────────────────────────────────────────╯

[36m(ActorGroup(rank=0) pid=4057615)[0m [INFO 14:30:56 ActorGroup-Rank-0][fsdp_actor_worker.py:2053] actor training: done elapsed=453.94s
